{
  "filtered_covariances": [
    [
      [
        1.0
      ]
    ],
    [
      [
        0.1574468085106384
      ]
    ],
    [
      [
        0.10019112338076026
      ]
    ],
    [
      [
        0.09014680529926772
      ]
    ],
    [
      [
        0.08817255814061478
      ]
    ],
    [
      [
        0.08777613855565952
      ]
    ],
    [
      [
        0.08769620028592921
      ]
    ],
    [
      [
        0.08768006688178581
      ]
    ],
    [
      [
        0.08767681022298496
      ]
    ]
  ],
  "filtered_means": [
    [
      0.0
    ],
    [
      -0.7917388534515761
    ],
    [
      -0.7787484270112768
    ],
    [
      -0.22814514599757468
    ],
    [
      0.004818022113554504
    ],
    [
      -0.097883682168929
    ],
    [
      -0.17804667874501182
    ],
    [
      -0.060452017489548676
    ],
    [
      -0.20419827777278324
    ]
  ],
  "fixture_name": "lgssm_1d_short",
  "horizon": 8,
  "log_likelihood": -6.103540265912081,
  "log_likelihood_increments": [
    -1.4260207248271186,
    -0.5667896805776638,
    -1.4675961502308996,
    -0.6572974536081326,
    -0.47851276309132323,
    -0.47540830204358275,
    -0.45180438030423925,
    -0.5801108112291217
  ],
  "obs_dim": 1,
  "reference": "independent_numpy_kalman",
  "state_dim": 1
}
