{
  "blocked_records": 0,
  "expected_records": 15,
  "failed_records": 0,
  "finite_success_metric_count": 15,
  "fixed_grid_records": 15,
  "implementation_name": "clean_room_regularized_particle_flow_pf",
  "implementation_type": "clean_room_controlled_baseline",
  "metric_medians": {
    "range_bearing_gaussian_low_noise/N128/steps20": {
      "final_position_error": 0.06249039563427848,
      "median_average_ess": 63.249614335376336,
      "median_min_ess": 10.287521545747339,
      "median_resampling_count": 10.0,
      "observation_proxy_rmse": 0.018001532851619,
      "position_rmse": 0.047458038047646124,
      "runs": 5,
      "runtime_seconds": 3.8110931100090966,
      "state_rmse": 0.11590922711806459
    },
    "range_bearing_gaussian_moderate/N128/steps10": {
      "final_position_error": 0.09576853923985927,
      "median_average_ess": 90.38573667600289,
      "median_min_ess": 50.77690913911244,
      "median_resampling_count": 1.0,
      "observation_proxy_rmse": 0.07232642999611333,
      "position_rmse": 0.062364110770732166,
      "runs": 5,
      "runtime_seconds": 1.8923631320067216,
      "state_rmse": 0.09031328720097505
    },
    "range_bearing_gaussian_moderate/N128/steps20": {
      "final_position_error": 0.09408930266256871,
      "median_average_ess": 90.03858564449801,
      "median_min_ess": 50.091119495789954,
      "median_resampling_count": 2.0,
      "observation_proxy_rmse": 0.07254132199732548,
      "position_rmse": 0.06385113675584435,
      "runs": 5,
      "runtime_seconds": 3.7640499459957937,
      "state_rmse": 0.08998945317528903
    }
  },
  "ok_records": 15,
  "planned_records": 15,
  "runtime_warning_count": 0,
  "runtime_warning_seconds": 45.0,
  "smoke_records": 0,
  "status_counts": {
    "ok": 15
  },
  "structured_blockers": []
}
