{
  "records": [
    {
      "diagnostics": {
        "algorithm_note": "clean-room EKF-style innovation flow followed by Gaussian likelihood weighting and systematic resampling",
        "average_ess": 24.23853895926721,
        "ess_by_time": [
          23.73098057893694,
          22.870578746268922,
          14.810707189130554,
          19.452796371353294,
          22.545081232611512,
          24.815257962954846,
          19.110522413560556,
          28.340514960222556,
          29.569212175581562,
          23.698077144012686,
          19.590163032315758,
          27.57965767976664,
          25.306021128986337,
          29.14943841771514,
          26.90800174881098,
          20.56641363725235,
          27.18185658175645,
          27.26019767859354,
          24.532282254038208,
          27.753018251475364
        ],
        "flow_steps": 2,
        "log_likelihood": null,
        "min_ess": 14.810707189130554,
        "resampled_by_time": [
          false,
          false,
          true,
          false,
          false,
          false,
          false,
          false,
          false,
          false,
          false,
          false,
          false,
          false,
          false,
          false,
          false,
          false,
          false,
          false
        ],
        "resampling_count": 1,
        "resampling_threshold": 0.5
      },
      "failure_reason": null,
      "fixture_name": "range_bearing_gaussian_moderate",
      "flow_steps": 2,
      "horizon": 20,
      "implementation_name": "clean_room_regularized_particle_flow_pf",
      "implementation_type": "clean_room_controlled_baseline",
      "metrics": {
        "final_position_error": 0.10723689963859143,
        "finite_outputs": {
          "covariances_finite": true,
          "means_finite": true,
          "particles_finite": true,
          "scalar_metrics_finite": true
        },
        "observation_proxy_rmse": 0.07102073397442975,
        "position_rmse": 0.06293242843945232,
        "runtime_seconds": 0.10524808100308292,
        "state_rmse": 0.08149198684942244
      },
      "num_particles": 32,
      "provenance": {
        "algorithm_source": "clean_room_specification",
        "fixture_generation_seed": 701,
        "fixture_target": "gaussian_range_bearing",
        "student_code_imported": false
      },
      "runtime_seconds": 0.10524808100308292,
      "seed": 31,
      "status": "ok",
      "target": {
        "fixture_name": "range_bearing_gaussian_moderate",
        "flow_steps": 2,
        "grid": "smoke",
        "num_particles": 32
      }
    }
  ]
}
