program,tuning_status,scope,route,data_seed,filter_seed,valid,coordinate,exact_score,estimated_score,signed_error,absolute_error
fp64_gpu_xla_sqmc_reference_comparison,exact_scope_frozen_controls; flow_grid_only,p44_d3_T10,iid_dual_cap,197001,198001,True,persistence_coordinate,-1.6113248546702255,-1.6687288231522412,-0.05740396848201579,0.05740396848201579
fp64_gpu_xla_sqmc_reference_comparison,exact_scope_frozen_controls; flow_grid_only,p44_d3_T10,iid_dual_cap,197001,198001,True,log_Q_scale,-0.19681047641949673,-0.18593840257457211,0.010872073844924612,0.010872073844924612
fp64_gpu_xla_sqmc_reference_comparison,exact_scope_frozen_controls; flow_grid_only,p44_d3_T10,iid_dual_cap,197001,198001,True,log_R_scale,0.3865219064282327,0.3851647273923752,-0.0013571790358575253,0.0013571790358575253
fp64_gpu_xla_sqmc_reference_comparison,exact_scope_frozen_controls; flow_grid_only,p44_d3_T10,iid_dual_cap,197001,198001,True,initial_mean_scale,-0.363485171876208,-0.3659220096033641,-0.0024368377271560826,0.0024368377271560826
fp64_gpu_xla_sqmc_reference_comparison,exact_scope_frozen_controls; flow_grid_only,p44_d3_T10,iid_dual_cap,197001,198002,True,persistence_coordinate,-1.6113248546702255,-1.5637858182685664,0.04753903640165902,0.04753903640165902
fp64_gpu_xla_sqmc_reference_comparison,exact_scope_frozen_controls; flow_grid_only,p44_d3_T10,iid_dual_cap,197001,198002,True,log_Q_scale,-0.19681047641949673,-0.20323879855937121,-0.006428322139874487,0.006428322139874487
fp64_gpu_xla_sqmc_reference_comparison,exact_scope_frozen_controls; flow_grid_only,p44_d3_T10,iid_dual_cap,197001,198002,True,log_R_scale,0.3865219064282327,0.38671655072348343,0.00019464429525073434,0.00019464429525073434
fp64_gpu_xla_sqmc_reference_comparison,exact_scope_frozen_controls; flow_grid_only,p44_d3_T10,iid_dual_cap,197001,198002,True,initial_mean_scale,-0.363485171876208,-0.3623986903693021,0.0010864815069058786,0.0010864815069058786
fp64_gpu_xla_sqmc_reference_comparison,exact_scope_frozen_controls; flow_grid_only,p44_d3_T10,iid_dual_cap,197002,198001,True,persistence_coordinate,2.477906446988226,2.620357891056061,0.14245144406783528,0.14245144406783528
fp64_gpu_xla_sqmc_reference_comparison,exact_scope_frozen_controls; flow_grid_only,p44_d3_T10,iid_dual_cap,197002,198001,True,log_Q_scale,2.786411255583111,2.7860946346805964,-0.00031662090251449726,0.00031662090251449726
fp64_gpu_xla_sqmc_reference_comparison,exact_scope_frozen_controls; flow_grid_only,p44_d3_T10,iid_dual_cap,197002,198001,True,log_R_scale,2.006606031847774,1.9640911328069754,-0.042514899040798415,0.042514899040798415
fp64_gpu_xla_sqmc_reference_comparison,exact_scope_frozen_controls; flow_grid_only,p44_d3_T10,iid_dual_cap,197002,198001,True,initial_mean_scale,0.4848282684608291,0.4825711171709826,-0.002257151289846493,0.002257151289846493
fp64_gpu_xla_sqmc_reference_comparison,exact_scope_frozen_controls; flow_grid_only,p44_d3_T10,iid_dual_cap,197002,198002,True,persistence_coordinate,2.477906446988226,2.530095237064237,0.05218879007601096,0.05218879007601096
fp64_gpu_xla_sqmc_reference_comparison,exact_scope_frozen_controls; flow_grid_only,p44_d3_T10,iid_dual_cap,197002,198002,True,log_Q_scale,2.786411255583111,2.78686649251702,0.0004552369339090312,0.0004552369339090312
fp64_gpu_xla_sqmc_reference_comparison,exact_scope_frozen_controls; flow_grid_only,p44_d3_T10,iid_dual_cap,197002,198002,True,log_R_scale,2.006606031847774,1.9938930339435292,-0.012712997904244627,0.012712997904244627
fp64_gpu_xla_sqmc_reference_comparison,exact_scope_frozen_controls; flow_grid_only,p44_d3_T10,iid_dual_cap,197002,198002,True,initial_mean_scale,0.4848282684608291,0.4850419744744025,0.00021370601357340036,0.00021370601357340036
fp64_gpu_xla_sqmc_reference_comparison,exact_scope_frozen_controls; flow_grid_only,p44_d3_T10,previous_inverse_cdf,197001,198001,True,persistence_coordinate,-1.6113248546702255,-1.6169325090664206,-0.00560765439619515,0.00560765439619515
fp64_gpu_xla_sqmc_reference_comparison,exact_scope_frozen_controls; flow_grid_only,p44_d3_T10,previous_inverse_cdf,197001,198001,True,log_Q_scale,-0.19681047641949673,-0.19597975946173252,0.0008307169577642104,0.0008307169577642104
fp64_gpu_xla_sqmc_reference_comparison,exact_scope_frozen_controls; flow_grid_only,p44_d3_T10,previous_inverse_cdf,197001,198001,True,log_R_scale,0.3865219064282327,0.38757290080211426,0.0010509943738815641,0.0010509943738815641
fp64_gpu_xla_sqmc_reference_comparison,exact_scope_frozen_controls; flow_grid_only,p44_d3_T10,previous_inverse_cdf,197001,198001,True,initial_mean_scale,-0.363485171876208,-0.36387886377126216,-0.00039369189505417124,0.00039369189505417124
fp64_gpu_xla_sqmc_reference_comparison,exact_scope_frozen_controls; flow_grid_only,p44_d3_T10,previous_inverse_cdf,197001,198002,True,persistence_coordinate,-1.6113248546702255,-1.6131137160172857,-0.0017888613470602444,0.0017888613470602444
fp64_gpu_xla_sqmc_reference_comparison,exact_scope_frozen_controls; flow_grid_only,p44_d3_T10,previous_inverse_cdf,197001,198002,True,log_Q_scale,-0.19681047641949673,-0.1971837500311765,-0.0003732736116797697,0.0003732736116797697
fp64_gpu_xla_sqmc_reference_comparison,exact_scope_frozen_controls; flow_grid_only,p44_d3_T10,previous_inverse_cdf,197001,198002,True,log_R_scale,0.3865219064282327,0.3868308159448952,0.00030890951666251443,0.00030890951666251443
fp64_gpu_xla_sqmc_reference_comparison,exact_scope_frozen_controls; flow_grid_only,p44_d3_T10,previous_inverse_cdf,197001,198002,True,initial_mean_scale,-0.363485171876208,-0.36339739078934125,8.778108686674502e-05,8.778108686674502e-05
fp64_gpu_xla_sqmc_reference_comparison,exact_scope_frozen_controls; flow_grid_only,p44_d3_T10,previous_inverse_cdf,197002,198001,True,persistence_coordinate,2.477906446988226,2.4721282055566784,-0.005778241431547482,0.005778241431547482
fp64_gpu_xla_sqmc_reference_comparison,exact_scope_frozen_controls; flow_grid_only,p44_d3_T10,previous_inverse_cdf,197002,198001,True,log_Q_scale,2.786411255583111,2.7876980528055237,0.001286797222412872,0.001286797222412872
fp64_gpu_xla_sqmc_reference_comparison,exact_scope_frozen_controls; flow_grid_only,p44_d3_T10,previous_inverse_cdf,197002,198001,True,log_R_scale,2.006606031847774,2.0052809228859867,-0.0013251089617871692,0.0013251089617871692
fp64_gpu_xla_sqmc_reference_comparison,exact_scope_frozen_controls; flow_grid_only,p44_d3_T10,previous_inverse_cdf,197002,198001,True,initial_mean_scale,0.4848282684608291,0.48498616116728765,0.00015789270645855114,0.00015789270645855114
fp64_gpu_xla_sqmc_reference_comparison,exact_scope_frozen_controls; flow_grid_only,p44_d3_T10,previous_inverse_cdf,197002,198002,True,persistence_coordinate,2.477906446988226,2.470746011609849,-0.007160435378376739,0.007160435378376739
fp64_gpu_xla_sqmc_reference_comparison,exact_scope_frozen_controls; flow_grid_only,p44_d3_T10,previous_inverse_cdf,197002,198002,True,log_Q_scale,2.786411255583111,2.787275385908017,0.000864130324905954,0.000864130324905954
fp64_gpu_xla_sqmc_reference_comparison,exact_scope_frozen_controls; flow_grid_only,p44_d3_T10,previous_inverse_cdf,197002,198002,True,log_R_scale,2.006606031847774,2.007750861368909,0.0011448295211349269,0.0011448295211349269
fp64_gpu_xla_sqmc_reference_comparison,exact_scope_frozen_controls; flow_grid_only,p44_d3_T10,previous_inverse_cdf,197002,198002,True,initial_mean_scale,0.4848282684608291,0.4849163404699204,8.807200909127788e-05,8.807200909127788e-05
fp64_gpu_xla_sqmc_reference_comparison,exact_scope_frozen_controls; flow_grid_only,p44_d3_T10,repaired_permutation,197001,198001,True,persistence_coordinate,-1.6113248546702255,-1.6147014185346467,-0.0033765638644212004,0.0033765638644212004
fp64_gpu_xla_sqmc_reference_comparison,exact_scope_frozen_controls; flow_grid_only,p44_d3_T10,repaired_permutation,197001,198001,True,log_Q_scale,-0.19681047641949673,-0.19649660999882007,0.00031386642067665615,0.00031386642067665615
fp64_gpu_xla_sqmc_reference_comparison,exact_scope_frozen_controls; flow_grid_only,p44_d3_T10,repaired_permutation,197001,198001,True,log_R_scale,0.3865219064282327,0.3872491916152536,0.0007272851870209207,0.0007272851870209207
fp64_gpu_xla_sqmc_reference_comparison,exact_scope_frozen_controls; flow_grid_only,p44_d3_T10,repaired_permutation,197001,198001,True,initial_mean_scale,-0.363485171876208,-0.36362480818255144,-0.00013963630634344915,0.00013963630634344915
fp64_gpu_xla_sqmc_reference_comparison,exact_scope_frozen_controls; flow_grid_only,p44_d3_T10,repaired_permutation,197001,198002,True,persistence_coordinate,-1.6113248546702255,-1.6133474750244825,-0.002022620354257043,0.002022620354257043
fp64_gpu_xla_sqmc_reference_comparison,exact_scope_frozen_controls; flow_grid_only,p44_d3_T10,repaired_permutation,197001,198002,True,log_Q_scale,-0.19681047641949673,-0.19691665539113762,-0.00010617897164089118,0.00010617897164089118
fp64_gpu_xla_sqmc_reference_comparison,exact_scope_frozen_controls; flow_grid_only,p44_d3_T10,repaired_permutation,197001,198002,True,log_R_scale,0.3865219064282327,0.3869085747726067,0.0003866683443740082,0.0003866683443740082
fp64_gpu_xla_sqmc_reference_comparison,exact_scope_frozen_controls; flow_grid_only,p44_d3_T10,repaired_permutation,197001,198002,True,initial_mean_scale,-0.363485171876208,-0.3634490667666564,3.610510955159851e-05,3.610510955159851e-05
fp64_gpu_xla_sqmc_reference_comparison,exact_scope_frozen_controls; flow_grid_only,p44_d3_T10,repaired_permutation,197002,198001,True,persistence_coordinate,2.477906446988226,2.4550614919532068,-0.022844955035019154,0.022844955035019154
fp64_gpu_xla_sqmc_reference_comparison,exact_scope_frozen_controls; flow_grid_only,p44_d3_T10,repaired_permutation,197002,198001,True,log_Q_scale,2.786411255583111,2.7906345209296735,0.004223265346562588,0.004223265346562588
fp64_gpu_xla_sqmc_reference_comparison,exact_scope_frozen_controls; flow_grid_only,p44_d3_T10,repaired_permutation,197002,198001,True,log_R_scale,2.006606031847774,2.0058441844440797,-0.0007618474036941159,0.0007618474036941159
fp64_gpu_xla_sqmc_reference_comparison,exact_scope_frozen_controls; flow_grid_only,p44_d3_T10,repaired_permutation,197002,198001,True,initial_mean_scale,0.4848282684608291,0.48516377701988994,0.00033550855906083754,0.00033550855906083754
fp64_gpu_xla_sqmc_reference_comparison,exact_scope_frozen_controls; flow_grid_only,p44_d3_T10,repaired_permutation,197002,198002,True,persistence_coordinate,2.477906446988226,2.4712723544359774,-0.0066340925522485605,0.0066340925522485605
fp64_gpu_xla_sqmc_reference_comparison,exact_scope_frozen_controls; flow_grid_only,p44_d3_T10,repaired_permutation,197002,198002,True,log_Q_scale,2.786411255583111,2.786993896224745,0.0005826406416340468,0.0005826406416340468
fp64_gpu_xla_sqmc_reference_comparison,exact_scope_frozen_controls; flow_grid_only,p44_d3_T10,repaired_permutation,197002,198002,True,log_R_scale,2.006606031847774,2.0078176715677367,0.0012116397199628537,0.0012116397199628537
fp64_gpu_xla_sqmc_reference_comparison,exact_scope_frozen_controls; flow_grid_only,p44_d3_T10,repaired_permutation,197002,198002,True,initial_mean_scale,0.4848282684608291,0.48488141240599353,5.3143945164424444e-05,5.3143945164424444e-05
fp64_gpu_xla_sqmc_reference_comparison,exact_scope_frozen_controls; flow_grid_only,p44_d3_T10,repaired_permutation_ablation,197001,198001,True,persistence_coordinate,-1.6113248546702255,-1.6113006549932403,2.4199676985192653e-05,2.4199676985192653e-05
fp64_gpu_xla_sqmc_reference_comparison,exact_scope_frozen_controls; flow_grid_only,p44_d3_T10,repaired_permutation_ablation,197001,198001,True,log_Q_scale,-0.19681047641949673,-0.19658298701163146,0.00022748940786526672,0.00022748940786526672
fp64_gpu_xla_sqmc_reference_comparison,exact_scope_frozen_controls; flow_grid_only,p44_d3_T10,repaired_permutation_ablation,197001,198001,True,log_R_scale,0.3865219064282327,0.38688091725274265,0.00035901082450995325,0.00035901082450995325
fp64_gpu_xla_sqmc_reference_comparison,exact_scope_frozen_controls; flow_grid_only,p44_d3_T10,repaired_permutation_ablation,197001,198001,True,initial_mean_scale,-0.363485171876208,-0.3636251366811201,-0.00013996480491212937,0.00013996480491212937
fp64_gpu_xla_sqmc_reference_comparison,exact_scope_frozen_controls; flow_grid_only,p44_d3_T10,repaired_permutation_ablation,197001,198002,True,persistence_coordinate,-1.6113248546702255,-1.6159985122820228,-0.004673657611797388,0.004673657611797388
fp64_gpu_xla_sqmc_reference_comparison,exact_scope_frozen_controls; flow_grid_only,p44_d3_T10,repaired_permutation_ablation,197001,198002,True,log_Q_scale,-0.19681047641949673,-0.19659790392385978,0.00021257249563694236,0.00021257249563694236
fp64_gpu_xla_sqmc_reference_comparison,exact_scope_frozen_controls; flow_grid_only,p44_d3_T10,repaired_permutation_ablation,197001,198002,True,log_R_scale,0.3865219064282327,0.3865595381182458,3.763169001308464e-05,3.763169001308464e-05
fp64_gpu_xla_sqmc_reference_comparison,exact_scope_frozen_controls; flow_grid_only,p44_d3_T10,repaired_permutation_ablation,197001,198002,True,initial_mean_scale,-0.363485171876208,-0.3634492563640848,3.5915512123174675e-05,3.5915512123174675e-05
fp64_gpu_xla_sqmc_reference_comparison,exact_scope_frozen_controls; flow_grid_only,p44_d3_T10,repaired_permutation_ablation,197002,198001,True,persistence_coordinate,2.477906446988226,2.457883981998379,-0.020022464989847055,0.020022464989847055
fp64_gpu_xla_sqmc_reference_comparison,exact_scope_frozen_controls; flow_grid_only,p44_d3_T10,repaired_permutation_ablation,197002,198001,True,log_Q_scale,2.786411255583111,2.7906184534325247,0.004207197849413813,0.004207197849413813
fp64_gpu_xla_sqmc_reference_comparison,exact_scope_frozen_controls; flow_grid_only,p44_d3_T10,repaired_permutation_ablation,197002,198001,True,log_R_scale,2.006606031847774,2.005469083698496,-0.0011369481492780054,0.0011369481492780054
fp64_gpu_xla_sqmc_reference_comparison,exact_scope_frozen_controls; flow_grid_only,p44_d3_T10,repaired_permutation_ablation,197002,198001,True,initial_mean_scale,0.4848282684608291,0.485162329739532,0.0003340612787028907,0.0003340612787028907
fp64_gpu_xla_sqmc_reference_comparison,exact_scope_frozen_controls; flow_grid_only,p44_d3_T10,repaired_permutation_ablation,197002,198002,True,persistence_coordinate,2.477906446988226,2.4697484274333315,-0.00815801955489448,0.00815801955489448
fp64_gpu_xla_sqmc_reference_comparison,exact_scope_frozen_controls; flow_grid_only,p44_d3_T10,repaired_permutation_ablation,197002,198002,True,log_Q_scale,2.786411255583111,2.7874273116177077,0.0010160560345968683,0.0010160560345968683
fp64_gpu_xla_sqmc_reference_comparison,exact_scope_frozen_controls; flow_grid_only,p44_d3_T10,repaired_permutation_ablation,197002,198002,True,log_R_scale,2.006606031847774,2.007679577099076,0.0010735452513022103,0.0010735452513022103
fp64_gpu_xla_sqmc_reference_comparison,exact_scope_frozen_controls; flow_grid_only,p44_d3_T10,repaired_permutation_ablation,197002,198002,True,initial_mean_scale,0.4848282684608291,0.48488049665359323,5.222819276412549e-05,5.222819276412549e-05
fp64_gpu_xla_sqmc_reference_comparison,exact_scope_frozen_controls; flow_grid_only,p44_d3_T120,iid_dual_cap,197001,198001,True,persistence_coordinate,-6.577546555602455,-6.6282264504837745,-0.050679894881319854,0.050679894881319854
fp64_gpu_xla_sqmc_reference_comparison,exact_scope_frozen_controls; flow_grid_only,p44_d3_T120,iid_dual_cap,197001,198001,True,log_Q_scale,3.651482184284061,3.711064545244712,0.05958236096065095,0.05958236096065095
fp64_gpu_xla_sqmc_reference_comparison,exact_scope_frozen_controls; flow_grid_only,p44_d3_T120,iid_dual_cap,197001,198001,True,log_R_scale,1.73766331194697,1.6696564824549545,-0.06800682949201553,0.06800682949201553
fp64_gpu_xla_sqmc_reference_comparison,exact_scope_frozen_controls; flow_grid_only,p44_d3_T120,iid_dual_cap,197001,198001,True,initial_mean_scale,-0.36348517187622104,-0.36592200960337684,-0.002436837727155805,0.002436837727155805
fp64_gpu_xla_sqmc_reference_comparison,exact_scope_frozen_controls; flow_grid_only,p44_d3_T120,iid_dual_cap,197001,198002,True,persistence_coordinate,-6.577546555602455,-6.433445372935011,0.14410118266744387,0.14410118266744387
fp64_gpu_xla_sqmc_reference_comparison,exact_scope_frozen_controls; flow_grid_only,p44_d3_T120,iid_dual_cap,197001,198002,True,log_Q_scale,3.651482184284061,3.6250252561912433,-0.026456928092817744,0.026456928092817744
fp64_gpu_xla_sqmc_reference_comparison,exact_scope_frozen_controls; flow_grid_only,p44_d3_T120,iid_dual_cap,197001,198002,True,log_R_scale,1.73766331194697,1.760212451197802,0.022549139250831907,0.022549139250831907
fp64_gpu_xla_sqmc_reference_comparison,exact_scope_frozen_controls; flow_grid_only,p44_d3_T120,iid_dual_cap,197001,198002,True,initial_mean_scale,-0.36348517187622104,-0.36239869036931516,0.0010864815069058786,0.0010864815069058786
fp64_gpu_xla_sqmc_reference_comparison,exact_scope_frozen_controls; flow_grid_only,p44_d3_T120,iid_dual_cap,197002,198001,True,persistence_coordinate,9.191522755301447,9.50779769426456,0.31627493896311343,0.31627493896311343
fp64_gpu_xla_sqmc_reference_comparison,exact_scope_frozen_controls; flow_grid_only,p44_d3_T120,iid_dual_cap,197002,198001,True,log_Q_scale,-1.0704377781875918,-1.0675418591674584,0.0028959190201334195,0.0028959190201334195
fp64_gpu_xla_sqmc_reference_comparison,exact_scope_frozen_controls; flow_grid_only,p44_d3_T120,iid_dual_cap,197002,198001,True,log_R_scale,-1.9693975487848987,-2.0210621451650015,-0.05166459638010279,0.05166459638010279
fp64_gpu_xla_sqmc_reference_comparison,exact_scope_frozen_controls; flow_grid_only,p44_d3_T120,iid_dual_cap,197002,198001,True,initial_mean_scale,0.4848282684607574,0.48257111717091117,-0.0022571512898462154,0.0022571512898462154
fp64_gpu_xla_sqmc_reference_comparison,exact_scope_frozen_controls; flow_grid_only,p44_d3_T120,iid_dual_cap,197002,198002,True,persistence_coordinate,9.191522755301447,9.271985901072258,0.08046314577081048,0.08046314577081048
fp64_gpu_xla_sqmc_reference_comparison,exact_scope_frozen_controls; flow_grid_only,p44_d3_T120,iid_dual_cap,197002,198002,True,log_Q_scale,-1.0704377781875918,-1.1007049960839006,-0.030267217896308818,0.030267217896308818
fp64_gpu_xla_sqmc_reference_comparison,exact_scope_frozen_controls; flow_grid_only,p44_d3_T120,iid_dual_cap,197002,198002,True,log_R_scale,-1.9693975487848987,-1.9184296164667003,0.050967932318198406,0.050967932318198406
fp64_gpu_xla_sqmc_reference_comparison,exact_scope_frozen_controls; flow_grid_only,p44_d3_T120,iid_dual_cap,197002,198002,True,initial_mean_scale,0.4848282684607574,0.48504197447433,0.0002137060135726232,0.0002137060135726232
fp64_gpu_xla_sqmc_reference_comparison,exact_scope_frozen_controls; flow_grid_only,p44_d3_T120,previous_inverse_cdf,197001,198001,True,persistence_coordinate,-6.577546555602455,-6.56934901715973,0.008197538442724195,0.008197538442724195
fp64_gpu_xla_sqmc_reference_comparison,exact_scope_frozen_controls; flow_grid_only,p44_d3_T120,previous_inverse_cdf,197001,198001,True,log_Q_scale,3.651482184284061,3.650530673411726,-0.0009515108723348042,0.0009515108723348042
fp64_gpu_xla_sqmc_reference_comparison,exact_scope_frozen_controls; flow_grid_only,p44_d3_T120,previous_inverse_cdf,197001,198001,True,log_R_scale,1.73766331194697,1.7360996763935042,-0.0015636355534658364,0.0015636355534658364
fp64_gpu_xla_sqmc_reference_comparison,exact_scope_frozen_controls; flow_grid_only,p44_d3_T120,previous_inverse_cdf,197001,198001,True,initial_mean_scale,-0.36348517187622104,-0.3638788637712753,-0.00039369189505428226,0.00039369189505428226
fp64_gpu_xla_sqmc_reference_comparison,exact_scope_frozen_controls; flow_grid_only,p44_d3_T120,previous_inverse_cdf,197001,198002,True,persistence_coordinate,-6.577546555602455,-6.546169855133521,0.03137670046893337,0.03137670046893337
fp64_gpu_xla_sqmc_reference_comparison,exact_scope_frozen_controls; flow_grid_only,p44_d3_T120,previous_inverse_cdf,197001,198002,True,log_Q_scale,3.651482184284061,3.6460335885250337,-0.0054485957590273415,0.0054485957590273415
fp64_gpu_xla_sqmc_reference_comparison,exact_scope_frozen_controls; flow_grid_only,p44_d3_T120,previous_inverse_cdf,197001,198002,True,log_R_scale,1.73766331194697,1.7405922684271544,0.0029289564801844303,0.0029289564801844303
fp64_gpu_xla_sqmc_reference_comparison,exact_scope_frozen_controls; flow_grid_only,p44_d3_T120,previous_inverse_cdf,197001,198002,True,initial_mean_scale,-0.36348517187622104,-0.36339739078935435,8.77810868666895e-05,8.77810868666895e-05
fp64_gpu_xla_sqmc_reference_comparison,exact_scope_frozen_controls; flow_grid_only,p44_d3_T120,previous_inverse_cdf,197002,198001,True,persistence_coordinate,9.191522755301447,9.19740105903041,0.005878303728962919,0.005878303728962919
fp64_gpu_xla_sqmc_reference_comparison,exact_scope_frozen_controls; flow_grid_only,p44_d3_T120,previous_inverse_cdf,197002,198001,True,log_Q_scale,-1.0704377781875918,-1.070884892558042,-0.0004471143704503078,0.0004471143704503078
fp64_gpu_xla_sqmc_reference_comparison,exact_scope_frozen_controls; flow_grid_only,p44_d3_T120,previous_inverse_cdf,197002,198001,True,log_R_scale,-1.9693975487848987,-1.9722826388108974,-0.0028850900259986823,0.0028850900259986823
fp64_gpu_xla_sqmc_reference_comparison,exact_scope_frozen_controls; flow_grid_only,p44_d3_T120,previous_inverse_cdf,197002,198001,True,initial_mean_scale,0.4848282684607574,0.48498616116721577,0.0001578927064583846,0.0001578927064583846
fp64_gpu_xla_sqmc_reference_comparison,exact_scope_frozen_controls; flow_grid_only,p44_d3_T120,previous_inverse_cdf,197002,198002,True,persistence_coordinate,9.191522755301447,9.192378664640628,0.0008559093391813377,0.0008559093391813377
fp64_gpu_xla_sqmc_reference_comparison,exact_scope_frozen_controls; flow_grid_only,p44_d3_T120,previous_inverse_cdf,197002,198002,True,log_Q_scale,-1.0704377781875918,-1.0714005277222043,-0.0009627495346125059,0.0009627495346125059
fp64_gpu_xla_sqmc_reference_comparison,exact_scope_frozen_controls; flow_grid_only,p44_d3_T120,previous_inverse_cdf,197002,198002,True,log_R_scale,-1.9693975487848987,-1.9661868201949142,0.0032107285899845017,0.0032107285899845017
fp64_gpu_xla_sqmc_reference_comparison,exact_scope_frozen_controls; flow_grid_only,p44_d3_T120,previous_inverse_cdf,197002,198002,True,initial_mean_scale,0.4848282684607574,0.48491634046984916,8.807200909177748e-05,8.807200909177748e-05
fp64_gpu_xla_sqmc_reference_comparison,exact_scope_frozen_controls; flow_grid_only,p44_d3_T120,repaired_permutation,197001,198001,True,persistence_coordinate,-6.577546555602455,-6.581544469004921,-0.00399791340246658,0.00399791340246658
fp64_gpu_xla_sqmc_reference_comparison,exact_scope_frozen_controls; flow_grid_only,p44_d3_T120,repaired_permutation,197001,198001,True,log_Q_scale,3.651482184284061,3.652218424795896,0.0007362405118351845,0.0007362405118351845
fp64_gpu_xla_sqmc_reference_comparison,exact_scope_frozen_controls; flow_grid_only,p44_d3_T120,repaired_permutation,197001,198001,True,log_R_scale,1.73766331194697,1.73611667228834,-0.0015466396586298892,0.0015466396586298892
fp64_gpu_xla_sqmc_reference_comparison,exact_scope_frozen_controls; flow_grid_only,p44_d3_T120,repaired_permutation,197001,198001,True,initial_mean_scale,-0.36348517187622104,-0.3636248081825646,-0.00013963630634356017,0.00013963630634356017
fp64_gpu_xla_sqmc_reference_comparison,exact_scope_frozen_controls; flow_grid_only,p44_d3_T120,repaired_permutation,197001,198002,True,persistence_coordinate,-6.577546555602455,-6.551061527001198,0.026485028601256566,0.026485028601256566
fp64_gpu_xla_sqmc_reference_comparison,exact_scope_frozen_controls; flow_grid_only,p44_d3_T120,repaired_permutation,197001,198002,True,log_Q_scale,3.651482184284061,3.6473213567025615,-0.004160827581499493,0.004160827581499493
fp64_gpu_xla_sqmc_reference_comparison,exact_scope_frozen_controls; flow_grid_only,p44_d3_T120,repaired_permutation,197001,198002,True,log_R_scale,1.73766331194697,1.739843148026015,0.002179836079045039,0.002179836079045039
fp64_gpu_xla_sqmc_reference_comparison,exact_scope_frozen_controls; flow_grid_only,p44_d3_T120,repaired_permutation,197001,198002,True,initial_mean_scale,-0.36348517187622104,-0.3634490667666695,3.6105109551543e-05,3.6105109551543e-05
fp64_gpu_xla_sqmc_reference_comparison,exact_scope_frozen_controls; flow_grid_only,p44_d3_T120,repaired_permutation,197002,198001,True,persistence_coordinate,9.191522755301447,9.168426579134023,-0.02309617616742443,0.02309617616742443
fp64_gpu_xla_sqmc_reference_comparison,exact_scope_frozen_controls; flow_grid_only,p44_d3_T120,repaired_permutation,197002,198001,True,log_Q_scale,-1.0704377781875918,-1.0673791711833323,0.003058607004259528,0.003058607004259528
fp64_gpu_xla_sqmc_reference_comparison,exact_scope_frozen_controls; flow_grid_only,p44_d3_T120,repaired_permutation,197002,198001,True,log_R_scale,-1.9693975487848987,-1.9707550493291657,-0.0013575005442669763,0.0013575005442669763
fp64_gpu_xla_sqmc_reference_comparison,exact_scope_frozen_controls; flow_grid_only,p44_d3_T120,repaired_permutation,197002,198001,True,initial_mean_scale,0.4848282684607574,0.4851637770198178,0.00033550855906039345,0.00033550855906039345
fp64_gpu_xla_sqmc_reference_comparison,exact_scope_frozen_controls; flow_grid_only,p44_d3_T120,repaired_permutation,197002,198002,True,persistence_coordinate,9.191522755301447,9.19761161497136,0.006088859669912239,0.006088859669912239
fp64_gpu_xla_sqmc_reference_comparison,exact_scope_frozen_controls; flow_grid_only,p44_d3_T120,repaired_permutation,197002,198002,True,log_Q_scale,-1.0704377781875918,-1.07196550918573,-0.0015277309981382992,0.0015277309981382992
fp64_gpu_xla_sqmc_reference_comparison,exact_scope_frozen_controls; flow_grid_only,p44_d3_T120,repaired_permutation,197002,198002,True,log_R_scale,-1.9693975487848987,-1.9653580196958371,0.004039529089061578,0.004039529089061578
fp64_gpu_xla_sqmc_reference_comparison,exact_scope_frozen_controls; flow_grid_only,p44_d3_T120,repaired_permutation,197002,198002,True,initial_mean_scale,0.4848282684607574,0.4848814124059223,5.3143945164924045e-05,5.3143945164924045e-05
fp64_gpu_xla_sqmc_reference_comparison,exact_scope_frozen_controls; flow_grid_only,p44_d3_T120,repaired_permutation_ablation,197001,198001,True,persistence_coordinate,-6.577546555602455,-6.578830781350845,-0.0012842257483907105,0.0012842257483907105
fp64_gpu_xla_sqmc_reference_comparison,exact_scope_frozen_controls; flow_grid_only,p44_d3_T120,repaired_permutation_ablation,197001,198001,True,log_Q_scale,3.651482184284061,3.651777841099284,0.0002956568152230332,0.0002956568152230332
fp64_gpu_xla_sqmc_reference_comparison,exact_scope_frozen_controls; flow_grid_only,p44_d3_T120,repaired_permutation_ablation,197001,198001,True,log_R_scale,1.73766331194697,1.7360894448176711,-0.001573867129298856,0.001573867129298856
fp64_gpu_xla_sqmc_reference_comparison,exact_scope_frozen_controls; flow_grid_only,p44_d3_T120,repaired_permutation_ablation,197001,198001,True,initial_mean_scale,-0.36348517187622104,-0.3636251366811333,-0.0001399648049122404,0.0001399648049122404
fp64_gpu_xla_sqmc_reference_comparison,exact_scope_frozen_controls; flow_grid_only,p44_d3_T120,repaired_permutation_ablation,197001,198002,True,persistence_coordinate,-6.577546555602455,-6.563098548042154,0.014448007560300624,0.014448007560300624
fp64_gpu_xla_sqmc_reference_comparison,exact_scope_frozen_controls; flow_grid_only,p44_d3_T120,repaired_permutation_ablation,197001,198002,True,log_Q_scale,3.651482184284061,3.6480708273738944,-0.0034113569101665853,0.0034113569101665853
fp64_gpu_xla_sqmc_reference_comparison,exact_scope_frozen_controls; flow_grid_only,p44_d3_T120,repaired_permutation_ablation,197001,198002,True,log_R_scale,1.73766331194697,1.7418991241873845,0.004235812240414472,0.004235812240414472
fp64_gpu_xla_sqmc_reference_comparison,exact_scope_frozen_controls; flow_grid_only,p44_d3_T120,repaired_permutation_ablation,197001,198002,True,initial_mean_scale,-0.36348517187622104,-0.36344925636409786,3.5915512123174675e-05,3.5915512123174675e-05
fp64_gpu_xla_sqmc_reference_comparison,exact_scope_frozen_controls; flow_grid_only,p44_d3_T120,repaired_permutation_ablation,197002,198001,True,persistence_coordinate,9.191522755301447,9.17308288584032,-0.018439869461127856,0.018439869461127856
fp64_gpu_xla_sqmc_reference_comparison,exact_scope_frozen_controls; flow_grid_only,p44_d3_T120,repaired_permutation_ablation,197002,198001,True,log_Q_scale,-1.0704377781875918,-1.0681311259348814,0.0023066522527104283,0.0023066522527104283
fp64_gpu_xla_sqmc_reference_comparison,exact_scope_frozen_controls; flow_grid_only,p44_d3_T120,repaired_permutation_ablation,197002,198001,True,log_R_scale,-1.9693975487848987,-1.9700058833466456,-0.0006083345617469149,0.0006083345617469149
fp64_gpu_xla_sqmc_reference_comparison,exact_scope_frozen_controls; flow_grid_only,p44_d3_T120,repaired_permutation_ablation,197002,198001,True,initial_mean_scale,0.4848282684607574,0.48516232973945983,0.0003340612787024466,0.0003340612787024466
fp64_gpu_xla_sqmc_reference_comparison,exact_scope_frozen_controls; flow_grid_only,p44_d3_T120,repaired_permutation_ablation,197002,198002,True,persistence_coordinate,9.191522755301447,9.195252555647574,0.0037298003461270213,0.0037298003461270213
fp64_gpu_xla_sqmc_reference_comparison,exact_scope_frozen_controls; flow_grid_only,p44_d3_T120,repaired_permutation_ablation,197002,198002,True,log_Q_scale,-1.0704377781875918,-1.0705194438714254,-8.166568383360939e-05,8.166568383360939e-05
fp64_gpu_xla_sqmc_reference_comparison,exact_scope_frozen_controls; flow_grid_only,p44_d3_T120,repaired_permutation_ablation,197002,198002,True,log_R_scale,-1.9693975487848987,-1.9669952187322712,0.002402330052627466,0.002402330052627466
fp64_gpu_xla_sqmc_reference_comparison,exact_scope_frozen_controls; flow_grid_only,p44_d3_T120,repaired_permutation_ablation,197002,198002,True,initial_mean_scale,0.4848282684607574,0.48488049665352206,5.22281927646806e-05,5.22281927646806e-05
fp64_gpu_xla_sqmc_reference_comparison,exact_scope_frozen_controls; epsilon_validity_nomination_then_full_score_flow_grid,full_d3_T2,iid_dual_cap,201001,202001,True,"A[1,1]",5.012582471924066,5.3090699668490124,0.2964874949249463,0.2964874949249463
fp64_gpu_xla_sqmc_reference_comparison,exact_scope_frozen_controls; epsilon_validity_nomination_then_full_score_flow_grid,full_d3_T2,iid_dual_cap,201001,202001,True,"A[1,2]",-0.5343091611652159,-0.5961270085865317,-0.0618178474213158,0.0618178474213158
fp64_gpu_xla_sqmc_reference_comparison,exact_scope_frozen_controls; epsilon_validity_nomination_then_full_score_flow_grid,full_d3_T2,iid_dual_cap,201001,202001,True,"A[1,3]",0.4283953408775141,0.5567836840076258,0.12838834313011172,0.12838834313011172
fp64_gpu_xla_sqmc_reference_comparison,exact_scope_frozen_controls; epsilon_validity_nomination_then_full_score_flow_grid,full_d3_T2,iid_dual_cap,201001,202001,True,"A[2,1]",-1.5181140718325479,-1.5428405349467735,-0.02472646311422566,0.02472646311422566
fp64_gpu_xla_sqmc_reference_comparison,exact_scope_frozen_controls; epsilon_validity_nomination_then_full_score_flow_grid,full_d3_T2,iid_dual_cap,201001,202001,True,"A[2,2]",-0.7460079300055052,-0.9903329700521085,-0.24432504004660327,0.24432504004660327
fp64_gpu_xla_sqmc_reference_comparison,exact_scope_frozen_controls; epsilon_validity_nomination_then_full_score_flow_grid,full_d3_T2,iid_dual_cap,201001,202001,True,"A[2,3]",-0.14855967129724407,-0.22195584919175693,-0.07339617789451286,0.07339617789451286
fp64_gpu_xla_sqmc_reference_comparison,exact_scope_frozen_controls; epsilon_validity_nomination_then_full_score_flow_grid,full_d3_T2,iid_dual_cap,201001,202001,True,"A[3,1]",0.7916601035713137,0.621088019452812,-0.17057208411850167,0.17057208411850167
fp64_gpu_xla_sqmc_reference_comparison,exact_scope_frozen_controls; epsilon_validity_nomination_then_full_score_flow_grid,full_d3_T2,iid_dual_cap,201001,202001,True,"A[3,2]",-0.1338783609427125,-0.14404060022605406,-0.010162239283341562,0.010162239283341562
fp64_gpu_xla_sqmc_reference_comparison,exact_scope_frozen_controls; epsilon_validity_nomination_then_full_score_flow_grid,full_d3_T2,iid_dual_cap,201001,202001,True,"A[3,3]",-0.8223416183228266,-0.7862213425032135,0.03612027581961308,0.03612027581961308
fp64_gpu_xla_sqmc_reference_comparison,exact_scope_frozen_controls; epsilon_validity_nomination_then_full_score_flow_grid,full_d3_T2,iid_dual_cap,201001,202001,True,"log_LQ[1,1]",1.1878705509375334,1.0811015433290811,-0.1067690076084522,0.1067690076084522
fp64_gpu_xla_sqmc_reference_comparison,exact_scope_frozen_controls; epsilon_validity_nomination_then_full_score_flow_grid,full_d3_T2,iid_dual_cap,201001,202001,True,"LQ[2,1]",-0.6198665477667025,-0.5424441429009523,0.07742240486575014,0.07742240486575014
fp64_gpu_xla_sqmc_reference_comparison,exact_scope_frozen_controls; epsilon_validity_nomination_then_full_score_flow_grid,full_d3_T2,iid_dual_cap,201001,202001,True,"log_LQ[2,2]",-0.5840616891517162,-0.4353854123910622,0.14867627676065398,0.14867627676065398
fp64_gpu_xla_sqmc_reference_comparison,exact_scope_frozen_controls; epsilon_validity_nomination_then_full_score_flow_grid,full_d3_T2,iid_dual_cap,201001,202001,True,"LQ[3,1]",0.19920755237526722,0.32322694460366586,0.12401939222839864,0.12401939222839864
fp64_gpu_xla_sqmc_reference_comparison,exact_scope_frozen_controls; epsilon_validity_nomination_then_full_score_flow_grid,full_d3_T2,iid_dual_cap,201001,202001,True,"LQ[3,2]",-0.4746633973160705,-0.3332399606904758,0.1414234366255947,0.1414234366255947
fp64_gpu_xla_sqmc_reference_comparison,exact_scope_frozen_controls; epsilon_validity_nomination_then_full_score_flow_grid,full_d3_T2,iid_dual_cap,201001,202001,True,"log_LQ[3,3]",-0.9017092789590051,-0.8891213731558516,0.012587905803153498,0.012587905803153498
fp64_gpu_xla_sqmc_reference_comparison,exact_scope_frozen_controls; epsilon_validity_nomination_then_full_score_flow_grid,full_d3_T2,iid_dual_cap,201001,202001,True,log_R_variance,-0.3273680383454258,-0.3285139219253781,-0.001145883579952267,0.001145883579952267
fp64_gpu_xla_sqmc_reference_comparison,exact_scope_frozen_controls; epsilon_validity_nomination_then_full_score_flow_grid,full_d3_T2,iid_dual_cap,201001,202001,True,initial_mean_scale,2.1150233436032746,2.1485109616824536,0.03348761807917899,0.03348761807917899
fp64_gpu_xla_sqmc_reference_comparison,exact_scope_frozen_controls; epsilon_validity_nomination_then_full_score_flow_grid,full_d3_T2,iid_dual_cap,201001,202002,True,"A[1,1]",5.012582471924066,4.992591255688791,-0.01999121623527511,0.01999121623527511
fp64_gpu_xla_sqmc_reference_comparison,exact_scope_frozen_controls; epsilon_validity_nomination_then_full_score_flow_grid,full_d3_T2,iid_dual_cap,201001,202002,True,"A[1,2]",-0.5343091611652159,-0.27977832042262785,0.254530840742588,0.254530840742588
fp64_gpu_xla_sqmc_reference_comparison,exact_scope_frozen_controls; epsilon_validity_nomination_then_full_score_flow_grid,full_d3_T2,iid_dual_cap,201001,202002,True,"A[1,3]",0.4283953408775141,0.5001982597593795,0.07180291888186541,0.07180291888186541
fp64_gpu_xla_sqmc_reference_comparison,exact_scope_frozen_controls; epsilon_validity_nomination_then_full_score_flow_grid,full_d3_T2,iid_dual_cap,201001,202002,True,"A[2,1]",-1.5181140718325479,-1.7351046574128353,-0.2169905855802874,0.2169905855802874
fp64_gpu_xla_sqmc_reference_comparison,exact_scope_frozen_controls; epsilon_validity_nomination_then_full_score_flow_grid,full_d3_T2,iid_dual_cap,201001,202002,True,"A[2,2]",-0.7460079300055052,-0.8301592733237387,-0.08415134331823348,0.08415134331823348
fp64_gpu_xla_sqmc_reference_comparison,exact_scope_frozen_controls; epsilon_validity_nomination_then_full_score_flow_grid,full_d3_T2,iid_dual_cap,201001,202002,True,"A[2,3]",-0.14855967129724407,-0.24148648584230625,-0.09292681454506219,0.09292681454506219
fp64_gpu_xla_sqmc_reference_comparison,exact_scope_frozen_controls; epsilon_validity_nomination_then_full_score_flow_grid,full_d3_T2,iid_dual_cap,201001,202002,True,"A[3,1]",0.7916601035713137,0.7489283357361457,-0.042731767835167966,0.042731767835167966
fp64_gpu_xla_sqmc_reference_comparison,exact_scope_frozen_controls; epsilon_validity_nomination_then_full_score_flow_grid,full_d3_T2,iid_dual_cap,201001,202002,True,"A[3,2]",-0.1338783609427125,-0.15784083197578525,-0.023962471033072752,0.023962471033072752
fp64_gpu_xla_sqmc_reference_comparison,exact_scope_frozen_controls; epsilon_validity_nomination_then_full_score_flow_grid,full_d3_T2,iid_dual_cap,201001,202002,True,"A[3,3]",-0.8223416183228266,-0.9086530122811499,-0.08631139395832332,0.08631139395832332
fp64_gpu_xla_sqmc_reference_comparison,exact_scope_frozen_controls; epsilon_validity_nomination_then_full_score_flow_grid,full_d3_T2,iid_dual_cap,201001,202002,True,"log_LQ[1,1]",1.1878705509375334,1.4683475046005163,0.280476953662983,0.280476953662983
fp64_gpu_xla_sqmc_reference_comparison,exact_scope_frozen_controls; epsilon_validity_nomination_then_full_score_flow_grid,full_d3_T2,iid_dual_cap,201001,202002,True,"LQ[2,1]",-0.6198665477667025,-0.814007607371982,-0.1941410596052795,0.1941410596052795
fp64_gpu_xla_sqmc_reference_comparison,exact_scope_frozen_controls; epsilon_validity_nomination_then_full_score_flow_grid,full_d3_T2,iid_dual_cap,201001,202002,True,"log_LQ[2,2]",-0.5840616891517162,-0.48235602157090174,0.10170566758081445,0.10170566758081445
fp64_gpu_xla_sqmc_reference_comparison,exact_scope_frozen_controls; epsilon_validity_nomination_then_full_score_flow_grid,full_d3_T2,iid_dual_cap,201001,202002,True,"LQ[3,1]",0.19920755237526722,0.2930414649180342,0.09383391254276696,0.09383391254276696
fp64_gpu_xla_sqmc_reference_comparison,exact_scope_frozen_controls; epsilon_validity_nomination_then_full_score_flow_grid,full_d3_T2,iid_dual_cap,201001,202002,True,"LQ[3,2]",-0.4746633973160705,-0.460158700177274,0.014504697138796485,0.014504697138796485
fp64_gpu_xla_sqmc_reference_comparison,exact_scope_frozen_controls; epsilon_validity_nomination_then_full_score_flow_grid,full_d3_T2,iid_dual_cap,201001,202002,True,"log_LQ[3,3]",-0.9017092789590051,-0.8441440345059342,0.057565244453070874,0.057565244453070874
fp64_gpu_xla_sqmc_reference_comparison,exact_scope_frozen_controls; epsilon_validity_nomination_then_full_score_flow_grid,full_d3_T2,iid_dual_cap,201001,202002,True,log_R_variance,-0.3273680383454258,-0.3188719781938121,0.008496060151613749,0.008496060151613749
fp64_gpu_xla_sqmc_reference_comparison,exact_scope_frozen_controls; epsilon_validity_nomination_then_full_score_flow_grid,full_d3_T2,iid_dual_cap,201001,202002,True,initial_mean_scale,2.1150233436032746,2.304056309899409,0.1890329662961343,0.1890329662961343
fp64_gpu_xla_sqmc_reference_comparison,exact_scope_frozen_controls; epsilon_validity_nomination_then_full_score_flow_grid,full_d3_T2,iid_dual_cap,201002,202001,True,"A[1,1]",-0.3591960678189986,-0.324497285399884,0.034698782419114615,0.034698782419114615
fp64_gpu_xla_sqmc_reference_comparison,exact_scope_frozen_controls; epsilon_validity_nomination_then_full_score_flow_grid,full_d3_T2,iid_dual_cap,201002,202001,True,"A[1,2]",0.26875537440923913,0.2625825131372589,-0.006172861271980246,0.006172861271980246
fp64_gpu_xla_sqmc_reference_comparison,exact_scope_frozen_controls; epsilon_validity_nomination_then_full_score_flow_grid,full_d3_T2,iid_dual_cap,201002,202001,True,"A[1,3]",-0.23072999588097903,-0.29834418447199446,-0.06761418859101542,0.06761418859101542
fp64_gpu_xla_sqmc_reference_comparison,exact_scope_frozen_controls; epsilon_validity_nomination_then_full_score_flow_grid,full_d3_T2,iid_dual_cap,201002,202001,True,"A[2,1]",-0.09854169530394374,-0.027246241287480988,0.07129545401646276,0.07129545401646276
fp64_gpu_xla_sqmc_reference_comparison,exact_scope_frozen_controls; epsilon_validity_nomination_then_full_score_flow_grid,full_d3_T2,iid_dual_cap,201002,202001,True,"A[2,2]",-0.9766146442559794,-1.0729344995413752,-0.09631985528539577,0.09631985528539577
fp64_gpu_xla_sqmc_reference_comparison,exact_scope_frozen_controls; epsilon_validity_nomination_then_full_score_flow_grid,full_d3_T2,iid_dual_cap,201002,202001,True,"A[2,3]",0.03210519384414612,-0.040383625567863554,-0.07248881941200967,0.07248881941200967
fp64_gpu_xla_sqmc_reference_comparison,exact_scope_frozen_controls; epsilon_validity_nomination_then_full_score_flow_grid,full_d3_T2,iid_dual_cap,201002,202001,True,"A[3,1]",-1.731883087349209,-1.8199567684979097,-0.08807368114870062,0.08807368114870062
fp64_gpu_xla_sqmc_reference_comparison,exact_scope_frozen_controls; epsilon_validity_nomination_then_full_score_flow_grid,full_d3_T2,iid_dual_cap,201002,202001,True,"A[3,2]",-0.8658238864461263,-0.910944274997165,-0.045120388551038726,0.045120388551038726
fp64_gpu_xla_sqmc_reference_comparison,exact_scope_frozen_controls; epsilon_validity_nomination_then_full_score_flow_grid,full_d3_T2,iid_dual_cap,201002,202001,True,"A[3,3]",-0.23161976369927412,-0.2893549709941666,-0.05773520729489251,0.05773520729489251
fp64_gpu_xla_sqmc_reference_comparison,exact_scope_frozen_controls; epsilon_validity_nomination_then_full_score_flow_grid,full_d3_T2,iid_dual_cap,201002,202001,True,"log_LQ[1,1]",-0.2967286839176108,-0.2734756670213281,0.02325301689628273,0.02325301689628273
fp64_gpu_xla_sqmc_reference_comparison,exact_scope_frozen_controls; epsilon_validity_nomination_then_full_score_flow_grid,full_d3_T2,iid_dual_cap,201002,202001,True,"LQ[2,1]",0.9101256364579936,1.0109818134750597,0.10085617701706606,0.10085617701706606
fp64_gpu_xla_sqmc_reference_comparison,exact_scope_frozen_controls; epsilon_validity_nomination_then_full_score_flow_grid,full_d3_T2,iid_dual_cap,201002,202001,True,"log_LQ[2,2]",-0.6381787371291546,-0.5405703560780142,0.09760838105114045,0.09760838105114045
fp64_gpu_xla_sqmc_reference_comparison,exact_scope_frozen_controls; epsilon_validity_nomination_then_full_score_flow_grid,full_d3_T2,iid_dual_cap,201002,202001,True,"LQ[3,1]",0.39326842957970715,0.4685053476203986,0.07523691804069144,0.07523691804069144
fp64_gpu_xla_sqmc_reference_comparison,exact_scope_frozen_controls; epsilon_validity_nomination_then_full_score_flow_grid,full_d3_T2,iid_dual_cap,201002,202001,True,"LQ[3,2]",0.455859390233028,0.497754648091199,0.041895257858171,0.041895257858171
fp64_gpu_xla_sqmc_reference_comparison,exact_scope_frozen_controls; epsilon_validity_nomination_then_full_score_flow_grid,full_d3_T2,iid_dual_cap,201002,202001,True,"log_LQ[3,3]",0.1736958043281562,0.2382091671461145,0.0645133628179583,0.0645133628179583
fp64_gpu_xla_sqmc_reference_comparison,exact_scope_frozen_controls; epsilon_validity_nomination_then_full_score_flow_grid,full_d3_T2,iid_dual_cap,201002,202001,True,log_R_variance,-0.17755025552454085,-0.160125958243218,0.01742429728132286,0.01742429728132286
fp64_gpu_xla_sqmc_reference_comparison,exact_scope_frozen_controls; epsilon_validity_nomination_then_full_score_flow_grid,full_d3_T2,iid_dual_cap,201002,202001,True,initial_mean_scale,0.7310005454319308,0.7424237312828084,0.011423185850877537,0.011423185850877537
fp64_gpu_xla_sqmc_reference_comparison,exact_scope_frozen_controls; epsilon_validity_nomination_then_full_score_flow_grid,full_d3_T2,iid_dual_cap,201002,202002,True,"A[1,1]",-0.3591960678189986,-0.5339340731293691,-0.17473800531037054,0.17473800531037054
fp64_gpu_xla_sqmc_reference_comparison,exact_scope_frozen_controls; epsilon_validity_nomination_then_full_score_flow_grid,full_d3_T2,iid_dual_cap,201002,202002,True,"A[1,2]",0.26875537440923913,0.21526496264995637,-0.05349041175928276,0.05349041175928276
fp64_gpu_xla_sqmc_reference_comparison,exact_scope_frozen_controls; epsilon_validity_nomination_then_full_score_flow_grid,full_d3_T2,iid_dual_cap,201002,202002,True,"A[1,3]",-0.23072999588097903,-0.2381801676216378,-0.007450171740658762,0.007450171740658762
fp64_gpu_xla_sqmc_reference_comparison,exact_scope_frozen_controls; epsilon_validity_nomination_then_full_score_flow_grid,full_d3_T2,iid_dual_cap,201002,202002,True,"A[2,1]",-0.09854169530394374,-0.17186662261929353,-0.07332492731534979,0.07332492731534979
fp64_gpu_xla_sqmc_reference_comparison,exact_scope_frozen_controls; epsilon_validity_nomination_then_full_score_flow_grid,full_d3_T2,iid_dual_cap,201002,202002,True,"A[2,2]",-0.9766146442559794,-0.9670381136557794,0.009576530600200028,0.009576530600200028
fp64_gpu_xla_sqmc_reference_comparison,exact_scope_frozen_controls; epsilon_validity_nomination_then_full_score_flow_grid,full_d3_T2,iid_dual_cap,201002,202002,True,"A[2,3]",0.03210519384414612,-0.01480308544762246,-0.04690827929176858,0.04690827929176858
fp64_gpu_xla_sqmc_reference_comparison,exact_scope_frozen_controls; epsilon_validity_nomination_then_full_score_flow_grid,full_d3_T2,iid_dual_cap,201002,202002,True,"A[3,1]",-1.731883087349209,-1.899210122968733,-0.167327035619524,0.167327035619524
fp64_gpu_xla_sqmc_reference_comparison,exact_scope_frozen_controls; epsilon_validity_nomination_then_full_score_flow_grid,full_d3_T2,iid_dual_cap,201002,202002,True,"A[3,2]",-0.8658238864461263,-0.9424013011007519,-0.07657741465462564,0.07657741465462564
fp64_gpu_xla_sqmc_reference_comparison,exact_scope_frozen_controls; epsilon_validity_nomination_then_full_score_flow_grid,full_d3_T2,iid_dual_cap,201002,202002,True,"A[3,3]",-0.23161976369927412,-0.2997436997877974,-0.0681239360885233,0.0681239360885233
fp64_gpu_xla_sqmc_reference_comparison,exact_scope_frozen_controls; epsilon_validity_nomination_then_full_score_flow_grid,full_d3_T2,iid_dual_cap,201002,202002,True,"log_LQ[1,1]",-0.2967286839176108,-0.15365360995128668,0.14307507396632413,0.14307507396632413
fp64_gpu_xla_sqmc_reference_comparison,exact_scope_frozen_controls; epsilon_validity_nomination_then_full_score_flow_grid,full_d3_T2,iid_dual_cap,201002,202002,True,"LQ[2,1]",0.9101256364579936,0.9578594723162506,0.04773383585825697,0.04773383585825697
fp64_gpu_xla_sqmc_reference_comparison,exact_scope_frozen_controls; epsilon_validity_nomination_then_full_score_flow_grid,full_d3_T2,iid_dual_cap,201002,202002,True,"log_LQ[2,2]",-0.6381787371291546,-0.6145532034176487,0.023625533711505886,0.023625533711505886
fp64_gpu_xla_sqmc_reference_comparison,exact_scope_frozen_controls; epsilon_validity_nomination_then_full_score_flow_grid,full_d3_T2,iid_dual_cap,201002,202002,True,"LQ[3,1]",0.39326842957970715,0.489937603252837,0.09666917367312983,0.09666917367312983
fp64_gpu_xla_sqmc_reference_comparison,exact_scope_frozen_controls; epsilon_validity_nomination_then_full_score_flow_grid,full_d3_T2,iid_dual_cap,201002,202002,True,"LQ[3,2]",0.455859390233028,0.5484699168314864,0.09261052659845836,0.09261052659845836
fp64_gpu_xla_sqmc_reference_comparison,exact_scope_frozen_controls; epsilon_validity_nomination_then_full_score_flow_grid,full_d3_T2,iid_dual_cap,201002,202002,True,"log_LQ[3,3]",0.1736958043281562,0.19806120928857585,0.02436540496041964,0.02436540496041964
fp64_gpu_xla_sqmc_reference_comparison,exact_scope_frozen_controls; epsilon_validity_nomination_then_full_score_flow_grid,full_d3_T2,iid_dual_cap,201002,202002,True,log_R_variance,-0.17755025552454085,-0.20867146220345378,-0.031121206678912938,0.031121206678912938
fp64_gpu_xla_sqmc_reference_comparison,exact_scope_frozen_controls; epsilon_validity_nomination_then_full_score_flow_grid,full_d3_T2,iid_dual_cap,201002,202002,True,initial_mean_scale,0.7310005454319308,0.7092142041707535,-0.02178634126117729,0.02178634126117729
fp64_gpu_xla_sqmc_reference_comparison,exact_scope_frozen_controls; epsilon_validity_nomination_then_full_score_flow_grid,full_d3_T2,previous_inverse_cdf,201001,202001,True,"A[1,1]",5.012582471924066,4.881279895320631,-0.13130257660343503,0.13130257660343503
fp64_gpu_xla_sqmc_reference_comparison,exact_scope_frozen_controls; epsilon_validity_nomination_then_full_score_flow_grid,full_d3_T2,previous_inverse_cdf,201001,202001,True,"A[1,2]",-0.5343091611652159,-0.6242762328225107,-0.08996707165729478,0.08996707165729478
fp64_gpu_xla_sqmc_reference_comparison,exact_scope_frozen_controls; epsilon_validity_nomination_then_full_score_flow_grid,full_d3_T2,previous_inverse_cdf,201001,202001,True,"A[1,3]",0.4283953408775141,0.4784480430246727,0.05005270214715862,0.05005270214715862
fp64_gpu_xla_sqmc_reference_comparison,exact_scope_frozen_controls; epsilon_validity_nomination_then_full_score_flow_grid,full_d3_T2,previous_inverse_cdf,201001,202001,True,"A[2,1]",-1.5181140718325479,-1.424665111490733,0.09344896034181494,0.09344896034181494
fp64_gpu_xla_sqmc_reference_comparison,exact_scope_frozen_controls; epsilon_validity_nomination_then_full_score_flow_grid,full_d3_T2,previous_inverse_cdf,201001,202001,True,"A[2,2]",-0.7460079300055052,-0.8785772476370862,-0.13256931763158097,0.13256931763158097
fp64_gpu_xla_sqmc_reference_comparison,exact_scope_frozen_controls; epsilon_validity_nomination_then_full_score_flow_grid,full_d3_T2,previous_inverse_cdf,201001,202001,True,"A[2,3]",-0.14855967129724407,-0.11937356942362125,0.02918610187362282,0.02918610187362282
fp64_gpu_xla_sqmc_reference_comparison,exact_scope_frozen_controls; epsilon_validity_nomination_then_full_score_flow_grid,full_d3_T2,previous_inverse_cdf,201001,202001,True,"A[3,1]",0.7916601035713137,0.7221132482606616,-0.06954685531065208,0.06954685531065208
fp64_gpu_xla_sqmc_reference_comparison,exact_scope_frozen_controls; epsilon_validity_nomination_then_full_score_flow_grid,full_d3_T2,previous_inverse_cdf,201001,202001,True,"A[3,2]",-0.1338783609427125,-0.07375174489079803,0.06012661605191447,0.06012661605191447
fp64_gpu_xla_sqmc_reference_comparison,exact_scope_frozen_controls; epsilon_validity_nomination_then_full_score_flow_grid,full_d3_T2,previous_inverse_cdf,201001,202001,True,"A[3,3]",-0.8223416183228266,-0.9036980445458227,-0.0813564262229961,0.0813564262229961
fp64_gpu_xla_sqmc_reference_comparison,exact_scope_frozen_controls; epsilon_validity_nomination_then_full_score_flow_grid,full_d3_T2,previous_inverse_cdf,201001,202001,True,"log_LQ[1,1]",1.1878705509375334,1.1944625612871826,0.006592010349649291,0.006592010349649291
fp64_gpu_xla_sqmc_reference_comparison,exact_scope_frozen_controls; epsilon_validity_nomination_then_full_score_flow_grid,full_d3_T2,previous_inverse_cdf,201001,202001,True,"LQ[2,1]",-0.6198665477667025,-0.49896717277789143,0.12089937498881104,0.12089937498881104
fp64_gpu_xla_sqmc_reference_comparison,exact_scope_frozen_controls; epsilon_validity_nomination_then_full_score_flow_grid,full_d3_T2,previous_inverse_cdf,201001,202001,True,"log_LQ[2,2]",-0.5840616891517162,-0.5232515552076378,0.060810133944078415,0.060810133944078415
fp64_gpu_xla_sqmc_reference_comparison,exact_scope_frozen_controls; epsilon_validity_nomination_then_full_score_flow_grid,full_d3_T2,previous_inverse_cdf,201001,202001,True,"LQ[3,1]",0.19920755237526722,0.15971105124865936,-0.03949650112660785,0.03949650112660785
fp64_gpu_xla_sqmc_reference_comparison,exact_scope_frozen_controls; epsilon_validity_nomination_then_full_score_flow_grid,full_d3_T2,previous_inverse_cdf,201001,202001,True,"LQ[3,2]",-0.4746633973160705,-0.44117513876387904,0.03348825855219145,0.03348825855219145
fp64_gpu_xla_sqmc_reference_comparison,exact_scope_frozen_controls; epsilon_validity_nomination_then_full_score_flow_grid,full_d3_T2,previous_inverse_cdf,201001,202001,True,"log_LQ[3,3]",-0.9017092789590051,-0.88583751216726,0.015871766791745068,0.015871766791745068
fp64_gpu_xla_sqmc_reference_comparison,exact_scope_frozen_controls; epsilon_validity_nomination_then_full_score_flow_grid,full_d3_T2,previous_inverse_cdf,201001,202001,True,log_R_variance,-0.3273680383454258,-0.3083748298729375,0.01899320847248831,0.01899320847248831
fp64_gpu_xla_sqmc_reference_comparison,exact_scope_frozen_controls; epsilon_validity_nomination_then_full_score_flow_grid,full_d3_T2,previous_inverse_cdf,201001,202001,True,initial_mean_scale,2.1150233436032746,2.0579563273403276,-0.05706701626294697,0.05706701626294697
fp64_gpu_xla_sqmc_reference_comparison,exact_scope_frozen_controls; epsilon_validity_nomination_then_full_score_flow_grid,full_d3_T2,previous_inverse_cdf,201001,202002,True,"A[1,1]",5.012582471924066,4.979916734580337,-0.03266573734372891,0.03266573734372891
fp64_gpu_xla_sqmc_reference_comparison,exact_scope_frozen_controls; epsilon_validity_nomination_then_full_score_flow_grid,full_d3_T2,previous_inverse_cdf,201001,202002,True,"A[1,2]",-0.5343091611652159,-0.585476008714013,-0.05116684754879708,0.05116684754879708
fp64_gpu_xla_sqmc_reference_comparison,exact_scope_frozen_controls; epsilon_validity_nomination_then_full_score_flow_grid,full_d3_T2,previous_inverse_cdf,201001,202002,True,"A[1,3]",0.4283953408775141,0.41891914465029856,-0.009476196227215516,0.009476196227215516
fp64_gpu_xla_sqmc_reference_comparison,exact_scope_frozen_controls; epsilon_validity_nomination_then_full_score_flow_grid,full_d3_T2,previous_inverse_cdf,201001,202002,True,"A[2,1]",-1.5181140718325479,-1.4219233189186462,0.09619075291390167,0.09619075291390167
fp64_gpu_xla_sqmc_reference_comparison,exact_scope_frozen_controls; epsilon_validity_nomination_then_full_score_flow_grid,full_d3_T2,previous_inverse_cdf,201001,202002,True,"A[2,2]",-0.7460079300055052,-0.9141540248322568,-0.16814609482675158,0.16814609482675158
fp64_gpu_xla_sqmc_reference_comparison,exact_scope_frozen_controls; epsilon_validity_nomination_then_full_score_flow_grid,full_d3_T2,previous_inverse_cdf,201001,202002,True,"A[2,3]",-0.14855967129724407,-0.08939479103872913,0.059164880258514935,0.059164880258514935
fp64_gpu_xla_sqmc_reference_comparison,exact_scope_frozen_controls; epsilon_validity_nomination_then_full_score_flow_grid,full_d3_T2,previous_inverse_cdf,201001,202002,True,"A[3,1]",0.7916601035713137,0.7735211456956582,-0.018138957875655448,0.018138957875655448
fp64_gpu_xla_sqmc_reference_comparison,exact_scope_frozen_controls; epsilon_validity_nomination_then_full_score_flow_grid,full_d3_T2,previous_inverse_cdf,201001,202002,True,"A[3,2]",-0.1338783609427125,-0.10320168140763455,0.03067667953507794,0.03067667953507794
fp64_gpu_xla_sqmc_reference_comparison,exact_scope_frozen_controls; epsilon_validity_nomination_then_full_score_flow_grid,full_d3_T2,previous_inverse_cdf,201001,202002,True,"A[3,3]",-0.8223416183228266,-0.9566890337274008,-0.13434741540457418,0.13434741540457418
fp64_gpu_xla_sqmc_reference_comparison,exact_scope_frozen_controls; epsilon_validity_nomination_then_full_score_flow_grid,full_d3_T2,previous_inverse_cdf,201001,202002,True,"log_LQ[1,1]",1.1878705509375334,1.3229595081786254,0.13508895724109204,0.13508895724109204
fp64_gpu_xla_sqmc_reference_comparison,exact_scope_frozen_controls; epsilon_validity_nomination_then_full_score_flow_grid,full_d3_T2,previous_inverse_cdf,201001,202002,True,"LQ[2,1]",-0.6198665477667025,-0.5965840163452946,0.023282531421407904,0.023282531421407904
fp64_gpu_xla_sqmc_reference_comparison,exact_scope_frozen_controls; epsilon_validity_nomination_then_full_score_flow_grid,full_d3_T2,previous_inverse_cdf,201001,202002,True,"log_LQ[2,2]",-0.5840616891517162,-0.4885469862097439,0.09551470294197228,0.09551470294197228
fp64_gpu_xla_sqmc_reference_comparison,exact_scope_frozen_controls; epsilon_validity_nomination_then_full_score_flow_grid,full_d3_T2,previous_inverse_cdf,201001,202002,True,"LQ[3,1]",0.19920755237526722,0.22188508651039363,0.02267753413512641,0.02267753413512641
fp64_gpu_xla_sqmc_reference_comparison,exact_scope_frozen_controls; epsilon_validity_nomination_then_full_score_flow_grid,full_d3_T2,previous_inverse_cdf,201001,202002,True,"LQ[3,2]",-0.4746633973160705,-0.47829638886695924,-0.0036329915508887534,0.0036329915508887534
fp64_gpu_xla_sqmc_reference_comparison,exact_scope_frozen_controls; epsilon_validity_nomination_then_full_score_flow_grid,full_d3_T2,previous_inverse_cdf,201001,202002,True,"log_LQ[3,3]",-0.9017092789590051,-0.8449097146824718,0.05679956427653332,0.05679956427653332
fp64_gpu_xla_sqmc_reference_comparison,exact_scope_frozen_controls; epsilon_validity_nomination_then_full_score_flow_grid,full_d3_T2,previous_inverse_cdf,201001,202002,True,log_R_variance,-0.3273680383454258,-0.2835887316031216,0.043779306742304236,0.043779306742304236
fp64_gpu_xla_sqmc_reference_comparison,exact_scope_frozen_controls; epsilon_validity_nomination_then_full_score_flow_grid,full_d3_T2,previous_inverse_cdf,201001,202002,True,initial_mean_scale,2.1150233436032746,2.1407875758868404,0.025764232283565836,0.025764232283565836
fp64_gpu_xla_sqmc_reference_comparison,exact_scope_frozen_controls; epsilon_validity_nomination_then_full_score_flow_grid,full_d3_T2,previous_inverse_cdf,201002,202001,True,"A[1,1]",-0.3591960678189986,-0.5082712736634062,-0.1490752058444076,0.1490752058444076
fp64_gpu_xla_sqmc_reference_comparison,exact_scope_frozen_controls; epsilon_validity_nomination_then_full_score_flow_grid,full_d3_T2,previous_inverse_cdf,201002,202001,True,"A[1,2]",0.26875537440923913,0.29576648304605574,0.027011108636816605,0.027011108636816605
fp64_gpu_xla_sqmc_reference_comparison,exact_scope_frozen_controls; epsilon_validity_nomination_then_full_score_flow_grid,full_d3_T2,previous_inverse_cdf,201002,202001,True,"A[1,3]",-0.23072999588097903,-0.13271591932415022,0.09801407655682881,0.09801407655682881
fp64_gpu_xla_sqmc_reference_comparison,exact_scope_frozen_controls; epsilon_validity_nomination_then_full_score_flow_grid,full_d3_T2,previous_inverse_cdf,201002,202001,True,"A[2,1]",-0.09854169530394374,-0.15743297890981234,-0.058891283605868594,0.058891283605868594
fp64_gpu_xla_sqmc_reference_comparison,exact_scope_frozen_controls; epsilon_validity_nomination_then_full_score_flow_grid,full_d3_T2,previous_inverse_cdf,201002,202001,True,"A[2,2]",-0.9766146442559794,-1.0354114456150443,-0.05879680135906484,0.05879680135906484
fp64_gpu_xla_sqmc_reference_comparison,exact_scope_frozen_controls; epsilon_validity_nomination_then_full_score_flow_grid,full_d3_T2,previous_inverse_cdf,201002,202001,True,"A[2,3]",0.03210519384414612,0.14773540358572923,0.11563020974158311,0.11563020974158311
fp64_gpu_xla_sqmc_reference_comparison,exact_scope_frozen_controls; epsilon_validity_nomination_then_full_score_flow_grid,full_d3_T2,previous_inverse_cdf,201002,202001,True,"A[3,1]",-1.731883087349209,-1.6884948608758188,0.043388226473390246,0.043388226473390246
fp64_gpu_xla_sqmc_reference_comparison,exact_scope_frozen_controls; epsilon_validity_nomination_then_full_score_flow_grid,full_d3_T2,previous_inverse_cdf,201002,202001,True,"A[3,2]",-0.8658238864461263,-0.7930276803756497,0.07279620607047654,0.07279620607047654
fp64_gpu_xla_sqmc_reference_comparison,exact_scope_frozen_controls; epsilon_validity_nomination_then_full_score_flow_grid,full_d3_T2,previous_inverse_cdf,201002,202001,True,"A[3,3]",-0.23161976369927412,-0.12313692684970029,0.10848283684957383,0.10848283684957383
fp64_gpu_xla_sqmc_reference_comparison,exact_scope_frozen_controls; epsilon_validity_nomination_then_full_score_flow_grid,full_d3_T2,previous_inverse_cdf,201002,202001,True,"log_LQ[1,1]",-0.2967286839176108,-0.20270399707759013,0.09402468684002069,0.09402468684002069
fp64_gpu_xla_sqmc_reference_comparison,exact_scope_frozen_controls; epsilon_validity_nomination_then_full_score_flow_grid,full_d3_T2,previous_inverse_cdf,201002,202001,True,"LQ[2,1]",0.9101256364579936,0.7958001418610762,-0.11432549459691743,0.11432549459691743
fp64_gpu_xla_sqmc_reference_comparison,exact_scope_frozen_controls; epsilon_validity_nomination_then_full_score_flow_grid,full_d3_T2,previous_inverse_cdf,201002,202001,True,"log_LQ[2,2]",-0.6381787371291546,-0.6247297512639436,0.013448985865211038,0.013448985865211038
fp64_gpu_xla_sqmc_reference_comparison,exact_scope_frozen_controls; epsilon_validity_nomination_then_full_score_flow_grid,full_d3_T2,previous_inverse_cdf,201002,202001,True,"LQ[3,1]",0.39326842957970715,0.3473219423615863,-0.045946487218120835,0.045946487218120835
fp64_gpu_xla_sqmc_reference_comparison,exact_scope_frozen_controls; epsilon_validity_nomination_then_full_score_flow_grid,full_d3_T2,previous_inverse_cdf,201002,202001,True,"LQ[3,2]",0.455859390233028,0.3984686558198438,-0.05739073441318421,0.05739073441318421
fp64_gpu_xla_sqmc_reference_comparison,exact_scope_frozen_controls; epsilon_validity_nomination_then_full_score_flow_grid,full_d3_T2,previous_inverse_cdf,201002,202001,True,"log_LQ[3,3]",0.1736958043281562,0.10292332125724202,-0.07077248307091419,0.07077248307091419
fp64_gpu_xla_sqmc_reference_comparison,exact_scope_frozen_controls; epsilon_validity_nomination_then_full_score_flow_grid,full_d3_T2,previous_inverse_cdf,201002,202001,True,log_R_variance,-0.17755025552454085,-0.18277491101939825,-0.0052246554948574,0.0052246554948574
fp64_gpu_xla_sqmc_reference_comparison,exact_scope_frozen_controls; epsilon_validity_nomination_then_full_score_flow_grid,full_d3_T2,previous_inverse_cdf,201002,202001,True,initial_mean_scale,0.7310005454319308,0.7514972948540062,0.020496749422075355,0.020496749422075355
fp64_gpu_xla_sqmc_reference_comparison,exact_scope_frozen_controls; epsilon_validity_nomination_then_full_score_flow_grid,full_d3_T2,previous_inverse_cdf,201002,202002,True,"A[1,1]",-0.3591960678189986,-0.28322598145731204,0.07597008636168656,0.07597008636168656
fp64_gpu_xla_sqmc_reference_comparison,exact_scope_frozen_controls; epsilon_validity_nomination_then_full_score_flow_grid,full_d3_T2,previous_inverse_cdf,201002,202002,True,"A[1,2]",0.26875537440923913,0.23105648050425504,-0.0376988939049841,0.0376988939049841
fp64_gpu_xla_sqmc_reference_comparison,exact_scope_frozen_controls; epsilon_validity_nomination_then_full_score_flow_grid,full_d3_T2,previous_inverse_cdf,201002,202002,True,"A[1,3]",-0.23072999588097903,-0.11329123033267693,0.1174387655483021,0.1174387655483021
fp64_gpu_xla_sqmc_reference_comparison,exact_scope_frozen_controls; epsilon_validity_nomination_then_full_score_flow_grid,full_d3_T2,previous_inverse_cdf,201002,202002,True,"A[2,1]",-0.09854169530394374,-0.12798567202858324,-0.029443976724639498,0.029443976724639498
fp64_gpu_xla_sqmc_reference_comparison,exact_scope_frozen_controls; epsilon_validity_nomination_then_full_score_flow_grid,full_d3_T2,previous_inverse_cdf,201002,202002,True,"A[2,2]",-0.9766146442559794,-1.0724671613554535,-0.09585251709947407,0.09585251709947407
fp64_gpu_xla_sqmc_reference_comparison,exact_scope_frozen_controls; epsilon_validity_nomination_then_full_score_flow_grid,full_d3_T2,previous_inverse_cdf,201002,202002,True,"A[2,3]",0.03210519384414612,-0.0012057069347960192,-0.03331090077894214,0.03331090077894214
fp64_gpu_xla_sqmc_reference_comparison,exact_scope_frozen_controls; epsilon_validity_nomination_then_full_score_flow_grid,full_d3_T2,previous_inverse_cdf,201002,202002,True,"A[3,1]",-1.731883087349209,-1.6173762332079356,0.11450685414127348,0.11450685414127348
fp64_gpu_xla_sqmc_reference_comparison,exact_scope_frozen_controls; epsilon_validity_nomination_then_full_score_flow_grid,full_d3_T2,previous_inverse_cdf,201002,202002,True,"A[3,2]",-0.8658238864461263,-0.9470348938822939,-0.0812110074361676,0.0812110074361676
fp64_gpu_xla_sqmc_reference_comparison,exact_scope_frozen_controls; epsilon_validity_nomination_then_full_score_flow_grid,full_d3_T2,previous_inverse_cdf,201002,202002,True,"A[3,3]",-0.23161976369927412,-0.3390298571828944,-0.1074100934836203,0.1074100934836203
fp64_gpu_xla_sqmc_reference_comparison,exact_scope_frozen_controls; epsilon_validity_nomination_then_full_score_flow_grid,full_d3_T2,previous_inverse_cdf,201002,202002,True,"log_LQ[1,1]",-0.2967286839176108,-0.31681140152563914,-0.020082717608028322,0.020082717608028322
fp64_gpu_xla_sqmc_reference_comparison,exact_scope_frozen_controls; epsilon_validity_nomination_then_full_score_flow_grid,full_d3_T2,previous_inverse_cdf,201002,202002,True,"LQ[2,1]",0.9101256364579936,1.0595959328445135,0.14947029638651987,0.14947029638651987
fp64_gpu_xla_sqmc_reference_comparison,exact_scope_frozen_controls; epsilon_validity_nomination_then_full_score_flow_grid,full_d3_T2,previous_inverse_cdf,201002,202002,True,"log_LQ[2,2]",-0.6381787371291546,-0.5718130218192742,0.06636571530988045,0.06636571530988045
fp64_gpu_xla_sqmc_reference_comparison,exact_scope_frozen_controls; epsilon_validity_nomination_then_full_score_flow_grid,full_d3_T2,previous_inverse_cdf,201002,202002,True,"LQ[3,1]",0.39326842957970715,0.23167860801367912,-0.16158982156602802,0.16158982156602802
fp64_gpu_xla_sqmc_reference_comparison,exact_scope_frozen_controls; epsilon_validity_nomination_then_full_score_flow_grid,full_d3_T2,previous_inverse_cdf,201002,202002,True,"LQ[3,2]",0.455859390233028,0.4492904266922396,-0.006568963540788397,0.006568963540788397
fp64_gpu_xla_sqmc_reference_comparison,exact_scope_frozen_controls; epsilon_validity_nomination_then_full_score_flow_grid,full_d3_T2,previous_inverse_cdf,201002,202002,True,"log_LQ[3,3]",0.1736958043281562,0.23427639859242794,0.06058059426427173,0.06058059426427173
fp64_gpu_xla_sqmc_reference_comparison,exact_scope_frozen_controls; epsilon_validity_nomination_then_full_score_flow_grid,full_d3_T2,previous_inverse_cdf,201002,202002,True,log_R_variance,-0.17755025552454085,-0.1600863366040559,0.017463918920484933,0.017463918920484933
fp64_gpu_xla_sqmc_reference_comparison,exact_scope_frozen_controls; epsilon_validity_nomination_then_full_score_flow_grid,full_d3_T2,previous_inverse_cdf,201002,202002,True,initial_mean_scale,0.7310005454319308,0.7535557132882963,0.022555167856365466,0.022555167856365466
fp64_gpu_xla_sqmc_reference_comparison,exact_scope_frozen_controls; epsilon_validity_nomination_then_full_score_flow_grid,full_d3_T2,repaired_permutation,201001,202001,True,"A[1,1]",5.012582471924066,4.890759659550495,-0.12182281237357095,0.12182281237357095
fp64_gpu_xla_sqmc_reference_comparison,exact_scope_frozen_controls; epsilon_validity_nomination_then_full_score_flow_grid,full_d3_T2,repaired_permutation,201001,202001,True,"A[1,2]",-0.5343091611652159,-0.41565931811089485,0.11864984305432102,0.11864984305432102
fp64_gpu_xla_sqmc_reference_comparison,exact_scope_frozen_controls; epsilon_validity_nomination_then_full_score_flow_grid,full_d3_T2,repaired_permutation,201001,202001,True,"A[1,3]",0.4283953408775141,0.39895257180609023,-0.029442769071423847,0.029442769071423847
fp64_gpu_xla_sqmc_reference_comparison,exact_scope_frozen_controls; epsilon_validity_nomination_then_full_score_flow_grid,full_d3_T2,repaired_permutation,201001,202001,True,"A[2,1]",-1.5181140718325479,-1.43103119095926,0.08708288087328797,0.08708288087328797
fp64_gpu_xla_sqmc_reference_comparison,exact_scope_frozen_controls; epsilon_validity_nomination_then_full_score_flow_grid,full_d3_T2,repaired_permutation,201001,202001,True,"A[2,2]",-0.7460079300055052,-0.8416772690185713,-0.09566933901306607,0.09566933901306607
fp64_gpu_xla_sqmc_reference_comparison,exact_scope_frozen_controls; epsilon_validity_nomination_then_full_score_flow_grid,full_d3_T2,repaired_permutation,201001,202001,True,"A[2,3]",-0.14855967129724407,-0.1654569266546314,-0.016897255357387342,0.016897255357387342
fp64_gpu_xla_sqmc_reference_comparison,exact_scope_frozen_controls; epsilon_validity_nomination_then_full_score_flow_grid,full_d3_T2,repaired_permutation,201001,202001,True,"A[3,1]",0.7916601035713137,0.7257183002398482,-0.06594180333146549,0.06594180333146549
fp64_gpu_xla_sqmc_reference_comparison,exact_scope_frozen_controls; epsilon_validity_nomination_then_full_score_flow_grid,full_d3_T2,repaired_permutation,201001,202001,True,"A[3,2]",-0.1338783609427125,-0.10761258748051986,0.026265773462192638,0.026265773462192638
fp64_gpu_xla_sqmc_reference_comparison,exact_scope_frozen_controls; epsilon_validity_nomination_then_full_score_flow_grid,full_d3_T2,repaired_permutation,201001,202001,True,"A[3,3]",-0.8223416183228266,-0.8663114335547065,-0.04396981523187993,0.04396981523187993
fp64_gpu_xla_sqmc_reference_comparison,exact_scope_frozen_controls; epsilon_validity_nomination_then_full_score_flow_grid,full_d3_T2,repaired_permutation,201001,202001,True,"log_LQ[1,1]",1.1878705509375334,1.2358891058093278,0.048018554871794406,0.048018554871794406
fp64_gpu_xla_sqmc_reference_comparison,exact_scope_frozen_controls; epsilon_validity_nomination_then_full_score_flow_grid,full_d3_T2,repaired_permutation,201001,202001,True,"LQ[2,1]",-0.6198665477667025,-0.6932174319252279,-0.07335088415852542,0.07335088415852542
fp64_gpu_xla_sqmc_reference_comparison,exact_scope_frozen_controls; epsilon_validity_nomination_then_full_score_flow_grid,full_d3_T2,repaired_permutation,201001,202001,True,"log_LQ[2,2]",-0.5840616891517162,-0.5263659748784529,0.057695714273263254,0.057695714273263254
fp64_gpu_xla_sqmc_reference_comparison,exact_scope_frozen_controls; epsilon_validity_nomination_then_full_score_flow_grid,full_d3_T2,repaired_permutation,201001,202001,True,"LQ[3,1]",0.19920755237526722,0.2670427653038421,0.06783521292857486,0.06783521292857486
fp64_gpu_xla_sqmc_reference_comparison,exact_scope_frozen_controls; epsilon_validity_nomination_then_full_score_flow_grid,full_d3_T2,repaired_permutation,201001,202001,True,"LQ[3,2]",-0.4746633973160705,-0.43163729161076553,0.04302610570530496,0.04302610570530496
fp64_gpu_xla_sqmc_reference_comparison,exact_scope_frozen_controls; epsilon_validity_nomination_then_full_score_flow_grid,full_d3_T2,repaired_permutation,201001,202001,True,"log_LQ[3,3]",-0.9017092789590051,-0.8812676127263379,0.02044166623266719,0.02044166623266719
fp64_gpu_xla_sqmc_reference_comparison,exact_scope_frozen_controls; epsilon_validity_nomination_then_full_score_flow_grid,full_d3_T2,repaired_permutation,201001,202001,True,log_R_variance,-0.3273680383454258,-0.33117230181899626,-0.003804263473570435,0.003804263473570435
fp64_gpu_xla_sqmc_reference_comparison,exact_scope_frozen_controls; epsilon_validity_nomination_then_full_score_flow_grid,full_d3_T2,repaired_permutation,201001,202001,True,initial_mean_scale,2.1150233436032746,2.0855122270114252,-0.02951111659184935,0.02951111659184935
fp64_gpu_xla_sqmc_reference_comparison,exact_scope_frozen_controls; epsilon_validity_nomination_then_full_score_flow_grid,full_d3_T2,repaired_permutation,201001,202002,True,"A[1,1]",5.012582471924066,5.0423401955423675,0.029757723618301313,0.029757723618301313
fp64_gpu_xla_sqmc_reference_comparison,exact_scope_frozen_controls; epsilon_validity_nomination_then_full_score_flow_grid,full_d3_T2,repaired_permutation,201001,202002,True,"A[1,2]",-0.5343091611652159,-0.5963722855708091,-0.06206312440559325,0.06206312440559325
fp64_gpu_xla_sqmc_reference_comparison,exact_scope_frozen_controls; epsilon_validity_nomination_then_full_score_flow_grid,full_d3_T2,repaired_permutation,201001,202002,True,"A[1,3]",0.4283953408775141,0.45958297211892263,0.031187631241408553,0.031187631241408553
fp64_gpu_xla_sqmc_reference_comparison,exact_scope_frozen_controls; epsilon_validity_nomination_then_full_score_flow_grid,full_d3_T2,repaired_permutation,201001,202002,True,"A[2,1]",-1.5181140718325479,-1.3887100638379146,0.12940400799463325,0.12940400799463325
fp64_gpu_xla_sqmc_reference_comparison,exact_scope_frozen_controls; epsilon_validity_nomination_then_full_score_flow_grid,full_d3_T2,repaired_permutation,201001,202002,True,"A[2,2]",-0.7460079300055052,-0.9009742461779628,-0.1549663161724576,0.1549663161724576
fp64_gpu_xla_sqmc_reference_comparison,exact_scope_frozen_controls; epsilon_validity_nomination_then_full_score_flow_grid,full_d3_T2,repaired_permutation,201001,202002,True,"A[2,3]",-0.14855967129724407,-0.06787758504145294,0.08068208625579112,0.08068208625579112
fp64_gpu_xla_sqmc_reference_comparison,exact_scope_frozen_controls; epsilon_validity_nomination_then_full_score_flow_grid,full_d3_T2,repaired_permutation,201001,202002,True,"A[3,1]",0.7916601035713137,0.8005908736908954,0.008930770119581766,0.008930770119581766
fp64_gpu_xla_sqmc_reference_comparison,exact_scope_frozen_controls; epsilon_validity_nomination_then_full_score_flow_grid,full_d3_T2,repaired_permutation,201001,202002,True,"A[3,2]",-0.1338783609427125,-0.12371569922460118,0.01016266171811131,0.01016266171811131
fp64_gpu_xla_sqmc_reference_comparison,exact_scope_frozen_controls; epsilon_validity_nomination_then_full_score_flow_grid,full_d3_T2,repaired_permutation,201001,202002,True,"A[3,3]",-0.8223416183228266,-0.9264734833735566,-0.10413186505073002,0.10413186505073002
fp64_gpu_xla_sqmc_reference_comparison,exact_scope_frozen_controls; epsilon_validity_nomination_then_full_score_flow_grid,full_d3_T2,repaired_permutation,201001,202002,True,"log_LQ[1,1]",1.1878705509375334,1.2679937195855768,0.08012316864804347,0.08012316864804347
fp64_gpu_xla_sqmc_reference_comparison,exact_scope_frozen_controls; epsilon_validity_nomination_then_full_score_flow_grid,full_d3_T2,repaired_permutation,201001,202002,True,"LQ[2,1]",-0.6198665477667025,-0.6099288934806409,0.009937654286061526,0.009937654286061526
fp64_gpu_xla_sqmc_reference_comparison,exact_scope_frozen_controls; epsilon_validity_nomination_then_full_score_flow_grid,full_d3_T2,repaired_permutation,201001,202002,True,"log_LQ[2,2]",-0.5840616891517162,-0.48847924668474474,0.09558244246697145,0.09558244246697145
fp64_gpu_xla_sqmc_reference_comparison,exact_scope_frozen_controls; epsilon_validity_nomination_then_full_score_flow_grid,full_d3_T2,repaired_permutation,201001,202002,True,"LQ[3,1]",0.19920755237526722,0.22492687889129576,0.02571932651602854,0.02571932651602854
fp64_gpu_xla_sqmc_reference_comparison,exact_scope_frozen_controls; epsilon_validity_nomination_then_full_score_flow_grid,full_d3_T2,repaired_permutation,201001,202002,True,"LQ[3,2]",-0.4746633973160705,-0.4978104939540626,-0.023147096637992137,0.023147096637992137
fp64_gpu_xla_sqmc_reference_comparison,exact_scope_frozen_controls; epsilon_validity_nomination_then_full_score_flow_grid,full_d3_T2,repaired_permutation,201001,202002,True,"log_LQ[3,3]",-0.9017092789590051,-0.8462046334014637,0.05550464555754142,0.05550464555754142
fp64_gpu_xla_sqmc_reference_comparison,exact_scope_frozen_controls; epsilon_validity_nomination_then_full_score_flow_grid,full_d3_T2,repaired_permutation,201001,202002,True,log_R_variance,-0.3273680383454258,-0.28561333284545753,0.04175470549996829,0.04175470549996829
fp64_gpu_xla_sqmc_reference_comparison,exact_scope_frozen_controls; epsilon_validity_nomination_then_full_score_flow_grid,full_d3_T2,repaired_permutation,201001,202002,True,initial_mean_scale,2.1150233436032746,2.138611712159042,0.023588368555767403,0.023588368555767403
fp64_gpu_xla_sqmc_reference_comparison,exact_scope_frozen_controls; epsilon_validity_nomination_then_full_score_flow_grid,full_d3_T2,repaired_permutation,201002,202001,True,"A[1,1]",-0.3591960678189986,-0.45636122997173806,-0.09716516215273946,0.09716516215273946
fp64_gpu_xla_sqmc_reference_comparison,exact_scope_frozen_controls; epsilon_validity_nomination_then_full_score_flow_grid,full_d3_T2,repaired_permutation,201002,202001,True,"A[1,2]",0.26875537440923913,0.33703833939395206,0.06828296498471292,0.06828296498471292
fp64_gpu_xla_sqmc_reference_comparison,exact_scope_frozen_controls; epsilon_validity_nomination_then_full_score_flow_grid,full_d3_T2,repaired_permutation,201002,202001,True,"A[1,3]",-0.23072999588097903,-0.2016390752744387,0.029090920606540338,0.029090920606540338
fp64_gpu_xla_sqmc_reference_comparison,exact_scope_frozen_controls; epsilon_validity_nomination_then_full_score_flow_grid,full_d3_T2,repaired_permutation,201002,202001,True,"A[2,1]",-0.09854169530394374,-0.14972440393058384,-0.051182708626640094,0.051182708626640094
fp64_gpu_xla_sqmc_reference_comparison,exact_scope_frozen_controls; epsilon_validity_nomination_then_full_score_flow_grid,full_d3_T2,repaired_permutation,201002,202001,True,"A[2,2]",-0.9766146442559794,-0.973097599972093,0.003517044283886439,0.003517044283886439
fp64_gpu_xla_sqmc_reference_comparison,exact_scope_frozen_controls; epsilon_validity_nomination_then_full_score_flow_grid,full_d3_T2,repaired_permutation,201002,202001,True,"A[2,3]",0.03210519384414612,0.11882974522770168,0.08672455138355556,0.08672455138355556
fp64_gpu_xla_sqmc_reference_comparison,exact_scope_frozen_controls; epsilon_validity_nomination_then_full_score_flow_grid,full_d3_T2,repaired_permutation,201002,202001,True,"A[3,1]",-1.731883087349209,-1.711124713191833,0.020758374157376025,0.020758374157376025
fp64_gpu_xla_sqmc_reference_comparison,exact_scope_frozen_controls; epsilon_validity_nomination_then_full_score_flow_grid,full_d3_T2,repaired_permutation,201002,202001,True,"A[3,2]",-0.8658238864461263,-0.8332577928718791,0.032566093574247224,0.032566093574247224
fp64_gpu_xla_sqmc_reference_comparison,exact_scope_frozen_controls; epsilon_validity_nomination_then_full_score_flow_grid,full_d3_T2,repaired_permutation,201002,202001,True,"A[3,3]",-0.23161976369927412,-0.11708507779392385,0.11453468590535026,0.11453468590535026
fp64_gpu_xla_sqmc_reference_comparison,exact_scope_frozen_controls; epsilon_validity_nomination_then_full_score_flow_grid,full_d3_T2,repaired_permutation,201002,202001,True,"log_LQ[1,1]",-0.2967286839176108,-0.2139117213234385,0.08281696259417232,0.08281696259417232
fp64_gpu_xla_sqmc_reference_comparison,exact_scope_frozen_controls; epsilon_validity_nomination_then_full_score_flow_grid,full_d3_T2,repaired_permutation,201002,202001,True,"LQ[2,1]",0.9101256364579936,0.7480428430998824,-0.16208279335811115,0.16208279335811115
fp64_gpu_xla_sqmc_reference_comparison,exact_scope_frozen_controls; epsilon_validity_nomination_then_full_score_flow_grid,full_d3_T2,repaired_permutation,201002,202001,True,"log_LQ[2,2]",-0.6381787371291546,-0.6618960334587668,-0.02371729632961217,0.02371729632961217
fp64_gpu_xla_sqmc_reference_comparison,exact_scope_frozen_controls; epsilon_validity_nomination_then_full_score_flow_grid,full_d3_T2,repaired_permutation,201002,202001,True,"LQ[3,1]",0.39326842957970715,0.3644916504895471,-0.02877677909016002,0.02877677909016002
fp64_gpu_xla_sqmc_reference_comparison,exact_scope_frozen_controls; epsilon_validity_nomination_then_full_score_flow_grid,full_d3_T2,repaired_permutation,201002,202001,True,"LQ[3,2]",0.455859390233028,0.47242821986800865,0.01656882963498063,0.01656882963498063
fp64_gpu_xla_sqmc_reference_comparison,exact_scope_frozen_controls; epsilon_validity_nomination_then_full_score_flow_grid,full_d3_T2,repaired_permutation,201002,202001,True,"log_LQ[3,3]",0.1736958043281562,0.10650895556255907,-0.06718684876559713,0.06718684876559713
fp64_gpu_xla_sqmc_reference_comparison,exact_scope_frozen_controls; epsilon_validity_nomination_then_full_score_flow_grid,full_d3_T2,repaired_permutation,201002,202001,True,log_R_variance,-0.17755025552454085,-0.19068845743824736,-0.013138201913706515,0.013138201913706515
fp64_gpu_xla_sqmc_reference_comparison,exact_scope_frozen_controls; epsilon_validity_nomination_then_full_score_flow_grid,full_d3_T2,repaired_permutation,201002,202001,True,initial_mean_scale,0.7310005454319308,0.771522448125787,0.04052190269385614,0.04052190269385614
fp64_gpu_xla_sqmc_reference_comparison,exact_scope_frozen_controls; epsilon_validity_nomination_then_full_score_flow_grid,full_d3_T2,repaired_permutation,201002,202002,True,"A[1,1]",-0.3591960678189986,-0.3128588477431331,0.04633722007586549,0.04633722007586549
fp64_gpu_xla_sqmc_reference_comparison,exact_scope_frozen_controls; epsilon_validity_nomination_then_full_score_flow_grid,full_d3_T2,repaired_permutation,201002,202002,True,"A[1,2]",0.26875537440923913,0.23409156511499485,-0.034663809294244285,0.034663809294244285
fp64_gpu_xla_sqmc_reference_comparison,exact_scope_frozen_controls; epsilon_validity_nomination_then_full_score_flow_grid,full_d3_T2,repaired_permutation,201002,202002,True,"A[1,3]",-0.23072999588097903,-0.11143915006896243,0.1192908458120166,0.1192908458120166
fp64_gpu_xla_sqmc_reference_comparison,exact_scope_frozen_controls; epsilon_validity_nomination_then_full_score_flow_grid,full_d3_T2,repaired_permutation,201002,202002,True,"A[2,1]",-0.09854169530394374,-0.15604952757527069,-0.05750783227132694,0.05750783227132694
fp64_gpu_xla_sqmc_reference_comparison,exact_scope_frozen_controls; epsilon_validity_nomination_then_full_score_flow_grid,full_d3_T2,repaired_permutation,201002,202002,True,"A[2,2]",-0.9766146442559794,-1.0849329720524248,-0.10831832779644535,0.10831832779644535
fp64_gpu_xla_sqmc_reference_comparison,exact_scope_frozen_controls; epsilon_validity_nomination_then_full_score_flow_grid,full_d3_T2,repaired_permutation,201002,202002,True,"A[2,3]",0.03210519384414612,-0.018992232025896782,-0.0510974258700429,0.0510974258700429
fp64_gpu_xla_sqmc_reference_comparison,exact_scope_frozen_controls; epsilon_validity_nomination_then_full_score_flow_grid,full_d3_T2,repaired_permutation,201002,202002,True,"A[3,1]",-1.731883087349209,-1.6107172128043925,0.12116587454481653,0.12116587454481653
fp64_gpu_xla_sqmc_reference_comparison,exact_scope_frozen_controls; epsilon_validity_nomination_then_full_score_flow_grid,full_d3_T2,repaired_permutation,201002,202002,True,"A[3,2]",-0.8658238864461263,-0.9898960794750853,-0.124072193028959,0.124072193028959
fp64_gpu_xla_sqmc_reference_comparison,exact_scope_frozen_controls; epsilon_validity_nomination_then_full_score_flow_grid,full_d3_T2,repaired_permutation,201002,202002,True,"A[3,3]",-0.23161976369927412,-0.2973056760499647,-0.0656859123506906,0.0656859123506906
fp64_gpu_xla_sqmc_reference_comparison,exact_scope_frozen_controls; epsilon_validity_nomination_then_full_score_flow_grid,full_d3_T2,repaired_permutation,201002,202002,True,"log_LQ[1,1]",-0.2967286839176108,-0.3097546708154514,-0.013025986897840569,0.013025986897840569
fp64_gpu_xla_sqmc_reference_comparison,exact_scope_frozen_controls; epsilon_validity_nomination_then_full_score_flow_grid,full_d3_T2,repaired_permutation,201002,202002,True,"LQ[2,1]",0.9101256364579936,1.0814272156735787,0.1713015792155851,0.1713015792155851
fp64_gpu_xla_sqmc_reference_comparison,exact_scope_frozen_controls; epsilon_validity_nomination_then_full_score_flow_grid,full_d3_T2,repaired_permutation,201002,202002,True,"log_LQ[2,2]",-0.6381787371291546,-0.5730381580547316,0.06514057907442306,0.06514057907442306
fp64_gpu_xla_sqmc_reference_comparison,exact_scope_frozen_controls; epsilon_validity_nomination_then_full_score_flow_grid,full_d3_T2,repaired_permutation,201002,202002,True,"LQ[3,1]",0.39326842957970715,0.19711219155536208,-0.19615623802434506,0.19615623802434506
fp64_gpu_xla_sqmc_reference_comparison,exact_scope_frozen_controls; epsilon_validity_nomination_then_full_score_flow_grid,full_d3_T2,repaired_permutation,201002,202002,True,"LQ[3,2]",0.455859390233028,0.517283842502967,0.06142445226993898,0.06142445226993898
fp64_gpu_xla_sqmc_reference_comparison,exact_scope_frozen_controls; epsilon_validity_nomination_then_full_score_flow_grid,full_d3_T2,repaired_permutation,201002,202002,True,"log_LQ[3,3]",0.1736958043281562,0.20858669846584954,0.034890894137693335,0.034890894137693335
fp64_gpu_xla_sqmc_reference_comparison,exact_scope_frozen_controls; epsilon_validity_nomination_then_full_score_flow_grid,full_d3_T2,repaired_permutation,201002,202002,True,log_R_variance,-0.17755025552454085,-0.15633049307514005,0.021219762449400797,0.021219762449400797
fp64_gpu_xla_sqmc_reference_comparison,exact_scope_frozen_controls; epsilon_validity_nomination_then_full_score_flow_grid,full_d3_T2,repaired_permutation,201002,202002,True,initial_mean_scale,0.7310005454319308,0.7572290485361127,0.0262285031041819,0.0262285031041819
fp64_gpu_xla_sqmc_reference_comparison,exact_scope_frozen_controls; epsilon_validity_nomination_then_full_score_flow_grid,full_d3_T2,repaired_permutation_ablation,201001,202001,True,"A[1,1]",5.012582471924066,4.89177901330466,-0.120803458619406,0.120803458619406
fp64_gpu_xla_sqmc_reference_comparison,exact_scope_frozen_controls; epsilon_validity_nomination_then_full_score_flow_grid,full_d3_T2,repaired_permutation_ablation,201001,202001,True,"A[1,2]",-0.5343091611652159,-0.41582955150531986,0.11847960965989601,0.11847960965989601
fp64_gpu_xla_sqmc_reference_comparison,exact_scope_frozen_controls; epsilon_validity_nomination_then_full_score_flow_grid,full_d3_T2,repaired_permutation_ablation,201001,202001,True,"A[1,3]",0.4283953408775141,0.3996530580679226,-0.028742282809591457,0.028742282809591457
fp64_gpu_xla_sqmc_reference_comparison,exact_scope_frozen_controls; epsilon_validity_nomination_then_full_score_flow_grid,full_d3_T2,repaired_permutation_ablation,201001,202001,True,"A[2,1]",-1.5181140718325479,-1.4295853137114334,0.08852875812111449,0.08852875812111449
fp64_gpu_xla_sqmc_reference_comparison,exact_scope_frozen_controls; epsilon_validity_nomination_then_full_score_flow_grid,full_d3_T2,repaired_permutation_ablation,201001,202001,True,"A[2,2]",-0.7460079300055052,-0.8411859393793566,-0.09517800937385135,0.09517800937385135
fp64_gpu_xla_sqmc_reference_comparison,exact_scope_frozen_controls; epsilon_validity_nomination_then_full_score_flow_grid,full_d3_T2,repaired_permutation_ablation,201001,202001,True,"A[2,3]",-0.14855967129724407,-0.16527484439844398,-0.01671517310119991,0.01671517310119991
fp64_gpu_xla_sqmc_reference_comparison,exact_scope_frozen_controls; epsilon_validity_nomination_then_full_score_flow_grid,full_d3_T2,repaired_permutation_ablation,201001,202001,True,"A[3,1]",0.7916601035713137,0.7264184609452544,-0.06524164262605925,0.06524164262605925
fp64_gpu_xla_sqmc_reference_comparison,exact_scope_frozen_controls; epsilon_validity_nomination_then_full_score_flow_grid,full_d3_T2,repaired_permutation_ablation,201001,202001,True,"A[3,2]",-0.1338783609427125,-0.107685414406008,0.026192946536704495,0.026192946536704495
fp64_gpu_xla_sqmc_reference_comparison,exact_scope_frozen_controls; epsilon_validity_nomination_then_full_score_flow_grid,full_d3_T2,repaired_permutation_ablation,201001,202001,True,"A[3,3]",-0.8223416183228266,-0.866143478743866,-0.043801860421039396,0.043801860421039396
fp64_gpu_xla_sqmc_reference_comparison,exact_scope_frozen_controls; epsilon_validity_nomination_then_full_score_flow_grid,full_d3_T2,repaired_permutation_ablation,201001,202001,True,"log_LQ[1,1]",1.1878705509375334,1.2353044932103354,0.047433942272802065,0.047433942272802065
fp64_gpu_xla_sqmc_reference_comparison,exact_scope_frozen_controls; epsilon_validity_nomination_then_full_score_flow_grid,full_d3_T2,repaired_permutation_ablation,201001,202001,True,"LQ[2,1]",-0.6198665477667025,-0.6941710247806685,-0.07430447701396603,0.07430447701396603
fp64_gpu_xla_sqmc_reference_comparison,exact_scope_frozen_controls; epsilon_validity_nomination_then_full_score_flow_grid,full_d3_T2,repaired_permutation_ablation,201001,202001,True,"log_LQ[2,2]",-0.5840616891517162,-0.5265897462143481,0.057471942937368126,0.057471942937368126
fp64_gpu_xla_sqmc_reference_comparison,exact_scope_frozen_controls; epsilon_validity_nomination_then_full_score_flow_grid,full_d3_T2,repaired_permutation_ablation,201001,202001,True,"LQ[3,1]",0.19920755237526722,0.26608699581983253,0.06687944344456531,0.06687944344456531
fp64_gpu_xla_sqmc_reference_comparison,exact_scope_frozen_controls; epsilon_validity_nomination_then_full_score_flow_grid,full_d3_T2,repaired_permutation_ablation,201001,202001,True,"LQ[3,2]",-0.4746633973160705,-0.43174903423195665,0.04291436308411384,0.04291436308411384
fp64_gpu_xla_sqmc_reference_comparison,exact_scope_frozen_controls; epsilon_validity_nomination_then_full_score_flow_grid,full_d3_T2,repaired_permutation_ablation,201001,202001,True,"log_LQ[3,3]",-0.9017092789590051,-0.8812045407324234,0.02050473822658172,0.02050473822658172
fp64_gpu_xla_sqmc_reference_comparison,exact_scope_frozen_controls; epsilon_validity_nomination_then_full_score_flow_grid,full_d3_T2,repaired_permutation_ablation,201001,202001,True,log_R_variance,-0.3273680383454258,-0.3310339327742573,-0.003665894428831473,0.003665894428831473
fp64_gpu_xla_sqmc_reference_comparison,exact_scope_frozen_controls; epsilon_validity_nomination_then_full_score_flow_grid,full_d3_T2,repaired_permutation_ablation,201001,202001,True,initial_mean_scale,2.1150233436032746,2.08544775431994,-0.02957558928333448,0.02957558928333448
fp64_gpu_xla_sqmc_reference_comparison,exact_scope_frozen_controls; epsilon_validity_nomination_then_full_score_flow_grid,full_d3_T2,repaired_permutation_ablation,201001,202002,True,"A[1,1]",5.012582471924066,5.04172951945558,0.02914704753151387,0.02914704753151387
fp64_gpu_xla_sqmc_reference_comparison,exact_scope_frozen_controls; epsilon_validity_nomination_then_full_score_flow_grid,full_d3_T2,repaired_permutation_ablation,201001,202002,True,"A[1,2]",-0.5343091611652159,-0.5966841372801571,-0.06237497611494125,0.06237497611494125
fp64_gpu_xla_sqmc_reference_comparison,exact_scope_frozen_controls; epsilon_validity_nomination_then_full_score_flow_grid,full_d3_T2,repaired_permutation_ablation,201001,202002,True,"A[1,3]",0.4283953408775141,0.45897902904712296,0.03058368816960888,0.03058368816960888
fp64_gpu_xla_sqmc_reference_comparison,exact_scope_frozen_controls; epsilon_validity_nomination_then_full_score_flow_grid,full_d3_T2,repaired_permutation_ablation,201001,202002,True,"A[2,1]",-1.5181140718325479,-1.3896105946984418,0.12850347713410604,0.12850347713410604
fp64_gpu_xla_sqmc_reference_comparison,exact_scope_frozen_controls; epsilon_validity_nomination_then_full_score_flow_grid,full_d3_T2,repaired_permutation_ablation,201001,202002,True,"A[2,2]",-0.7460079300055052,-0.900287975470435,-0.1542800454649298,0.1542800454649298
fp64_gpu_xla_sqmc_reference_comparison,exact_scope_frozen_controls; epsilon_validity_nomination_then_full_score_flow_grid,full_d3_T2,repaired_permutation_ablation,201001,202002,True,"A[2,3]",-0.14855967129724407,-0.06843211401697324,0.08012755728027082,0.08012755728027082
fp64_gpu_xla_sqmc_reference_comparison,exact_scope_frozen_controls; epsilon_validity_nomination_then_full_score_flow_grid,full_d3_T2,repaired_permutation_ablation,201001,202002,True,"A[3,1]",0.7916601035713137,0.800568796508699,0.008908692937385387,0.008908692937385387
fp64_gpu_xla_sqmc_reference_comparison,exact_scope_frozen_controls; epsilon_validity_nomination_then_full_score_flow_grid,full_d3_T2,repaired_permutation_ablation,201001,202002,True,"A[3,2]",-0.1338783609427125,-0.12375961479462681,0.01011874614808568,0.01011874614808568
fp64_gpu_xla_sqmc_reference_comparison,exact_scope_frozen_controls; epsilon_validity_nomination_then_full_score_flow_grid,full_d3_T2,repaired_permutation_ablation,201001,202002,True,"A[3,3]",-0.8223416183228266,-0.9263147844829689,-0.1039731661601423,0.1039731661601423
fp64_gpu_xla_sqmc_reference_comparison,exact_scope_frozen_controls; epsilon_validity_nomination_then_full_score_flow_grid,full_d3_T2,repaired_permutation_ablation,201001,202002,True,"log_LQ[1,1]",1.1878705509375334,1.2682646511223263,0.08039410018479298,0.08039410018479298
fp64_gpu_xla_sqmc_reference_comparison,exact_scope_frozen_controls; epsilon_validity_nomination_then_full_score_flow_grid,full_d3_T2,repaired_permutation_ablation,201001,202002,True,"LQ[2,1]",-0.6198665477667025,-0.6082479152979786,0.011618632468723855,0.011618632468723855
fp64_gpu_xla_sqmc_reference_comparison,exact_scope_frozen_controls; epsilon_validity_nomination_then_full_score_flow_grid,full_d3_T2,repaired_permutation_ablation,201001,202002,True,"log_LQ[2,2]",-0.5840616891517162,-0.4891122058955727,0.0949494832561435,0.0949494832561435
fp64_gpu_xla_sqmc_reference_comparison,exact_scope_frozen_controls; epsilon_validity_nomination_then_full_score_flow_grid,full_d3_T2,repaired_permutation_ablation,201001,202002,True,"LQ[3,1]",0.19920755237526722,0.22521044796157558,0.02600289558630836,0.02600289558630836
fp64_gpu_xla_sqmc_reference_comparison,exact_scope_frozen_controls; epsilon_validity_nomination_then_full_score_flow_grid,full_d3_T2,repaired_permutation_ablation,201001,202002,True,"LQ[3,2]",-0.4746633973160705,-0.49750410641946863,-0.022840709103398138,0.022840709103398138
fp64_gpu_xla_sqmc_reference_comparison,exact_scope_frozen_controls; epsilon_validity_nomination_then_full_score_flow_grid,full_d3_T2,repaired_permutation_ablation,201001,202002,True,"log_LQ[3,3]",-0.9017092789590051,-0.8463308846597986,0.055378394299206546,0.055378394299206546
fp64_gpu_xla_sqmc_reference_comparison,exact_scope_frozen_controls; epsilon_validity_nomination_then_full_score_flow_grid,full_d3_T2,repaired_permutation_ablation,201001,202002,True,log_R_variance,-0.3273680383454258,-0.28553174930162173,0.0418362890438041,0.0418362890438041
fp64_gpu_xla_sqmc_reference_comparison,exact_scope_frozen_controls; epsilon_validity_nomination_then_full_score_flow_grid,full_d3_T2,repaired_permutation_ablation,201001,202002,True,initial_mean_scale,2.1150233436032746,2.138520461075675,0.023497117472400575,0.023497117472400575
fp64_gpu_xla_sqmc_reference_comparison,exact_scope_frozen_controls; epsilon_validity_nomination_then_full_score_flow_grid,full_d3_T2,repaired_permutation_ablation,201002,202001,True,"A[1,1]",-0.3591960678189986,-0.4570895775448694,-0.0978935097258708,0.0978935097258708
fp64_gpu_xla_sqmc_reference_comparison,exact_scope_frozen_controls; epsilon_validity_nomination_then_full_score_flow_grid,full_d3_T2,repaired_permutation_ablation,201002,202001,True,"A[1,2]",0.26875537440923913,0.3370783830910383,0.06832300868179919,0.06832300868179919
fp64_gpu_xla_sqmc_reference_comparison,exact_scope_frozen_controls; epsilon_validity_nomination_then_full_score_flow_grid,full_d3_T2,repaired_permutation_ablation,201002,202001,True,"A[1,3]",-0.23072999588097903,-0.20140686341662942,0.029323132464349616,0.029323132464349616
fp64_gpu_xla_sqmc_reference_comparison,exact_scope_frozen_controls; epsilon_validity_nomination_then_full_score_flow_grid,full_d3_T2,repaired_permutation_ablation,201002,202001,True,"A[2,1]",-0.09854169530394374,-0.14943429249076257,-0.05089259718681882,0.05089259718681882
fp64_gpu_xla_sqmc_reference_comparison,exact_scope_frozen_controls; epsilon_validity_nomination_then_full_score_flow_grid,full_d3_T2,repaired_permutation_ablation,201002,202001,True,"A[2,2]",-0.9766146442559794,-0.9742097260356746,0.0024049182203048636,0.0024049182203048636
fp64_gpu_xla_sqmc_reference_comparison,exact_scope_frozen_controls; epsilon_validity_nomination_then_full_score_flow_grid,full_d3_T2,repaired_permutation_ablation,201002,202001,True,"A[2,3]",0.03210519384414612,0.11879626676200822,0.0866910729178621,0.0866910729178621
fp64_gpu_xla_sqmc_reference_comparison,exact_scope_frozen_controls; epsilon_validity_nomination_then_full_score_flow_grid,full_d3_T2,repaired_permutation_ablation,201002,202001,True,"A[3,1]",-1.731883087349209,-1.7106499628733727,0.021233124475836362,0.021233124475836362
fp64_gpu_xla_sqmc_reference_comparison,exact_scope_frozen_controls; epsilon_validity_nomination_then_full_score_flow_grid,full_d3_T2,repaired_permutation_ablation,201002,202001,True,"A[3,2]",-0.8658238864461263,-0.8336151973054882,0.032208689140638125,0.032208689140638125
fp64_gpu_xla_sqmc_reference_comparison,exact_scope_frozen_controls; epsilon_validity_nomination_then_full_score_flow_grid,full_d3_T2,repaired_permutation_ablation,201002,202001,True,"A[3,3]",-0.23161976369927412,-0.11756012866815096,0.11405963503112315,0.11405963503112315
fp64_gpu_xla_sqmc_reference_comparison,exact_scope_frozen_controls; epsilon_validity_nomination_then_full_score_flow_grid,full_d3_T2,repaired_permutation_ablation,201002,202001,True,"log_LQ[1,1]",-0.2967286839176108,-0.21310708439706466,0.08362159952054615,0.08362159952054615
fp64_gpu_xla_sqmc_reference_comparison,exact_scope_frozen_controls; epsilon_validity_nomination_then_full_score_flow_grid,full_d3_T2,repaired_permutation_ablation,201002,202001,True,"LQ[2,1]",0.9101256364579936,0.7476041941330935,-0.16252144232490007,0.16252144232490007
fp64_gpu_xla_sqmc_reference_comparison,exact_scope_frozen_controls; epsilon_validity_nomination_then_full_score_flow_grid,full_d3_T2,repaired_permutation_ablation,201002,202001,True,"log_LQ[2,2]",-0.6381787371291546,-0.6610677093967527,-0.022888972267598118,0.022888972267598118
fp64_gpu_xla_sqmc_reference_comparison,exact_scope_frozen_controls; epsilon_validity_nomination_then_full_score_flow_grid,full_d3_T2,repaired_permutation_ablation,201002,202001,True,"LQ[3,1]",0.39326842957970715,0.3630718007639968,-0.030196628815710336,0.030196628815710336
fp64_gpu_xla_sqmc_reference_comparison,exact_scope_frozen_controls; epsilon_validity_nomination_then_full_score_flow_grid,full_d3_T2,repaired_permutation_ablation,201002,202001,True,"LQ[3,2]",0.455859390233028,0.472628805992207,0.016769415759179007,0.016769415759179007
fp64_gpu_xla_sqmc_reference_comparison,exact_scope_frozen_controls; epsilon_validity_nomination_then_full_score_flow_grid,full_d3_T2,repaired_permutation_ablation,201002,202001,True,"log_LQ[3,3]",0.1736958043281562,0.10685467860013681,-0.0668411257280194,0.0668411257280194
fp64_gpu_xla_sqmc_reference_comparison,exact_scope_frozen_controls; epsilon_validity_nomination_then_full_score_flow_grid,full_d3_T2,repaired_permutation_ablation,201002,202001,True,log_R_variance,-0.17755025552454085,-0.19123534132345174,-0.013685085798910895,0.013685085798910895
fp64_gpu_xla_sqmc_reference_comparison,exact_scope_frozen_controls; epsilon_validity_nomination_then_full_score_flow_grid,full_d3_T2,repaired_permutation_ablation,201002,202001,True,initial_mean_scale,0.7310005454319308,0.7715797198408105,0.040579174408879704,0.040579174408879704
fp64_gpu_xla_sqmc_reference_comparison,exact_scope_frozen_controls; epsilon_validity_nomination_then_full_score_flow_grid,full_d3_T2,repaired_permutation_ablation,201002,202002,True,"A[1,1]",-0.3591960678189986,-0.3131299657991833,0.046066102019815314,0.046066102019815314
fp64_gpu_xla_sqmc_reference_comparison,exact_scope_frozen_controls; epsilon_validity_nomination_then_full_score_flow_grid,full_d3_T2,repaired_permutation_ablation,201002,202002,True,"A[1,2]",0.26875537440923913,0.23420781763355258,-0.03454755677568655,0.03454755677568655
fp64_gpu_xla_sqmc_reference_comparison,exact_scope_frozen_controls; epsilon_validity_nomination_then_full_score_flow_grid,full_d3_T2,repaired_permutation_ablation,201002,202002,True,"A[1,3]",-0.23072999588097903,-0.110955682565709,0.11977431331527004,0.11977431331527004
fp64_gpu_xla_sqmc_reference_comparison,exact_scope_frozen_controls; epsilon_validity_nomination_then_full_score_flow_grid,full_d3_T2,repaired_permutation_ablation,201002,202002,True,"A[2,1]",-0.09854169530394374,-0.15610207964147294,-0.05756038433752919,0.05756038433752919
fp64_gpu_xla_sqmc_reference_comparison,exact_scope_frozen_controls; epsilon_validity_nomination_then_full_score_flow_grid,full_d3_T2,repaired_permutation_ablation,201002,202002,True,"A[2,2]",-0.9766146442559794,-1.0839307380122676,-0.10731609375628814,0.10731609375628814
fp64_gpu_xla_sqmc_reference_comparison,exact_scope_frozen_controls; epsilon_validity_nomination_then_full_score_flow_grid,full_d3_T2,repaired_permutation_ablation,201002,202002,True,"A[2,3]",0.03210519384414612,-0.018954774828457643,-0.05105996867260376,0.05105996867260376
fp64_gpu_xla_sqmc_reference_comparison,exact_scope_frozen_controls; epsilon_validity_nomination_then_full_score_flow_grid,full_d3_T2,repaired_permutation_ablation,201002,202002,True,"A[3,1]",-1.731883087349209,-1.6104706045243726,0.12141248282483641,0.12141248282483641
fp64_gpu_xla_sqmc_reference_comparison,exact_scope_frozen_controls; epsilon_validity_nomination_then_full_score_flow_grid,full_d3_T2,repaired_permutation_ablation,201002,202002,True,"A[3,2]",-0.8658238864461263,-0.990171568481202,-0.12434768203507574,0.12434768203507574
fp64_gpu_xla_sqmc_reference_comparison,exact_scope_frozen_controls; epsilon_validity_nomination_then_full_score_flow_grid,full_d3_T2,repaired_permutation_ablation,201002,202002,True,"A[3,3]",-0.23161976369927412,-0.2968630005214624,-0.0652432368221883,0.0652432368221883
fp64_gpu_xla_sqmc_reference_comparison,exact_scope_frozen_controls; epsilon_validity_nomination_then_full_score_flow_grid,full_d3_T2,repaired_permutation_ablation,201002,202002,True,"log_LQ[1,1]",-0.2967286839176108,-0.309469621479173,-0.012740937561562193,0.012740937561562193
fp64_gpu_xla_sqmc_reference_comparison,exact_scope_frozen_controls; epsilon_validity_nomination_then_full_score_flow_grid,full_d3_T2,repaired_permutation_ablation,201002,202002,True,"LQ[2,1]",0.9101256364579936,1.0817557457260416,0.171630109268048,0.171630109268048
fp64_gpu_xla_sqmc_reference_comparison,exact_scope_frozen_controls; epsilon_validity_nomination_then_full_score_flow_grid,full_d3_T2,repaired_permutation_ablation,201002,202002,True,"log_LQ[2,2]",-0.6381787371291546,-0.5736611908706826,0.06451754625847206,0.06451754625847206
fp64_gpu_xla_sqmc_reference_comparison,exact_scope_frozen_controls; epsilon_validity_nomination_then_full_score_flow_grid,full_d3_T2,repaired_permutation_ablation,201002,202002,True,"LQ[3,1]",0.39326842957970715,0.19623640432813738,-0.19703202525156976,0.19703202525156976
fp64_gpu_xla_sqmc_reference_comparison,exact_scope_frozen_controls; epsilon_validity_nomination_then_full_score_flow_grid,full_d3_T2,repaired_permutation_ablation,201002,202002,True,"LQ[3,2]",0.455859390233028,0.517355789346206,0.061496399113177946,0.061496399113177946
fp64_gpu_xla_sqmc_reference_comparison,exact_scope_frozen_controls; epsilon_validity_nomination_then_full_score_flow_grid,full_d3_T2,repaired_permutation_ablation,201002,202002,True,"log_LQ[3,3]",0.1736958043281562,0.20838184266736937,0.03468603833921316,0.03468603833921316
fp64_gpu_xla_sqmc_reference_comparison,exact_scope_frozen_controls; epsilon_validity_nomination_then_full_score_flow_grid,full_d3_T2,repaired_permutation_ablation,201002,202002,True,log_R_variance,-0.17755025552454085,-0.15620024133534038,0.02135001418920046,0.02135001418920046
fp64_gpu_xla_sqmc_reference_comparison,exact_scope_frozen_controls; epsilon_validity_nomination_then_full_score_flow_grid,full_d3_T2,repaired_permutation_ablation,201002,202002,True,initial_mean_scale,0.7310005454319308,0.7572212831842692,0.026220737752338352,0.026220737752338352
fp64_gpu_xla_sqmc_reference_comparison,exact_scope_frozen_controls; epsilon_validity_nomination_then_full_score_flow_grid,full_d3_T10,iid_dual_cap,201001,202001,True,"A[1,1]",2.8453495194435874,3.268301398395388,0.42295187895180053,0.42295187895180053
fp64_gpu_xla_sqmc_reference_comparison,exact_scope_frozen_controls; epsilon_validity_nomination_then_full_score_flow_grid,full_d3_T10,iid_dual_cap,201001,202001,True,"A[1,2]",-0.976645553572616,-1.1335674004425886,-0.15692184686997268,0.15692184686997268
fp64_gpu_xla_sqmc_reference_comparison,exact_scope_frozen_controls; epsilon_validity_nomination_then_full_score_flow_grid,full_d3_T10,iid_dual_cap,201001,202001,True,"A[1,3]",2.436750687444821,2.5822695205197532,0.14551883307493219,0.14551883307493219
fp64_gpu_xla_sqmc_reference_comparison,exact_scope_frozen_controls; epsilon_validity_nomination_then_full_score_flow_grid,full_d3_T10,iid_dual_cap,201001,202001,True,"A[2,1]",1.0577778919553231,1.0748870709501408,0.017109178994817675,0.017109178994817675
fp64_gpu_xla_sqmc_reference_comparison,exact_scope_frozen_controls; epsilon_validity_nomination_then_full_score_flow_grid,full_d3_T10,iid_dual_cap,201001,202001,True,"A[2,2]",-1.397558622076376,-1.7016208537437936,-0.3040622316674175,0.3040622316674175
fp64_gpu_xla_sqmc_reference_comparison,exact_scope_frozen_controls; epsilon_validity_nomination_then_full_score_flow_grid,full_d3_T10,iid_dual_cap,201001,202001,True,"A[2,3]",-2.2004885429417147,-2.26632060820465,-0.06583206526293539,0.06583206526293539
fp64_gpu_xla_sqmc_reference_comparison,exact_scope_frozen_controls; epsilon_validity_nomination_then_full_score_flow_grid,full_d3_T10,iid_dual_cap,201001,202001,True,"A[3,1]",0.0822994733407465,-0.052381293330688306,-0.1346807666714348,0.1346807666714348
fp64_gpu_xla_sqmc_reference_comparison,exact_scope_frozen_controls; epsilon_validity_nomination_then_full_score_flow_grid,full_d3_T10,iid_dual_cap,201001,202001,True,"A[3,2]",-0.06562909950625326,-0.013082719802911869,0.05254637970334139,0.05254637970334139
fp64_gpu_xla_sqmc_reference_comparison,exact_scope_frozen_controls; epsilon_validity_nomination_then_full_score_flow_grid,full_d3_T10,iid_dual_cap,201001,202001,True,"A[3,3]",-5.347687103860865,-5.263995955267906,0.08369114859295923,0.08369114859295923
fp64_gpu_xla_sqmc_reference_comparison,exact_scope_frozen_controls; epsilon_validity_nomination_then_full_score_flow_grid,full_d3_T10,iid_dual_cap,201001,202001,True,"log_LQ[1,1]",-0.6225802281606527,-0.7723201613048448,-0.1497399331441921,0.1497399331441921
fp64_gpu_xla_sqmc_reference_comparison,exact_scope_frozen_controls; epsilon_validity_nomination_then_full_score_flow_grid,full_d3_T10,iid_dual_cap,201001,202001,True,"LQ[2,1]",-4.629469137604609,-4.5953277678961655,0.03414136970844339,0.03414136970844339
fp64_gpu_xla_sqmc_reference_comparison,exact_scope_frozen_controls; epsilon_validity_nomination_then_full_score_flow_grid,full_d3_T10,iid_dual_cap,201001,202001,True,"log_LQ[2,2]",-0.6524860276416543,-0.497128840960652,0.1553571866810023,0.1553571866810023
fp64_gpu_xla_sqmc_reference_comparison,exact_scope_frozen_controls; epsilon_validity_nomination_then_full_score_flow_grid,full_d3_T10,iid_dual_cap,201001,202001,True,"LQ[3,1]",0.5288129039181745,0.6530218517653967,0.12420894784722225,0.12420894784722225
fp64_gpu_xla_sqmc_reference_comparison,exact_scope_frozen_controls; epsilon_validity_nomination_then_full_score_flow_grid,full_d3_T10,iid_dual_cap,201001,202001,True,"LQ[3,2]",0.3624058585116312,0.539221056059958,0.17681519754832675,0.17681519754832675
fp64_gpu_xla_sqmc_reference_comparison,exact_scope_frozen_controls; epsilon_validity_nomination_then_full_score_flow_grid,full_d3_T10,iid_dual_cap,201001,202001,True,"log_LQ[3,3]",0.26995742307039977,0.2481965274538549,-0.021760895616544873,0.021760895616544873
fp64_gpu_xla_sqmc_reference_comparison,exact_scope_frozen_controls; epsilon_validity_nomination_then_full_score_flow_grid,full_d3_T10,iid_dual_cap,201001,202001,True,log_R_variance,0.9815198040290816,1.0098969522876045,0.02837714825852289,0.02837714825852289
fp64_gpu_xla_sqmc_reference_comparison,exact_scope_frozen_controls; epsilon_validity_nomination_then_full_score_flow_grid,full_d3_T10,iid_dual_cap,201001,202001,True,initial_mean_scale,2.0870990532412517,2.1213444120417035,0.034245358800451875,0.034245358800451875
fp64_gpu_xla_sqmc_reference_comparison,exact_scope_frozen_controls; epsilon_validity_nomination_then_full_score_flow_grid,full_d3_T10,iid_dual_cap,201001,202002,True,"A[1,1]",2.8453495194435874,2.832308952138426,-0.013040567305161233,0.013040567305161233
fp64_gpu_xla_sqmc_reference_comparison,exact_scope_frozen_controls; epsilon_validity_nomination_then_full_score_flow_grid,full_d3_T10,iid_dual_cap,201001,202002,True,"A[1,2]",-0.976645553572616,-0.8138753211146272,0.16277023245798872,0.16277023245798872
fp64_gpu_xla_sqmc_reference_comparison,exact_scope_frozen_controls; epsilon_validity_nomination_then_full_score_flow_grid,full_d3_T10,iid_dual_cap,201001,202002,True,"A[1,3]",2.436750687444821,2.4456252464710717,0.008874559026250672,0.008874559026250672
fp64_gpu_xla_sqmc_reference_comparison,exact_scope_frozen_controls; epsilon_validity_nomination_then_full_score_flow_grid,full_d3_T10,iid_dual_cap,201001,202002,True,"A[2,1]",1.0577778919553231,0.9400678137698242,-0.11771007818549895,0.11771007818549895
fp64_gpu_xla_sqmc_reference_comparison,exact_scope_frozen_controls; epsilon_validity_nomination_then_full_score_flow_grid,full_d3_T10,iid_dual_cap,201001,202002,True,"A[2,2]",-1.397558622076376,-1.391137344362526,0.006421277713850149,0.006421277713850149
fp64_gpu_xla_sqmc_reference_comparison,exact_scope_frozen_controls; epsilon_validity_nomination_then_full_score_flow_grid,full_d3_T10,iid_dual_cap,201001,202002,True,"A[2,3]",-2.2004885429417147,-2.177189706508253,0.023298836433461645,0.023298836433461645
fp64_gpu_xla_sqmc_reference_comparison,exact_scope_frozen_controls; epsilon_validity_nomination_then_full_score_flow_grid,full_d3_T10,iid_dual_cap,201001,202002,True,"A[3,1]",0.0822994733407465,0.01499977859542384,-0.06729969474532266,0.06729969474532266
fp64_gpu_xla_sqmc_reference_comparison,exact_scope_frozen_controls; epsilon_validity_nomination_then_full_score_flow_grid,full_d3_T10,iid_dual_cap,201001,202002,True,"A[3,2]",-0.06562909950625326,-0.06485508220149372,0.0007740173047595389,0.0007740173047595389
fp64_gpu_xla_sqmc_reference_comparison,exact_scope_frozen_controls; epsilon_validity_nomination_then_full_score_flow_grid,full_d3_T10,iid_dual_cap,201001,202002,True,"A[3,3]",-5.347687103860865,-5.46774667281495,-0.1200595689540851,0.1200595689540851
fp64_gpu_xla_sqmc_reference_comparison,exact_scope_frozen_controls; epsilon_validity_nomination_then_full_score_flow_grid,full_d3_T10,iid_dual_cap,201001,202002,True,"log_LQ[1,1]",-0.6225802281606527,-0.3200022532356567,0.30257797492499605,0.30257797492499605
fp64_gpu_xla_sqmc_reference_comparison,exact_scope_frozen_controls; epsilon_validity_nomination_then_full_score_flow_grid,full_d3_T10,iid_dual_cap,201001,202002,True,"LQ[2,1]",-4.629469137604609,-4.859577676968877,-0.23010853936426834,0.23010853936426834
fp64_gpu_xla_sqmc_reference_comparison,exact_scope_frozen_controls; epsilon_validity_nomination_then_full_score_flow_grid,full_d3_T10,iid_dual_cap,201001,202002,True,"log_LQ[2,2]",-0.6524860276416543,-0.593488389428658,0.058997638212996306,0.058997638212996306
fp64_gpu_xla_sqmc_reference_comparison,exact_scope_frozen_controls; epsilon_validity_nomination_then_full_score_flow_grid,full_d3_T10,iid_dual_cap,201001,202002,True,"LQ[3,1]",0.5288129039181745,0.6928418882961977,0.16402898437802327,0.16402898437802327
fp64_gpu_xla_sqmc_reference_comparison,exact_scope_frozen_controls; epsilon_validity_nomination_then_full_score_flow_grid,full_d3_T10,iid_dual_cap,201001,202002,True,"LQ[3,2]",0.3624058585116312,0.268794118568769,-0.0936117399428622,0.0936117399428622
fp64_gpu_xla_sqmc_reference_comparison,exact_scope_frozen_controls; epsilon_validity_nomination_then_full_score_flow_grid,full_d3_T10,iid_dual_cap,201001,202002,True,"log_LQ[3,3]",0.26995742307039977,0.338487159202839,0.06852973613243923,0.06852973613243923
fp64_gpu_xla_sqmc_reference_comparison,exact_scope_frozen_controls; epsilon_validity_nomination_then_full_score_flow_grid,full_d3_T10,iid_dual_cap,201001,202002,True,log_R_variance,0.9815198040290816,0.9633523075237552,-0.01816749650532634,0.01816749650532634
fp64_gpu_xla_sqmc_reference_comparison,exact_scope_frozen_controls; epsilon_validity_nomination_then_full_score_flow_grid,full_d3_T10,iid_dual_cap,201001,202002,True,initial_mean_scale,2.0870990532412517,2.269376526320482,0.18227747307923048,0.18227747307923048
fp64_gpu_xla_sqmc_reference_comparison,exact_scope_frozen_controls; epsilon_validity_nomination_then_full_score_flow_grid,full_d3_T10,iid_dual_cap,201002,202001,True,"A[1,1]",-0.405735975382127,-0.42821346687695105,-0.02247749149482403,0.02247749149482403
fp64_gpu_xla_sqmc_reference_comparison,exact_scope_frozen_controls; epsilon_validity_nomination_then_full_score_flow_grid,full_d3_T10,iid_dual_cap,201002,202001,True,"A[1,2]",2.3661324584989996,2.406872819946928,0.040740361447928475,0.040740361447928475
fp64_gpu_xla_sqmc_reference_comparison,exact_scope_frozen_controls; epsilon_validity_nomination_then_full_score_flow_grid,full_d3_T10,iid_dual_cap,201002,202001,True,"A[1,3]",0.057627867248809195,-0.0213844157030324,-0.0790122829518416,0.0790122829518416
fp64_gpu_xla_sqmc_reference_comparison,exact_scope_frozen_controls; epsilon_validity_nomination_then_full_score_flow_grid,full_d3_T10,iid_dual_cap,201002,202001,True,"A[2,1]",-0.3854123975114149,-0.2415791727328933,0.14383322477852156,0.14383322477852156
fp64_gpu_xla_sqmc_reference_comparison,exact_scope_frozen_controls; epsilon_validity_nomination_then_full_score_flow_grid,full_d3_T10,iid_dual_cap,201002,202001,True,"A[2,2]",-3.155093647058302,-3.2283794711169245,-0.0732858240586225,0.0732858240586225
fp64_gpu_xla_sqmc_reference_comparison,exact_scope_frozen_controls; epsilon_validity_nomination_then_full_score_flow_grid,full_d3_T10,iid_dual_cap,201002,202001,True,"A[2,3]",-0.18072735314852187,-0.2288104075631121,-0.04808305441459024,0.04808305441459024
fp64_gpu_xla_sqmc_reference_comparison,exact_scope_frozen_controls; epsilon_validity_nomination_then_full_score_flow_grid,full_d3_T10,iid_dual_cap,201002,202001,True,"A[3,1]",-3.8626216590667535,-3.900442566254768,-0.03782090718801445,0.03782090718801445
fp64_gpu_xla_sqmc_reference_comparison,exact_scope_frozen_controls; epsilon_validity_nomination_then_full_score_flow_grid,full_d3_T10,iid_dual_cap,201002,202001,True,"A[3,2]",-2.2619679030426068,-2.2733647223037186,-0.011396819261111801,0.011396819261111801
fp64_gpu_xla_sqmc_reference_comparison,exact_scope_frozen_controls; epsilon_validity_nomination_then_full_score_flow_grid,full_d3_T10,iid_dual_cap,201002,202001,True,"A[3,3]",-2.311495074531591,-2.4174304955691808,-0.1059354210375898,0.1059354210375898
fp64_gpu_xla_sqmc_reference_comparison,exact_scope_frozen_controls; epsilon_validity_nomination_then_full_score_flow_grid,full_d3_T10,iid_dual_cap,201002,202001,True,"log_LQ[1,1]",0.7637150589347951,0.8274459977379806,0.06373093880318548,0.06373093880318548
fp64_gpu_xla_sqmc_reference_comparison,exact_scope_frozen_controls; epsilon_validity_nomination_then_full_score_flow_grid,full_d3_T10,iid_dual_cap,201002,202001,True,"LQ[2,1]",3.9503070478716262,4.006911770284408,0.05660472241278214,0.05660472241278214
fp64_gpu_xla_sqmc_reference_comparison,exact_scope_frozen_controls; epsilon_validity_nomination_then_full_score_flow_grid,full_d3_T10,iid_dual_cap,201002,202001,True,"log_LQ[2,2]",-1.990684497905983,-1.887398246673206,0.10328625123277702,0.10328625123277702
fp64_gpu_xla_sqmc_reference_comparison,exact_scope_frozen_controls; epsilon_validity_nomination_then_full_score_flow_grid,full_d3_T10,iid_dual_cap,201002,202001,True,"LQ[3,1]",-0.8743180451483246,-0.8144673602298413,0.05985068491848322,0.05985068491848322
fp64_gpu_xla_sqmc_reference_comparison,exact_scope_frozen_controls; epsilon_validity_nomination_then_full_score_flow_grid,full_d3_T10,iid_dual_cap,201002,202001,True,"LQ[3,2]",2.00370332145745,2.0326857153890794,0.028982393931629602,0.028982393931629602
fp64_gpu_xla_sqmc_reference_comparison,exact_scope_frozen_controls; epsilon_validity_nomination_then_full_score_flow_grid,full_d3_T10,iid_dual_cap,201002,202001,True,"log_LQ[3,3]",-1.1252983160166896,-1.0467643654311392,0.07853395058555046,0.07853395058555046
fp64_gpu_xla_sqmc_reference_comparison,exact_scope_frozen_controls; epsilon_validity_nomination_then_full_score_flow_grid,full_d3_T10,iid_dual_cap,201002,202001,True,log_R_variance,0.17605390278637584,0.18976454674082832,0.013710643954452484,0.013710643954452484
fp64_gpu_xla_sqmc_reference_comparison,exact_scope_frozen_controls; epsilon_validity_nomination_then_full_score_flow_grid,full_d3_T10,iid_dual_cap,201002,202001,True,initial_mean_scale,0.7170789452289971,0.73008277999292,0.013003834763922972,0.013003834763922972
fp64_gpu_xla_sqmc_reference_comparison,exact_scope_frozen_controls; epsilon_validity_nomination_then_full_score_flow_grid,full_d3_T10,iid_dual_cap,201002,202002,True,"A[1,1]",-0.405735975382127,-0.608144601182204,-0.202408625800077,0.202408625800077
fp64_gpu_xla_sqmc_reference_comparison,exact_scope_frozen_controls; epsilon_validity_nomination_then_full_score_flow_grid,full_d3_T10,iid_dual_cap,201002,202002,True,"A[1,2]",2.3661324584989996,2.294202675264502,-0.07192978323449761,0.07192978323449761
fp64_gpu_xla_sqmc_reference_comparison,exact_scope_frozen_controls; epsilon_validity_nomination_then_full_score_flow_grid,full_d3_T10,iid_dual_cap,201002,202002,True,"A[1,3]",0.057627867248809195,0.14052052304783547,0.08289265579902627,0.08289265579902627
fp64_gpu_xla_sqmc_reference_comparison,exact_scope_frozen_controls; epsilon_validity_nomination_then_full_score_flow_grid,full_d3_T10,iid_dual_cap,201002,202002,True,"A[2,1]",-0.3854123975114149,-0.43091035122745047,-0.0454979537160356,0.0454979537160356
fp64_gpu_xla_sqmc_reference_comparison,exact_scope_frozen_controls; epsilon_validity_nomination_then_full_score_flow_grid,full_d3_T10,iid_dual_cap,201002,202002,True,"A[2,2]",-3.155093647058302,-3.181095545960489,-0.02600189890218685,0.02600189890218685
fp64_gpu_xla_sqmc_reference_comparison,exact_scope_frozen_controls; epsilon_validity_nomination_then_full_score_flow_grid,full_d3_T10,iid_dual_cap,201002,202002,True,"A[2,3]",-0.18072735314852187,-0.18062663904803666,0.00010071410048520524,0.00010071410048520524
fp64_gpu_xla_sqmc_reference_comparison,exact_scope_frozen_controls; epsilon_validity_nomination_then_full_score_flow_grid,full_d3_T10,iid_dual_cap,201002,202002,True,"A[3,1]",-3.8626216590667535,-4.041157538092689,-0.17853587902593526,0.17853587902593526
fp64_gpu_xla_sqmc_reference_comparison,exact_scope_frozen_controls; epsilon_validity_nomination_then_full_score_flow_grid,full_d3_T10,iid_dual_cap,201002,202002,True,"A[3,2]",-2.2619679030426068,-2.324740119490852,-0.06277221644824538,0.06277221644824538
fp64_gpu_xla_sqmc_reference_comparison,exact_scope_frozen_controls; epsilon_validity_nomination_then_full_score_flow_grid,full_d3_T10,iid_dual_cap,201002,202002,True,"A[3,3]",-2.311495074531591,-2.34143905733913,-0.029943982807539182,0.029943982807539182
fp64_gpu_xla_sqmc_reference_comparison,exact_scope_frozen_controls; epsilon_validity_nomination_then_full_score_flow_grid,full_d3_T10,iid_dual_cap,201002,202002,True,"log_LQ[1,1]",0.7637150589347951,0.8715395777129629,0.10782451877816779,0.10782451877816779
fp64_gpu_xla_sqmc_reference_comparison,exact_scope_frozen_controls; epsilon_validity_nomination_then_full_score_flow_grid,full_d3_T10,iid_dual_cap,201002,202002,True,"LQ[2,1]",3.9503070478716262,3.9452781899208897,-0.005028857950736487,0.005028857950736487
fp64_gpu_xla_sqmc_reference_comparison,exact_scope_frozen_controls; epsilon_validity_nomination_then_full_score_flow_grid,full_d3_T10,iid_dual_cap,201002,202002,True,"log_LQ[2,2]",-1.990684497905983,-1.9397939768495924,0.05089052105639058,0.05089052105639058
fp64_gpu_xla_sqmc_reference_comparison,exact_scope_frozen_controls; epsilon_validity_nomination_then_full_score_flow_grid,full_d3_T10,iid_dual_cap,201002,202002,True,"LQ[3,1]",-0.8743180451483246,-0.7678632700915298,0.10645477505679479,0.10645477505679479
fp64_gpu_xla_sqmc_reference_comparison,exact_scope_frozen_controls; epsilon_validity_nomination_then_full_score_flow_grid,full_d3_T10,iid_dual_cap,201002,202002,True,"LQ[3,2]",2.00370332145745,2.0588584766679268,0.05515515521047698,0.05515515521047698
fp64_gpu_xla_sqmc_reference_comparison,exact_scope_frozen_controls; epsilon_validity_nomination_then_full_score_flow_grid,full_d3_T10,iid_dual_cap,201002,202002,True,"log_LQ[3,3]",-1.1252983160166896,-1.1209275117599438,0.004370804256745853,0.004370804256745853
fp64_gpu_xla_sqmc_reference_comparison,exact_scope_frozen_controls; epsilon_validity_nomination_then_full_score_flow_grid,full_d3_T10,iid_dual_cap,201002,202002,True,log_R_variance,0.17605390278637584,0.13277467106483387,-0.043279231721541966,0.043279231721541966
fp64_gpu_xla_sqmc_reference_comparison,exact_scope_frozen_controls; epsilon_validity_nomination_then_full_score_flow_grid,full_d3_T10,iid_dual_cap,201002,202002,True,initial_mean_scale,0.7170789452289971,0.6929679837203732,-0.024110961508623907,0.024110961508623907
fp64_gpu_xla_sqmc_reference_comparison,exact_scope_frozen_controls; epsilon_validity_nomination_then_full_score_flow_grid,full_d3_T10,previous_inverse_cdf,201001,202001,True,"A[1,1]",2.8453495194435874,2.6699045905567416,-0.17544492888684582,0.17544492888684582
fp64_gpu_xla_sqmc_reference_comparison,exact_scope_frozen_controls; epsilon_validity_nomination_then_full_score_flow_grid,full_d3_T10,previous_inverse_cdf,201001,202001,True,"A[1,2]",-0.976645553572616,-1.1108048533563342,-0.1341592997837182,0.1341592997837182
fp64_gpu_xla_sqmc_reference_comparison,exact_scope_frozen_controls; epsilon_validity_nomination_then_full_score_flow_grid,full_d3_T10,previous_inverse_cdf,201001,202001,True,"A[1,3]",2.436750687444821,2.465551268526129,0.028800581081307897,0.028800581081307897
fp64_gpu_xla_sqmc_reference_comparison,exact_scope_frozen_controls; epsilon_validity_nomination_then_full_score_flow_grid,full_d3_T10,previous_inverse_cdf,201001,202001,True,"A[2,1]",1.0577778919553231,1.12707214274478,0.06929425078945695,0.06929425078945695
fp64_gpu_xla_sqmc_reference_comparison,exact_scope_frozen_controls; epsilon_validity_nomination_then_full_score_flow_grid,full_d3_T10,previous_inverse_cdf,201001,202001,True,"A[2,2]",-1.397558622076376,-1.4763846734212371,-0.07882605134486109,0.07882605134486109
fp64_gpu_xla_sqmc_reference_comparison,exact_scope_frozen_controls; epsilon_validity_nomination_then_full_score_flow_grid,full_d3_T10,previous_inverse_cdf,201001,202001,True,"A[2,3]",-2.2004885429417147,-2.134898269586386,0.06559027335532885,0.06559027335532885
fp64_gpu_xla_sqmc_reference_comparison,exact_scope_frozen_controls; epsilon_validity_nomination_then_full_score_flow_grid,full_d3_T10,previous_inverse_cdf,201001,202001,True,"A[3,1]",0.0822994733407465,0.0022307511507670963,-0.0800687221899794,0.0800687221899794
fp64_gpu_xla_sqmc_reference_comparison,exact_scope_frozen_controls; epsilon_validity_nomination_then_full_score_flow_grid,full_d3_T10,previous_inverse_cdf,201001,202001,True,"A[3,2]",-0.06562909950625326,-0.008217928257001628,0.05741117124925163,0.05741117124925163
fp64_gpu_xla_sqmc_reference_comparison,exact_scope_frozen_controls; epsilon_validity_nomination_then_full_score_flow_grid,full_d3_T10,previous_inverse_cdf,201001,202001,True,"A[3,3]",-5.347687103860865,-5.400793668329015,-0.0531065644681501,0.0531065644681501
fp64_gpu_xla_sqmc_reference_comparison,exact_scope_frozen_controls; epsilon_validity_nomination_then_full_score_flow_grid,full_d3_T10,previous_inverse_cdf,201001,202001,True,"log_LQ[1,1]",-0.6225802281606527,-0.6101127387527936,0.012467489407859134,0.012467489407859134
fp64_gpu_xla_sqmc_reference_comparison,exact_scope_frozen_controls; epsilon_validity_nomination_then_full_score_flow_grid,full_d3_T10,previous_inverse_cdf,201001,202001,True,"LQ[2,1]",-4.629469137604609,-4.509261565277933,0.12020757232667556,0.12020757232667556
fp64_gpu_xla_sqmc_reference_comparison,exact_scope_frozen_controls; epsilon_validity_nomination_then_full_score_flow_grid,full_d3_T10,previous_inverse_cdf,201001,202001,True,"log_LQ[2,2]",-0.6524860276416543,-0.6217173548149689,0.030768672826685384,0.030768672826685384
fp64_gpu_xla_sqmc_reference_comparison,exact_scope_frozen_controls; epsilon_validity_nomination_then_full_score_flow_grid,full_d3_T10,previous_inverse_cdf,201001,202001,True,"LQ[3,1]",0.5288129039181745,0.5060842156788373,-0.022728688239337158,0.022728688239337158
fp64_gpu_xla_sqmc_reference_comparison,exact_scope_frozen_controls; epsilon_validity_nomination_then_full_score_flow_grid,full_d3_T10,previous_inverse_cdf,201001,202001,True,"LQ[3,2]",0.3624058585116312,0.3376350234237653,-0.024770835087865928,0.024770835087865928
fp64_gpu_xla_sqmc_reference_comparison,exact_scope_frozen_controls; epsilon_validity_nomination_then_full_score_flow_grid,full_d3_T10,previous_inverse_cdf,201001,202001,True,"log_LQ[3,3]",0.26995742307039977,0.26914966857973743,-0.000807754490662338,0.000807754490662338
fp64_gpu_xla_sqmc_reference_comparison,exact_scope_frozen_controls; epsilon_validity_nomination_then_full_score_flow_grid,full_d3_T10,previous_inverse_cdf,201001,202001,True,log_R_variance,0.9815198040290816,1.005421634629588,0.023901830600506324,0.023901830600506324
fp64_gpu_xla_sqmc_reference_comparison,exact_scope_frozen_controls; epsilon_validity_nomination_then_full_score_flow_grid,full_d3_T10,previous_inverse_cdf,201001,202001,True,initial_mean_scale,2.0870990532412517,2.0389309180858266,-0.04816813515542506,0.04816813515542506
fp64_gpu_xla_sqmc_reference_comparison,exact_scope_frozen_controls; epsilon_validity_nomination_then_full_score_flow_grid,full_d3_T10,previous_inverse_cdf,201001,202002,True,"A[1,1]",2.8453495194435874,2.8325253228345626,-0.012824196609024785,0.012824196609024785
fp64_gpu_xla_sqmc_reference_comparison,exact_scope_frozen_controls; epsilon_validity_nomination_then_full_score_flow_grid,full_d3_T10,previous_inverse_cdf,201001,202002,True,"A[1,2]",-0.976645553572616,-1.0990109252704614,-0.12236537169784545,0.12236537169784545
fp64_gpu_xla_sqmc_reference_comparison,exact_scope_frozen_controls; epsilon_validity_nomination_then_full_score_flow_grid,full_d3_T10,previous_inverse_cdf,201001,202002,True,"A[1,3]",2.436750687444821,2.4833843212836317,0.046633633838810695,0.046633633838810695
fp64_gpu_xla_sqmc_reference_comparison,exact_scope_frozen_controls; epsilon_validity_nomination_then_full_score_flow_grid,full_d3_T10,previous_inverse_cdf,201001,202002,True,"A[2,1]",1.0577778919553231,1.0892627413422336,0.03148484938691043,0.03148484938691043
fp64_gpu_xla_sqmc_reference_comparison,exact_scope_frozen_controls; epsilon_validity_nomination_then_full_score_flow_grid,full_d3_T10,previous_inverse_cdf,201001,202002,True,"A[2,2]",-1.397558622076376,-1.5484401175563747,-0.15088149547999863,0.15088149547999863
fp64_gpu_xla_sqmc_reference_comparison,exact_scope_frozen_controls; epsilon_validity_nomination_then_full_score_flow_grid,full_d3_T10,previous_inverse_cdf,201001,202002,True,"A[2,3]",-2.2004885429417147,-2.16121621759676,0.039272325344954506,0.039272325344954506
fp64_gpu_xla_sqmc_reference_comparison,exact_scope_frozen_controls; epsilon_validity_nomination_then_full_score_flow_grid,full_d3_T10,previous_inverse_cdf,201001,202002,True,"A[3,1]",0.0822994733407465,0.08262484262184766,0.00032536928110116214,0.00032536928110116214
fp64_gpu_xla_sqmc_reference_comparison,exact_scope_frozen_controls; epsilon_validity_nomination_then_full_score_flow_grid,full_d3_T10,previous_inverse_cdf,201001,202002,True,"A[3,2]",-0.06562909950625326,-0.05124099578932617,0.014388103716927086,0.014388103716927086
fp64_gpu_xla_sqmc_reference_comparison,exact_scope_frozen_controls; epsilon_validity_nomination_then_full_score_flow_grid,full_d3_T10,previous_inverse_cdf,201001,202002,True,"A[3,3]",-5.347687103860865,-5.494717581397421,-0.14703047753655607,0.14703047753655607
fp64_gpu_xla_sqmc_reference_comparison,exact_scope_frozen_controls; epsilon_validity_nomination_then_full_score_flow_grid,full_d3_T10,previous_inverse_cdf,201001,202002,True,"log_LQ[1,1]",-0.6225802281606527,-0.5016934217032658,0.12088680645738692,0.12088680645738692
fp64_gpu_xla_sqmc_reference_comparison,exact_scope_frozen_controls; epsilon_validity_nomination_then_full_score_flow_grid,full_d3_T10,previous_inverse_cdf,201001,202002,True,"LQ[2,1]",-4.629469137604609,-4.57187737752141,0.05759176008319855,0.05759176008319855
fp64_gpu_xla_sqmc_reference_comparison,exact_scope_frozen_controls; epsilon_validity_nomination_then_full_score_flow_grid,full_d3_T10,previous_inverse_cdf,201001,202002,True,"log_LQ[2,2]",-0.6524860276416543,-0.5643862802341106,0.08809974740754367,0.08809974740754367
fp64_gpu_xla_sqmc_reference_comparison,exact_scope_frozen_controls; epsilon_validity_nomination_then_full_score_flow_grid,full_d3_T10,previous_inverse_cdf,201001,202002,True,"LQ[3,1]",0.5288129039181745,0.5293099310178846,0.0004970270997101123,0.0004970270997101123
fp64_gpu_xla_sqmc_reference_comparison,exact_scope_frozen_controls; epsilon_validity_nomination_then_full_score_flow_grid,full_d3_T10,previous_inverse_cdf,201001,202002,True,"LQ[3,2]",0.3624058585116312,0.3692779498705727,0.006872091358941512,0.006872091358941512
fp64_gpu_xla_sqmc_reference_comparison,exact_scope_frozen_controls; epsilon_validity_nomination_then_full_score_flow_grid,full_d3_T10,previous_inverse_cdf,201001,202002,True,"log_LQ[3,3]",0.26995742307039977,0.33525396389084683,0.06529654082044706,0.06529654082044706
fp64_gpu_xla_sqmc_reference_comparison,exact_scope_frozen_controls; epsilon_validity_nomination_then_full_score_flow_grid,full_d3_T10,previous_inverse_cdf,201001,202002,True,log_R_variance,0.9815198040290816,1.0145249698975018,0.03300516586842028,0.03300516586842028
fp64_gpu_xla_sqmc_reference_comparison,exact_scope_frozen_controls; epsilon_validity_nomination_then_full_score_flow_grid,full_d3_T10,previous_inverse_cdf,201001,202002,True,initial_mean_scale,2.0870990532412517,2.1071212177625447,0.020022164521293018,0.020022164521293018
fp64_gpu_xla_sqmc_reference_comparison,exact_scope_frozen_controls; epsilon_validity_nomination_then_full_score_flow_grid,full_d3_T10,previous_inverse_cdf,201002,202001,True,"A[1,1]",-0.405735975382127,-0.5549468009854459,-0.1492108256033189,0.1492108256033189
fp64_gpu_xla_sqmc_reference_comparison,exact_scope_frozen_controls; epsilon_validity_nomination_then_full_score_flow_grid,full_d3_T10,previous_inverse_cdf,201002,202001,True,"A[1,2]",2.3661324584989996,2.3684794586513327,0.002347000152333134,0.002347000152333134
fp64_gpu_xla_sqmc_reference_comparison,exact_scope_frozen_controls; epsilon_validity_nomination_then_full_score_flow_grid,full_d3_T10,previous_inverse_cdf,201002,202001,True,"A[1,3]",0.057627867248809195,0.15861179064390019,0.10098392339509099,0.10098392339509099
fp64_gpu_xla_sqmc_reference_comparison,exact_scope_frozen_controls; epsilon_validity_nomination_then_full_score_flow_grid,full_d3_T10,previous_inverse_cdf,201002,202001,True,"A[2,1]",-0.3854123975114149,-0.42466237719372296,-0.03924997968230809,0.03924997968230809
fp64_gpu_xla_sqmc_reference_comparison,exact_scope_frozen_controls; epsilon_validity_nomination_then_full_score_flow_grid,full_d3_T10,previous_inverse_cdf,201002,202001,True,"A[2,2]",-3.155093647058302,-3.194033590758294,-0.038939943699991986,0.038939943699991986
fp64_gpu_xla_sqmc_reference_comparison,exact_scope_frozen_controls; epsilon_validity_nomination_then_full_score_flow_grid,full_d3_T10,previous_inverse_cdf,201002,202001,True,"A[2,3]",-0.18072735314852187,-0.06098638382358063,0.11974096932494124,0.11974096932494124
fp64_gpu_xla_sqmc_reference_comparison,exact_scope_frozen_controls; epsilon_validity_nomination_then_full_score_flow_grid,full_d3_T10,previous_inverse_cdf,201002,202001,True,"A[3,1]",-3.8626216590667535,-3.831035305742363,0.031586353324390526,0.031586353324390526
fp64_gpu_xla_sqmc_reference_comparison,exact_scope_frozen_controls; epsilon_validity_nomination_then_full_score_flow_grid,full_d3_T10,previous_inverse_cdf,201002,202001,True,"A[3,2]",-2.2619679030426068,-2.1820303935780427,0.07993750946456402,0.07993750946456402
fp64_gpu_xla_sqmc_reference_comparison,exact_scope_frozen_controls; epsilon_validity_nomination_then_full_score_flow_grid,full_d3_T10,previous_inverse_cdf,201002,202001,True,"A[3,3]",-2.311495074531591,-2.206301614417806,0.10519346011378516,0.10519346011378516
fp64_gpu_xla_sqmc_reference_comparison,exact_scope_frozen_controls; epsilon_validity_nomination_then_full_score_flow_grid,full_d3_T10,previous_inverse_cdf,201002,202001,True,"log_LQ[1,1]",0.7637150589347951,0.847470924695811,0.0837558657610159,0.0837558657610159
fp64_gpu_xla_sqmc_reference_comparison,exact_scope_frozen_controls; epsilon_validity_nomination_then_full_score_flow_grid,full_d3_T10,previous_inverse_cdf,201002,202001,True,"LQ[2,1]",3.9503070478716262,3.86431427315971,-0.08599277471191602,0.08599277471191602
fp64_gpu_xla_sqmc_reference_comparison,exact_scope_frozen_controls; epsilon_validity_nomination_then_full_score_flow_grid,full_d3_T10,previous_inverse_cdf,201002,202001,True,"log_LQ[2,2]",-1.990684497905983,-1.9774978269535222,0.013186670952460844,0.013186670952460844
fp64_gpu_xla_sqmc_reference_comparison,exact_scope_frozen_controls; epsilon_validity_nomination_then_full_score_flow_grid,full_d3_T10,previous_inverse_cdf,201002,202001,True,"LQ[3,1]",-0.8743180451483246,-0.9010327461603613,-0.026714701012036768,0.026714701012036768
fp64_gpu_xla_sqmc_reference_comparison,exact_scope_frozen_controls; epsilon_validity_nomination_then_full_score_flow_grid,full_d3_T10,previous_inverse_cdf,201002,202001,True,"LQ[3,2]",2.00370332145745,1.9403286852086605,-0.06337463624878925,0.06337463624878925
fp64_gpu_xla_sqmc_reference_comparison,exact_scope_frozen_controls; epsilon_validity_nomination_then_full_score_flow_grid,full_d3_T10,previous_inverse_cdf,201002,202001,True,"log_LQ[3,3]",-1.1252983160166896,-1.2022946166779698,-0.07699630066128016,0.07699630066128016
fp64_gpu_xla_sqmc_reference_comparison,exact_scope_frozen_controls; epsilon_validity_nomination_then_full_score_flow_grid,full_d3_T10,previous_inverse_cdf,201002,202001,True,log_R_variance,0.17605390278637584,0.16614772020502813,-0.009906182581347706,0.009906182581347706
fp64_gpu_xla_sqmc_reference_comparison,exact_scope_frozen_controls; epsilon_validity_nomination_then_full_score_flow_grid,full_d3_T10,previous_inverse_cdf,201002,202001,True,initial_mean_scale,0.7170789452289971,0.7372186366354914,0.020139691406494298,0.020139691406494298
fp64_gpu_xla_sqmc_reference_comparison,exact_scope_frozen_controls; epsilon_validity_nomination_then_full_score_flow_grid,full_d3_T10,previous_inverse_cdf,201002,202002,True,"A[1,1]",-0.405735975382127,-0.25284752422737533,0.1528884511547517,0.1528884511547517
fp64_gpu_xla_sqmc_reference_comparison,exact_scope_frozen_controls; epsilon_validity_nomination_then_full_score_flow_grid,full_d3_T10,previous_inverse_cdf,201002,202002,True,"A[1,2]",2.3661324584989996,2.318147887563921,-0.04798457093507835,0.04798457093507835
fp64_gpu_xla_sqmc_reference_comparison,exact_scope_frozen_controls; epsilon_validity_nomination_then_full_score_flow_grid,full_d3_T10,previous_inverse_cdf,201002,202002,True,"A[1,3]",0.057627867248809195,0.20785945926198912,0.15023159201317993,0.15023159201317993
fp64_gpu_xla_sqmc_reference_comparison,exact_scope_frozen_controls; epsilon_validity_nomination_then_full_score_flow_grid,full_d3_T10,previous_inverse_cdf,201002,202002,True,"A[2,1]",-0.3854123975114149,-0.3901962385250084,-0.004783841013593526,0.004783841013593526
fp64_gpu_xla_sqmc_reference_comparison,exact_scope_frozen_controls; epsilon_validity_nomination_then_full_score_flow_grid,full_d3_T10,previous_inverse_cdf,201002,202002,True,"A[2,2]",-3.155093647058302,-3.2231399182795695,-0.0680462712212675,0.0680462712212675
fp64_gpu_xla_sqmc_reference_comparison,exact_scope_frozen_controls; epsilon_validity_nomination_then_full_score_flow_grid,full_d3_T10,previous_inverse_cdf,201002,202002,True,"A[2,3]",-0.18072735314852187,-0.21487681081502846,-0.034149457666506594,0.034149457666506594
fp64_gpu_xla_sqmc_reference_comparison,exact_scope_frozen_controls; epsilon_validity_nomination_then_full_score_flow_grid,full_d3_T10,previous_inverse_cdf,201002,202002,True,"A[3,1]",-3.8626216590667535,-3.7615998066359753,0.10102185243077821,0.10102185243077821
fp64_gpu_xla_sqmc_reference_comparison,exact_scope_frozen_controls; epsilon_validity_nomination_then_full_score_flow_grid,full_d3_T10,previous_inverse_cdf,201002,202002,True,"A[3,2]",-2.2619679030426068,-2.3460768779542325,-0.08410897491162572,0.08410897491162572
fp64_gpu_xla_sqmc_reference_comparison,exact_scope_frozen_controls; epsilon_validity_nomination_then_full_score_flow_grid,full_d3_T10,previous_inverse_cdf,201002,202002,True,"A[3,3]",-2.311495074531591,-2.415742074086207,-0.1042469995546158,0.1042469995546158
fp64_gpu_xla_sqmc_reference_comparison,exact_scope_frozen_controls; epsilon_validity_nomination_then_full_score_flow_grid,full_d3_T10,previous_inverse_cdf,201002,202002,True,"log_LQ[1,1]",0.7637150589347951,0.6847702933626345,-0.07894476557216057,0.07894476557216057
fp64_gpu_xla_sqmc_reference_comparison,exact_scope_frozen_controls; epsilon_validity_nomination_then_full_score_flow_grid,full_d3_T10,previous_inverse_cdf,201002,202002,True,"LQ[2,1]",3.9503070478716262,4.113758572258978,0.16345152438735155,0.16345152438735155
fp64_gpu_xla_sqmc_reference_comparison,exact_scope_frozen_controls; epsilon_validity_nomination_then_full_score_flow_grid,full_d3_T10,previous_inverse_cdf,201002,202002,True,"log_LQ[2,2]",-1.990684497905983,-1.9209429125277557,0.06974158537822728,0.06974158537822728
fp64_gpu_xla_sqmc_reference_comparison,exact_scope_frozen_controls; epsilon_validity_nomination_then_full_score_flow_grid,full_d3_T10,previous_inverse_cdf,201002,202002,True,"LQ[3,1]",-0.8743180451483246,-1.0493766691560868,-0.1750586240077623,0.1750586240077623
fp64_gpu_xla_sqmc_reference_comparison,exact_scope_frozen_controls; epsilon_validity_nomination_then_full_score_flow_grid,full_d3_T10,previous_inverse_cdf,201002,202002,True,"LQ[3,2]",2.00370332145745,1.9822152082057962,-0.021488113251653562,0.021488113251653562
fp64_gpu_xla_sqmc_reference_comparison,exact_scope_frozen_controls; epsilon_validity_nomination_then_full_score_flow_grid,full_d3_T10,previous_inverse_cdf,201002,202002,True,"log_LQ[3,3]",-1.1252983160166896,-1.0651413393675475,0.0601569766491421,0.0601569766491421
fp64_gpu_xla_sqmc_reference_comparison,exact_scope_frozen_controls; epsilon_validity_nomination_then_full_score_flow_grid,full_d3_T10,previous_inverse_cdf,201002,202002,True,log_R_variance,0.17605390278637584,0.18716782734213955,0.01111392455576371,0.01111392455576371
fp64_gpu_xla_sqmc_reference_comparison,exact_scope_frozen_controls; epsilon_validity_nomination_then_full_score_flow_grid,full_d3_T10,previous_inverse_cdf,201002,202002,True,initial_mean_scale,0.7170789452289971,0.7391311278437527,0.02205218261475561,0.02205218261475561
fp64_gpu_xla_sqmc_reference_comparison,exact_scope_frozen_controls; epsilon_validity_nomination_then_full_score_flow_grid,full_d3_T10,repaired_permutation,201001,202001,True,"A[1,1]",2.8453495194435874,2.712298189927991,-0.13305132951559617,0.13305132951559617
fp64_gpu_xla_sqmc_reference_comparison,exact_scope_frozen_controls; epsilon_validity_nomination_then_full_score_flow_grid,full_d3_T10,repaired_permutation,201001,202001,True,"A[1,2]",-0.976645553572616,-0.9474986388349034,0.02914691473771258,0.02914691473771258
fp64_gpu_xla_sqmc_reference_comparison,exact_scope_frozen_controls; epsilon_validity_nomination_then_full_score_flow_grid,full_d3_T10,repaired_permutation,201001,202001,True,"A[1,3]",2.436750687444821,2.448233625461512,0.01148293801669098,0.01148293801669098
fp64_gpu_xla_sqmc_reference_comparison,exact_scope_frozen_controls; epsilon_validity_nomination_then_full_score_flow_grid,full_d3_T10,repaired_permutation,201001,202001,True,"A[2,1]",1.0577778919553231,1.0877441873352613,0.029966295379938224,0.029966295379938224
fp64_gpu_xla_sqmc_reference_comparison,exact_scope_frozen_controls; epsilon_validity_nomination_then_full_score_flow_grid,full_d3_T10,repaired_permutation,201001,202001,True,"A[2,2]",-1.397558622076376,-1.4192137168121768,-0.02165509473580074,0.02165509473580074
fp64_gpu_xla_sqmc_reference_comparison,exact_scope_frozen_controls; epsilon_validity_nomination_then_full_score_flow_grid,full_d3_T10,repaired_permutation,201001,202001,True,"A[2,3]",-2.2004885429417147,-2.2128419070084684,-0.012353364066753691,0.012353364066753691
fp64_gpu_xla_sqmc_reference_comparison,exact_scope_frozen_controls; epsilon_validity_nomination_then_full_score_flow_grid,full_d3_T10,repaired_permutation,201001,202001,True,"A[3,1]",0.0822994733407465,-0.00026418864507737894,-0.08256366198582388,0.08256366198582388
fp64_gpu_xla_sqmc_reference_comparison,exact_scope_frozen_controls; epsilon_validity_nomination_then_full_score_flow_grid,full_d3_T10,repaired_permutation,201001,202001,True,"A[3,2]",-0.06562909950625326,-0.0570394222743239,0.008589677231929355,0.008589677231929355
fp64_gpu_xla_sqmc_reference_comparison,exact_scope_frozen_controls; epsilon_validity_nomination_then_full_score_flow_grid,full_d3_T10,repaired_permutation,201001,202001,True,"A[3,3]",-5.347687103860865,-5.414619832707883,-0.06693272884701784,0.06693272884701784
fp64_gpu_xla_sqmc_reference_comparison,exact_scope_frozen_controls; epsilon_validity_nomination_then_full_score_flow_grid,full_d3_T10,repaired_permutation,201001,202001,True,"log_LQ[1,1]",-0.6225802281606527,-0.5895702099596641,0.03301001820098859,0.03301001820098859
fp64_gpu_xla_sqmc_reference_comparison,exact_scope_frozen_controls; epsilon_validity_nomination_then_full_score_flow_grid,full_d3_T10,repaired_permutation,201001,202001,True,"LQ[2,1]",-4.629469137604609,-4.646983988172357,-0.01751485056774804,0.01751485056774804
fp64_gpu_xla_sqmc_reference_comparison,exact_scope_frozen_controls; epsilon_validity_nomination_then_full_score_flow_grid,full_d3_T10,repaired_permutation,201001,202001,True,"log_LQ[2,2]",-0.6524860276416543,-0.6417712027074425,0.01071482493421183,0.01071482493421183
fp64_gpu_xla_sqmc_reference_comparison,exact_scope_frozen_controls; epsilon_validity_nomination_then_full_score_flow_grid,full_d3_T10,repaired_permutation,201001,202001,True,"LQ[3,1]",0.5288129039181745,0.587874616330138,0.05906171241196356,0.05906171241196356
fp64_gpu_xla_sqmc_reference_comparison,exact_scope_frozen_controls; epsilon_validity_nomination_then_full_score_flow_grid,full_d3_T10,repaired_permutation,201001,202001,True,"LQ[3,2]",0.3624058585116312,0.39053307390898484,0.028127215397353633,0.028127215397353633
fp64_gpu_xla_sqmc_reference_comparison,exact_scope_frozen_controls; epsilon_validity_nomination_then_full_score_flow_grid,full_d3_T10,repaired_permutation,201001,202001,True,"log_LQ[3,3]",0.26995742307039977,0.29931435211403323,0.029356929043633462,0.029356929043633462
fp64_gpu_xla_sqmc_reference_comparison,exact_scope_frozen_controls; epsilon_validity_nomination_then_full_score_flow_grid,full_d3_T10,repaired_permutation,201001,202001,True,log_R_variance,0.9815198040290816,0.9829640438032358,0.001444239774154199,0.001444239774154199
fp64_gpu_xla_sqmc_reference_comparison,exact_scope_frozen_controls; epsilon_validity_nomination_then_full_score_flow_grid,full_d3_T10,repaired_permutation,201001,202001,True,initial_mean_scale,2.0870990532412517,2.059246387172855,-0.027852666068396648,0.027852666068396648
fp64_gpu_xla_sqmc_reference_comparison,exact_scope_frozen_controls; epsilon_validity_nomination_then_full_score_flow_grid,full_d3_T10,repaired_permutation,201001,202002,True,"A[1,1]",2.8453495194435874,2.884519332216087,0.03916981277249976,0.03916981277249976
fp64_gpu_xla_sqmc_reference_comparison,exact_scope_frozen_controls; epsilon_validity_nomination_then_full_score_flow_grid,full_d3_T10,repaired_permutation,201001,202002,True,"A[1,2]",-0.976645553572616,-1.1187179840871548,-0.14207243051453888,0.14207243051453888
fp64_gpu_xla_sqmc_reference_comparison,exact_scope_frozen_controls; epsilon_validity_nomination_then_full_score_flow_grid,full_d3_T10,repaired_permutation,201001,202002,True,"A[1,3]",2.436750687444821,2.519884821417519,0.08313413397269809,0.08313413397269809
fp64_gpu_xla_sqmc_reference_comparison,exact_scope_frozen_controls; epsilon_validity_nomination_then_full_score_flow_grid,full_d3_T10,repaired_permutation,201001,202002,True,"A[2,1]",1.0577778919553231,1.1361721402430094,0.07839424828768626,0.07839424828768626
fp64_gpu_xla_sqmc_reference_comparison,exact_scope_frozen_controls; epsilon_validity_nomination_then_full_score_flow_grid,full_d3_T10,repaired_permutation,201001,202002,True,"A[2,2]",-1.397558622076376,-1.542120272762691,-0.144561650686315,0.144561650686315
fp64_gpu_xla_sqmc_reference_comparison,exact_scope_frozen_controls; epsilon_validity_nomination_then_full_score_flow_grid,full_d3_T10,repaired_permutation,201001,202002,True,"A[2,3]",-2.2004885429417147,-2.134030257018939,0.06645828592277558,0.06645828592277558
fp64_gpu_xla_sqmc_reference_comparison,exact_scope_frozen_controls; epsilon_validity_nomination_then_full_score_flow_grid,full_d3_T10,repaired_permutation,201001,202002,True,"A[3,1]",0.0822994733407465,0.11540923485928467,0.03310976151853817,0.03310976151853817
fp64_gpu_xla_sqmc_reference_comparison,exact_scope_frozen_controls; epsilon_validity_nomination_then_full_score_flow_grid,full_d3_T10,repaired_permutation,201001,202002,True,"A[3,2]",-0.06562909950625326,-0.06845936169625289,-0.002830262189999627,0.002830262189999627
fp64_gpu_xla_sqmc_reference_comparison,exact_scope_frozen_controls; epsilon_validity_nomination_then_full_score_flow_grid,full_d3_T10,repaired_permutation,201001,202002,True,"A[3,3]",-5.347687103860865,-5.463646090915117,-0.11595898705425167,0.11595898705425167
fp64_gpu_xla_sqmc_reference_comparison,exact_scope_frozen_controls; epsilon_validity_nomination_then_full_score_flow_grid,full_d3_T10,repaired_permutation,201001,202002,True,"log_LQ[1,1]",-0.6225802281606527,-0.5464245802630149,0.07615564789763785,0.07615564789763785
fp64_gpu_xla_sqmc_reference_comparison,exact_scope_frozen_controls; epsilon_validity_nomination_then_full_score_flow_grid,full_d3_T10,repaired_permutation,201001,202002,True,"LQ[2,1]",-4.629469137604609,-4.580651079949057,0.04881805765555214,0.04881805765555214
fp64_gpu_xla_sqmc_reference_comparison,exact_scope_frozen_controls; epsilon_validity_nomination_then_full_score_flow_grid,full_d3_T10,repaired_permutation,201001,202002,True,"log_LQ[2,2]",-0.6524860276416543,-0.5675579017830529,0.08492812585860143,0.08492812585860143
fp64_gpu_xla_sqmc_reference_comparison,exact_scope_frozen_controls; epsilon_validity_nomination_then_full_score_flow_grid,full_d3_T10,repaired_permutation,201001,202002,True,"LQ[3,1]",0.5288129039181745,0.5380115935251432,0.00919868960696868,0.00919868960696868
fp64_gpu_xla_sqmc_reference_comparison,exact_scope_frozen_controls; epsilon_validity_nomination_then_full_score_flow_grid,full_d3_T10,repaired_permutation,201001,202002,True,"LQ[3,2]",0.3624058585116312,0.3490107551698911,-0.0133951033417401,0.0133951033417401
fp64_gpu_xla_sqmc_reference_comparison,exact_scope_frozen_controls; epsilon_validity_nomination_then_full_score_flow_grid,full_d3_T10,repaired_permutation,201001,202002,True,"log_LQ[3,3]",0.26995742307039977,0.3345265750530779,0.06456915198267815,0.06456915198267815
fp64_gpu_xla_sqmc_reference_comparison,exact_scope_frozen_controls; epsilon_validity_nomination_then_full_score_flow_grid,full_d3_T10,repaired_permutation,201001,202002,True,log_R_variance,0.9815198040290816,1.016367206691324,0.03484740266224251,0.03484740266224251
fp64_gpu_xla_sqmc_reference_comparison,exact_scope_frozen_controls; epsilon_validity_nomination_then_full_score_flow_grid,full_d3_T10,repaired_permutation,201001,202002,True,initial_mean_scale,2.0870990532412517,2.1063302766364664,0.01923122339521477,0.01923122339521477
fp64_gpu_xla_sqmc_reference_comparison,exact_scope_frozen_controls; epsilon_validity_nomination_then_full_score_flow_grid,full_d3_T10,repaired_permutation,201002,202001,True,"A[1,1]",-0.405735975382127,-0.49095844373646,-0.085222468354333,0.085222468354333
fp64_gpu_xla_sqmc_reference_comparison,exact_scope_frozen_controls; epsilon_validity_nomination_then_full_score_flow_grid,full_d3_T10,repaired_permutation,201002,202001,True,"A[1,2]",2.3661324584989996,2.399265274586533,0.03313281608753327,0.03313281608753327
fp64_gpu_xla_sqmc_reference_comparison,exact_scope_frozen_controls; epsilon_validity_nomination_then_full_score_flow_grid,full_d3_T10,repaired_permutation,201002,202001,True,"A[1,3]",0.057627867248809195,0.0795726745062344,0.021944807257425203,0.021944807257425203
fp64_gpu_xla_sqmc_reference_comparison,exact_scope_frozen_controls; epsilon_validity_nomination_then_full_score_flow_grid,full_d3_T10,repaired_permutation,201002,202001,True,"A[2,1]",-0.3854123975114149,-0.4234359191004774,-0.038023521589062526,0.038023521589062526
fp64_gpu_xla_sqmc_reference_comparison,exact_scope_frozen_controls; epsilon_validity_nomination_then_full_score_flow_grid,full_d3_T10,repaired_permutation,201002,202001,True,"A[2,2]",-3.155093647058302,-3.1168046031582626,0.0382890439000394,0.0382890439000394
fp64_gpu_xla_sqmc_reference_comparison,exact_scope_frozen_controls; epsilon_validity_nomination_then_full_score_flow_grid,full_d3_T10,repaired_permutation,201002,202001,True,"A[2,3]",-0.18072735314852187,-0.08810704425343074,0.09262030889509112,0.09262030889509112
fp64_gpu_xla_sqmc_reference_comparison,exact_scope_frozen_controls; epsilon_validity_nomination_then_full_score_flow_grid,full_d3_T10,repaired_permutation,201002,202001,True,"A[3,1]",-3.8626216590667535,-3.8674170724009573,-0.004795413334203857,0.004795413334203857
fp64_gpu_xla_sqmc_reference_comparison,exact_scope_frozen_controls; epsilon_validity_nomination_then_full_score_flow_grid,full_d3_T10,repaired_permutation,201002,202001,True,"A[3,2]",-2.2619679030426068,-2.20721364343973,0.05475425960287694,0.05475425960287694
fp64_gpu_xla_sqmc_reference_comparison,exact_scope_frozen_controls; epsilon_validity_nomination_then_full_score_flow_grid,full_d3_T10,repaired_permutation,201002,202001,True,"A[3,3]",-2.311495074531591,-2.194610239050321,0.11688483548127016,0.11688483548127016
fp64_gpu_xla_sqmc_reference_comparison,exact_scope_frozen_controls; epsilon_validity_nomination_then_full_score_flow_grid,full_d3_T10,repaired_permutation,201002,202001,True,"log_LQ[1,1]",0.7637150589347951,0.8252799343099833,0.06156487537518818,0.06156487537518818
fp64_gpu_xla_sqmc_reference_comparison,exact_scope_frozen_controls; epsilon_validity_nomination_then_full_score_flow_grid,full_d3_T10,repaired_permutation,201002,202001,True,"LQ[2,1]",3.9503070478716262,3.8198248031673288,-0.13048224470429748,0.13048224470429748
fp64_gpu_xla_sqmc_reference_comparison,exact_scope_frozen_controls; epsilon_validity_nomination_then_full_score_flow_grid,full_d3_T10,repaired_permutation,201002,202001,True,"log_LQ[2,2]",-1.990684497905983,-2.0205364892844138,-0.029851991378430753,0.029851991378430753
fp64_gpu_xla_sqmc_reference_comparison,exact_scope_frozen_controls; epsilon_validity_nomination_then_full_score_flow_grid,full_d3_T10,repaired_permutation,201002,202001,True,"LQ[3,1]",-0.8743180451483246,-0.8748748869809853,-0.0005568418326606928,0.0005568418326606928
fp64_gpu_xla_sqmc_reference_comparison,exact_scope_frozen_controls; epsilon_validity_nomination_then_full_score_flow_grid,full_d3_T10,repaired_permutation,201002,202001,True,"LQ[3,2]",2.00370332145745,2.0225772827840465,0.01887396132659669,0.01887396132659669
fp64_gpu_xla_sqmc_reference_comparison,exact_scope_frozen_controls; epsilon_validity_nomination_then_full_score_flow_grid,full_d3_T10,repaired_permutation,201002,202001,True,"log_LQ[3,3]",-1.1252983160166896,-1.1975107353800953,-0.07221241936340572,0.07221241936340572
fp64_gpu_xla_sqmc_reference_comparison,exact_scope_frozen_controls; epsilon_validity_nomination_then_full_score_flow_grid,full_d3_T10,repaired_permutation,201002,202001,True,log_R_variance,0.17605390278637584,0.15643153655139175,-0.01962236623498409,0.01962236623498409
fp64_gpu_xla_sqmc_reference_comparison,exact_scope_frozen_controls; epsilon_validity_nomination_then_full_score_flow_grid,full_d3_T10,repaired_permutation,201002,202001,True,initial_mean_scale,0.7170789452289971,0.7572399306894967,0.04016098546049962,0.04016098546049962
fp64_gpu_xla_sqmc_reference_comparison,exact_scope_frozen_controls; epsilon_validity_nomination_then_full_score_flow_grid,full_d3_T10,repaired_permutation,201002,202002,True,"A[1,1]",-0.405735975382127,-0.30013812942060003,0.10559784596152699,0.10559784596152699
fp64_gpu_xla_sqmc_reference_comparison,exact_scope_frozen_controls; epsilon_validity_nomination_then_full_score_flow_grid,full_d3_T10,repaired_permutation,201002,202002,True,"A[1,2]",2.3661324584989996,2.3137789462147245,-0.052353512284275094,0.052353512284275094
fp64_gpu_xla_sqmc_reference_comparison,exact_scope_frozen_controls; epsilon_validity_nomination_then_full_score_flow_grid,full_d3_T10,repaired_permutation,201002,202002,True,"A[1,3]",0.057627867248809195,0.21975315561284792,0.16212528836403872,0.16212528836403872
fp64_gpu_xla_sqmc_reference_comparison,exact_scope_frozen_controls; epsilon_validity_nomination_then_full_score_flow_grid,full_d3_T10,repaired_permutation,201002,202002,True,"A[2,1]",-0.3854123975114149,-0.4357587862587011,-0.05034638874728625,0.05034638874728625
fp64_gpu_xla_sqmc_reference_comparison,exact_scope_frozen_controls; epsilon_validity_nomination_then_full_score_flow_grid,full_d3_T10,repaired_permutation,201002,202002,True,"A[2,2]",-3.155093647058302,-3.2420642172764658,-0.08697057021816379,0.08697057021816379
fp64_gpu_xla_sqmc_reference_comparison,exact_scope_frozen_controls; epsilon_validity_nomination_then_full_score_flow_grid,full_d3_T10,repaired_permutation,201002,202002,True,"A[2,3]",-0.18072735314852187,-0.22055732319632948,-0.03982997004780761,0.03982997004780761
fp64_gpu_xla_sqmc_reference_comparison,exact_scope_frozen_controls; epsilon_validity_nomination_then_full_score_flow_grid,full_d3_T10,repaired_permutation,201002,202002,True,"A[3,1]",-3.8626216590667535,-3.7329125811373487,0.12970907792940478,0.12970907792940478
fp64_gpu_xla_sqmc_reference_comparison,exact_scope_frozen_controls; epsilon_validity_nomination_then_full_score_flow_grid,full_d3_T10,repaired_permutation,201002,202002,True,"A[3,2]",-2.2619679030426068,-2.3783506477972916,-0.1163827447546848,0.1163827447546848
fp64_gpu_xla_sqmc_reference_comparison,exact_scope_frozen_controls; epsilon_validity_nomination_then_full_score_flow_grid,full_d3_T10,repaired_permutation,201002,202002,True,"A[3,3]",-2.311495074531591,-2.364854625471487,-0.05335955093989586,0.05335955093989586
fp64_gpu_xla_sqmc_reference_comparison,exact_scope_frozen_controls; epsilon_validity_nomination_then_full_score_flow_grid,full_d3_T10,repaired_permutation,201002,202002,True,"log_LQ[1,1]",0.7637150589347951,0.6989930350214648,-0.06472202391333026,0.06472202391333026
fp64_gpu_xla_sqmc_reference_comparison,exact_scope_frozen_controls; epsilon_validity_nomination_then_full_score_flow_grid,full_d3_T10,repaired_permutation,201002,202002,True,"LQ[2,1]",3.9503070478716262,4.153782992712007,0.20347594484038112,0.20347594484038112
fp64_gpu_xla_sqmc_reference_comparison,exact_scope_frozen_controls; epsilon_validity_nomination_then_full_score_flow_grid,full_d3_T10,repaired_permutation,201002,202002,True,"log_LQ[2,2]",-1.990684497905983,-1.9222049757046733,0.0684795222013097,0.0684795222013097
fp64_gpu_xla_sqmc_reference_comparison,exact_scope_frozen_controls; epsilon_validity_nomination_then_full_score_flow_grid,full_d3_T10,repaired_permutation,201002,202002,True,"LQ[3,1]",-0.8743180451483246,-1.1147970803078437,-0.24047903515951918,0.24047903515951918
fp64_gpu_xla_sqmc_reference_comparison,exact_scope_frozen_controls; epsilon_validity_nomination_then_full_score_flow_grid,full_d3_T10,repaired_permutation,201002,202002,True,"LQ[3,2]",2.00370332145745,2.059353067187654,0.05564974573020409,0.05564974573020409
fp64_gpu_xla_sqmc_reference_comparison,exact_scope_frozen_controls; epsilon_validity_nomination_then_full_score_flow_grid,full_d3_T10,repaired_permutation,201002,202002,True,"log_LQ[3,3]",-1.1252983160166896,-1.098923136757153,0.026375179259536585,0.026375179259536585
fp64_gpu_xla_sqmc_reference_comparison,exact_scope_frozen_controls; epsilon_validity_nomination_then_full_score_flow_grid,full_d3_T10,repaired_permutation,201002,202002,True,log_R_variance,0.17605390278637584,0.1950748441657374,0.019020941379361556,0.019020941379361556
fp64_gpu_xla_sqmc_reference_comparison,exact_scope_frozen_controls; epsilon_validity_nomination_then_full_score_flow_grid,full_d3_T10,repaired_permutation,201002,202002,True,initial_mean_scale,0.7170789452289971,0.7435664415651537,0.026487496336156657,0.026487496336156657
fp64_gpu_xla_sqmc_reference_comparison,exact_scope_frozen_controls; epsilon_validity_nomination_then_full_score_flow_grid,full_d3_T10,repaired_permutation_ablation,201001,202001,True,"A[1,1]",2.8453495194435874,2.728164089460329,-0.11718542998325843,0.11718542998325843
fp64_gpu_xla_sqmc_reference_comparison,exact_scope_frozen_controls; epsilon_validity_nomination_then_full_score_flow_grid,full_d3_T10,repaired_permutation_ablation,201001,202001,True,"A[1,2]",-0.976645553572616,-0.9383477683358098,0.03829778523680616,0.03829778523680616
fp64_gpu_xla_sqmc_reference_comparison,exact_scope_frozen_controls; epsilon_validity_nomination_then_full_score_flow_grid,full_d3_T10,repaired_permutation_ablation,201001,202001,True,"A[1,3]",2.436750687444821,2.449404424064677,0.012653736619856026,0.012653736619856026
fp64_gpu_xla_sqmc_reference_comparison,exact_scope_frozen_controls; epsilon_validity_nomination_then_full_score_flow_grid,full_d3_T10,repaired_permutation_ablation,201001,202001,True,"A[2,1]",1.0577778919553231,1.1010297905738031,0.04325189861848,0.04325189861848
fp64_gpu_xla_sqmc_reference_comparison,exact_scope_frozen_controls; epsilon_validity_nomination_then_full_score_flow_grid,full_d3_T10,repaired_permutation_ablation,201001,202001,True,"A[2,2]",-1.397558622076376,-1.4234067525140621,-0.02584813043768608,0.02584813043768608
fp64_gpu_xla_sqmc_reference_comparison,exact_scope_frozen_controls; epsilon_validity_nomination_then_full_score_flow_grid,full_d3_T10,repaired_permutation_ablation,201001,202001,True,"A[2,3]",-2.2004885429417147,-2.2081126590261557,-0.007624116084441024,0.007624116084441024
fp64_gpu_xla_sqmc_reference_comparison,exact_scope_frozen_controls; epsilon_validity_nomination_then_full_score_flow_grid,full_d3_T10,repaired_permutation_ablation,201001,202001,True,"A[3,1]",0.0822994733407465,-0.0046957064722623065,-0.0869951798130088,0.0869951798130088
fp64_gpu_xla_sqmc_reference_comparison,exact_scope_frozen_controls; epsilon_validity_nomination_then_full_score_flow_grid,full_d3_T10,repaired_permutation_ablation,201001,202001,True,"A[3,2]",-0.06562909950625326,-0.027421364036356977,0.03820773546989628,0.03820773546989628
fp64_gpu_xla_sqmc_reference_comparison,exact_scope_frozen_controls; epsilon_validity_nomination_then_full_score_flow_grid,full_d3_T10,repaired_permutation_ablation,201001,202001,True,"A[3,3]",-5.347687103860865,-5.39390801280047,-0.0462209089396044,0.0462209089396044
fp64_gpu_xla_sqmc_reference_comparison,exact_scope_frozen_controls; epsilon_validity_nomination_then_full_score_flow_grid,full_d3_T10,repaired_permutation_ablation,201001,202001,True,"log_LQ[1,1]",-0.6225802281606527,-0.5899749791458501,0.03260524901480266,0.03260524901480266
fp64_gpu_xla_sqmc_reference_comparison,exact_scope_frozen_controls; epsilon_validity_nomination_then_full_score_flow_grid,full_d3_T10,repaired_permutation_ablation,201001,202001,True,"LQ[2,1]",-4.629469137604609,-4.652325932780811,-0.022856795176202205,0.022856795176202205
fp64_gpu_xla_sqmc_reference_comparison,exact_scope_frozen_controls; epsilon_validity_nomination_then_full_score_flow_grid,full_d3_T10,repaired_permutation_ablation,201001,202001,True,"log_LQ[2,2]",-0.6524860276416543,-0.6416162051736332,0.01086982246802115,0.01086982246802115
fp64_gpu_xla_sqmc_reference_comparison,exact_scope_frozen_controls; epsilon_validity_nomination_then_full_score_flow_grid,full_d3_T10,repaired_permutation_ablation,201001,202001,True,"LQ[3,1]",0.5288129039181745,0.5990770696658317,0.07026416574765726,0.07026416574765726
fp64_gpu_xla_sqmc_reference_comparison,exact_scope_frozen_controls; epsilon_validity_nomination_then_full_score_flow_grid,full_d3_T10,repaired_permutation_ablation,201001,202001,True,"LQ[3,2]",0.3624058585116312,0.3796149626408343,0.017209104129203068,0.017209104129203068
fp64_gpu_xla_sqmc_reference_comparison,exact_scope_frozen_controls; epsilon_validity_nomination_then_full_score_flow_grid,full_d3_T10,repaired_permutation_ablation,201001,202001,True,"log_LQ[3,3]",0.26995742307039977,0.2885341087760973,0.018576685705697538,0.018576685705697538
fp64_gpu_xla_sqmc_reference_comparison,exact_scope_frozen_controls; epsilon_validity_nomination_then_full_score_flow_grid,full_d3_T10,repaired_permutation_ablation,201001,202001,True,log_R_variance,0.9815198040290816,0.9836709705952559,0.002151166566174312,0.002151166566174312
fp64_gpu_xla_sqmc_reference_comparison,exact_scope_frozen_controls; epsilon_validity_nomination_then_full_score_flow_grid,full_d3_T10,repaired_permutation_ablation,201001,202001,True,initial_mean_scale,2.0870990532412517,2.059202040068033,-0.0278970131732188,0.0278970131732188
fp64_gpu_xla_sqmc_reference_comparison,exact_scope_frozen_controls; epsilon_validity_nomination_then_full_score_flow_grid,full_d3_T10,repaired_permutation_ablation,201001,202002,True,"A[1,1]",2.8453495194435874,2.9137324936866476,0.06838297424306017,0.06838297424306017
fp64_gpu_xla_sqmc_reference_comparison,exact_scope_frozen_controls; epsilon_validity_nomination_then_full_score_flow_grid,full_d3_T10,repaired_permutation_ablation,201001,202002,True,"A[1,2]",-0.976645553572616,-1.101247087157582,-0.12460153358496595,0.12460153358496595
fp64_gpu_xla_sqmc_reference_comparison,exact_scope_frozen_controls; epsilon_validity_nomination_then_full_score_flow_grid,full_d3_T10,repaired_permutation_ablation,201001,202002,True,"A[1,3]",2.436750687444821,2.528527896319374,0.09177720887455276,0.09177720887455276
fp64_gpu_xla_sqmc_reference_comparison,exact_scope_frozen_controls; epsilon_validity_nomination_then_full_score_flow_grid,full_d3_T10,repaired_permutation_ablation,201001,202002,True,"A[2,1]",1.0577778919553231,1.125316923437235,0.06753903148191198,0.06753903148191198
fp64_gpu_xla_sqmc_reference_comparison,exact_scope_frozen_controls; epsilon_validity_nomination_then_full_score_flow_grid,full_d3_T10,repaired_permutation_ablation,201001,202002,True,"A[2,2]",-1.397558622076376,-1.5391523191057634,-0.1415936970293874,0.1415936970293874
fp64_gpu_xla_sqmc_reference_comparison,exact_scope_frozen_controls; epsilon_validity_nomination_then_full_score_flow_grid,full_d3_T10,repaired_permutation_ablation,201001,202002,True,"A[2,3]",-2.2004885429417147,-2.1330230991271453,0.06746544381456943,0.06746544381456943
fp64_gpu_xla_sqmc_reference_comparison,exact_scope_frozen_controls; epsilon_validity_nomination_then_full_score_flow_grid,full_d3_T10,repaired_permutation_ablation,201001,202002,True,"A[3,1]",0.0822994733407465,0.10603339967454495,0.02373392633379845,0.02373392633379845
fp64_gpu_xla_sqmc_reference_comparison,exact_scope_frozen_controls; epsilon_validity_nomination_then_full_score_flow_grid,full_d3_T10,repaired_permutation_ablation,201001,202002,True,"A[3,2]",-0.06562909950625326,-0.07855524564753358,-0.01292614614128032,0.01292614614128032
fp64_gpu_xla_sqmc_reference_comparison,exact_scope_frozen_controls; epsilon_validity_nomination_then_full_score_flow_grid,full_d3_T10,repaired_permutation_ablation,201001,202002,True,"A[3,3]",-5.347687103860865,-5.458053772191692,-0.11036666833082709,0.11036666833082709
fp64_gpu_xla_sqmc_reference_comparison,exact_scope_frozen_controls; epsilon_validity_nomination_then_full_score_flow_grid,full_d3_T10,repaired_permutation_ablation,201001,202002,True,"log_LQ[1,1]",-0.6225802281606527,-0.5593727891448353,0.06320743901581738,0.06320743901581738
fp64_gpu_xla_sqmc_reference_comparison,exact_scope_frozen_controls; epsilon_validity_nomination_then_full_score_flow_grid,full_d3_T10,repaired_permutation_ablation,201001,202002,True,"LQ[2,1]",-4.629469137604609,-4.578489394950413,0.0509797426541958,0.0509797426541958
fp64_gpu_xla_sqmc_reference_comparison,exact_scope_frozen_controls; epsilon_validity_nomination_then_full_score_flow_grid,full_d3_T10,repaired_permutation_ablation,201001,202002,True,"log_LQ[2,2]",-0.6524860276416543,-0.5645174422657757,0.0879685853758786,0.0879685853758786
fp64_gpu_xla_sqmc_reference_comparison,exact_scope_frozen_controls; epsilon_validity_nomination_then_full_score_flow_grid,full_d3_T10,repaired_permutation_ablation,201001,202002,True,"LQ[3,1]",0.5288129039181745,0.5257394728033186,-0.003073431114855918,0.003073431114855918
fp64_gpu_xla_sqmc_reference_comparison,exact_scope_frozen_controls; epsilon_validity_nomination_then_full_score_flow_grid,full_d3_T10,repaired_permutation_ablation,201001,202002,True,"LQ[3,2]",0.3624058585116312,0.34955833579654416,-0.012847522715087045,0.012847522715087045
fp64_gpu_xla_sqmc_reference_comparison,exact_scope_frozen_controls; epsilon_validity_nomination_then_full_score_flow_grid,full_d3_T10,repaired_permutation_ablation,201001,202002,True,"log_LQ[3,3]",0.26995742307039977,0.330573225156801,0.060615802086401216,0.060615802086401216
fp64_gpu_xla_sqmc_reference_comparison,exact_scope_frozen_controls; epsilon_validity_nomination_then_full_score_flow_grid,full_d3_T10,repaired_permutation_ablation,201001,202002,True,log_R_variance,0.9815198040290816,1.0176768505668707,0.03615704653778917,0.03615704653778917
fp64_gpu_xla_sqmc_reference_comparison,exact_scope_frozen_controls; epsilon_validity_nomination_then_full_score_flow_grid,full_d3_T10,repaired_permutation_ablation,201001,202002,True,initial_mean_scale,2.0870990532412517,2.1069286610578386,0.019829607816586936,0.019829607816586936
fp64_gpu_xla_sqmc_reference_comparison,exact_scope_frozen_controls; epsilon_validity_nomination_then_full_score_flow_grid,full_d3_T10,repaired_permutation_ablation,201002,202001,True,"A[1,1]",-0.405735975382127,-0.5293912532716156,-0.1236552778894886,0.1236552778894886
fp64_gpu_xla_sqmc_reference_comparison,exact_scope_frozen_controls; epsilon_validity_nomination_then_full_score_flow_grid,full_d3_T10,repaired_permutation_ablation,201002,202001,True,"A[1,2]",2.3661324584989996,2.4004899697245206,0.034357511225521,0.034357511225521
fp64_gpu_xla_sqmc_reference_comparison,exact_scope_frozen_controls; epsilon_validity_nomination_then_full_score_flow_grid,full_d3_T10,repaired_permutation_ablation,201002,202001,True,"A[1,3]",0.057627867248809195,0.09367321955860658,0.036045352309797385,0.036045352309797385
fp64_gpu_xla_sqmc_reference_comparison,exact_scope_frozen_controls; epsilon_validity_nomination_then_full_score_flow_grid,full_d3_T10,repaired_permutation_ablation,201002,202001,True,"A[2,1]",-0.3854123975114149,-0.4446364510879856,-0.059224053576570734,0.059224053576570734
fp64_gpu_xla_sqmc_reference_comparison,exact_scope_frozen_controls; epsilon_validity_nomination_then_full_score_flow_grid,full_d3_T10,repaired_permutation_ablation,201002,202001,True,"A[2,2]",-3.155093647058302,-3.149392782854819,0.005700864203483036,0.005700864203483036
fp64_gpu_xla_sqmc_reference_comparison,exact_scope_frozen_controls; epsilon_validity_nomination_then_full_score_flow_grid,full_d3_T10,repaired_permutation_ablation,201002,202001,True,"A[2,3]",-0.18072735314852187,-0.0922696388342126,0.08845771431430927,0.08845771431430927
fp64_gpu_xla_sqmc_reference_comparison,exact_scope_frozen_controls; epsilon_validity_nomination_then_full_score_flow_grid,full_d3_T10,repaired_permutation_ablation,201002,202001,True,"A[3,1]",-3.8626216590667535,-3.8886126970778876,-0.025991038011134115,0.025991038011134115
fp64_gpu_xla_sqmc_reference_comparison,exact_scope_frozen_controls; epsilon_validity_nomination_then_full_score_flow_grid,full_d3_T10,repaired_permutation_ablation,201002,202001,True,"A[3,2]",-2.2619679030426068,-2.223780016088623,0.038187886953983785,0.038187886953983785
fp64_gpu_xla_sqmc_reference_comparison,exact_scope_frozen_controls; epsilon_validity_nomination_then_full_score_flow_grid,full_d3_T10,repaired_permutation_ablation,201002,202001,True,"A[3,3]",-2.311495074531591,-2.2156287643099914,0.09586631022159953,0.09586631022159953
fp64_gpu_xla_sqmc_reference_comparison,exact_scope_frozen_controls; epsilon_validity_nomination_then_full_score_flow_grid,full_d3_T10,repaired_permutation_ablation,201002,202001,True,"log_LQ[1,1]",0.7637150589347951,0.841820622693906,0.07810556375911093,0.07810556375911093
fp64_gpu_xla_sqmc_reference_comparison,exact_scope_frozen_controls; epsilon_validity_nomination_then_full_score_flow_grid,full_d3_T10,repaired_permutation_ablation,201002,202001,True,"LQ[2,1]",3.9503070478716262,3.8163906928260305,-0.13391635504559574,0.13391635504559574
fp64_gpu_xla_sqmc_reference_comparison,exact_scope_frozen_controls; epsilon_validity_nomination_then_full_score_flow_grid,full_d3_T10,repaired_permutation_ablation,201002,202001,True,"log_LQ[2,2]",-1.990684497905983,-2.010199881308752,-0.019515383402768816,0.019515383402768816
fp64_gpu_xla_sqmc_reference_comparison,exact_scope_frozen_controls; epsilon_validity_nomination_then_full_score_flow_grid,full_d3_T10,repaired_permutation_ablation,201002,202001,True,"LQ[3,1]",-0.8743180451483246,-0.8728753979011843,0.0014426472471402718,0.0014426472471402718
fp64_gpu_xla_sqmc_reference_comparison,exact_scope_frozen_controls; epsilon_validity_nomination_then_full_score_flow_grid,full_d3_T10,repaired_permutation_ablation,201002,202001,True,"LQ[3,2]",2.00370332145745,2.0294474045797717,0.025744083122321904,0.025744083122321904
fp64_gpu_xla_sqmc_reference_comparison,exact_scope_frozen_controls; epsilon_validity_nomination_then_full_score_flow_grid,full_d3_T10,repaired_permutation_ablation,201002,202001,True,"log_LQ[3,3]",-1.1252983160166896,-1.1836888883067471,-0.05839057229005751,0.05839057229005751
fp64_gpu_xla_sqmc_reference_comparison,exact_scope_frozen_controls; epsilon_validity_nomination_then_full_score_flow_grid,full_d3_T10,repaired_permutation_ablation,201002,202001,True,log_R_variance,0.17605390278637584,0.14979972202380787,-0.02625418076256797,0.02625418076256797
fp64_gpu_xla_sqmc_reference_comparison,exact_scope_frozen_controls; epsilon_validity_nomination_then_full_score_flow_grid,full_d3_T10,repaired_permutation_ablation,201002,202001,True,initial_mean_scale,0.7170789452289971,0.7572543239719594,0.04017537874296229,0.04017537874296229
fp64_gpu_xla_sqmc_reference_comparison,exact_scope_frozen_controls; epsilon_validity_nomination_then_full_score_flow_grid,full_d3_T10,repaired_permutation_ablation,201002,202002,True,"A[1,1]",-0.405735975382127,-0.309722723203282,0.09601325217884504,0.09601325217884504
fp64_gpu_xla_sqmc_reference_comparison,exact_scope_frozen_controls; epsilon_validity_nomination_then_full_score_flow_grid,full_d3_T10,repaired_permutation_ablation,201002,202002,True,"A[1,2]",2.3661324584989996,2.3197436939233236,-0.04638876457567598,0.04638876457567598
fp64_gpu_xla_sqmc_reference_comparison,exact_scope_frozen_controls; epsilon_validity_nomination_then_full_score_flow_grid,full_d3_T10,repaired_permutation_ablation,201002,202002,True,"A[1,3]",0.057627867248809195,0.20191613374695405,0.14428826649814486,0.14428826649814486
fp64_gpu_xla_sqmc_reference_comparison,exact_scope_frozen_controls; epsilon_validity_nomination_then_full_score_flow_grid,full_d3_T10,repaired_permutation_ablation,201002,202002,True,"A[2,1]",-0.3854123975114149,-0.4245022072583359,-0.039089809746921,0.039089809746921
fp64_gpu_xla_sqmc_reference_comparison,exact_scope_frozen_controls; epsilon_validity_nomination_then_full_score_flow_grid,full_d3_T10,repaired_permutation_ablation,201002,202002,True,"A[2,2]",-3.155093647058302,-3.2555798106675433,-0.10048616360924134,0.10048616360924134
fp64_gpu_xla_sqmc_reference_comparison,exact_scope_frozen_controls; epsilon_validity_nomination_then_full_score_flow_grid,full_d3_T10,repaired_permutation_ablation,201002,202002,True,"A[2,3]",-0.18072735314852187,-0.22567493678749476,-0.04494758363897289,0.04494758363897289
fp64_gpu_xla_sqmc_reference_comparison,exact_scope_frozen_controls; epsilon_validity_nomination_then_full_score_flow_grid,full_d3_T10,repaired_permutation_ablation,201002,202002,True,"A[3,1]",-3.8626216590667535,-3.762614670417319,0.10000698864943436,0.10000698864943436
fp64_gpu_xla_sqmc_reference_comparison,exact_scope_frozen_controls; epsilon_validity_nomination_then_full_score_flow_grid,full_d3_T10,repaired_permutation_ablation,201002,202002,True,"A[3,2]",-2.2619679030426068,-2.375736582436298,-0.1137686793936914,0.1137686793936914
fp64_gpu_xla_sqmc_reference_comparison,exact_scope_frozen_controls; epsilon_validity_nomination_then_full_score_flow_grid,full_d3_T10,repaired_permutation_ablation,201002,202002,True,"A[3,3]",-2.311495074531591,-2.3711849660557496,-0.0596898915241586,0.0596898915241586
fp64_gpu_xla_sqmc_reference_comparison,exact_scope_frozen_controls; epsilon_validity_nomination_then_full_score_flow_grid,full_d3_T10,repaired_permutation_ablation,201002,202002,True,"log_LQ[1,1]",0.7637150589347951,0.7014390895639855,-0.06227596937080959,0.06227596937080959
fp64_gpu_xla_sqmc_reference_comparison,exact_scope_frozen_controls; epsilon_validity_nomination_then_full_score_flow_grid,full_d3_T10,repaired_permutation_ablation,201002,202002,True,"LQ[2,1]",3.9503070478716262,4.137947374675823,0.18764032680419707,0.18764032680419707
fp64_gpu_xla_sqmc_reference_comparison,exact_scope_frozen_controls; epsilon_validity_nomination_then_full_score_flow_grid,full_d3_T10,repaired_permutation_ablation,201002,202002,True,"log_LQ[2,2]",-1.990684497905983,-1.9153977268329796,0.07528677107300341,0.07528677107300341
fp64_gpu_xla_sqmc_reference_comparison,exact_scope_frozen_controls; epsilon_validity_nomination_then_full_score_flow_grid,full_d3_T10,repaired_permutation_ablation,201002,202002,True,"LQ[3,1]",-0.8743180451483246,-1.091578033091992,-0.2172599879436674,0.2172599879436674
fp64_gpu_xla_sqmc_reference_comparison,exact_scope_frozen_controls; epsilon_validity_nomination_then_full_score_flow_grid,full_d3_T10,repaired_permutation_ablation,201002,202002,True,"LQ[3,2]",2.00370332145745,2.069071893425028,0.06536857196757806,0.06536857196757806
fp64_gpu_xla_sqmc_reference_comparison,exact_scope_frozen_controls; epsilon_validity_nomination_then_full_score_flow_grid,full_d3_T10,repaired_permutation_ablation,201002,202002,True,"log_LQ[3,3]",-1.1252983160166896,-1.086899552816179,0.03839876320051072,0.03839876320051072
fp64_gpu_xla_sqmc_reference_comparison,exact_scope_frozen_controls; epsilon_validity_nomination_then_full_score_flow_grid,full_d3_T10,repaired_permutation_ablation,201002,202002,True,log_R_variance,0.17605390278637584,0.18992516119496944,0.0138712584085936,0.0138712584085936
fp64_gpu_xla_sqmc_reference_comparison,exact_scope_frozen_controls; epsilon_validity_nomination_then_full_score_flow_grid,full_d3_T10,repaired_permutation_ablation,201002,202002,True,initial_mean_scale,0.7170789452289971,0.743301213586193,0.026222268357195988,0.026222268357195988
fp64_gpu_xla_sqmc_reference_comparison,exact_scope_frozen_controls; epsilon_validity_nomination_then_full_score_flow_grid,full_d3_T120,iid_dual_cap,201001,202001,True,"A[1,1]",1.0285388519929897,0.6789688970523784,-0.34956995494061127,0.34956995494061127
fp64_gpu_xla_sqmc_reference_comparison,exact_scope_frozen_controls; epsilon_validity_nomination_then_full_score_flow_grid,full_d3_T120,iid_dual_cap,201001,202001,True,"A[1,2]",10.411548611744138,9.776788114444345,-0.6347604972997924,0.6347604972997924
fp64_gpu_xla_sqmc_reference_comparison,exact_scope_frozen_controls; epsilon_validity_nomination_then_full_score_flow_grid,full_d3_T120,iid_dual_cap,201001,202001,True,"A[1,3]",3.3109047459137946,4.03869981346433,0.7277950675505354,0.7277950675505354
fp64_gpu_xla_sqmc_reference_comparison,exact_scope_frozen_controls; epsilon_validity_nomination_then_full_score_flow_grid,full_d3_T120,iid_dual_cap,201001,202001,True,"A[2,1]",6.2340638405561855,6.26222683442041,0.028162993864224717,0.028162993864224717
fp64_gpu_xla_sqmc_reference_comparison,exact_scope_frozen_controls; epsilon_validity_nomination_then_full_score_flow_grid,full_d3_T120,iid_dual_cap,201001,202001,True,"A[2,2]",-14.421923203576343,-15.186119102408274,-0.7641958988319306,0.7641958988319306
fp64_gpu_xla_sqmc_reference_comparison,exact_scope_frozen_controls; epsilon_validity_nomination_then_full_score_flow_grid,full_d3_T120,iid_dual_cap,201001,202001,True,"A[2,3]",12.196616692991595,12.938751260960853,0.7421345679692575,0.7421345679692575
fp64_gpu_xla_sqmc_reference_comparison,exact_scope_frozen_controls; epsilon_validity_nomination_then_full_score_flow_grid,full_d3_T120,iid_dual_cap,201001,202001,True,"A[3,1]",-7.978405918923209,-7.884429221445039,0.09397669747816995,0.09397669747816995
fp64_gpu_xla_sqmc_reference_comparison,exact_scope_frozen_controls; epsilon_validity_nomination_then_full_score_flow_grid,full_d3_T120,iid_dual_cap,201001,202001,True,"A[3,2]",5.548737522257262,6.088722805600213,0.5399852833429506,0.5399852833429506
fp64_gpu_xla_sqmc_reference_comparison,exact_scope_frozen_controls; epsilon_validity_nomination_then_full_score_flow_grid,full_d3_T120,iid_dual_cap,201001,202001,True,"A[3,3]",2.154232163546697,1.9549389065160208,-0.19929325703067624,0.19929325703067624
fp64_gpu_xla_sqmc_reference_comparison,exact_scope_frozen_controls; epsilon_validity_nomination_then_full_score_flow_grid,full_d3_T120,iid_dual_cap,201001,202001,True,"log_LQ[1,1]",4.800293801981955,5.223122001325133,0.4228281993431775,0.4228281993431775
fp64_gpu_xla_sqmc_reference_comparison,exact_scope_frozen_controls; epsilon_validity_nomination_then_full_score_flow_grid,full_d3_T120,iid_dual_cap,201001,202001,True,"LQ[2,1]",-2.737697900023022,-3.0243502011017798,-0.2866523010787576,0.2866523010787576
fp64_gpu_xla_sqmc_reference_comparison,exact_scope_frozen_controls; epsilon_validity_nomination_then_full_score_flow_grid,full_d3_T120,iid_dual_cap,201001,202001,True,"log_LQ[2,2]",2.63905436540356,3.3081267191990946,0.6690723537955345,0.6690723537955345
fp64_gpu_xla_sqmc_reference_comparison,exact_scope_frozen_controls; epsilon_validity_nomination_then_full_score_flow_grid,full_d3_T120,iid_dual_cap,201001,202001,True,"LQ[3,1]",-19.95825827734641,-20.463627495388604,-0.505369218042194,0.505369218042194
fp64_gpu_xla_sqmc_reference_comparison,exact_scope_frozen_controls; epsilon_validity_nomination_then_full_score_flow_grid,full_d3_T120,iid_dual_cap,201001,202001,True,"LQ[3,2]",-27.763391990789337,-28.707526143371314,-0.9441341525819773,0.9441341525819773
fp64_gpu_xla_sqmc_reference_comparison,exact_scope_frozen_controls; epsilon_validity_nomination_then_full_score_flow_grid,full_d3_T120,iid_dual_cap,201001,202001,True,"log_LQ[3,3]",6.361850038970392,6.451613812001945,0.08976377303155303,0.08976377303155303
fp64_gpu_xla_sqmc_reference_comparison,exact_scope_frozen_controls; epsilon_validity_nomination_then_full_score_flow_grid,full_d3_T120,iid_dual_cap,201001,202001,True,log_R_variance,6.629710435680108,6.5959508225705985,-0.0337596131095097,0.0337596131095097
fp64_gpu_xla_sqmc_reference_comparison,exact_scope_frozen_controls; epsilon_validity_nomination_then_full_score_flow_grid,full_d3_T120,iid_dual_cap,201001,202001,True,initial_mean_scale,2.0870987501413114,2.1213441325029203,0.0342453823616089,0.0342453823616089
fp64_gpu_xla_sqmc_reference_comparison,exact_scope_frozen_controls; epsilon_validity_nomination_then_full_score_flow_grid,full_d3_T120,iid_dual_cap,201001,202002,True,"A[1,1]",1.0285388519929897,0.39963709239467515,-0.6289017595983145,0.6289017595983145
fp64_gpu_xla_sqmc_reference_comparison,exact_scope_frozen_controls; epsilon_validity_nomination_then_full_score_flow_grid,full_d3_T120,iid_dual_cap,201001,202002,True,"A[1,2]",10.411548611744138,11.175798669799555,0.764250058055417,0.764250058055417
fp64_gpu_xla_sqmc_reference_comparison,exact_scope_frozen_controls; epsilon_validity_nomination_then_full_score_flow_grid,full_d3_T120,iid_dual_cap,201001,202002,True,"A[1,3]",3.3109047459137946,2.7061501200286915,-0.6047546258851031,0.6047546258851031
fp64_gpu_xla_sqmc_reference_comparison,exact_scope_frozen_controls; epsilon_validity_nomination_then_full_score_flow_grid,full_d3_T120,iid_dual_cap,201001,202002,True,"A[2,1]",6.2340638405561855,6.486196612803884,0.25213277224769826,0.25213277224769826
fp64_gpu_xla_sqmc_reference_comparison,exact_scope_frozen_controls; epsilon_validity_nomination_then_full_score_flow_grid,full_d3_T120,iid_dual_cap,201001,202002,True,"A[2,2]",-14.421923203576343,-15.20339598923652,-0.7814727856601777,0.7814727856601777
fp64_gpu_xla_sqmc_reference_comparison,exact_scope_frozen_controls; epsilon_validity_nomination_then_full_score_flow_grid,full_d3_T120,iid_dual_cap,201001,202002,True,"A[2,3]",12.196616692991595,12.436044935432978,0.23942824244138272,0.23942824244138272
fp64_gpu_xla_sqmc_reference_comparison,exact_scope_frozen_controls; epsilon_validity_nomination_then_full_score_flow_grid,full_d3_T120,iid_dual_cap,201001,202002,True,"A[3,1]",-7.978405918923209,-8.596219930251731,-0.6178140113285222,0.6178140113285222
fp64_gpu_xla_sqmc_reference_comparison,exact_scope_frozen_controls; epsilon_validity_nomination_then_full_score_flow_grid,full_d3_T120,iid_dual_cap,201001,202002,True,"A[3,2]",5.548737522257262,5.741329051771651,0.19259152951438896,0.19259152951438896
fp64_gpu_xla_sqmc_reference_comparison,exact_scope_frozen_controls; epsilon_validity_nomination_then_full_score_flow_grid,full_d3_T120,iid_dual_cap,201001,202002,True,"A[3,3]",2.154232163546697,1.9938063440794087,-0.1604258194672883,0.1604258194672883
fp64_gpu_xla_sqmc_reference_comparison,exact_scope_frozen_controls; epsilon_validity_nomination_then_full_score_flow_grid,full_d3_T120,iid_dual_cap,201001,202002,True,"log_LQ[1,1]",4.800293801981955,5.425174926141558,0.6248811241596028,0.6248811241596028
fp64_gpu_xla_sqmc_reference_comparison,exact_scope_frozen_controls; epsilon_validity_nomination_then_full_score_flow_grid,full_d3_T120,iid_dual_cap,201001,202002,True,"LQ[2,1]",-2.737697900023022,-3.380510083155772,-0.64281218313275,0.64281218313275
fp64_gpu_xla_sqmc_reference_comparison,exact_scope_frozen_controls; epsilon_validity_nomination_then_full_score_flow_grid,full_d3_T120,iid_dual_cap,201001,202002,True,"log_LQ[2,2]",2.63905436540356,3.165235412231314,0.5261810468277539,0.5261810468277539
fp64_gpu_xla_sqmc_reference_comparison,exact_scope_frozen_controls; epsilon_validity_nomination_then_full_score_flow_grid,full_d3_T120,iid_dual_cap,201001,202002,True,"LQ[3,1]",-19.95825827734641,-19.238911578075705,0.7193466992707052,0.7193466992707052
fp64_gpu_xla_sqmc_reference_comparison,exact_scope_frozen_controls; epsilon_validity_nomination_then_full_score_flow_grid,full_d3_T120,iid_dual_cap,201001,202002,True,"LQ[3,2]",-27.763391990789337,-27.981070004401484,-0.21767801361214723,0.21767801361214723
fp64_gpu_xla_sqmc_reference_comparison,exact_scope_frozen_controls; epsilon_validity_nomination_then_full_score_flow_grid,full_d3_T120,iid_dual_cap,201001,202002,True,"log_LQ[3,3]",6.361850038970392,6.498463438212508,0.13661339924211635,0.13661339924211635
fp64_gpu_xla_sqmc_reference_comparison,exact_scope_frozen_controls; epsilon_validity_nomination_then_full_score_flow_grid,full_d3_T120,iid_dual_cap,201001,202002,True,log_R_variance,6.629710435680108,6.552083802110381,-0.07762663356972688,0.07762663356972688
fp64_gpu_xla_sqmc_reference_comparison,exact_scope_frozen_controls; epsilon_validity_nomination_then_full_score_flow_grid,full_d3_T120,iid_dual_cap,201001,202002,True,initial_mean_scale,2.0870987501413114,2.2693761770563716,0.18227742691506021,0.18227742691506021
fp64_gpu_xla_sqmc_reference_comparison,exact_scope_frozen_controls; epsilon_validity_nomination_then_full_score_flow_grid,full_d3_T120,iid_dual_cap,201002,202001,True,"A[1,1]",-19.84892221485832,-19.812312185226368,0.03661002963195159,0.03661002963195159
fp64_gpu_xla_sqmc_reference_comparison,exact_scope_frozen_controls; epsilon_validity_nomination_then_full_score_flow_grid,full_d3_T120,iid_dual_cap,201002,202001,True,"A[1,2]",10.67611870848977,10.691512435106723,0.015393726616952819,0.015393726616952819
fp64_gpu_xla_sqmc_reference_comparison,exact_scope_frozen_controls; epsilon_validity_nomination_then_full_score_flow_grid,full_d3_T120,iid_dual_cap,201002,202001,True,"A[1,3]",-4.387731990948818,-4.837525444378478,-0.4497934534296606,0.4497934534296606
fp64_gpu_xla_sqmc_reference_comparison,exact_scope_frozen_controls; epsilon_validity_nomination_then_full_score_flow_grid,full_d3_T120,iid_dual_cap,201002,202001,True,"A[2,1]",-16.189463326855684,-15.735303916951874,0.4541594099038093,0.4541594099038093
fp64_gpu_xla_sqmc_reference_comparison,exact_scope_frozen_controls; epsilon_validity_nomination_then_full_score_flow_grid,full_d3_T120,iid_dual_cap,201002,202001,True,"A[2,2]",0.5374266458011477,0.7165434794137922,0.1791168336126444,0.1791168336126444
fp64_gpu_xla_sqmc_reference_comparison,exact_scope_frozen_controls; epsilon_validity_nomination_then_full_score_flow_grid,full_d3_T120,iid_dual_cap,201002,202001,True,"A[2,3]",2.5797886471766187,2.2195757329098456,-0.36021291426677315,0.36021291426677315
fp64_gpu_xla_sqmc_reference_comparison,exact_scope_frozen_controls; epsilon_validity_nomination_then_full_score_flow_grid,full_d3_T120,iid_dual_cap,201002,202001,True,"A[3,1]",-14.066020815325457,-14.083308671836148,-0.017287856510691313,0.017287856510691313
fp64_gpu_xla_sqmc_reference_comparison,exact_scope_frozen_controls; epsilon_validity_nomination_then_full_score_flow_grid,full_d3_T120,iid_dual_cap,201002,202001,True,"A[3,2]",-0.25245267440568087,-0.4450739162709607,-0.19262124186527985,0.19262124186527985
fp64_gpu_xla_sqmc_reference_comparison,exact_scope_frozen_controls; epsilon_validity_nomination_then_full_score_flow_grid,full_d3_T120,iid_dual_cap,201002,202001,True,"A[3,3]",-14.493442933105289,-14.897391944068286,-0.4039490109629966,0.4039490109629966
fp64_gpu_xla_sqmc_reference_comparison,exact_scope_frozen_controls; epsilon_validity_nomination_then_full_score_flow_grid,full_d3_T120,iid_dual_cap,201002,202001,True,"log_LQ[1,1]",-7.7155420612647845,-7.724560047822715,-0.009017986557930513,0.009017986557930513
fp64_gpu_xla_sqmc_reference_comparison,exact_scope_frozen_controls; epsilon_validity_nomination_then_full_score_flow_grid,full_d3_T120,iid_dual_cap,201002,202001,True,"LQ[2,1]",13.421854256933043,13.652493079534082,0.23063882260103874,0.23063882260103874
fp64_gpu_xla_sqmc_reference_comparison,exact_scope_frozen_controls; epsilon_validity_nomination_then_full_score_flow_grid,full_d3_T120,iid_dual_cap,201002,202001,True,"log_LQ[2,2]",5.772913427901647,5.789460154182855,0.01654672628120757,0.01654672628120757
fp64_gpu_xla_sqmc_reference_comparison,exact_scope_frozen_controls; epsilon_validity_nomination_then_full_score_flow_grid,full_d3_T120,iid_dual_cap,201002,202001,True,"LQ[3,1]",-1.6445772514017456,-1.3252542268054324,0.31932302459631323,0.31932302459631323
fp64_gpu_xla_sqmc_reference_comparison,exact_scope_frozen_controls; epsilon_validity_nomination_then_full_score_flow_grid,full_d3_T120,iid_dual_cap,201002,202001,True,"LQ[3,2]",5.880238485794575,6.274892573321903,0.39465408752732856,0.39465408752732856
fp64_gpu_xla_sqmc_reference_comparison,exact_scope_frozen_controls; epsilon_validity_nomination_then_full_score_flow_grid,full_d3_T120,iid_dual_cap,201002,202001,True,"log_LQ[3,3]",-6.210077838555123,-6.000921044614877,0.2091567939402461,0.2091567939402461
fp64_gpu_xla_sqmc_reference_comparison,exact_scope_frozen_controls; epsilon_validity_nomination_then_full_score_flow_grid,full_d3_T120,iid_dual_cap,201002,202001,True,log_R_variance,3.110898791652585,3.1389528715950323,0.028054079942447352,0.028054079942447352
fp64_gpu_xla_sqmc_reference_comparison,exact_scope_frozen_controls; epsilon_validity_nomination_then_full_score_flow_grid,full_d3_T120,iid_dual_cap,201002,202001,True,initial_mean_scale,0.7170785472104211,0.7300824180764591,0.013003870866038048,0.013003870866038048
fp64_gpu_xla_sqmc_reference_comparison,exact_scope_frozen_controls; epsilon_validity_nomination_then_full_score_flow_grid,full_d3_T120,iid_dual_cap,201002,202002,True,"A[1,1]",-19.84892221485832,-20.35380850399207,-0.5048862891337507,0.5048862891337507
fp64_gpu_xla_sqmc_reference_comparison,exact_scope_frozen_controls; epsilon_validity_nomination_then_full_score_flow_grid,full_d3_T120,iid_dual_cap,201002,202002,True,"A[1,2]",10.67611870848977,10.727771480105698,0.051652771615927406,0.051652771615927406
fp64_gpu_xla_sqmc_reference_comparison,exact_scope_frozen_controls; epsilon_validity_nomination_then_full_score_flow_grid,full_d3_T120,iid_dual_cap,201002,202002,True,"A[1,3]",-4.387731990948818,-4.317388335047204,0.07034365590161329,0.07034365590161329
fp64_gpu_xla_sqmc_reference_comparison,exact_scope_frozen_controls; epsilon_validity_nomination_then_full_score_flow_grid,full_d3_T120,iid_dual_cap,201002,202002,True,"A[2,1]",-16.189463326855684,-16.735450870441827,-0.5459875435861434,0.5459875435861434
fp64_gpu_xla_sqmc_reference_comparison,exact_scope_frozen_controls; epsilon_validity_nomination_then_full_score_flow_grid,full_d3_T120,iid_dual_cap,201002,202002,True,"A[2,2]",0.5374266458011477,0.9756649792637023,0.4382383334625546,0.4382383334625546
fp64_gpu_xla_sqmc_reference_comparison,exact_scope_frozen_controls; epsilon_validity_nomination_then_full_score_flow_grid,full_d3_T120,iid_dual_cap,201002,202002,True,"A[2,3]",2.5797886471766187,2.8662223832554443,0.2864337360788256,0.2864337360788256
fp64_gpu_xla_sqmc_reference_comparison,exact_scope_frozen_controls; epsilon_validity_nomination_then_full_score_flow_grid,full_d3_T120,iid_dual_cap,201002,202002,True,"A[3,1]",-14.066020815325457,-13.944499336160764,0.12152147916469325,0.12152147916469325
fp64_gpu_xla_sqmc_reference_comparison,exact_scope_frozen_controls; epsilon_validity_nomination_then_full_score_flow_grid,full_d3_T120,iid_dual_cap,201002,202002,True,"A[3,2]",-0.25245267440568087,-0.1849128196693668,0.06753985473631408,0.06753985473631408
fp64_gpu_xla_sqmc_reference_comparison,exact_scope_frozen_controls; epsilon_validity_nomination_then_full_score_flow_grid,full_d3_T120,iid_dual_cap,201002,202002,True,"A[3,3]",-14.493442933105289,-15.032580415006837,-0.5391374819015482,0.5391374819015482
fp64_gpu_xla_sqmc_reference_comparison,exact_scope_frozen_controls; epsilon_validity_nomination_then_full_score_flow_grid,full_d3_T120,iid_dual_cap,201002,202002,True,"log_LQ[1,1]",-7.7155420612647845,-7.728397815360643,-0.012855754095858707,0.012855754095858707
fp64_gpu_xla_sqmc_reference_comparison,exact_scope_frozen_controls; epsilon_validity_nomination_then_full_score_flow_grid,full_d3_T120,iid_dual_cap,201002,202002,True,"LQ[2,1]",13.421854256933043,13.821247566353037,0.3993933094199935,0.3993933094199935
fp64_gpu_xla_sqmc_reference_comparison,exact_scope_frozen_controls; epsilon_validity_nomination_then_full_score_flow_grid,full_d3_T120,iid_dual_cap,201002,202002,True,"log_LQ[2,2]",5.772913427901647,5.621140552413014,-0.15177287548863383,0.15177287548863383
fp64_gpu_xla_sqmc_reference_comparison,exact_scope_frozen_controls; epsilon_validity_nomination_then_full_score_flow_grid,full_d3_T120,iid_dual_cap,201002,202002,True,"LQ[3,1]",-1.6445772514017456,-1.5410703430949777,0.1035069083067679,0.1035069083067679
fp64_gpu_xla_sqmc_reference_comparison,exact_scope_frozen_controls; epsilon_validity_nomination_then_full_score_flow_grid,full_d3_T120,iid_dual_cap,201002,202002,True,"LQ[3,2]",5.880238485794575,5.752559648131955,-0.12767883766261967,0.12767883766261967
fp64_gpu_xla_sqmc_reference_comparison,exact_scope_frozen_controls; epsilon_validity_nomination_then_full_score_flow_grid,full_d3_T120,iid_dual_cap,201002,202002,True,"log_LQ[3,3]",-6.210077838555123,-5.9115113876191,0.29856645093602285,0.29856645093602285
fp64_gpu_xla_sqmc_reference_comparison,exact_scope_frozen_controls; epsilon_validity_nomination_then_full_score_flow_grid,full_d3_T120,iid_dual_cap,201002,202002,True,log_R_variance,3.110898791652585,2.9667266341819714,-0.14417215747061363,0.14417215747061363
fp64_gpu_xla_sqmc_reference_comparison,exact_scope_frozen_controls; epsilon_validity_nomination_then_full_score_flow_grid,full_d3_T120,iid_dual_cap,201002,202002,True,initial_mean_scale,0.7170785472104211,0.692967573832987,-0.024110973377434064,0.024110973377434064
fp64_gpu_xla_sqmc_reference_comparison,exact_scope_frozen_controls; epsilon_validity_nomination_then_full_score_flow_grid,full_d3_T120,previous_inverse_cdf,201001,202001,True,"A[1,1]",1.0285388519929897,0.4822741064477081,-0.5462647455452816,0.5462647455452816
fp64_gpu_xla_sqmc_reference_comparison,exact_scope_frozen_controls; epsilon_validity_nomination_then_full_score_flow_grid,full_d3_T120,previous_inverse_cdf,201001,202001,True,"A[1,2]",10.411548611744138,10.460010007209847,0.0484613954657096,0.0484613954657096
fp64_gpu_xla_sqmc_reference_comparison,exact_scope_frozen_controls; epsilon_validity_nomination_then_full_score_flow_grid,full_d3_T120,previous_inverse_cdf,201001,202001,True,"A[1,3]",3.3109047459137946,3.3930181659448997,0.08211342003110511,0.08211342003110511
fp64_gpu_xla_sqmc_reference_comparison,exact_scope_frozen_controls; epsilon_validity_nomination_then_full_score_flow_grid,full_d3_T120,previous_inverse_cdf,201001,202001,True,"A[2,1]",6.2340638405561855,6.594974253634861,0.3609104130786758,0.3609104130786758
fp64_gpu_xla_sqmc_reference_comparison,exact_scope_frozen_controls; epsilon_validity_nomination_then_full_score_flow_grid,full_d3_T120,previous_inverse_cdf,201001,202001,True,"A[2,2]",-14.421923203576343,-14.747917557791961,-0.3259943542156183,0.3259943542156183
fp64_gpu_xla_sqmc_reference_comparison,exact_scope_frozen_controls; epsilon_validity_nomination_then_full_score_flow_grid,full_d3_T120,previous_inverse_cdf,201001,202001,True,"A[2,3]",12.196616692991595,12.470167681538541,0.2735509885469458,0.2735509885469458
fp64_gpu_xla_sqmc_reference_comparison,exact_scope_frozen_controls; epsilon_validity_nomination_then_full_score_flow_grid,full_d3_T120,previous_inverse_cdf,201001,202001,True,"A[3,1]",-7.978405918923209,-8.111750429509918,-0.13334451058670904,0.13334451058670904
fp64_gpu_xla_sqmc_reference_comparison,exact_scope_frozen_controls; epsilon_validity_nomination_then_full_score_flow_grid,full_d3_T120,previous_inverse_cdf,201001,202001,True,"A[3,2]",5.548737522257262,5.856177281335222,0.30743975907796006,0.30743975907796006
fp64_gpu_xla_sqmc_reference_comparison,exact_scope_frozen_controls; epsilon_validity_nomination_then_full_score_flow_grid,full_d3_T120,previous_inverse_cdf,201001,202001,True,"A[3,3]",2.154232163546697,2.132004993862867,-0.022227169683830095,0.022227169683830095
fp64_gpu_xla_sqmc_reference_comparison,exact_scope_frozen_controls; epsilon_validity_nomination_then_full_score_flow_grid,full_d3_T120,previous_inverse_cdf,201001,202001,True,"log_LQ[1,1]",4.800293801981955,5.0042038634875805,0.20391006150562507,0.20391006150562507
fp64_gpu_xla_sqmc_reference_comparison,exact_scope_frozen_controls; epsilon_validity_nomination_then_full_score_flow_grid,full_d3_T120,previous_inverse_cdf,201001,202001,True,"LQ[2,1]",-2.737697900023022,-2.9534595255735194,-0.21576162555049727,0.21576162555049727
fp64_gpu_xla_sqmc_reference_comparison,exact_scope_frozen_controls; epsilon_validity_nomination_then_full_score_flow_grid,full_d3_T120,previous_inverse_cdf,201001,202001,True,"log_LQ[2,2]",2.63905436540356,2.824408165109676,0.1853537997061161,0.1853537997061161
fp64_gpu_xla_sqmc_reference_comparison,exact_scope_frozen_controls; epsilon_validity_nomination_then_full_score_flow_grid,full_d3_T120,previous_inverse_cdf,201001,202001,True,"LQ[3,1]",-19.95825827734641,-19.97888435791043,-0.020626080564021265,0.020626080564021265
fp64_gpu_xla_sqmc_reference_comparison,exact_scope_frozen_controls; epsilon_validity_nomination_then_full_score_flow_grid,full_d3_T120,previous_inverse_cdf,201001,202001,True,"LQ[3,2]",-27.763391990789337,-27.98458185746319,-0.22118986667385343,0.22118986667385343
fp64_gpu_xla_sqmc_reference_comparison,exact_scope_frozen_controls; epsilon_validity_nomination_then_full_score_flow_grid,full_d3_T120,previous_inverse_cdf,201001,202001,True,"log_LQ[3,3]",6.361850038970392,6.367248318176769,0.0053982792063775875,0.0053982792063775875
fp64_gpu_xla_sqmc_reference_comparison,exact_scope_frozen_controls; epsilon_validity_nomination_then_full_score_flow_grid,full_d3_T120,previous_inverse_cdf,201001,202001,True,log_R_variance,6.629710435680108,6.6581464543193185,0.028436018639210303,0.028436018639210303
fp64_gpu_xla_sqmc_reference_comparison,exact_scope_frozen_controls; epsilon_validity_nomination_then_full_score_flow_grid,full_d3_T120,previous_inverse_cdf,201001,202001,True,initial_mean_scale,2.0870987501413114,2.0389307314140845,-0.04816801872722687,0.04816801872722687
fp64_gpu_xla_sqmc_reference_comparison,exact_scope_frozen_controls; epsilon_validity_nomination_then_full_score_flow_grid,full_d3_T120,previous_inverse_cdf,201001,202002,True,"A[1,1]",1.0285388519929897,0.6176763752344974,-0.4108624767584923,0.4108624767584923
fp64_gpu_xla_sqmc_reference_comparison,exact_scope_frozen_controls; epsilon_validity_nomination_then_full_score_flow_grid,full_d3_T120,previous_inverse_cdf,201001,202002,True,"A[1,2]",10.411548611744138,10.370568126356872,-0.04098048538726573,0.04098048538726573
fp64_gpu_xla_sqmc_reference_comparison,exact_scope_frozen_controls; epsilon_validity_nomination_then_full_score_flow_grid,full_d3_T120,previous_inverse_cdf,201001,202002,True,"A[1,3]",3.3109047459137946,3.206070854440086,-0.10483389147370836,0.10483389147370836
fp64_gpu_xla_sqmc_reference_comparison,exact_scope_frozen_controls; epsilon_validity_nomination_then_full_score_flow_grid,full_d3_T120,previous_inverse_cdf,201001,202002,True,"A[2,1]",6.2340638405561855,6.667070304340014,0.4330064637838289,0.4330064637838289
fp64_gpu_xla_sqmc_reference_comparison,exact_scope_frozen_controls; epsilon_validity_nomination_then_full_score_flow_grid,full_d3_T120,previous_inverse_cdf,201001,202002,True,"A[2,2]",-14.421923203576343,-14.777748443976506,-0.35582524040016317,0.35582524040016317
fp64_gpu_xla_sqmc_reference_comparison,exact_scope_frozen_controls; epsilon_validity_nomination_then_full_score_flow_grid,full_d3_T120,previous_inverse_cdf,201001,202002,True,"A[2,3]",12.196616692991595,12.515573913465762,0.3189572204741662,0.3189572204741662
fp64_gpu_xla_sqmc_reference_comparison,exact_scope_frozen_controls; epsilon_validity_nomination_then_full_score_flow_grid,full_d3_T120,previous_inverse_cdf,201001,202002,True,"A[3,1]",-7.978405918923209,-8.102230841239269,-0.1238249223160599,0.1238249223160599
fp64_gpu_xla_sqmc_reference_comparison,exact_scope_frozen_controls; epsilon_validity_nomination_then_full_score_flow_grid,full_d3_T120,previous_inverse_cdf,201001,202002,True,"A[3,2]",5.548737522257262,5.841137555142781,0.29240003288551897,0.29240003288551897
fp64_gpu_xla_sqmc_reference_comparison,exact_scope_frozen_controls; epsilon_validity_nomination_then_full_score_flow_grid,full_d3_T120,previous_inverse_cdf,201001,202002,True,"A[3,3]",2.154232163546697,1.988931577159346,-0.1653005863873509,0.1653005863873509
fp64_gpu_xla_sqmc_reference_comparison,exact_scope_frozen_controls; epsilon_validity_nomination_then_full_score_flow_grid,full_d3_T120,previous_inverse_cdf,201001,202002,True,"log_LQ[1,1]",4.800293801981955,5.118617454274509,0.31832365229255366,0.31832365229255366
fp64_gpu_xla_sqmc_reference_comparison,exact_scope_frozen_controls; epsilon_validity_nomination_then_full_score_flow_grid,full_d3_T120,previous_inverse_cdf,201001,202002,True,"LQ[2,1]",-2.737697900023022,-3.094732789442366,-0.357034889419344,0.357034889419344
fp64_gpu_xla_sqmc_reference_comparison,exact_scope_frozen_controls; epsilon_validity_nomination_then_full_score_flow_grid,full_d3_T120,previous_inverse_cdf,201001,202002,True,"log_LQ[2,2]",2.63905436540356,2.869632834577424,0.2305784691738637,0.2305784691738637
fp64_gpu_xla_sqmc_reference_comparison,exact_scope_frozen_controls; epsilon_validity_nomination_then_full_score_flow_grid,full_d3_T120,previous_inverse_cdf,201001,202002,True,"LQ[3,1]",-19.95825827734641,-19.65828248387128,0.2999757934751308,0.2999757934751308
fp64_gpu_xla_sqmc_reference_comparison,exact_scope_frozen_controls; epsilon_validity_nomination_then_full_score_flow_grid,full_d3_T120,previous_inverse_cdf,201001,202002,True,"LQ[3,2]",-27.763391990789337,-28.056241227065023,-0.2928492362756856,0.2928492362756856
fp64_gpu_xla_sqmc_reference_comparison,exact_scope_frozen_controls; epsilon_validity_nomination_then_full_score_flow_grid,full_d3_T120,previous_inverse_cdf,201001,202002,True,"log_LQ[3,3]",6.361850038970392,6.422968150827716,0.061118111857323854,0.061118111857323854
fp64_gpu_xla_sqmc_reference_comparison,exact_scope_frozen_controls; epsilon_validity_nomination_then_full_score_flow_grid,full_d3_T120,previous_inverse_cdf,201001,202002,True,log_R_variance,6.629710435680108,6.6629763950511025,0.0332659593709943,0.0332659593709943
fp64_gpu_xla_sqmc_reference_comparison,exact_scope_frozen_controls; epsilon_validity_nomination_then_full_score_flow_grid,full_d3_T120,previous_inverse_cdf,201001,202002,True,initial_mean_scale,2.0870987501413114,2.107120814687124,0.02002206454581268,0.02002206454581268
fp64_gpu_xla_sqmc_reference_comparison,exact_scope_frozen_controls; epsilon_validity_nomination_then_full_score_flow_grid,full_d3_T120,previous_inverse_cdf,201002,202001,True,"A[1,1]",-19.84892221485832,-19.971501815968665,-0.12257960111034549,0.12257960111034549
fp64_gpu_xla_sqmc_reference_comparison,exact_scope_frozen_controls; epsilon_validity_nomination_then_full_score_flow_grid,full_d3_T120,previous_inverse_cdf,201002,202001,True,"A[1,2]",10.67611870848977,10.801794809083344,0.12567610059357293,0.12567610059357293
fp64_gpu_xla_sqmc_reference_comparison,exact_scope_frozen_controls; epsilon_validity_nomination_then_full_score_flow_grid,full_d3_T120,previous_inverse_cdf,201002,202001,True,"A[1,3]",-4.387731990948818,-4.48467604016209,-0.09694404921327227,0.09694404921327227
fp64_gpu_xla_sqmc_reference_comparison,exact_scope_frozen_controls; epsilon_validity_nomination_then_full_score_flow_grid,full_d3_T120,previous_inverse_cdf,201002,202001,True,"A[2,1]",-16.189463326855684,-16.403529086209886,-0.21406575935420236,0.21406575935420236
fp64_gpu_xla_sqmc_reference_comparison,exact_scope_frozen_controls; epsilon_validity_nomination_then_full_score_flow_grid,full_d3_T120,previous_inverse_cdf,201002,202001,True,"A[2,2]",0.5374266458011477,0.5308557187727901,-0.006570927028357598,0.006570927028357598
fp64_gpu_xla_sqmc_reference_comparison,exact_scope_frozen_controls; epsilon_validity_nomination_then_full_score_flow_grid,full_d3_T120,previous_inverse_cdf,201002,202001,True,"A[2,3]",2.5797886471766187,2.9085185840738186,0.32872993689719987,0.32872993689719987
fp64_gpu_xla_sqmc_reference_comparison,exact_scope_frozen_controls; epsilon_validity_nomination_then_full_score_flow_grid,full_d3_T120,previous_inverse_cdf,201002,202001,True,"A[3,1]",-14.066020815325457,-14.038186920256573,0.027833895068884118,0.027833895068884118
fp64_gpu_xla_sqmc_reference_comparison,exact_scope_frozen_controls; epsilon_validity_nomination_then_full_score_flow_grid,full_d3_T120,previous_inverse_cdf,201002,202001,True,"A[3,2]",-0.25245267440568087,-0.11597132149766298,0.13648135290801788,0.13648135290801788
fp64_gpu_xla_sqmc_reference_comparison,exact_scope_frozen_controls; epsilon_validity_nomination_then_full_score_flow_grid,full_d3_T120,previous_inverse_cdf,201002,202001,True,"A[3,3]",-14.493442933105289,-14.316778914880805,0.17666401822448385,0.17666401822448385
fp64_gpu_xla_sqmc_reference_comparison,exact_scope_frozen_controls; epsilon_validity_nomination_then_full_score_flow_grid,full_d3_T120,previous_inverse_cdf,201002,202001,True,"log_LQ[1,1]",-7.7155420612647845,-7.694767975397069,0.020774085867715897,0.020774085867715897
fp64_gpu_xla_sqmc_reference_comparison,exact_scope_frozen_controls; epsilon_validity_nomination_then_full_score_flow_grid,full_d3_T120,previous_inverse_cdf,201002,202001,True,"LQ[2,1]",13.421854256933043,13.418929233148198,-0.002925023784845493,0.002925023784845493
fp64_gpu_xla_sqmc_reference_comparison,exact_scope_frozen_controls; epsilon_validity_nomination_then_full_score_flow_grid,full_d3_T120,previous_inverse_cdf,201002,202001,True,"log_LQ[2,2]",5.772913427901647,5.742322216082244,-0.030591211819403163,0.030591211819403163
fp64_gpu_xla_sqmc_reference_comparison,exact_scope_frozen_controls; epsilon_validity_nomination_then_full_score_flow_grid,full_d3_T120,previous_inverse_cdf,201002,202001,True,"LQ[3,1]",-1.6445772514017456,-1.506644535745104,0.13793271565664167,0.13793271565664167
fp64_gpu_xla_sqmc_reference_comparison,exact_scope_frozen_controls; epsilon_validity_nomination_then_full_score_flow_grid,full_d3_T120,previous_inverse_cdf,201002,202001,True,"LQ[3,2]",5.880238485794575,5.7724435455648475,-0.10779494022972713,0.10779494022972713
fp64_gpu_xla_sqmc_reference_comparison,exact_scope_frozen_controls; epsilon_validity_nomination_then_full_score_flow_grid,full_d3_T120,previous_inverse_cdf,201002,202001,True,"log_LQ[3,3]",-6.210077838555123,-6.349483272774118,-0.13940543421899498,0.13940543421899498
fp64_gpu_xla_sqmc_reference_comparison,exact_scope_frozen_controls; epsilon_validity_nomination_then_full_score_flow_grid,full_d3_T120,previous_inverse_cdf,201002,202001,True,log_R_variance,3.110898791652585,3.094188698527282,-0.016710093125302805,0.016710093125302805
fp64_gpu_xla_sqmc_reference_comparison,exact_scope_frozen_controls; epsilon_validity_nomination_then_full_score_flow_grid,full_d3_T120,previous_inverse_cdf,201002,202001,True,initial_mean_scale,0.7170785472104211,0.7372182170484928,0.020139669838071694,0.020139669838071694
fp64_gpu_xla_sqmc_reference_comparison,exact_scope_frozen_controls; epsilon_validity_nomination_then_full_score_flow_grid,full_d3_T120,previous_inverse_cdf,201002,202002,True,"A[1,1]",-19.84892221485832,-19.81990710925679,0.029015105601530422,0.029015105601530422
fp64_gpu_xla_sqmc_reference_comparison,exact_scope_frozen_controls; epsilon_validity_nomination_then_full_score_flow_grid,full_d3_T120,previous_inverse_cdf,201002,202002,True,"A[1,2]",10.67611870848977,10.787255216351022,0.11113650786125184,0.11113650786125184
fp64_gpu_xla_sqmc_reference_comparison,exact_scope_frozen_controls; epsilon_validity_nomination_then_full_score_flow_grid,full_d3_T120,previous_inverse_cdf,201002,202002,True,"A[1,3]",-4.387731990948818,-4.348568384016732,0.039163606932085315,0.039163606932085315
fp64_gpu_xla_sqmc_reference_comparison,exact_scope_frozen_controls; epsilon_validity_nomination_then_full_score_flow_grid,full_d3_T120,previous_inverse_cdf,201002,202002,True,"A[2,1]",-16.189463326855684,-16.38513117660048,-0.19566784974479745,0.19566784974479745
fp64_gpu_xla_sqmc_reference_comparison,exact_scope_frozen_controls; epsilon_validity_nomination_then_full_score_flow_grid,full_d3_T120,previous_inverse_cdf,201002,202002,True,"A[2,2]",0.5374266458011477,0.549828490144265,0.012401844343117308,0.012401844343117308
fp64_gpu_xla_sqmc_reference_comparison,exact_scope_frozen_controls; epsilon_validity_nomination_then_full_score_flow_grid,full_d3_T120,previous_inverse_cdf,201002,202002,True,"A[2,3]",2.5797886471766187,2.8408084769771835,0.2610198298005648,0.2610198298005648
fp64_gpu_xla_sqmc_reference_comparison,exact_scope_frozen_controls; epsilon_validity_nomination_then_full_score_flow_grid,full_d3_T120,previous_inverse_cdf,201002,202002,True,"A[3,1]",-14.066020815325457,-13.960844733922254,0.10517608140320256,0.10517608140320256
fp64_gpu_xla_sqmc_reference_comparison,exact_scope_frozen_controls; epsilon_validity_nomination_then_full_score_flow_grid,full_d3_T120,previous_inverse_cdf,201002,202002,True,"A[3,2]",-0.25245267440568087,-0.25295112113140017,-0.0004984467257193037,0.0004984467257193037
fp64_gpu_xla_sqmc_reference_comparison,exact_scope_frozen_controls; epsilon_validity_nomination_then_full_score_flow_grid,full_d3_T120,previous_inverse_cdf,201002,202002,True,"A[3,3]",-14.493442933105289,-14.601039030581195,-0.1075960974759056,0.1075960974759056
fp64_gpu_xla_sqmc_reference_comparison,exact_scope_frozen_controls; epsilon_validity_nomination_then_full_score_flow_grid,full_d3_T120,previous_inverse_cdf,201002,202002,True,"log_LQ[1,1]",-7.7155420612647845,-7.808262227056176,-0.0927201657913912,0.0927201657913912
fp64_gpu_xla_sqmc_reference_comparison,exact_scope_frozen_controls; epsilon_validity_nomination_then_full_score_flow_grid,full_d3_T120,previous_inverse_cdf,201002,202002,True,"LQ[2,1]",13.421854256933043,13.64943796953879,0.22758371260574606,0.22758371260574606
fp64_gpu_xla_sqmc_reference_comparison,exact_scope_frozen_controls; epsilon_validity_nomination_then_full_score_flow_grid,full_d3_T120,previous_inverse_cdf,201002,202002,True,"log_LQ[2,2]",5.772913427901647,5.824083728841837,0.05117030094018915,0.05117030094018915
fp64_gpu_xla_sqmc_reference_comparison,exact_scope_frozen_controls; epsilon_validity_nomination_then_full_score_flow_grid,full_d3_T120,previous_inverse_cdf,201002,202002,True,"LQ[3,1]",-1.6445772514017456,-1.7510386419487594,-0.10646139054701376,0.10646139054701376
fp64_gpu_xla_sqmc_reference_comparison,exact_scope_frozen_controls; epsilon_validity_nomination_then_full_score_flow_grid,full_d3_T120,previous_inverse_cdf,201002,202002,True,"LQ[3,2]",5.880238485794575,5.607717014079141,-0.27252147171543406,0.27252147171543406
fp64_gpu_xla_sqmc_reference_comparison,exact_scope_frozen_controls; epsilon_validity_nomination_then_full_score_flow_grid,full_d3_T120,previous_inverse_cdf,201002,202002,True,"log_LQ[3,3]",-6.210077838555123,-6.165440124640283,0.04463771391483995,0.04463771391483995
fp64_gpu_xla_sqmc_reference_comparison,exact_scope_frozen_controls; epsilon_validity_nomination_then_full_score_flow_grid,full_d3_T120,previous_inverse_cdf,201002,202002,True,log_R_variance,3.110898791652585,3.1052213768142094,-0.005677414838375583,0.005677414838375583
fp64_gpu_xla_sqmc_reference_comparison,exact_scope_frozen_controls; epsilon_validity_nomination_then_full_score_flow_grid,full_d3_T120,previous_inverse_cdf,201002,202002,True,initial_mean_scale,0.7170785472104211,0.7391307035921664,0.02205215638174529,0.02205215638174529
fp64_gpu_xla_sqmc_reference_comparison,exact_scope_frozen_controls; epsilon_validity_nomination_then_full_score_flow_grid,full_d3_T120,repaired_permutation,201001,202001,True,"A[1,1]",1.0285388519929897,0.4450040234824763,-0.5835348285105133,0.5835348285105133
fp64_gpu_xla_sqmc_reference_comparison,exact_scope_frozen_controls; epsilon_validity_nomination_then_full_score_flow_grid,full_d3_T120,repaired_permutation,201001,202001,True,"A[1,2]",10.411548611744138,10.571385398709111,0.1598367869649735,0.1598367869649735
fp64_gpu_xla_sqmc_reference_comparison,exact_scope_frozen_controls; epsilon_validity_nomination_then_full_score_flow_grid,full_d3_T120,repaired_permutation,201001,202001,True,"A[1,3]",3.3109047459137946,3.317697350276912,0.006792604363117238,0.006792604363117238
fp64_gpu_xla_sqmc_reference_comparison,exact_scope_frozen_controls; epsilon_validity_nomination_then_full_score_flow_grid,full_d3_T120,repaired_permutation,201001,202001,True,"A[2,1]",6.2340638405561855,6.545994286676937,0.31193044612075127,0.31193044612075127
fp64_gpu_xla_sqmc_reference_comparison,exact_scope_frozen_controls; epsilon_validity_nomination_then_full_score_flow_grid,full_d3_T120,repaired_permutation,201001,202001,True,"A[2,2]",-14.421923203576343,-14.864713865520644,-0.4427906619443007,0.4427906619443007
fp64_gpu_xla_sqmc_reference_comparison,exact_scope_frozen_controls; epsilon_validity_nomination_then_full_score_flow_grid,full_d3_T120,repaired_permutation,201001,202001,True,"A[2,3]",12.196616692991595,12.38533690038787,0.18872020739627438,0.18872020739627438
fp64_gpu_xla_sqmc_reference_comparison,exact_scope_frozen_controls; epsilon_validity_nomination_then_full_score_flow_grid,full_d3_T120,repaired_permutation,201001,202001,True,"A[3,1]",-7.978405918923209,-8.177155671701133,-0.19874975277792384,0.19874975277792384
fp64_gpu_xla_sqmc_reference_comparison,exact_scope_frozen_controls; epsilon_validity_nomination_then_full_score_flow_grid,full_d3_T120,repaired_permutation,201001,202001,True,"A[3,2]",5.548737522257262,5.855029542854277,0.30629202059701477,0.30629202059701477
fp64_gpu_xla_sqmc_reference_comparison,exact_scope_frozen_controls; epsilon_validity_nomination_then_full_score_flow_grid,full_d3_T120,repaired_permutation,201001,202001,True,"A[3,3]",2.154232163546697,2.0957610133249434,-0.05847115022175364,0.05847115022175364
fp64_gpu_xla_sqmc_reference_comparison,exact_scope_frozen_controls; epsilon_validity_nomination_then_full_score_flow_grid,full_d3_T120,repaired_permutation,201001,202001,True,"log_LQ[1,1]",4.800293801981955,5.119289464015024,0.3189956620330685,0.3189956620330685
fp64_gpu_xla_sqmc_reference_comparison,exact_scope_frozen_controls; epsilon_validity_nomination_then_full_score_flow_grid,full_d3_T120,repaired_permutation,201001,202001,True,"LQ[2,1]",-2.737697900023022,-3.0961932285220786,-0.3584953284990564,0.3584953284990564
fp64_gpu_xla_sqmc_reference_comparison,exact_scope_frozen_controls; epsilon_validity_nomination_then_full_score_flow_grid,full_d3_T120,repaired_permutation,201001,202001,True,"log_LQ[2,2]",2.63905436540356,2.908932885393068,0.26987851998950774,0.26987851998950774
fp64_gpu_xla_sqmc_reference_comparison,exact_scope_frozen_controls; epsilon_validity_nomination_then_full_score_flow_grid,full_d3_T120,repaired_permutation,201001,202001,True,"LQ[3,1]",-19.95825827734641,-19.76490313454756,0.19335514279885047,0.19335514279885047
fp64_gpu_xla_sqmc_reference_comparison,exact_scope_frozen_controls; epsilon_validity_nomination_then_full_score_flow_grid,full_d3_T120,repaired_permutation,201001,202001,True,"LQ[3,2]",-27.763391990789337,-28.034008270353286,-0.2706162795639493,0.2706162795639493
fp64_gpu_xla_sqmc_reference_comparison,exact_scope_frozen_controls; epsilon_validity_nomination_then_full_score_flow_grid,full_d3_T120,repaired_permutation,201001,202001,True,"log_LQ[3,3]",6.361850038970392,6.408067299384024,0.04621726041363239,0.04621726041363239
fp64_gpu_xla_sqmc_reference_comparison,exact_scope_frozen_controls; epsilon_validity_nomination_then_full_score_flow_grid,full_d3_T120,repaired_permutation,201001,202001,True,log_R_variance,6.629710435680108,6.606482560146889,-0.02322787553321959,0.02322787553321959
fp64_gpu_xla_sqmc_reference_comparison,exact_scope_frozen_controls; epsilon_validity_nomination_then_full_score_flow_grid,full_d3_T120,repaired_permutation,201001,202001,True,initial_mean_scale,2.0870987501413114,2.0592461121537866,-0.027852637987524798,0.027852637987524798
fp64_gpu_xla_sqmc_reference_comparison,exact_scope_frozen_controls; epsilon_validity_nomination_then_full_score_flow_grid,full_d3_T120,repaired_permutation,201001,202002,True,"A[1,1]",1.0285388519929897,0.5260434551002061,-0.5024953968927836,0.5024953968927836
fp64_gpu_xla_sqmc_reference_comparison,exact_scope_frozen_controls; epsilon_validity_nomination_then_full_score_flow_grid,full_d3_T120,repaired_permutation,201001,202002,True,"A[1,2]",10.411548611744138,10.448573633134696,0.03702502139055852,0.03702502139055852
fp64_gpu_xla_sqmc_reference_comparison,exact_scope_frozen_controls; epsilon_validity_nomination_then_full_score_flow_grid,full_d3_T120,repaired_permutation,201001,202002,True,"A[1,3]",3.3109047459137946,3.2877142057724167,-0.02319054014137789,0.02319054014137789
fp64_gpu_xla_sqmc_reference_comparison,exact_scope_frozen_controls; epsilon_validity_nomination_then_full_score_flow_grid,full_d3_T120,repaired_permutation,201001,202002,True,"A[2,1]",6.2340638405561855,6.665548304087252,0.4314844635310662,0.4314844635310662
fp64_gpu_xla_sqmc_reference_comparison,exact_scope_frozen_controls; epsilon_validity_nomination_then_full_score_flow_grid,full_d3_T120,repaired_permutation,201001,202002,True,"A[2,2]",-14.421923203576343,-14.861449192260672,-0.4395259886843288,0.4395259886843288
fp64_gpu_xla_sqmc_reference_comparison,exact_scope_frozen_controls; epsilon_validity_nomination_then_full_score_flow_grid,full_d3_T120,repaired_permutation,201001,202002,True,"A[2,3]",12.196616692991595,12.566360026163903,0.36974333317230723,0.36974333317230723
fp64_gpu_xla_sqmc_reference_comparison,exact_scope_frozen_controls; epsilon_validity_nomination_then_full_score_flow_grid,full_d3_T120,repaired_permutation,201001,202002,True,"A[3,1]",-7.978405918923209,-8.026637372246713,-0.04823145332350354,0.04823145332350354
fp64_gpu_xla_sqmc_reference_comparison,exact_scope_frozen_controls; epsilon_validity_nomination_then_full_score_flow_grid,full_d3_T120,repaired_permutation,201001,202002,True,"A[3,2]",5.548737522257262,5.766631098107674,0.2178935758504119,0.2178935758504119
fp64_gpu_xla_sqmc_reference_comparison,exact_scope_frozen_controls; epsilon_validity_nomination_then_full_score_flow_grid,full_d3_T120,repaired_permutation,201001,202002,True,"A[3,3]",2.154232163546697,2.029619004679841,-0.1246131588668562,0.1246131588668562
fp64_gpu_xla_sqmc_reference_comparison,exact_scope_frozen_controls; epsilon_validity_nomination_then_full_score_flow_grid,full_d3_T120,repaired_permutation,201001,202002,True,"log_LQ[1,1]",4.800293801981955,5.0990159168007425,0.2987221148187871,0.2987221148187871
fp64_gpu_xla_sqmc_reference_comparison,exact_scope_frozen_controls; epsilon_validity_nomination_then_full_score_flow_grid,full_d3_T120,repaired_permutation,201001,202002,True,"LQ[2,1]",-2.737697900023022,-3.1949031989769767,-0.45720529895395456,0.45720529895395456
fp64_gpu_xla_sqmc_reference_comparison,exact_scope_frozen_controls; epsilon_validity_nomination_then_full_score_flow_grid,full_d3_T120,repaired_permutation,201001,202002,True,"log_LQ[2,2]",2.63905436540356,2.932622117095768,0.29356775169220795,0.29356775169220795
fp64_gpu_xla_sqmc_reference_comparison,exact_scope_frozen_controls; epsilon_validity_nomination_then_full_score_flow_grid,full_d3_T120,repaired_permutation,201001,202002,True,"LQ[3,1]",-19.95825827734641,-19.79215442031808,0.16610385702832886,0.16610385702832886
fp64_gpu_xla_sqmc_reference_comparison,exact_scope_frozen_controls; epsilon_validity_nomination_then_full_score_flow_grid,full_d3_T120,repaired_permutation,201001,202002,True,"LQ[3,2]",-27.763391990789337,-28.092863793370572,-0.3294718025812351,0.3294718025812351
fp64_gpu_xla_sqmc_reference_comparison,exact_scope_frozen_controls; epsilon_validity_nomination_then_full_score_flow_grid,full_d3_T120,repaired_permutation,201001,202002,True,"log_LQ[3,3]",6.361850038970392,6.436724888690618,0.07487484972022607,0.07487484972022607
fp64_gpu_xla_sqmc_reference_comparison,exact_scope_frozen_controls; epsilon_validity_nomination_then_full_score_flow_grid,full_d3_T120,repaired_permutation,201001,202002,True,log_R_variance,6.629710435680108,6.7037172919300625,0.07400685624995429,0.07400685624995429
fp64_gpu_xla_sqmc_reference_comparison,exact_scope_frozen_controls; epsilon_validity_nomination_then_full_score_flow_grid,full_d3_T120,repaired_permutation,201001,202002,True,initial_mean_scale,2.0870987501413114,2.106329864580549,0.01923111443923764,0.01923111443923764
fp64_gpu_xla_sqmc_reference_comparison,exact_scope_frozen_controls; epsilon_validity_nomination_then_full_score_flow_grid,full_d3_T120,repaired_permutation,201002,202001,True,"A[1,1]",-19.84892221485832,-19.931272435530513,-0.08235022067219333,0.08235022067219333
fp64_gpu_xla_sqmc_reference_comparison,exact_scope_frozen_controls; epsilon_validity_nomination_then_full_score_flow_grid,full_d3_T120,repaired_permutation,201002,202001,True,"A[1,2]",10.67611870848977,10.752190111147309,0.0760714026575382,0.0760714026575382
fp64_gpu_xla_sqmc_reference_comparison,exact_scope_frozen_controls; epsilon_validity_nomination_then_full_score_flow_grid,full_d3_T120,repaired_permutation,201002,202001,True,"A[1,3]",-4.387731990948818,-4.611020850734947,-0.22328885978612956,0.22328885978612956
fp64_gpu_xla_sqmc_reference_comparison,exact_scope_frozen_controls; epsilon_validity_nomination_then_full_score_flow_grid,full_d3_T120,repaired_permutation,201002,202001,True,"A[2,1]",-16.189463326855684,-16.305823115208476,-0.11635978835279204,0.11635978835279204
fp64_gpu_xla_sqmc_reference_comparison,exact_scope_frozen_controls; epsilon_validity_nomination_then_full_score_flow_grid,full_d3_T120,repaired_permutation,201002,202001,True,"A[2,2]",0.5374266458011477,0.6583264021156935,0.12089975631454575,0.12089975631454575
fp64_gpu_xla_sqmc_reference_comparison,exact_scope_frozen_controls; epsilon_validity_nomination_then_full_score_flow_grid,full_d3_T120,repaired_permutation,201002,202001,True,"A[2,3]",2.5797886471766187,2.853784463662019,0.2739958164854004,0.2739958164854004
fp64_gpu_xla_sqmc_reference_comparison,exact_scope_frozen_controls; epsilon_validity_nomination_then_full_score_flow_grid,full_d3_T120,repaired_permutation,201002,202001,True,"A[3,1]",-14.066020815325457,-14.054569802177797,0.01145101314765995,0.01145101314765995
fp64_gpu_xla_sqmc_reference_comparison,exact_scope_frozen_controls; epsilon_validity_nomination_then_full_score_flow_grid,full_d3_T120,repaired_permutation,201002,202001,True,"A[3,2]",-0.25245267440568087,0.02741694126266392,0.2798696156683448,0.2798696156683448
fp64_gpu_xla_sqmc_reference_comparison,exact_scope_frozen_controls; epsilon_validity_nomination_then_full_score_flow_grid,full_d3_T120,repaired_permutation,201002,202001,True,"A[3,3]",-14.493442933105289,-14.296950614090823,0.19649231901446562,0.19649231901446562
fp64_gpu_xla_sqmc_reference_comparison,exact_scope_frozen_controls; epsilon_validity_nomination_then_full_score_flow_grid,full_d3_T120,repaired_permutation,201002,202001,True,"log_LQ[1,1]",-7.7155420612647845,-7.695455964894974,0.020086096369810846,0.020086096369810846
fp64_gpu_xla_sqmc_reference_comparison,exact_scope_frozen_controls; epsilon_validity_nomination_then_full_score_flow_grid,full_d3_T120,repaired_permutation,201002,202001,True,"LQ[2,1]",13.421854256933043,13.424256522421347,0.0024022654883033567,0.0024022654883033567
fp64_gpu_xla_sqmc_reference_comparison,exact_scope_frozen_controls; epsilon_validity_nomination_then_full_score_flow_grid,full_d3_T120,repaired_permutation,201002,202001,True,"log_LQ[2,2]",5.772913427901647,5.725403493437073,-0.047509934464573966,0.047509934464573966
fp64_gpu_xla_sqmc_reference_comparison,exact_scope_frozen_controls; epsilon_validity_nomination_then_full_score_flow_grid,full_d3_T120,repaired_permutation,201002,202001,True,"LQ[3,1]",-1.6445772514017456,-1.4971792864852018,0.14739796491654378,0.14739796491654378
fp64_gpu_xla_sqmc_reference_comparison,exact_scope_frozen_controls; epsilon_validity_nomination_then_full_score_flow_grid,full_d3_T120,repaired_permutation,201002,202001,True,"LQ[3,2]",5.880238485794575,5.770396623704489,-0.10984186209008584,0.10984186209008584
fp64_gpu_xla_sqmc_reference_comparison,exact_scope_frozen_controls; epsilon_validity_nomination_then_full_score_flow_grid,full_d3_T120,repaired_permutation,201002,202001,True,"log_LQ[3,3]",-6.210077838555123,-6.360958087040133,-0.15088024848501025,0.15088024848501025
fp64_gpu_xla_sqmc_reference_comparison,exact_scope_frozen_controls; epsilon_validity_nomination_then_full_score_flow_grid,full_d3_T120,repaired_permutation,201002,202001,True,log_R_variance,3.110898791652585,3.0911178318739285,-0.01978095977865646,0.01978095977865646
fp64_gpu_xla_sqmc_reference_comparison,exact_scope_frozen_controls; epsilon_validity_nomination_then_full_score_flow_grid,full_d3_T120,repaired_permutation,201002,202001,True,initial_mean_scale,0.7170785472104211,0.7572395258395416,0.04016097862912049,0.04016097862912049
fp64_gpu_xla_sqmc_reference_comparison,exact_scope_frozen_controls; epsilon_validity_nomination_then_full_score_flow_grid,full_d3_T120,repaired_permutation,201002,202002,True,"A[1,1]",-19.84892221485832,-19.86120498732554,-0.012282772467219871,0.012282772467219871
fp64_gpu_xla_sqmc_reference_comparison,exact_scope_frozen_controls; epsilon_validity_nomination_then_full_score_flow_grid,full_d3_T120,repaired_permutation,201002,202002,True,"A[1,2]",10.67611870848977,10.806304764354177,0.13018605586440657,0.13018605586440657
fp64_gpu_xla_sqmc_reference_comparison,exact_scope_frozen_controls; epsilon_validity_nomination_then_full_score_flow_grid,full_d3_T120,repaired_permutation,201002,202002,True,"A[1,3]",-4.387731990948818,-4.265552673496265,0.12217931745255228,0.12217931745255228
fp64_gpu_xla_sqmc_reference_comparison,exact_scope_frozen_controls; epsilon_validity_nomination_then_full_score_flow_grid,full_d3_T120,repaired_permutation,201002,202002,True,"A[2,1]",-16.189463326855684,-16.345182999613893,-0.15571967275820953,0.15571967275820953
fp64_gpu_xla_sqmc_reference_comparison,exact_scope_frozen_controls; epsilon_validity_nomination_then_full_score_flow_grid,full_d3_T120,repaired_permutation,201002,202002,True,"A[2,2]",0.5374266458011477,0.5380296179460042,0.0006029721448564951,0.0006029721448564951
fp64_gpu_xla_sqmc_reference_comparison,exact_scope_frozen_controls; epsilon_validity_nomination_then_full_score_flow_grid,full_d3_T120,repaired_permutation,201002,202002,True,"A[2,3]",2.5797886471766187,2.827704973433775,0.24791632625715643,0.24791632625715643
fp64_gpu_xla_sqmc_reference_comparison,exact_scope_frozen_controls; epsilon_validity_nomination_then_full_score_flow_grid,full_d3_T120,repaired_permutation,201002,202002,True,"A[3,1]",-14.066020815325457,-13.910643644051811,0.1553771712736456,0.1553771712736456
fp64_gpu_xla_sqmc_reference_comparison,exact_scope_frozen_controls; epsilon_validity_nomination_then_full_score_flow_grid,full_d3_T120,repaired_permutation,201002,202002,True,"A[3,2]",-0.25245267440568087,-0.24129269426853472,0.011159980137146142,0.011159980137146142
fp64_gpu_xla_sqmc_reference_comparison,exact_scope_frozen_controls; epsilon_validity_nomination_then_full_score_flow_grid,full_d3_T120,repaired_permutation,201002,202002,True,"A[3,3]",-14.493442933105289,-14.537383747990555,-0.04394081488526602,0.04394081488526602
fp64_gpu_xla_sqmc_reference_comparison,exact_scope_frozen_controls; epsilon_validity_nomination_then_full_score_flow_grid,full_d3_T120,repaired_permutation,201002,202002,True,"log_LQ[1,1]",-7.7155420612647845,-7.789519712892589,-0.07397765162780434,0.07397765162780434
fp64_gpu_xla_sqmc_reference_comparison,exact_scope_frozen_controls; epsilon_validity_nomination_then_full_score_flow_grid,full_d3_T120,repaired_permutation,201002,202002,True,"LQ[2,1]",13.421854256933043,13.661852520333994,0.23999826340095076,0.23999826340095076
fp64_gpu_xla_sqmc_reference_comparison,exact_scope_frozen_controls; epsilon_validity_nomination_then_full_score_flow_grid,full_d3_T120,repaired_permutation,201002,202002,True,"log_LQ[2,2]",5.772913427901647,5.829356647870987,0.05644321996933943,0.05644321996933943
fp64_gpu_xla_sqmc_reference_comparison,exact_scope_frozen_controls; epsilon_validity_nomination_then_full_score_flow_grid,full_d3_T120,repaired_permutation,201002,202002,True,"LQ[3,1]",-1.6445772514017456,-1.8320887195419022,-0.18751146814015662,0.18751146814015662
fp64_gpu_xla_sqmc_reference_comparison,exact_scope_frozen_controls; epsilon_validity_nomination_then_full_score_flow_grid,full_d3_T120,repaired_permutation,201002,202002,True,"LQ[3,2]",5.880238485794575,5.682795106166695,-0.19744337962788006,0.19744337962788006
fp64_gpu_xla_sqmc_reference_comparison,exact_scope_frozen_controls; epsilon_validity_nomination_then_full_score_flow_grid,full_d3_T120,repaired_permutation,201002,202002,True,"log_LQ[3,3]",-6.210077838555123,-6.208794950042229,0.0012828885128941536,0.0012828885128941536
fp64_gpu_xla_sqmc_reference_comparison,exact_scope_frozen_controls; epsilon_validity_nomination_then_full_score_flow_grid,full_d3_T120,repaired_permutation,201002,202002,True,log_R_variance,3.110898791652585,3.102510485697308,-0.008388305955277175,0.008388305955277175
fp64_gpu_xla_sqmc_reference_comparison,exact_scope_frozen_controls; epsilon_validity_nomination_then_full_score_flow_grid,full_d3_T120,repaired_permutation,201002,202002,True,initial_mean_scale,0.7170785472104211,0.7435660387523683,0.026487491541947183,0.026487491541947183
fp64_gpu_xla_sqmc_reference_comparison,exact_scope_frozen_controls; epsilon_validity_nomination_then_full_score_flow_grid,full_d3_T120,repaired_permutation_ablation,201001,202001,True,"A[1,1]",1.0285388519929897,0.44479920090400793,-0.5837396510889817,0.5837396510889817
fp64_gpu_xla_sqmc_reference_comparison,exact_scope_frozen_controls; epsilon_validity_nomination_then_full_score_flow_grid,full_d3_T120,repaired_permutation_ablation,201001,202001,True,"A[1,2]",10.411548611744138,10.546623012481984,0.13507440073784593,0.13507440073784593
fp64_gpu_xla_sqmc_reference_comparison,exact_scope_frozen_controls; epsilon_validity_nomination_then_full_score_flow_grid,full_d3_T120,repaired_permutation_ablation,201001,202001,True,"A[1,3]",3.3109047459137946,3.4096288628495603,0.09872411693576577,0.09872411693576577
fp64_gpu_xla_sqmc_reference_comparison,exact_scope_frozen_controls; epsilon_validity_nomination_then_full_score_flow_grid,full_d3_T120,repaired_permutation_ablation,201001,202001,True,"A[2,1]",6.2340638405561855,6.4727385213217,0.23867468076551468,0.23867468076551468
fp64_gpu_xla_sqmc_reference_comparison,exact_scope_frozen_controls; epsilon_validity_nomination_then_full_score_flow_grid,full_d3_T120,repaired_permutation_ablation,201001,202001,True,"A[2,2]",-14.421923203576343,-14.885537140447946,-0.463613936871603,0.463613936871603
fp64_gpu_xla_sqmc_reference_comparison,exact_scope_frozen_controls; epsilon_validity_nomination_then_full_score_flow_grid,full_d3_T120,repaired_permutation_ablation,201001,202001,True,"A[2,3]",12.196616692991595,12.418265098012606,0.22164840502101057,0.22164840502101057
fp64_gpu_xla_sqmc_reference_comparison,exact_scope_frozen_controls; epsilon_validity_nomination_then_full_score_flow_grid,full_d3_T120,repaired_permutation_ablation,201001,202001,True,"A[3,1]",-7.978405918923209,-8.137511205933295,-0.1591052870100862,0.1591052870100862
fp64_gpu_xla_sqmc_reference_comparison,exact_scope_frozen_controls; epsilon_validity_nomination_then_full_score_flow_grid,full_d3_T120,repaired_permutation_ablation,201001,202001,True,"A[3,2]",5.548737522257262,5.900130387040789,0.35139286478352627,0.35139286478352627
fp64_gpu_xla_sqmc_reference_comparison,exact_scope_frozen_controls; epsilon_validity_nomination_then_full_score_flow_grid,full_d3_T120,repaired_permutation_ablation,201001,202001,True,"A[3,3]",2.154232163546697,2.007521423529316,-0.14671074001738083,0.14671074001738083
fp64_gpu_xla_sqmc_reference_comparison,exact_scope_frozen_controls; epsilon_validity_nomination_then_full_score_flow_grid,full_d3_T120,repaired_permutation_ablation,201001,202001,True,"log_LQ[1,1]",4.800293801981955,5.103102374822513,0.30280857284055784,0.30280857284055784
fp64_gpu_xla_sqmc_reference_comparison,exact_scope_frozen_controls; epsilon_validity_nomination_then_full_score_flow_grid,full_d3_T120,repaired_permutation_ablation,201001,202001,True,"LQ[2,1]",-2.737697900023022,-3.1189524827198993,-0.3812545826968772,0.3812545826968772
fp64_gpu_xla_sqmc_reference_comparison,exact_scope_frozen_controls; epsilon_validity_nomination_then_full_score_flow_grid,full_d3_T120,repaired_permutation_ablation,201001,202001,True,"log_LQ[2,2]",2.63905436540356,2.899906710713644,0.26085234531008394,0.26085234531008394
fp64_gpu_xla_sqmc_reference_comparison,exact_scope_frozen_controls; epsilon_validity_nomination_then_full_score_flow_grid,full_d3_T120,repaired_permutation_ablation,201001,202001,True,"LQ[3,1]",-19.95825827734641,-19.78442943664259,0.17382884070381976,0.17382884070381976
fp64_gpu_xla_sqmc_reference_comparison,exact_scope_frozen_controls; epsilon_validity_nomination_then_full_score_flow_grid,full_d3_T120,repaired_permutation_ablation,201001,202001,True,"LQ[3,2]",-27.763391990789337,-28.09689869587381,-0.3335067050844742,0.3335067050844742
fp64_gpu_xla_sqmc_reference_comparison,exact_scope_frozen_controls; epsilon_validity_nomination_then_full_score_flow_grid,full_d3_T120,repaired_permutation_ablation,201001,202001,True,"log_LQ[3,3]",6.361850038970392,6.460060633395229,0.09821059442483726,0.09821059442483726
fp64_gpu_xla_sqmc_reference_comparison,exact_scope_frozen_controls; epsilon_validity_nomination_then_full_score_flow_grid,full_d3_T120,repaired_permutation_ablation,201001,202001,True,log_R_variance,6.629710435680108,6.629929079780409,0.0002186441003004802,0.0002186441003004802
fp64_gpu_xla_sqmc_reference_comparison,exact_scope_frozen_controls; epsilon_validity_nomination_then_full_score_flow_grid,full_d3_T120,repaired_permutation_ablation,201001,202001,True,initial_mean_scale,2.0870987501413114,2.059201762800909,-0.027896987340402468,0.027896987340402468
fp64_gpu_xla_sqmc_reference_comparison,exact_scope_frozen_controls; epsilon_validity_nomination_then_full_score_flow_grid,full_d3_T120,repaired_permutation_ablation,201001,202002,True,"A[1,1]",1.0285388519929897,0.6969430828815266,-0.33159576911146305,0.33159576911146305
fp64_gpu_xla_sqmc_reference_comparison,exact_scope_frozen_controls; epsilon_validity_nomination_then_full_score_flow_grid,full_d3_T120,repaired_permutation_ablation,201001,202002,True,"A[1,2]",10.411548611744138,10.426721449988179,0.015172838244041031,0.015172838244041031
fp64_gpu_xla_sqmc_reference_comparison,exact_scope_frozen_controls; epsilon_validity_nomination_then_full_score_flow_grid,full_d3_T120,repaired_permutation_ablation,201001,202002,True,"A[1,3]",3.3109047459137946,3.192415010009106,-0.11848973590468859,0.11848973590468859
fp64_gpu_xla_sqmc_reference_comparison,exact_scope_frozen_controls; epsilon_validity_nomination_then_full_score_flow_grid,full_d3_T120,repaired_permutation_ablation,201001,202002,True,"A[2,1]",6.2340638405561855,6.6641445513952915,0.43008071083910604,0.43008071083910604
fp64_gpu_xla_sqmc_reference_comparison,exact_scope_frozen_controls; epsilon_validity_nomination_then_full_score_flow_grid,full_d3_T120,repaired_permutation_ablation,201001,202002,True,"A[2,2]",-14.421923203576343,-14.801210813466623,-0.3792876098902802,0.3792876098902802
fp64_gpu_xla_sqmc_reference_comparison,exact_scope_frozen_controls; epsilon_validity_nomination_then_full_score_flow_grid,full_d3_T120,repaired_permutation_ablation,201001,202002,True,"A[2,3]",12.196616692991595,12.565529092548854,0.3689123995572583,0.3689123995572583
fp64_gpu_xla_sqmc_reference_comparison,exact_scope_frozen_controls; epsilon_validity_nomination_then_full_score_flow_grid,full_d3_T120,repaired_permutation_ablation,201001,202002,True,"A[3,1]",-7.978405918923209,-8.042048383971537,-0.0636424650483276,0.0636424650483276
fp64_gpu_xla_sqmc_reference_comparison,exact_scope_frozen_controls; epsilon_validity_nomination_then_full_score_flow_grid,full_d3_T120,repaired_permutation_ablation,201001,202002,True,"A[3,2]",5.548737522257262,5.7661953714358125,0.21745784917855016,0.21745784917855016
fp64_gpu_xla_sqmc_reference_comparison,exact_scope_frozen_controls; epsilon_validity_nomination_then_full_score_flow_grid,full_d3_T120,repaired_permutation_ablation,201001,202002,True,"A[3,3]",2.154232163546697,2.1437520550761278,-0.010480108470569238,0.010480108470569238
fp64_gpu_xla_sqmc_reference_comparison,exact_scope_frozen_controls; epsilon_validity_nomination_then_full_score_flow_grid,full_d3_T120,repaired_permutation_ablation,201001,202002,True,"log_LQ[1,1]",4.800293801981955,5.068036691830603,0.26774288984864736,0.26774288984864736
fp64_gpu_xla_sqmc_reference_comparison,exact_scope_frozen_controls; epsilon_validity_nomination_then_full_score_flow_grid,full_d3_T120,repaired_permutation_ablation,201001,202002,True,"LQ[2,1]",-2.737697900023022,-3.167473044454302,-0.4297751444312796,0.4297751444312796
fp64_gpu_xla_sqmc_reference_comparison,exact_scope_frozen_controls; epsilon_validity_nomination_then_full_score_flow_grid,full_d3_T120,repaired_permutation_ablation,201001,202002,True,"log_LQ[2,2]",2.63905436540356,2.873371620272685,0.2343172548691248,0.2343172548691248
fp64_gpu_xla_sqmc_reference_comparison,exact_scope_frozen_controls; epsilon_validity_nomination_then_full_score_flow_grid,full_d3_T120,repaired_permutation_ablation,201001,202002,True,"LQ[3,1]",-19.95825827734641,-19.76428637763015,0.19397189971626005,0.19397189971626005
fp64_gpu_xla_sqmc_reference_comparison,exact_scope_frozen_controls; epsilon_validity_nomination_then_full_score_flow_grid,full_d3_T120,repaired_permutation_ablation,201001,202002,True,"LQ[3,2]",-27.763391990789337,-28.034265109907594,-0.2708731191182565,0.2708731191182565
fp64_gpu_xla_sqmc_reference_comparison,exact_scope_frozen_controls; epsilon_validity_nomination_then_full_score_flow_grid,full_d3_T120,repaired_permutation_ablation,201001,202002,True,"log_LQ[3,3]",6.361850038970392,6.354141624290858,-0.007708414679533426,0.007708414679533426
fp64_gpu_xla_sqmc_reference_comparison,exact_scope_frozen_controls; epsilon_validity_nomination_then_full_score_flow_grid,full_d3_T120,repaired_permutation_ablation,201001,202002,True,log_R_variance,6.629710435680108,6.691685697542395,0.06197526186228686,0.06197526186228686
fp64_gpu_xla_sqmc_reference_comparison,exact_scope_frozen_controls; epsilon_validity_nomination_then_full_score_flow_grid,full_d3_T120,repaired_permutation_ablation,201001,202002,True,initial_mean_scale,2.0870987501413114,2.1069282716120346,0.019829521470723144,0.019829521470723144
fp64_gpu_xla_sqmc_reference_comparison,exact_scope_frozen_controls; epsilon_validity_nomination_then_full_score_flow_grid,full_d3_T120,repaired_permutation_ablation,201002,202001,True,"A[1,1]",-19.84892221485832,-20.014354589701554,-0.1654323748432347,0.1654323748432347
fp64_gpu_xla_sqmc_reference_comparison,exact_scope_frozen_controls; epsilon_validity_nomination_then_full_score_flow_grid,full_d3_T120,repaired_permutation_ablation,201002,202001,True,"A[1,2]",10.67611870848977,10.848767349667959,0.17264864117818846,0.17264864117818846
fp64_gpu_xla_sqmc_reference_comparison,exact_scope_frozen_controls; epsilon_validity_nomination_then_full_score_flow_grid,full_d3_T120,repaired_permutation_ablation,201002,202001,True,"A[1,3]",-4.387731990948818,-4.567662842617008,-0.1799308516681899,0.1799308516681899
fp64_gpu_xla_sqmc_reference_comparison,exact_scope_frozen_controls; epsilon_validity_nomination_then_full_score_flow_grid,full_d3_T120,repaired_permutation_ablation,201002,202001,True,"A[2,1]",-16.189463326855684,-16.352504001007883,-0.16304067415219947,0.16304067415219947
fp64_gpu_xla_sqmc_reference_comparison,exact_scope_frozen_controls; epsilon_validity_nomination_then_full_score_flow_grid,full_d3_T120,repaired_permutation_ablation,201002,202001,True,"A[2,2]",0.5374266458011477,0.6229335530881597,0.08550690728701194,0.08550690728701194
fp64_gpu_xla_sqmc_reference_comparison,exact_scope_frozen_controls; epsilon_validity_nomination_then_full_score_flow_grid,full_d3_T120,repaired_permutation_ablation,201002,202001,True,"A[2,3]",2.5797886471766187,2.933912574197901,0.35412392702128237,0.35412392702128237
fp64_gpu_xla_sqmc_reference_comparison,exact_scope_frozen_controls; epsilon_validity_nomination_then_full_score_flow_grid,full_d3_T120,repaired_permutation_ablation,201002,202001,True,"A[3,1]",-14.066020815325457,-14.212839472024061,-0.1468186566986045,0.1468186566986045
fp64_gpu_xla_sqmc_reference_comparison,exact_scope_frozen_controls; epsilon_validity_nomination_then_full_score_flow_grid,full_d3_T120,repaired_permutation_ablation,201002,202001,True,"A[3,2]",-0.25245267440568087,-0.032478019950027415,0.21997465445565345,0.21997465445565345
fp64_gpu_xla_sqmc_reference_comparison,exact_scope_frozen_controls; epsilon_validity_nomination_then_full_score_flow_grid,full_d3_T120,repaired_permutation_ablation,201002,202001,True,"A[3,3]",-14.493442933105289,-14.323867257116506,0.1695756759887832,0.1695756759887832
fp64_gpu_xla_sqmc_reference_comparison,exact_scope_frozen_controls; epsilon_validity_nomination_then_full_score_flow_grid,full_d3_T120,repaired_permutation_ablation,201002,202001,True,"log_LQ[1,1]",-7.7155420612647845,-7.681966510627043,0.033575550637741536,0.033575550637741536
fp64_gpu_xla_sqmc_reference_comparison,exact_scope_frozen_controls; epsilon_validity_nomination_then_full_score_flow_grid,full_d3_T120,repaired_permutation_ablation,201002,202001,True,"LQ[2,1]",13.421854256933043,13.363265552920923,-0.05858870401212002,0.05858870401212002
fp64_gpu_xla_sqmc_reference_comparison,exact_scope_frozen_controls; epsilon_validity_nomination_then_full_score_flow_grid,full_d3_T120,repaired_permutation_ablation,201002,202001,True,"log_LQ[2,2]",5.772913427901647,5.716500936159099,-0.05641249174254881,0.05641249174254881
fp64_gpu_xla_sqmc_reference_comparison,exact_scope_frozen_controls; epsilon_validity_nomination_then_full_score_flow_grid,full_d3_T120,repaired_permutation_ablation,201002,202001,True,"LQ[3,1]",-1.6445772514017456,-1.400457114870024,0.2441201365317216,0.2441201365317216
fp64_gpu_xla_sqmc_reference_comparison,exact_scope_frozen_controls; epsilon_validity_nomination_then_full_score_flow_grid,full_d3_T120,repaired_permutation_ablation,201002,202001,True,"LQ[3,2]",5.880238485794575,5.721024045600257,-0.15921444019431785,0.15921444019431785
fp64_gpu_xla_sqmc_reference_comparison,exact_scope_frozen_controls; epsilon_validity_nomination_then_full_score_flow_grid,full_d3_T120,repaired_permutation_ablation,201002,202001,True,"log_LQ[3,3]",-6.210077838555123,-6.334961612344333,-0.12488377378921012,0.12488377378921012
fp64_gpu_xla_sqmc_reference_comparison,exact_scope_frozen_controls; epsilon_validity_nomination_then_full_score_flow_grid,full_d3_T120,repaired_permutation_ablation,201002,202001,True,log_R_variance,3.110898791652585,3.0736916357818074,-0.03720715587077761,0.03720715587077761
fp64_gpu_xla_sqmc_reference_comparison,exact_scope_frozen_controls; epsilon_validity_nomination_then_full_score_flow_grid,full_d3_T120,repaired_permutation_ablation,201002,202001,True,initial_mean_scale,0.7170785472104211,0.7572539346378728,0.04017538742745175,0.04017538742745175
fp64_gpu_xla_sqmc_reference_comparison,exact_scope_frozen_controls; epsilon_validity_nomination_then_full_score_flow_grid,full_d3_T120,repaired_permutation_ablation,201002,202002,True,"A[1,1]",-19.84892221485832,-19.913379111997838,-0.06445689713951808,0.06445689713951808
fp64_gpu_xla_sqmc_reference_comparison,exact_scope_frozen_controls; epsilon_validity_nomination_then_full_score_flow_grid,full_d3_T120,repaired_permutation_ablation,201002,202002,True,"A[1,2]",10.67611870848977,10.833853241705985,0.1577345332162139,0.1577345332162139
fp64_gpu_xla_sqmc_reference_comparison,exact_scope_frozen_controls; epsilon_validity_nomination_then_full_score_flow_grid,full_d3_T120,repaired_permutation_ablation,201002,202002,True,"A[1,3]",-4.387731990948818,-4.278253214724594,0.10947877622422375,0.10947877622422375
fp64_gpu_xla_sqmc_reference_comparison,exact_scope_frozen_controls; epsilon_validity_nomination_then_full_score_flow_grid,full_d3_T120,repaired_permutation_ablation,201002,202002,True,"A[2,1]",-16.189463326855684,-16.379145956487886,-0.18968262963220184,0.18968262963220184
fp64_gpu_xla_sqmc_reference_comparison,exact_scope_frozen_controls; epsilon_validity_nomination_then_full_score_flow_grid,full_d3_T120,repaired_permutation_ablation,201002,202002,True,"A[2,2]",0.5374266458011477,0.6015317700659258,0.0641051242647781,0.0641051242647781
fp64_gpu_xla_sqmc_reference_comparison,exact_scope_frozen_controls; epsilon_validity_nomination_then_full_score_flow_grid,full_d3_T120,repaired_permutation_ablation,201002,202002,True,"A[2,3]",2.5797886471766187,2.8369101817508477,0.25712153457422904,0.25712153457422904
fp64_gpu_xla_sqmc_reference_comparison,exact_scope_frozen_controls; epsilon_validity_nomination_then_full_score_flow_grid,full_d3_T120,repaired_permutation_ablation,201002,202002,True,"A[3,1]",-14.066020815325457,-13.932270028139978,0.13375078718547861,0.13375078718547861
fp64_gpu_xla_sqmc_reference_comparison,exact_scope_frozen_controls; epsilon_validity_nomination_then_full_score_flow_grid,full_d3_T120,repaired_permutation_ablation,201002,202002,True,"A[3,2]",-0.25245267440568087,-0.27712784804512225,-0.024675173639441383,0.024675173639441383
fp64_gpu_xla_sqmc_reference_comparison,exact_scope_frozen_controls; epsilon_validity_nomination_then_full_score_flow_grid,full_d3_T120,repaired_permutation_ablation,201002,202002,True,"A[3,3]",-14.493442933105289,-14.545517667778025,-0.052074734672736156,0.052074734672736156
fp64_gpu_xla_sqmc_reference_comparison,exact_scope_frozen_controls; epsilon_validity_nomination_then_full_score_flow_grid,full_d3_T120,repaired_permutation_ablation,201002,202002,True,"log_LQ[1,1]",-7.7155420612647845,-7.780016368921786,-0.0644743076570018,0.0644743076570018
fp64_gpu_xla_sqmc_reference_comparison,exact_scope_frozen_controls; epsilon_validity_nomination_then_full_score_flow_grid,full_d3_T120,repaired_permutation_ablation,201002,202002,True,"LQ[2,1]",13.421854256933043,13.561030745406569,0.1391764884735256,0.1391764884735256
fp64_gpu_xla_sqmc_reference_comparison,exact_scope_frozen_controls; epsilon_validity_nomination_then_full_score_flow_grid,full_d3_T120,repaired_permutation_ablation,201002,202002,True,"log_LQ[2,2]",5.772913427901647,5.7875604871473705,0.01464705924572307,0.01464705924572307
fp64_gpu_xla_sqmc_reference_comparison,exact_scope_frozen_controls; epsilon_validity_nomination_then_full_score_flow_grid,full_d3_T120,repaired_permutation_ablation,201002,202002,True,"LQ[3,1]",-1.6445772514017456,-1.819345557209422,-0.17476830580767633,0.17476830580767633
fp64_gpu_xla_sqmc_reference_comparison,exact_scope_frozen_controls; epsilon_validity_nomination_then_full_score_flow_grid,full_d3_T120,repaired_permutation_ablation,201002,202002,True,"LQ[3,2]",5.880238485794575,5.718853073042663,-0.16138541275191187,0.16138541275191187
fp64_gpu_xla_sqmc_reference_comparison,exact_scope_frozen_controls; epsilon_validity_nomination_then_full_score_flow_grid,full_d3_T120,repaired_permutation_ablation,201002,202002,True,"log_LQ[3,3]",-6.210077838555123,-6.185811032866993,0.024266805688130333,0.024266805688130333
fp64_gpu_xla_sqmc_reference_comparison,exact_scope_frozen_controls; epsilon_validity_nomination_then_full_score_flow_grid,full_d3_T120,repaired_permutation_ablation,201002,202002,True,log_R_variance,3.110898791652585,3.1030495180074396,-0.007849273645145427,0.007849273645145427
fp64_gpu_xla_sqmc_reference_comparison,exact_scope_frozen_controls; epsilon_validity_nomination_then_full_score_flow_grid,full_d3_T120,repaired_permutation_ablation,201002,202002,True,initial_mean_scale,0.7170785472104211,0.743300843796411,0.026222296585989957,0.026222296585989957
fp64_gpu_xla_sqmc_reference_comparison,exact_scope_frozen_controls; epsilon_validity_nomination_then_full_score_flow_grid,full_d10_T2,iid_dual_cap,201001,202001,True,"A[1,1]",-1.8405412628695577,-1.2581484610330795,0.5823928018364781,0.5823928018364781
fp64_gpu_xla_sqmc_reference_comparison,exact_scope_frozen_controls; epsilon_validity_nomination_then_full_score_flow_grid,full_d10_T2,iid_dual_cap,201001,202001,True,"A[1,2]",0.12405711303755015,0.2773455640161492,0.15328845097859903,0.15328845097859903
fp64_gpu_xla_sqmc_reference_comparison,exact_scope_frozen_controls; epsilon_validity_nomination_then_full_score_flow_grid,full_d10_T2,iid_dual_cap,201001,202001,True,"A[1,3]",1.2083689603215206,1.9511012073828868,0.7427322470613662,0.7427322470613662
fp64_gpu_xla_sqmc_reference_comparison,exact_scope_frozen_controls; epsilon_validity_nomination_then_full_score_flow_grid,full_d10_T2,iid_dual_cap,201001,202001,True,"A[1,4]",0.9039498160966681,1.7672649648041419,0.8633151487074737,0.8633151487074737
fp64_gpu_xla_sqmc_reference_comparison,exact_scope_frozen_controls; epsilon_validity_nomination_then_full_score_flow_grid,full_d10_T2,iid_dual_cap,201001,202001,True,"A[1,5]",1.6233540589401598,1.6977482341634444,0.07439417522328462,0.07439417522328462
fp64_gpu_xla_sqmc_reference_comparison,exact_scope_frozen_controls; epsilon_validity_nomination_then_full_score_flow_grid,full_d10_T2,iid_dual_cap,201001,202001,True,"A[1,6]",-0.8951698812224791,0.34840898827198385,1.243578869494463,1.243578869494463
fp64_gpu_xla_sqmc_reference_comparison,exact_scope_frozen_controls; epsilon_validity_nomination_then_full_score_flow_grid,full_d10_T2,iid_dual_cap,201001,202001,True,"A[1,7]",1.0983795483826784,0.8379008012177025,-0.2604787471649759,0.2604787471649759
fp64_gpu_xla_sqmc_reference_comparison,exact_scope_frozen_controls; epsilon_validity_nomination_then_full_score_flow_grid,full_d10_T2,iid_dual_cap,201001,202001,True,"A[1,8]",-0.19487576566126597,-0.34226664061446355,-0.14739087495319758,0.14739087495319758
fp64_gpu_xla_sqmc_reference_comparison,exact_scope_frozen_controls; epsilon_validity_nomination_then_full_score_flow_grid,full_d10_T2,iid_dual_cap,201001,202001,True,"A[1,9]",0.8315412439221966,0.7474271330738375,-0.08411411084835918,0.08411411084835918
fp64_gpu_xla_sqmc_reference_comparison,exact_scope_frozen_controls; epsilon_validity_nomination_then_full_score_flow_grid,full_d10_T2,iid_dual_cap,201001,202001,True,"A[1,10]",-0.10510141849900892,0.24218446655996928,0.34728588505897817,0.34728588505897817
fp64_gpu_xla_sqmc_reference_comparison,exact_scope_frozen_controls; epsilon_validity_nomination_then_full_score_flow_grid,full_d10_T2,iid_dual_cap,201001,202001,True,"A[2,1]",0.334244377419867,0.5222718128701461,0.1880274354502791,0.1880274354502791
fp64_gpu_xla_sqmc_reference_comparison,exact_scope_frozen_controls; epsilon_validity_nomination_then_full_score_flow_grid,full_d10_T2,iid_dual_cap,201001,202001,True,"A[2,2]",-1.009325865451665,-0.9360595149589295,0.07326635049273555,0.07326635049273555
fp64_gpu_xla_sqmc_reference_comparison,exact_scope_frozen_controls; epsilon_validity_nomination_then_full_score_flow_grid,full_d10_T2,iid_dual_cap,201001,202001,True,"A[2,3]",-0.4740926697431398,-1.0387224965289854,-0.5646298267858456,0.5646298267858456
fp64_gpu_xla_sqmc_reference_comparison,exact_scope_frozen_controls; epsilon_validity_nomination_then_full_score_flow_grid,full_d10_T2,iid_dual_cap,201001,202001,True,"A[2,4]",-0.3507452514565778,-1.0485665620312534,-0.6978213105746756,0.6978213105746756
fp64_gpu_xla_sqmc_reference_comparison,exact_scope_frozen_controls; epsilon_validity_nomination_then_full_score_flow_grid,full_d10_T2,iid_dual_cap,201001,202001,True,"A[2,5]",-0.6356039536416009,-0.9226983121988376,-0.28709435855723664,0.28709435855723664
fp64_gpu_xla_sqmc_reference_comparison,exact_scope_frozen_controls; epsilon_validity_nomination_then_full_score_flow_grid,full_d10_T2,iid_dual_cap,201001,202001,True,"A[2,6]",0.3502951834202437,0.23373552935295205,-0.11655965406729163,0.11655965406729163
fp64_gpu_xla_sqmc_reference_comparison,exact_scope_frozen_controls; epsilon_validity_nomination_then_full_score_flow_grid,full_d10_T2,iid_dual_cap,201001,202001,True,"A[2,7]",-0.4296347361027879,-0.5985540109640598,-0.1689192748612719,0.1689192748612719
fp64_gpu_xla_sqmc_reference_comparison,exact_scope_frozen_controls; epsilon_validity_nomination_then_full_score_flow_grid,full_d10_T2,iid_dual_cap,201001,202001,True,"A[2,8]",0.07446516390295842,0.09894803093826757,0.02448286703530915,0.02448286703530915
fp64_gpu_xla_sqmc_reference_comparison,exact_scope_frozen_controls; epsilon_validity_nomination_then_full_score_flow_grid,full_d10_T2,iid_dual_cap,201001,202001,True,"A[2,9]",-0.32411968950971254,-0.36304567939456334,-0.0389259898848508,0.0389259898848508
fp64_gpu_xla_sqmc_reference_comparison,exact_scope_frozen_controls; epsilon_validity_nomination_then_full_score_flow_grid,full_d10_T2,iid_dual_cap,201001,202001,True,"A[2,10]",0.038075704787584985,0.28981624615840096,0.251740541370816,0.251740541370816
fp64_gpu_xla_sqmc_reference_comparison,exact_scope_frozen_controls; epsilon_validity_nomination_then_full_score_flow_grid,full_d10_T2,iid_dual_cap,201001,202001,True,"A[3,1]",-0.0973508956488851,-0.15525403099202606,-0.057903135343140955,0.057903135343140955
fp64_gpu_xla_sqmc_reference_comparison,exact_scope_frozen_controls; epsilon_validity_nomination_then_full_score_flow_grid,full_d10_T2,iid_dual_cap,201001,202001,True,"A[3,2]",0.05007209635770711,0.0016510883315695724,-0.04842100802613754,0.04842100802613754
fp64_gpu_xla_sqmc_reference_comparison,exact_scope_frozen_controls; epsilon_validity_nomination_then_full_score_flow_grid,full_d10_T2,iid_dual_cap,201001,202001,True,"A[3,3]",-0.8862376853492326,-1.0355798142883956,-0.149342128939163,0.149342128939163
fp64_gpu_xla_sqmc_reference_comparison,exact_scope_frozen_controls; epsilon_validity_nomination_then_full_score_flow_grid,full_d10_T2,iid_dual_cap,201001,202001,True,"A[3,4]",0.16606854318272946,0.1368173538633788,-0.029251189319350668,0.029251189319350668
fp64_gpu_xla_sqmc_reference_comparison,exact_scope_frozen_controls; epsilon_validity_nomination_then_full_score_flow_grid,full_d10_T2,iid_dual_cap,201001,202001,True,"A[3,5]",0.13870366199830464,0.20509529043407104,0.0663916284357664,0.0663916284357664
fp64_gpu_xla_sqmc_reference_comparison,exact_scope_frozen_controls; epsilon_validity_nomination_then_full_score_flow_grid,full_d10_T2,iid_dual_cap,201001,202001,True,"A[3,6]",-0.046921523553172806,-0.3070647098163468,-0.260143186263174,0.260143186263174
fp64_gpu_xla_sqmc_reference_comparison,exact_scope_frozen_controls; epsilon_validity_nomination_then_full_score_flow_grid,full_d10_T2,iid_dual_cap,201001,202001,True,"A[3,7]",0.07793381153520185,-0.30239864230815716,-0.380332453843359,0.380332453843359
fp64_gpu_xla_sqmc_reference_comparison,exact_scope_frozen_controls; epsilon_validity_nomination_then_full_score_flow_grid,full_d10_T2,iid_dual_cap,201001,202001,True,"A[3,8]",0.050505118534347346,0.41483293062985127,0.3643278120955039,0.3643278120955039
fp64_gpu_xla_sqmc_reference_comparison,exact_scope_frozen_controls; epsilon_validity_nomination_then_full_score_flow_grid,full_d10_T2,iid_dual_cap,201001,202001,True,"A[3,9]",0.044756981826564735,-0.06960350610122362,-0.11436048792778836,0.11436048792778836
fp64_gpu_xla_sqmc_reference_comparison,exact_scope_frozen_controls; epsilon_validity_nomination_then_full_score_flow_grid,full_d10_T2,iid_dual_cap,201001,202001,True,"A[3,10]",0.06220362058178791,0.21746132493231096,0.15525770435052305,0.15525770435052305
fp64_gpu_xla_sqmc_reference_comparison,exact_scope_frozen_controls; epsilon_validity_nomination_then_full_score_flow_grid,full_d10_T2,iid_dual_cap,201001,202001,True,"A[4,1]",-0.12879264023887926,0.3380132503351444,0.46680589057402366,0.46680589057402366
fp64_gpu_xla_sqmc_reference_comparison,exact_scope_frozen_controls; epsilon_validity_nomination_then_full_score_flow_grid,full_d10_T2,iid_dual_cap,201001,202001,True,"A[4,2]",0.08510133903903572,-0.18336482189234982,-0.26846616093138553,0.26846616093138553
fp64_gpu_xla_sqmc_reference_comparison,exact_scope_frozen_controls; epsilon_validity_nomination_then_full_score_flow_grid,full_d10_T2,iid_dual_cap,201001,202001,True,"A[4,3]",0.046810962329739025,-0.677947498207538,-0.724758460537277,0.724758460537277
fp64_gpu_xla_sqmc_reference_comparison,exact_scope_frozen_controls; epsilon_validity_nomination_then_full_score_flow_grid,full_d10_T2,iid_dual_cap,201001,202001,True,"A[4,4]",-0.7594570487421703,-1.3395026312189091,-0.5800455824767388,0.5800455824767388
fp64_gpu_xla_sqmc_reference_comparison,exact_scope_frozen_controls; epsilon_validity_nomination_then_full_score_flow_grid,full_d10_T2,iid_dual_cap,201001,202001,True,"A[4,5]",0.10909897052106454,-0.7640136808742111,-0.8731126513952756,0.8731126513952756
fp64_gpu_xla_sqmc_reference_comparison,exact_scope_frozen_controls; epsilon_validity_nomination_then_full_score_flow_grid,full_d10_T2,iid_dual_cap,201001,202001,True,"A[4,6]",-0.016286079591655955,0.13796906571496537,0.15425514530662132,0.15425514530662132
fp64_gpu_xla_sqmc_reference_comparison,exact_scope_frozen_controls; epsilon_validity_nomination_then_full_score_flow_grid,full_d10_T2,iid_dual_cap,201001,202001,True,"A[4,7]",0.051161770698915365,-0.43749588744688805,-0.4886576581458034,0.4886576581458034
fp64_gpu_xla_sqmc_reference_comparison,exact_scope_frozen_controls; epsilon_validity_nomination_then_full_score_flow_grid,full_d10_T2,iid_dual_cap,201001,202001,True,"A[4,8]",0.0806084794867568,0.4422542729202503,0.3616457934334935,0.3616457934334935
fp64_gpu_xla_sqmc_reference_comparison,exact_scope_frozen_controls; epsilon_validity_nomination_then_full_score_flow_grid,full_d10_T2,iid_dual_cap,201001,202001,True,"A[4,9]",0.02161959526692292,-0.24634479219380367,-0.2679643874607266,0.2679643874607266
fp64_gpu_xla_sqmc_reference_comparison,exact_scope_frozen_controls; epsilon_validity_nomination_then_full_score_flow_grid,full_d10_T2,iid_dual_cap,201001,202001,True,"A[4,10]",0.08782273411889809,0.07268508236867555,-0.015137651750222539,0.015137651750222539
fp64_gpu_xla_sqmc_reference_comparison,exact_scope_frozen_controls; epsilon_validity_nomination_then_full_score_flow_grid,full_d10_T2,iid_dual_cap,201001,202001,True,"A[5,1]",-1.151631566668114,-1.1717449787526235,-0.020113412084509452,0.020113412084509452
fp64_gpu_xla_sqmc_reference_comparison,exact_scope_frozen_controls; epsilon_validity_nomination_then_full_score_flow_grid,full_d10_T2,iid_dual_cap,201001,202001,True,"A[5,2]",0.28388815184752636,0.5138484599459832,0.2299603080984568,0.2299603080984568
fp64_gpu_xla_sqmc_reference_comparison,exact_scope_frozen_controls; epsilon_validity_nomination_then_full_score_flow_grid,full_d10_T2,iid_dual_cap,201001,202001,True,"A[5,3]",1.3718587659614894,1.059886854961129,-0.31197191100036026,0.31197191100036026
fp64_gpu_xla_sqmc_reference_comparison,exact_scope_frozen_controls; epsilon_validity_nomination_then_full_score_flow_grid,full_d10_T2,iid_dual_cap,201001,202001,True,"A[5,4]",1.3458163698901688,1.1722264984728739,-0.17358987141729498,0.17358987141729498
fp64_gpu_xla_sqmc_reference_comparison,exact_scope_frozen_controls; epsilon_validity_nomination_then_full_score_flow_grid,full_d10_T2,iid_dual_cap,201001,202001,True,"A[5,5]",0.9712638914813987,1.0900106313000477,0.11874673981864903,0.11874673981864903
fp64_gpu_xla_sqmc_reference_comparison,exact_scope_frozen_controls; epsilon_validity_nomination_then_full_score_flow_grid,full_d10_T2,iid_dual_cap,201001,202001,True,"A[5,6]",-0.9858025522388729,-0.8532064875350214,0.13259606470385155,0.13259606470385155
fp64_gpu_xla_sqmc_reference_comparison,exact_scope_frozen_controls; epsilon_validity_nomination_then_full_score_flow_grid,full_d10_T2,iid_dual_cap,201001,202001,True,"A[5,7]",1.268441156469678,1.2122889762845062,-0.056152180185171874,0.056152180185171874
fp64_gpu_xla_sqmc_reference_comparison,exact_scope_frozen_controls; epsilon_validity_nomination_then_full_score_flow_grid,full_d10_T2,iid_dual_cap,201001,202001,True,"A[5,8]",-0.05068204747381318,0.6126627106855709,0.6633447581593841,0.6633447581593841
fp64_gpu_xla_sqmc_reference_comparison,exact_scope_frozen_controls; epsilon_validity_nomination_then_full_score_flow_grid,full_d10_T2,iid_dual_cap,201001,202001,True,"A[5,9]",0.925576616754821,0.6479939421368233,-0.2775826746179977,0.2775826746179977
fp64_gpu_xla_sqmc_reference_comparison,exact_scope_frozen_controls; epsilon_validity_nomination_then_full_score_flow_grid,full_d10_T2,iid_dual_cap,201001,202001,True,"A[5,10]",0.06201526518792877,-0.2953125977731226,-0.35732786296105135,0.35732786296105135
fp64_gpu_xla_sqmc_reference_comparison,exact_scope_frozen_controls; epsilon_validity_nomination_then_full_score_flow_grid,full_d10_T2,iid_dual_cap,201001,202001,True,"A[6,1]",-0.02854457025664514,0.9076944485368554,0.9362390187935006,0.9362390187935006
fp64_gpu_xla_sqmc_reference_comparison,exact_scope_frozen_controls; epsilon_validity_nomination_then_full_score_flow_grid,full_d10_T2,iid_dual_cap,201001,202001,True,"A[6,2]",-0.010441762511187794,-0.14401841983518504,-0.13357665732399726,0.13357665732399726
fp64_gpu_xla_sqmc_reference_comparison,exact_scope_frozen_controls; epsilon_validity_nomination_then_full_score_flow_grid,full_d10_T2,iid_dual_cap,201001,202001,True,"A[6,3]",0.052520746578330835,0.004748600173816231,-0.047772146404514604,0.047772146404514604
fp64_gpu_xla_sqmc_reference_comparison,exact_scope_frozen_controls; epsilon_validity_nomination_then_full_score_flow_grid,full_d10_T2,iid_dual_cap,201001,202001,True,"A[6,4]",-0.0060835699401260435,-0.1562845781119352,-0.15020100817180915,0.15020100817180915
fp64_gpu_xla_sqmc_reference_comparison,exact_scope_frozen_controls; epsilon_validity_nomination_then_full_score_flow_grid,full_d10_T2,iid_dual_cap,201001,202001,True,"A[6,5]",0.053724444644627556,-0.4353618364000589,-0.48908628104468643,0.48908628104468643
fp64_gpu_xla_sqmc_reference_comparison,exact_scope_frozen_controls; epsilon_validity_nomination_then_full_score_flow_grid,full_d10_T2,iid_dual_cap,201001,202001,True,"A[6,6]",-1.0039772680754557,0.38669435513820616,1.3906716232136618,1.3906716232136618
fp64_gpu_xla_sqmc_reference_comparison,exact_scope_frozen_controls; epsilon_validity_nomination_then_full_score_flow_grid,full_d10_T2,iid_dual_cap,201001,202001,True,"A[6,7]",0.04136118332889982,-0.32912027099186014,-0.37048145432075996,0.37048145432075996
fp64_gpu_xla_sqmc_reference_comparison,exact_scope_frozen_controls; epsilon_validity_nomination_then_full_score_flow_grid,full_d10_T2,iid_dual_cap,201001,202001,True,"A[6,8]",-0.03548566383991745,-0.3563015126923548,-0.32081584885243736,0.32081584885243736
fp64_gpu_xla_sqmc_reference_comparison,exact_scope_frozen_controls; epsilon_validity_nomination_then_full_score_flow_grid,full_d10_T2,iid_dual_cap,201001,202001,True,"A[6,9]",0.03796036498273575,-0.15194026230017038,-0.18990062728290613,0.18990062728290613
fp64_gpu_xla_sqmc_reference_comparison,exact_scope_frozen_controls; epsilon_validity_nomination_then_full_score_flow_grid,full_d10_T2,iid_dual_cap,201001,202001,True,"A[6,10]",-0.03547405466927517,0.3985287572584779,0.4340028119277531,0.4340028119277531
fp64_gpu_xla_sqmc_reference_comparison,exact_scope_frozen_controls; epsilon_validity_nomination_then_full_score_flow_grid,full_d10_T2,iid_dual_cap,201001,202001,True,"A[7,1]",-1.621285485528584,-2.2571660963278513,-0.6358806107992672,0.6358806107992672
fp64_gpu_xla_sqmc_reference_comparison,exact_scope_frozen_controls; epsilon_validity_nomination_then_full_score_flow_grid,full_d10_T2,iid_dual_cap,201001,202001,True,"A[7,2]",0.3586148183232213,0.764849626165311,0.40623480784208976,0.40623480784208976
fp64_gpu_xla_sqmc_reference_comparison,exact_scope_frozen_controls; epsilon_validity_nomination_then_full_score_flow_grid,full_d10_T2,iid_dual_cap,201001,202001,True,"A[7,3]",1.9980871048466877,2.2039401908923977,0.20585308604570995,0.20585308604570995
fp64_gpu_xla_sqmc_reference_comparison,exact_scope_frozen_controls; epsilon_validity_nomination_then_full_score_flow_grid,full_d10_T2,iid_dual_cap,201001,202001,True,"A[7,4]",1.8311683462819435,2.7372232297017898,0.9060548834198463,0.9060548834198463
fp64_gpu_xla_sqmc_reference_comparison,exact_scope_frozen_controls; epsilon_validity_nomination_then_full_score_flow_grid,full_d10_T2,iid_dual_cap,201001,202001,True,"A[7,5]",2.7839288827184703,3.7578316674109113,0.9739027846924411,0.9739027846924411
fp64_gpu_xla_sqmc_reference_comparison,exact_scope_frozen_controls; epsilon_validity_nomination_then_full_score_flow_grid,full_d10_T2,iid_dual_cap,201001,202001,True,"A[7,6]",-1.4510210418033163,-1.605573894653153,-0.15455285284983677,0.15455285284983677
fp64_gpu_xla_sqmc_reference_comparison,exact_scope_frozen_controls; epsilon_validity_nomination_then_full_score_flow_grid,full_d10_T2,iid_dual_cap,201001,202001,True,"A[7,7]",0.8844170501765056,1.1534930080537573,0.2690759578772517,0.2690759578772517
fp64_gpu_xla_sqmc_reference_comparison,exact_scope_frozen_controls; epsilon_validity_nomination_then_full_score_flow_grid,full_d10_T2,iid_dual_cap,201001,202001,True,"A[7,8]",-0.1496292006803488,0.6455256091271597,0.7951548098075085,0.7951548098075085
fp64_gpu_xla_sqmc_reference_comparison,exact_scope_frozen_controls; epsilon_validity_nomination_then_full_score_flow_grid,full_d10_T2,iid_dual_cap,201001,202001,True,"A[7,9]",1.3613593256582028,0.8003896766934403,-0.5609696489647625,0.5609696489647625
fp64_gpu_xla_sqmc_reference_comparison,exact_scope_frozen_controls; epsilon_validity_nomination_then_full_score_flow_grid,full_d10_T2,iid_dual_cap,201001,202001,True,"A[7,10]",0.009050886759979969,0.23888971674396617,0.2298388299839862,0.2298388299839862
fp64_gpu_xla_sqmc_reference_comparison,exact_scope_frozen_controls; epsilon_validity_nomination_then_full_score_flow_grid,full_d10_T2,iid_dual_cap,201001,202001,True,"A[8,1]",-0.13002367893392283,0.24261024405919046,0.37263392299311326,0.37263392299311326
fp64_gpu_xla_sqmc_reference_comparison,exact_scope_frozen_controls; epsilon_validity_nomination_then_full_score_flow_grid,full_d10_T2,iid_dual_cap,201001,202001,True,"A[8,2]",0.03974000695294491,-0.13152745062413085,-0.17126745757707576,0.17126745757707576
fp64_gpu_xla_sqmc_reference_comparison,exact_scope_frozen_controls; epsilon_validity_nomination_then_full_score_flow_grid,full_d10_T2,iid_dual_cap,201001,202001,True,"A[8,3]",0.128496624037787,-0.17003029177048345,-0.29852691580827045,0.29852691580827045
fp64_gpu_xla_sqmc_reference_comparison,exact_scope_frozen_controls; epsilon_validity_nomination_then_full_score_flow_grid,full_d10_T2,iid_dual_cap,201001,202001,True,"A[8,4]",0.14646347457122613,-0.07407559396187968,-0.22053906853310581,0.22053906853310581
fp64_gpu_xla_sqmc_reference_comparison,exact_scope_frozen_controls; epsilon_validity_nomination_then_full_score_flow_grid,full_d10_T2,iid_dual_cap,201001,202001,True,"A[8,5]",0.18267787504930538,-0.06982162836865038,-0.2524995034179558,0.2524995034179558
fp64_gpu_xla_sqmc_reference_comparison,exact_scope_frozen_controls; epsilon_validity_nomination_then_full_score_flow_grid,full_d10_T2,iid_dual_cap,201001,202001,True,"A[8,6]",-0.0865634512416411,0.0650118220668155,0.1515752733084566,0.1515752733084566
fp64_gpu_xla_sqmc_reference_comparison,exact_scope_frozen_controls; epsilon_validity_nomination_then_full_score_flow_grid,full_d10_T2,iid_dual_cap,201001,202001,True,"A[8,7]",0.11367271886628325,0.25983224818517636,0.14615952931889312,0.14615952931889312
fp64_gpu_xla_sqmc_reference_comparison,exact_scope_frozen_controls; epsilon_validity_nomination_then_full_score_flow_grid,full_d10_T2,iid_dual_cap,201001,202001,True,"A[8,8]",-0.945368569219666,-0.7791062053067157,0.16626236391295035,0.16626236391295035
fp64_gpu_xla_sqmc_reference_comparison,exact_scope_frozen_controls; epsilon_validity_nomination_then_full_score_flow_grid,full_d10_T2,iid_dual_cap,201001,202001,True,"A[8,9]",0.07983895614565371,-0.15507111694142034,-0.23491007308707407,0.23491007308707407
fp64_gpu_xla_sqmc_reference_comparison,exact_scope_frozen_controls; epsilon_validity_nomination_then_full_score_flow_grid,full_d10_T2,iid_dual_cap,201001,202001,True,"A[8,10]",0.01647071868489078,-0.1611440480293883,-0.1776147667142791,0.1776147667142791
fp64_gpu_xla_sqmc_reference_comparison,exact_scope_frozen_controls; epsilon_validity_nomination_then_full_score_flow_grid,full_d10_T2,iid_dual_cap,201001,202001,True,"A[9,1]",0.20482993888429357,-0.4548198266294069,-0.6596497655137005,0.6596497655137005
fp64_gpu_xla_sqmc_reference_comparison,exact_scope_frozen_controls; epsilon_validity_nomination_then_full_score_flow_grid,full_d10_T2,iid_dual_cap,201001,202001,True,"A[9,2]",-0.02798043832303823,0.22067676054320168,0.2486571988662399,0.2486571988662399
fp64_gpu_xla_sqmc_reference_comparison,exact_scope_frozen_controls; epsilon_validity_nomination_then_full_score_flow_grid,full_d10_T2,iid_dual_cap,201001,202001,True,"A[9,3]",-0.2696989652270404,-0.020535771430330918,0.24916319379670948,0.24916319379670948
fp64_gpu_xla_sqmc_reference_comparison,exact_scope_frozen_controls; epsilon_validity_nomination_then_full_score_flow_grid,full_d10_T2,iid_dual_cap,201001,202001,True,"A[9,4]",-0.19088541161721645,0.33710927589690476,0.5279946875141213,0.5279946875141213
fp64_gpu_xla_sqmc_reference_comparison,exact_scope_frozen_controls; epsilon_validity_nomination_then_full_score_flow_grid,full_d10_T2,iid_dual_cap,201001,202001,True,"A[9,5]",-0.35535335908440735,0.38495987088147743,0.7403132299658848,0.7403132299658848
fp64_gpu_xla_sqmc_reference_comparison,exact_scope_frozen_controls; epsilon_validity_nomination_then_full_score_flow_grid,full_d10_T2,iid_dual_cap,201001,202001,True,"A[9,6]",0.19813066915608102,-0.5219501585758575,-0.7200808277319385,0.7200808277319385
fp64_gpu_xla_sqmc_reference_comparison,exact_scope_frozen_controls; epsilon_validity_nomination_then_full_score_flow_grid,full_d10_T2,iid_dual_cap,201001,202001,True,"A[9,7]",-0.239177999339602,-0.2931075248210936,-0.0539295254814916,0.0539295254814916
fp64_gpu_xla_sqmc_reference_comparison,exact_scope_frozen_controls; epsilon_validity_nomination_then_full_score_flow_grid,full_d10_T2,iid_dual_cap,201001,202001,True,"A[9,8]",0.04917757427128328,0.23432519460002726,0.185147620328744,0.185147620328744
fp64_gpu_xla_sqmc_reference_comparison,exact_scope_frozen_controls; epsilon_validity_nomination_then_full_score_flow_grid,full_d10_T2,iid_dual_cap,201001,202001,True,"A[9,9]",-1.1254376375860404,-0.9222639854043908,0.20317365218164962,0.20317365218164962
fp64_gpu_xla_sqmc_reference_comparison,exact_scope_frozen_controls; epsilon_validity_nomination_then_full_score_flow_grid,full_d10_T2,iid_dual_cap,201001,202001,True,"A[9,10]",0.030500427946176863,-0.11069156510977068,-0.14119199305594754,0.14119199305594754
fp64_gpu_xla_sqmc_reference_comparison,exact_scope_frozen_controls; epsilon_validity_nomination_then_full_score_flow_grid,full_d10_T2,iid_dual_cap,201001,202001,True,"A[10,1]",-1.7487300324327681,-1.3995152318416992,0.3492148005910689,0.3492148005910689
fp64_gpu_xla_sqmc_reference_comparison,exact_scope_frozen_controls; epsilon_validity_nomination_then_full_score_flow_grid,full_d10_T2,iid_dual_cap,201001,202001,True,"A[10,2]",0.37641283317227353,0.7839960527383699,0.4075832195660964,0.4075832195660964
fp64_gpu_xla_sqmc_reference_comparison,exact_scope_frozen_controls; epsilon_validity_nomination_then_full_score_flow_grid,full_d10_T2,iid_dual_cap,201001,202001,True,"A[10,3]",2.1492110126231876,2.569809532018406,0.4205985193952184,0.4205985193952184
fp64_gpu_xla_sqmc_reference_comparison,exact_scope_frozen_controls; epsilon_validity_nomination_then_full_score_flow_grid,full_d10_T2,iid_dual_cap,201001,202001,True,"A[10,4]",1.930461574672982,2.517328396252674,0.5868668215796917,0.5868668215796917
fp64_gpu_xla_sqmc_reference_comparison,exact_scope_frozen_controls; epsilon_validity_nomination_then_full_score_flow_grid,full_d10_T2,iid_dual_cap,201001,202001,True,"A[10,5]",2.974957403681122,2.69380841509295,-0.28114898858817217,0.28114898858817217
fp64_gpu_xla_sqmc_reference_comparison,exact_scope_frozen_controls; epsilon_validity_nomination_then_full_score_flow_grid,full_d10_T2,iid_dual_cap,201001,202001,True,"A[10,6]",-1.5579624095325548,-0.46100315373645306,1.0969592557961017,1.0969592557961017
fp64_gpu_xla_sqmc_reference_comparison,exact_scope_frozen_controls; epsilon_validity_nomination_then_full_score_flow_grid,full_d10_T2,iid_dual_cap,201001,202001,True,"A[10,7]",1.968517859397229,1.8902403836788437,-0.07827747571838528,0.07827747571838528
fp64_gpu_xla_sqmc_reference_comparison,exact_scope_frozen_controls; epsilon_validity_nomination_then_full_score_flow_grid,full_d10_T2,iid_dual_cap,201001,202001,True,"A[10,8]",-0.18076158688593522,-0.2864129140806987,-0.10565132719476347,0.10565132719476347
fp64_gpu_xla_sqmc_reference_comparison,exact_scope_frozen_controls; epsilon_validity_nomination_then_full_score_flow_grid,full_d10_T2,iid_dual_cap,201001,202001,True,"A[10,9]",1.456237976442527,1.1723140781206576,-0.2839238983218695,0.2839238983218695
fp64_gpu_xla_sqmc_reference_comparison,exact_scope_frozen_controls; epsilon_validity_nomination_then_full_score_flow_grid,full_d10_T2,iid_dual_cap,201001,202001,True,"A[10,10]",-0.947777789316981,-0.6297237205092441,0.3180540688077369,0.3180540688077369
fp64_gpu_xla_sqmc_reference_comparison,exact_scope_frozen_controls; epsilon_validity_nomination_then_full_score_flow_grid,full_d10_T2,iid_dual_cap,201001,202001,True,"log_LQ[1,1]",1.1604249884193487,0.6411881436989605,-0.5192368447203882,0.5192368447203882
fp64_gpu_xla_sqmc_reference_comparison,exact_scope_frozen_controls; epsilon_validity_nomination_then_full_score_flow_grid,full_d10_T2,iid_dual_cap,201001,202001,True,"LQ[2,1]",-1.6342809305399455,-2.0098435887151007,-0.3755626581751552,0.3755626581751552
fp64_gpu_xla_sqmc_reference_comparison,exact_scope_frozen_controls; epsilon_validity_nomination_then_full_score_flow_grid,full_d10_T2,iid_dual_cap,201001,202001,True,"log_LQ[2,2]",-0.6386450083579979,-0.5200835997460658,0.1185614086119321,0.1185614086119321
fp64_gpu_xla_sqmc_reference_comparison,exact_scope_frozen_controls; epsilon_validity_nomination_then_full_score_flow_grid,full_d10_T2,iid_dual_cap,201001,202001,True,"LQ[3,1]",-2.2064273175155256,-2.939978584553265,-0.7335512670377393,0.7335512670377393
fp64_gpu_xla_sqmc_reference_comparison,exact_scope_frozen_controls; epsilon_validity_nomination_then_full_score_flow_grid,full_d10_T2,iid_dual_cap,201001,202001,True,"LQ[3,2]",0.5843362200434306,0.894829659598561,0.3104934395551304,0.3104934395551304
fp64_gpu_xla_sqmc_reference_comparison,exact_scope_frozen_controls; epsilon_validity_nomination_then_full_score_flow_grid,full_d10_T2,iid_dual_cap,201001,202001,True,"log_LQ[3,3]",-0.208563557210624,0.20696676538493308,0.4155303225955571,0.4155303225955571
fp64_gpu_xla_sqmc_reference_comparison,exact_scope_frozen_controls; epsilon_validity_nomination_then_full_score_flow_grid,full_d10_T2,iid_dual_cap,201001,202001,True,"LQ[4,1]",-2.404857961128028,-3.469670907715292,-1.064812946587264,1.064812946587264
fp64_gpu_xla_sqmc_reference_comparison,exact_scope_frozen_controls; epsilon_validity_nomination_then_full_score_flow_grid,full_d10_T2,iid_dual_cap,201001,202001,True,"LQ[4,2]",0.5817453337963082,0.943815927493508,0.36207059369719974,0.36207059369719974
fp64_gpu_xla_sqmc_reference_comparison,exact_scope_frozen_controls; epsilon_validity_nomination_then_full_score_flow_grid,full_d10_T2,iid_dual_cap,201001,202001,True,"LQ[4,3]",1.7729523153504338,2.048005081766442,0.27505276641600807,0.27505276641600807
fp64_gpu_xla_sqmc_reference_comparison,exact_scope_frozen_controls; epsilon_validity_nomination_then_full_score_flow_grid,full_d10_T2,iid_dual_cap,201001,202001,True,"log_LQ[4,4]",-0.2551747876793065,-0.04663729663463327,0.20853749104467323,0.20853749104467323
fp64_gpu_xla_sqmc_reference_comparison,exact_scope_frozen_controls; epsilon_validity_nomination_then_full_score_flow_grid,full_d10_T2,iid_dual_cap,201001,202001,True,"LQ[5,1]",-0.5366956450504217,0.15777559558788157,0.6944712406383032,0.6944712406383032
fp64_gpu_xla_sqmc_reference_comparison,exact_scope_frozen_controls; epsilon_validity_nomination_then_full_score_flow_grid,full_d10_T2,iid_dual_cap,201001,202001,True,"LQ[5,2]",0.02365462394093025,-0.3348516685599569,-0.35850629250088717,0.35850629250088717
fp64_gpu_xla_sqmc_reference_comparison,exact_scope_frozen_controls; epsilon_validity_nomination_then_full_score_flow_grid,full_d10_T2,iid_dual_cap,201001,202001,True,"LQ[5,3]",1.0357621804690664,1.2138982472835858,0.17813606681451932,0.17813606681451932
fp64_gpu_xla_sqmc_reference_comparison,exact_scope_frozen_controls; epsilon_validity_nomination_then_full_score_flow_grid,full_d10_T2,iid_dual_cap,201001,202001,True,"LQ[5,4]",0.8887520351281037,1.203199685435799,0.31444765030769517,0.31444765030769517
fp64_gpu_xla_sqmc_reference_comparison,exact_scope_frozen_controls; epsilon_validity_nomination_then_full_score_flow_grid,full_d10_T2,iid_dual_cap,201001,202001,True,"log_LQ[5,5]",-0.13394057767215156,-0.29288730145397474,-0.15894672378182317,0.15894672378182317
fp64_gpu_xla_sqmc_reference_comparison,exact_scope_frozen_controls; epsilon_validity_nomination_then_full_score_flow_grid,full_d10_T2,iid_dual_cap,201001,202001,True,"LQ[6,1]",1.6956486340289318,-1.4274620698720908,-3.1231107039010224,3.1231107039010224
fp64_gpu_xla_sqmc_reference_comparison,exact_scope_frozen_controls; epsilon_validity_nomination_then_full_score_flow_grid,full_d10_T2,iid_dual_cap,201001,202001,True,"LQ[6,2]",-0.46516423854204236,-0.43773915266765534,0.027425085874387023,0.027425085874387023
fp64_gpu_xla_sqmc_reference_comparison,exact_scope_frozen_controls; epsilon_validity_nomination_then_full_score_flow_grid,full_d10_T2,iid_dual_cap,201001,202001,True,"LQ[6,3]",-1.091350037303425,-0.16195900923064063,0.9293910280727844,0.9293910280727844
fp64_gpu_xla_sqmc_reference_comparison,exact_scope_frozen_controls; epsilon_validity_nomination_then_full_score_flow_grid,full_d10_T2,iid_dual_cap,201001,202001,True,"LQ[6,4]",-0.9884428043203441,-0.8203307860386932,0.1681120182816509,0.1681120182816509
fp64_gpu_xla_sqmc_reference_comparison,exact_scope_frozen_controls; epsilon_validity_nomination_then_full_score_flow_grid,full_d10_T2,iid_dual_cap,201001,202001,True,"LQ[6,5]",-0.7452267819343596,-0.14494015324021292,0.6002866286941467,0.6002866286941467
fp64_gpu_xla_sqmc_reference_comparison,exact_scope_frozen_controls; epsilon_validity_nomination_then_full_score_flow_grid,full_d10_T2,iid_dual_cap,201001,202001,True,"log_LQ[6,6]",-0.5412014505489918,-1.7800654312847117,-1.23886398073572,1.23886398073572
fp64_gpu_xla_sqmc_reference_comparison,exact_scope_frozen_controls; epsilon_validity_nomination_then_full_score_flow_grid,full_d10_T2,iid_dual_cap,201001,202001,True,"LQ[7,1]",1.9261134704554341,3.2124664901581497,1.2863530197027155,1.2863530197027155
fp64_gpu_xla_sqmc_reference_comparison,exact_scope_frozen_controls; epsilon_validity_nomination_then_full_score_flow_grid,full_d10_T2,iid_dual_cap,201001,202001,True,"LQ[7,2]",-0.6710099009322407,-1.162039550387975,-0.49102964945573435,0.49102964945573435
fp64_gpu_xla_sqmc_reference_comparison,exact_scope_frozen_controls; epsilon_validity_nomination_then_full_score_flow_grid,full_d10_T2,iid_dual_cap,201001,202001,True,"LQ[7,3]",-0.3494967361318082,0.34043732268068183,0.68993405881249,0.68993405881249
fp64_gpu_xla_sqmc_reference_comparison,exact_scope_frozen_controls; epsilon_validity_nomination_then_full_score_flow_grid,full_d10_T2,iid_dual_cap,201001,202001,True,"LQ[7,4]",-0.311837454917008,-0.23508611528626222,0.07675133963074576,0.07675133963074576
fp64_gpu_xla_sqmc_reference_comparison,exact_scope_frozen_controls; epsilon_validity_nomination_then_full_score_flow_grid,full_d10_T2,iid_dual_cap,201001,202001,True,"LQ[7,5]",1.1805289302383066,0.30881703068594313,-0.8717118995523635,0.8717118995523635
fp64_gpu_xla_sqmc_reference_comparison,exact_scope_frozen_controls; epsilon_validity_nomination_then_full_score_flow_grid,full_d10_T2,iid_dual_cap,201001,202001,True,"LQ[7,6]",0.49808959455553353,1.3318368288828797,0.8337472343273462,0.8337472343273462
fp64_gpu_xla_sqmc_reference_comparison,exact_scope_frozen_controls; epsilon_validity_nomination_then_full_score_flow_grid,full_d10_T2,iid_dual_cap,201001,202001,True,"log_LQ[7,7]",0.08444345129268202,0.0009892789573967553,-0.08345417233528526,0.08345417233528526
fp64_gpu_xla_sqmc_reference_comparison,exact_scope_frozen_controls; epsilon_validity_nomination_then_full_score_flow_grid,full_d10_T2,iid_dual_cap,201001,202001,True,"LQ[8,1]",0.23223520514382295,0.34015481059240593,0.10791960544858298,0.10791960544858298
fp64_gpu_xla_sqmc_reference_comparison,exact_scope_frozen_controls; epsilon_validity_nomination_then_full_score_flow_grid,full_d10_T2,iid_dual_cap,201001,202001,True,"LQ[8,2]",-0.09810939533409348,0.08263414871200325,0.18074354404609672,0.18074354404609672
fp64_gpu_xla_sqmc_reference_comparison,exact_scope_frozen_controls; epsilon_validity_nomination_then_full_score_flow_grid,full_d10_T2,iid_dual_cap,201001,202001,True,"LQ[8,3]",-0.031100117681431966,-0.41631818209650223,-0.3852180644150703,0.3852180644150703
fp64_gpu_xla_sqmc_reference_comparison,exact_scope_frozen_controls; epsilon_validity_nomination_then_full_score_flow_grid,full_d10_T2,iid_dual_cap,201001,202001,True,"LQ[8,4]",-0.0905916812120991,-0.5694615227909241,-0.478869841578825,0.478869841578825
fp64_gpu_xla_sqmc_reference_comparison,exact_scope_frozen_controls; epsilon_validity_nomination_then_full_score_flow_grid,full_d10_T2,iid_dual_cap,201001,202001,True,"LQ[8,5]",0.08936060155532534,-0.5016422838238898,-0.5910028853792151,0.5910028853792151
fp64_gpu_xla_sqmc_reference_comparison,exact_scope_frozen_controls; epsilon_validity_nomination_then_full_score_flow_grid,full_d10_T2,iid_dual_cap,201001,202001,True,"LQ[8,6]",0.03489536370248869,0.25754835621263356,0.22265299251014486,0.22265299251014486
fp64_gpu_xla_sqmc_reference_comparison,exact_scope_frozen_controls; epsilon_validity_nomination_then_full_score_flow_grid,full_d10_T2,iid_dual_cap,201001,202001,True,"LQ[8,7]",0.20299357525982648,-0.5320735801614603,-0.7350671554212869,0.7350671554212869
fp64_gpu_xla_sqmc_reference_comparison,exact_scope_frozen_controls; epsilon_validity_nomination_then_full_score_flow_grid,full_d10_T2,iid_dual_cap,201001,202001,True,"log_LQ[8,8]",-0.988388572796855,-0.9847433316496221,0.0036452411472328583,0.0036452411472328583
fp64_gpu_xla_sqmc_reference_comparison,exact_scope_frozen_controls; epsilon_validity_nomination_then_full_score_flow_grid,full_d10_T2,iid_dual_cap,201001,202001,True,"LQ[9,1]",-1.998632437470166,-1.539027010526817,0.45960542694334916,0.45960542694334916
fp64_gpu_xla_sqmc_reference_comparison,exact_scope_frozen_controls; epsilon_validity_nomination_then_full_score_flow_grid,full_d10_T2,iid_dual_cap,201001,202001,True,"LQ[9,2]",0.5636584732687647,0.6573363329797263,0.09367785971096154,0.09367785971096154
fp64_gpu_xla_sqmc_reference_comparison,exact_scope_frozen_controls; epsilon_validity_nomination_then_full_score_flow_grid,full_d10_T2,iid_dual_cap,201001,202001,True,"LQ[9,3]",1.190583506677017,1.6148924859166662,0.4243089792396493,0.4243089792396493
fp64_gpu_xla_sqmc_reference_comparison,exact_scope_frozen_controls; epsilon_validity_nomination_then_full_score_flow_grid,full_d10_T2,iid_dual_cap,201001,202001,True,"LQ[9,4]",1.0779425725170695,1.021089036117088,-0.056853536399981586,0.056853536399981586
fp64_gpu_xla_sqmc_reference_comparison,exact_scope_frozen_controls; epsilon_validity_nomination_then_full_score_flow_grid,full_d10_T2,iid_dual_cap,201001,202001,True,"LQ[9,5]",0.6604696092785991,0.5217390512465847,-0.1387305580320144,0.1387305580320144
fp64_gpu_xla_sqmc_reference_comparison,exact_scope_frozen_controls; epsilon_validity_nomination_then_full_score_flow_grid,full_d10_T2,iid_dual_cap,201001,202001,True,"LQ[9,6]",-0.9697232452874001,0.01223060077799204,0.981953846065392,0.981953846065392
fp64_gpu_xla_sqmc_reference_comparison,exact_scope_frozen_controls; epsilon_validity_nomination_then_full_score_flow_grid,full_d10_T2,iid_dual_cap,201001,202001,True,"LQ[9,7]",-0.5479328392859982,-0.08338815574051783,0.4645446835454804,0.4645446835454804
fp64_gpu_xla_sqmc_reference_comparison,exact_scope_frozen_controls; epsilon_validity_nomination_then_full_score_flow_grid,full_d10_T2,iid_dual_cap,201001,202001,True,"LQ[9,8]",-0.21433239634499607,-0.48215462558111877,-0.2678222292361227,0.2678222292361227
fp64_gpu_xla_sqmc_reference_comparison,exact_scope_frozen_controls; epsilon_validity_nomination_then_full_score_flow_grid,full_d10_T2,iid_dual_cap,201001,202001,True,"log_LQ[9,9]",-0.47685284814179885,-0.39556200722042234,0.0812908409213765,0.0812908409213765
fp64_gpu_xla_sqmc_reference_comparison,exact_scope_frozen_controls; epsilon_validity_nomination_then_full_score_flow_grid,full_d10_T2,iid_dual_cap,201001,202001,True,"LQ[10,1]",4.062768780999246,3.4556848364869666,-0.6070839445122793,0.6070839445122793
fp64_gpu_xla_sqmc_reference_comparison,exact_scope_frozen_controls; epsilon_validity_nomination_then_full_score_flow_grid,full_d10_T2,iid_dual_cap,201001,202001,True,"LQ[10,2]",-1.2835986255749678,-1.6814549808654942,-0.3978563552905263,0.3978563552905263
fp64_gpu_xla_sqmc_reference_comparison,exact_scope_frozen_controls; epsilon_validity_nomination_then_full_score_flow_grid,full_d10_T2,iid_dual_cap,201001,202001,True,"LQ[10,3]",-1.6358862954083686,-1.5082225161504594,0.12766377925790917,0.12766377925790917
fp64_gpu_xla_sqmc_reference_comparison,exact_scope_frozen_controls; epsilon_validity_nomination_then_full_score_flow_grid,full_d10_T2,iid_dual_cap,201001,202001,True,"LQ[10,4]",-1.526351127748982,-2.001233403915281,-0.47488227616629874,0.47488227616629874
fp64_gpu_xla_sqmc_reference_comparison,exact_scope_frozen_controls; epsilon_validity_nomination_then_full_score_flow_grid,full_d10_T2,iid_dual_cap,201001,202001,True,"LQ[10,5]",0.3818582041101131,0.68562442799909,0.30376622388897684,0.30376622388897684
fp64_gpu_xla_sqmc_reference_comparison,exact_scope_frozen_controls; epsilon_validity_nomination_then_full_score_flow_grid,full_d10_T2,iid_dual_cap,201001,202001,True,"LQ[10,6]",1.5271278797427765,0.7300426685769009,-0.7970852111658756,0.7970852111658756
fp64_gpu_xla_sqmc_reference_comparison,exact_scope_frozen_controls; epsilon_validity_nomination_then_full_score_flow_grid,full_d10_T2,iid_dual_cap,201001,202001,True,"LQ[10,7]",2.7481056488092324,2.6634807070627193,-0.08462494174651303,0.08462494174651303
fp64_gpu_xla_sqmc_reference_comparison,exact_scope_frozen_controls; epsilon_validity_nomination_then_full_score_flow_grid,full_d10_T2,iid_dual_cap,201001,202001,True,"LQ[10,8]",0.6328675079264996,0.6041681148311395,-0.02869939309536007,0.02869939309536007
fp64_gpu_xla_sqmc_reference_comparison,exact_scope_frozen_controls; epsilon_validity_nomination_then_full_score_flow_grid,full_d10_T2,iid_dual_cap,201001,202001,True,"LQ[10,9]",-2.104089251530308,-2.252650503284299,-0.14856125175399137,0.14856125175399137
fp64_gpu_xla_sqmc_reference_comparison,exact_scope_frozen_controls; epsilon_validity_nomination_then_full_score_flow_grid,full_d10_T2,iid_dual_cap,201001,202001,True,"log_LQ[10,10]",1.4807298861910445,1.381237271707755,-0.0994926144832895,0.0994926144832895
fp64_gpu_xla_sqmc_reference_comparison,exact_scope_frozen_controls; epsilon_validity_nomination_then_full_score_flow_grid,full_d10_T2,iid_dual_cap,201001,202001,True,log_R_variance,0.745698627970492,0.26636821607464,-0.479330411895852,0.479330411895852
fp64_gpu_xla_sqmc_reference_comparison,exact_scope_frozen_controls; epsilon_validity_nomination_then_full_score_flow_grid,full_d10_T2,iid_dual_cap,201001,202001,True,initial_mean_scale,-0.8465975322240216,-0.33127147168503596,0.5153260605389856,0.5153260605389856
fp64_gpu_xla_sqmc_reference_comparison,exact_scope_frozen_controls; epsilon_validity_nomination_then_full_score_flow_grid,full_d10_T2,iid_dual_cap,201001,202002,True,"A[1,1]",-1.8405412628695577,-1.987586402205935,-0.14704513933637742,0.14704513933637742
fp64_gpu_xla_sqmc_reference_comparison,exact_scope_frozen_controls; epsilon_validity_nomination_then_full_score_flow_grid,full_d10_T2,iid_dual_cap,201001,202002,True,"A[1,2]",0.12405711303755015,0.22261707316140622,0.09855996012385607,0.09855996012385607
fp64_gpu_xla_sqmc_reference_comparison,exact_scope_frozen_controls; epsilon_validity_nomination_then_full_score_flow_grid,full_d10_T2,iid_dual_cap,201001,202002,True,"A[1,3]",1.2083689603215206,1.3688615675085012,0.16049260718698055,0.16049260718698055
fp64_gpu_xla_sqmc_reference_comparison,exact_scope_frozen_controls; epsilon_validity_nomination_then_full_score_flow_grid,full_d10_T2,iid_dual_cap,201001,202002,True,"A[1,4]",0.9039498160966681,0.8587448541076661,-0.045204961989002035,0.045204961989002035
fp64_gpu_xla_sqmc_reference_comparison,exact_scope_frozen_controls; epsilon_validity_nomination_then_full_score_flow_grid,full_d10_T2,iid_dual_cap,201001,202002,True,"A[1,5]",1.6233540589401598,1.9591578251191706,0.33580376617901075,0.33580376617901075
fp64_gpu_xla_sqmc_reference_comparison,exact_scope_frozen_controls; epsilon_validity_nomination_then_full_score_flow_grid,full_d10_T2,iid_dual_cap,201001,202002,True,"A[1,6]",-0.8951698812224791,-0.9662363360390236,-0.0710664548165445,0.0710664548165445
fp64_gpu_xla_sqmc_reference_comparison,exact_scope_frozen_controls; epsilon_validity_nomination_then_full_score_flow_grid,full_d10_T2,iid_dual_cap,201001,202002,True,"A[1,7]",1.0983795483826784,1.2955884298114189,0.1972088814287405,0.1972088814287405
fp64_gpu_xla_sqmc_reference_comparison,exact_scope_frozen_controls; epsilon_validity_nomination_then_full_score_flow_grid,full_d10_T2,iid_dual_cap,201001,202002,True,"A[1,8]",-0.19487576566126597,-0.0902658882634057,0.10460987739786026,0.10460987739786026
fp64_gpu_xla_sqmc_reference_comparison,exact_scope_frozen_controls; epsilon_validity_nomination_then_full_score_flow_grid,full_d10_T2,iid_dual_cap,201001,202002,True,"A[1,9]",0.8315412439221966,1.3455485469761523,0.5140073030539557,0.5140073030539557
fp64_gpu_xla_sqmc_reference_comparison,exact_scope_frozen_controls; epsilon_validity_nomination_then_full_score_flow_grid,full_d10_T2,iid_dual_cap,201001,202002,True,"A[1,10]",-0.10510141849900892,0.16408722129395703,0.2691886397929659,0.2691886397929659
fp64_gpu_xla_sqmc_reference_comparison,exact_scope_frozen_controls; epsilon_validity_nomination_then_full_score_flow_grid,full_d10_T2,iid_dual_cap,201001,202002,True,"A[2,1]",0.334244377419867,0.8823236367270347,0.5480792593071677,0.5480792593071677
fp64_gpu_xla_sqmc_reference_comparison,exact_scope_frozen_controls; epsilon_validity_nomination_then_full_score_flow_grid,full_d10_T2,iid_dual_cap,201001,202002,True,"A[2,2]",-1.009325865451665,-0.9925905645153141,0.016735300936350894,0.016735300936350894
fp64_gpu_xla_sqmc_reference_comparison,exact_scope_frozen_controls; epsilon_validity_nomination_then_full_score_flow_grid,full_d10_T2,iid_dual_cap,201001,202002,True,"A[2,3]",-0.4740926697431398,-1.0065322239144439,-0.5324395541713041,0.5324395541713041
fp64_gpu_xla_sqmc_reference_comparison,exact_scope_frozen_controls; epsilon_validity_nomination_then_full_score_flow_grid,full_d10_T2,iid_dual_cap,201001,202002,True,"A[2,4]",-0.3507452514565778,-0.9093961443542857,-0.5586508928977079,0.5586508928977079
fp64_gpu_xla_sqmc_reference_comparison,exact_scope_frozen_controls; epsilon_validity_nomination_then_full_score_flow_grid,full_d10_T2,iid_dual_cap,201001,202002,True,"A[2,5]",-0.6356039536416009,-1.2574738020639795,-0.6218698484223786,0.6218698484223786
fp64_gpu_xla_sqmc_reference_comparison,exact_scope_frozen_controls; epsilon_validity_nomination_then_full_score_flow_grid,full_d10_T2,iid_dual_cap,201001,202002,True,"A[2,6]",0.3502951834202437,0.8056641579147964,0.4553689744945527,0.4553689744945527
fp64_gpu_xla_sqmc_reference_comparison,exact_scope_frozen_controls; epsilon_validity_nomination_then_full_score_flow_grid,full_d10_T2,iid_dual_cap,201001,202002,True,"A[2,7]",-0.4296347361027879,-0.8058864102542302,-0.37625167415144234,0.37625167415144234
fp64_gpu_xla_sqmc_reference_comparison,exact_scope_frozen_controls; epsilon_validity_nomination_then_full_score_flow_grid,full_d10_T2,iid_dual_cap,201001,202002,True,"A[2,8]",0.07446516390295842,0.04077601415915017,-0.033689149743808246,0.033689149743808246
fp64_gpu_xla_sqmc_reference_comparison,exact_scope_frozen_controls; epsilon_validity_nomination_then_full_score_flow_grid,full_d10_T2,iid_dual_cap,201001,202002,True,"A[2,9]",-0.32411968950971254,-0.5072140910709512,-0.18309440156123863,0.18309440156123863
fp64_gpu_xla_sqmc_reference_comparison,exact_scope_frozen_controls; epsilon_validity_nomination_then_full_score_flow_grid,full_d10_T2,iid_dual_cap,201001,202002,True,"A[2,10]",0.038075704787584985,0.22151641293630245,0.18344070814871746,0.18344070814871746
fp64_gpu_xla_sqmc_reference_comparison,exact_scope_frozen_controls; epsilon_validity_nomination_then_full_score_flow_grid,full_d10_T2,iid_dual_cap,201001,202002,True,"A[3,1]",-0.0973508956488851,-0.06201125786901773,0.03533963777986737,0.03533963777986737
fp64_gpu_xla_sqmc_reference_comparison,exact_scope_frozen_controls; epsilon_validity_nomination_then_full_score_flow_grid,full_d10_T2,iid_dual_cap,201001,202002,True,"A[3,2]",0.05007209635770711,0.07777741507621605,0.02770531871850894,0.02770531871850894
fp64_gpu_xla_sqmc_reference_comparison,exact_scope_frozen_controls; epsilon_validity_nomination_then_full_score_flow_grid,full_d10_T2,iid_dual_cap,201001,202002,True,"A[3,3]",-0.8862376853492326,-0.9162677366439519,-0.03003005129471925,0.03003005129471925
fp64_gpu_xla_sqmc_reference_comparison,exact_scope_frozen_controls; epsilon_validity_nomination_then_full_score_flow_grid,full_d10_T2,iid_dual_cap,201001,202002,True,"A[3,4]",0.16606854318272946,0.159617695575356,-0.006450847607373467,0.006450847607373467
fp64_gpu_xla_sqmc_reference_comparison,exact_scope_frozen_controls; epsilon_validity_nomination_then_full_score_flow_grid,full_d10_T2,iid_dual_cap,201001,202002,True,"A[3,5]",0.13870366199830464,-0.023908203133074846,-0.16261186513137948,0.16261186513137948
fp64_gpu_xla_sqmc_reference_comparison,exact_scope_frozen_controls; epsilon_validity_nomination_then_full_score_flow_grid,full_d10_T2,iid_dual_cap,201001,202002,True,"A[3,6]",-0.046921523553172806,0.1622979575925919,0.20921948114576472,0.20921948114576472
fp64_gpu_xla_sqmc_reference_comparison,exact_scope_frozen_controls; epsilon_validity_nomination_then_full_score_flow_grid,full_d10_T2,iid_dual_cap,201001,202002,True,"A[3,7]",0.07793381153520185,0.08050912268029498,0.0025753111450931288,0.0025753111450931288
fp64_gpu_xla_sqmc_reference_comparison,exact_scope_frozen_controls; epsilon_validity_nomination_then_full_score_flow_grid,full_d10_T2,iid_dual_cap,201001,202002,True,"A[3,8]",0.050505118534347346,-0.2543109240288279,-0.30481604256317524,0.30481604256317524
fp64_gpu_xla_sqmc_reference_comparison,exact_scope_frozen_controls; epsilon_validity_nomination_then_full_score_flow_grid,full_d10_T2,iid_dual_cap,201001,202002,True,"A[3,9]",0.044756981826564735,0.190096233086954,0.14533925126038927,0.14533925126038927
fp64_gpu_xla_sqmc_reference_comparison,exact_scope_frozen_controls; epsilon_validity_nomination_then_full_score_flow_grid,full_d10_T2,iid_dual_cap,201001,202002,True,"A[3,10]",0.06220362058178791,0.30951130841369356,0.24730768783190565,0.24730768783190565
fp64_gpu_xla_sqmc_reference_comparison,exact_scope_frozen_controls; epsilon_validity_nomination_then_full_score_flow_grid,full_d10_T2,iid_dual_cap,201001,202002,True,"A[4,1]",-0.12879264023887926,0.1175497685524437,0.24634240879132296,0.24634240879132296
fp64_gpu_xla_sqmc_reference_comparison,exact_scope_frozen_controls; epsilon_validity_nomination_then_full_score_flow_grid,full_d10_T2,iid_dual_cap,201001,202002,True,"A[4,2]",0.08510133903903572,0.0555773146428723,-0.029524024396163417,0.029524024396163417
fp64_gpu_xla_sqmc_reference_comparison,exact_scope_frozen_controls; epsilon_validity_nomination_then_full_score_flow_grid,full_d10_T2,iid_dual_cap,201001,202002,True,"A[4,3]",0.046810962329739025,-0.32911485902018,-0.37592582134991903,0.37592582134991903
fp64_gpu_xla_sqmc_reference_comparison,exact_scope_frozen_controls; epsilon_validity_nomination_then_full_score_flow_grid,full_d10_T2,iid_dual_cap,201001,202002,True,"A[4,4]",-0.7594570487421703,-0.7572036409044782,0.002253407837692123,0.002253407837692123
fp64_gpu_xla_sqmc_reference_comparison,exact_scope_frozen_controls; epsilon_validity_nomination_then_full_score_flow_grid,full_d10_T2,iid_dual_cap,201001,202002,True,"A[4,5]",0.10909897052106454,-0.4452383020402537,-0.5543372725613183,0.5543372725613183
fp64_gpu_xla_sqmc_reference_comparison,exact_scope_frozen_controls; epsilon_validity_nomination_then_full_score_flow_grid,full_d10_T2,iid_dual_cap,201001,202002,True,"A[4,6]",-0.016286079591655955,0.2330054634089922,0.24929154300064815,0.24929154300064815
fp64_gpu_xla_sqmc_reference_comparison,exact_scope_frozen_controls; epsilon_validity_nomination_then_full_score_flow_grid,full_d10_T2,iid_dual_cap,201001,202002,True,"A[4,7]",0.051161770698915365,0.02297781849923297,-0.028183952199682394,0.028183952199682394
fp64_gpu_xla_sqmc_reference_comparison,exact_scope_frozen_controls; epsilon_validity_nomination_then_full_score_flow_grid,full_d10_T2,iid_dual_cap,201001,202002,True,"A[4,8]",0.0806084794867568,-0.07826963587534352,-0.15887811536210034,0.15887811536210034
fp64_gpu_xla_sqmc_reference_comparison,exact_scope_frozen_controls; epsilon_validity_nomination_then_full_score_flow_grid,full_d10_T2,iid_dual_cap,201001,202002,True,"A[4,9]",0.02161959526692292,-0.14882688289624268,-0.1704464781631656,0.1704464781631656
fp64_gpu_xla_sqmc_reference_comparison,exact_scope_frozen_controls; epsilon_validity_nomination_then_full_score_flow_grid,full_d10_T2,iid_dual_cap,201001,202002,True,"A[4,10]",0.08782273411889809,-0.14048623518514822,-0.22830896930404632,0.22830896930404632
fp64_gpu_xla_sqmc_reference_comparison,exact_scope_frozen_controls; epsilon_validity_nomination_then_full_score_flow_grid,full_d10_T2,iid_dual_cap,201001,202002,True,"A[5,1]",-1.151631566668114,-1.3509248839122943,-0.1992933172441802,0.1992933172441802
fp64_gpu_xla_sqmc_reference_comparison,exact_scope_frozen_controls; epsilon_validity_nomination_then_full_score_flow_grid,full_d10_T2,iid_dual_cap,201001,202002,True,"A[5,2]",0.28388815184752636,0.6777401192987714,0.39385196745124507,0.39385196745124507
fp64_gpu_xla_sqmc_reference_comparison,exact_scope_frozen_controls; epsilon_validity_nomination_then_full_score_flow_grid,full_d10_T2,iid_dual_cap,201001,202002,True,"A[5,3]",1.3718587659614894,1.6188757098032311,0.24701694384174178,0.24701694384174178
fp64_gpu_xla_sqmc_reference_comparison,exact_scope_frozen_controls; epsilon_validity_nomination_then_full_score_flow_grid,full_d10_T2,iid_dual_cap,201001,202002,True,"A[5,4]",1.3458163698901688,1.808398770610176,0.4625824007200072,0.4625824007200072
fp64_gpu_xla_sqmc_reference_comparison,exact_scope_frozen_controls; epsilon_validity_nomination_then_full_score_flow_grid,full_d10_T2,iid_dual_cap,201001,202002,True,"A[5,5]",0.9712638914813987,0.8418414176536142,-0.1294224738277845,0.1294224738277845
fp64_gpu_xla_sqmc_reference_comparison,exact_scope_frozen_controls; epsilon_validity_nomination_then_full_score_flow_grid,full_d10_T2,iid_dual_cap,201001,202002,True,"A[5,6]",-0.9858025522388729,-1.2449215644993952,-0.25911901226052225,0.25911901226052225
fp64_gpu_xla_sqmc_reference_comparison,exact_scope_frozen_controls; epsilon_validity_nomination_then_full_score_flow_grid,full_d10_T2,iid_dual_cap,201001,202002,True,"A[5,7]",1.268441156469678,1.4654993765554634,0.19705822008578533,0.19705822008578533
fp64_gpu_xla_sqmc_reference_comparison,exact_scope_frozen_controls; epsilon_validity_nomination_then_full_score_flow_grid,full_d10_T2,iid_dual_cap,201001,202002,True,"A[5,8]",-0.05068204747381318,-0.5109642517047936,-0.4602822042309805,0.4602822042309805
fp64_gpu_xla_sqmc_reference_comparison,exact_scope_frozen_controls; epsilon_validity_nomination_then_full_score_flow_grid,full_d10_T2,iid_dual_cap,201001,202002,True,"A[5,9]",0.925576616754821,1.4675112473301601,0.5419346305753392,0.5419346305753392
fp64_gpu_xla_sqmc_reference_comparison,exact_scope_frozen_controls; epsilon_validity_nomination_then_full_score_flow_grid,full_d10_T2,iid_dual_cap,201001,202002,True,"A[5,10]",0.06201526518792877,0.07746972747829947,0.015454462290370702,0.015454462290370702
fp64_gpu_xla_sqmc_reference_comparison,exact_scope_frozen_controls; epsilon_validity_nomination_then_full_score_flow_grid,full_d10_T2,iid_dual_cap,201001,202002,True,"A[6,1]",-0.02854457025664514,-0.08675384080421833,-0.05820927054757319,0.05820927054757319
fp64_gpu_xla_sqmc_reference_comparison,exact_scope_frozen_controls; epsilon_validity_nomination_then_full_score_flow_grid,full_d10_T2,iid_dual_cap,201001,202002,True,"A[6,2]",-0.010441762511187794,0.05788899686068927,0.06833075937187706,0.06833075937187706
fp64_gpu_xla_sqmc_reference_comparison,exact_scope_frozen_controls; epsilon_validity_nomination_then_full_score_flow_grid,full_d10_T2,iid_dual_cap,201001,202002,True,"A[6,3]",0.052520746578330835,0.2302634304708424,0.17774268389251158,0.17774268389251158
fp64_gpu_xla_sqmc_reference_comparison,exact_scope_frozen_controls; epsilon_validity_nomination_then_full_score_flow_grid,full_d10_T2,iid_dual_cap,201001,202002,True,"A[6,4]",-0.0060835699401260435,-0.002343166445542444,0.0037404034945835996,0.0037404034945835996
fp64_gpu_xla_sqmc_reference_comparison,exact_scope_frozen_controls; epsilon_validity_nomination_then_full_score_flow_grid,full_d10_T2,iid_dual_cap,201001,202002,True,"A[6,5]",0.053724444644627556,0.024773298420471157,-0.0289511462241564,0.0289511462241564
fp64_gpu_xla_sqmc_reference_comparison,exact_scope_frozen_controls; epsilon_validity_nomination_then_full_score_flow_grid,full_d10_T2,iid_dual_cap,201001,202002,True,"A[6,6]",-1.0039772680754557,-1.2278371317263388,-0.22385986365088306,0.22385986365088306
fp64_gpu_xla_sqmc_reference_comparison,exact_scope_frozen_controls; epsilon_validity_nomination_then_full_score_flow_grid,full_d10_T2,iid_dual_cap,201001,202002,True,"A[6,7]",0.04136118332889982,-0.052676255875764744,-0.09403743920466456,0.09403743920466456
fp64_gpu_xla_sqmc_reference_comparison,exact_scope_frozen_controls; epsilon_validity_nomination_then_full_score_flow_grid,full_d10_T2,iid_dual_cap,201001,202002,True,"A[6,8]",-0.03548566383991745,0.020590211110949774,0.05607587495086722,0.05607587495086722
fp64_gpu_xla_sqmc_reference_comparison,exact_scope_frozen_controls; epsilon_validity_nomination_then_full_score_flow_grid,full_d10_T2,iid_dual_cap,201001,202002,True,"A[6,9]",0.03796036498273575,-0.08844987808441107,-0.12641024306714682,0.12641024306714682
fp64_gpu_xla_sqmc_reference_comparison,exact_scope_frozen_controls; epsilon_validity_nomination_then_full_score_flow_grid,full_d10_T2,iid_dual_cap,201001,202002,True,"A[6,10]",-0.03547405466927517,-0.13233004683172728,-0.09685599216245211,0.09685599216245211
fp64_gpu_xla_sqmc_reference_comparison,exact_scope_frozen_controls; epsilon_validity_nomination_then_full_score_flow_grid,full_d10_T2,iid_dual_cap,201001,202002,True,"A[7,1]",-1.621285485528584,-1.4932927280864945,0.1279927574420896,0.1279927574420896
fp64_gpu_xla_sqmc_reference_comparison,exact_scope_frozen_controls; epsilon_validity_nomination_then_full_score_flow_grid,full_d10_T2,iid_dual_cap,201001,202002,True,"A[7,2]",0.3586148183232213,0.6627146378392068,0.3040998195159855,0.3040998195159855
fp64_gpu_xla_sqmc_reference_comparison,exact_scope_frozen_controls; epsilon_validity_nomination_then_full_score_flow_grid,full_d10_T2,iid_dual_cap,201001,202002,True,"A[7,3]",1.9980871048466877,1.8871559239957667,-0.11093118085092102,0.11093118085092102
fp64_gpu_xla_sqmc_reference_comparison,exact_scope_frozen_controls; epsilon_validity_nomination_then_full_score_flow_grid,full_d10_T2,iid_dual_cap,201001,202002,True,"A[7,4]",1.8311683462819435,1.9897172468237962,0.15854890054185278,0.15854890054185278
fp64_gpu_xla_sqmc_reference_comparison,exact_scope_frozen_controls; epsilon_validity_nomination_then_full_score_flow_grid,full_d10_T2,iid_dual_cap,201001,202002,True,"A[7,5]",2.7839288827184703,2.224479789200463,-0.5594490935180074,0.5594490935180074
fp64_gpu_xla_sqmc_reference_comparison,exact_scope_frozen_controls; epsilon_validity_nomination_then_full_score_flow_grid,full_d10_T2,iid_dual_cap,201001,202002,True,"A[7,6]",-1.4510210418033163,-1.3602235587233054,0.0907974830800109,0.0907974830800109
fp64_gpu_xla_sqmc_reference_comparison,exact_scope_frozen_controls; epsilon_validity_nomination_then_full_score_flow_grid,full_d10_T2,iid_dual_cap,201001,202002,True,"A[7,7]",0.8844170501765056,0.7142200041418819,-0.1701970460346237,0.1701970460346237
fp64_gpu_xla_sqmc_reference_comparison,exact_scope_frozen_controls; epsilon_validity_nomination_then_full_score_flow_grid,full_d10_T2,iid_dual_cap,201001,202002,True,"A[7,8]",-0.1496292006803488,-0.5321585195476481,-0.38252931886729935,0.38252931886729935
fp64_gpu_xla_sqmc_reference_comparison,exact_scope_frozen_controls; epsilon_validity_nomination_then_full_score_flow_grid,full_d10_T2,iid_dual_cap,201001,202002,True,"A[7,9]",1.3613593256582028,1.7889621233164203,0.4276027976582175,0.4276027976582175
fp64_gpu_xla_sqmc_reference_comparison,exact_scope_frozen_controls; epsilon_validity_nomination_then_full_score_flow_grid,full_d10_T2,iid_dual_cap,201001,202002,True,"A[7,10]",0.009050886759979969,-0.410815526472453,-0.41986641323243296,0.41986641323243296
fp64_gpu_xla_sqmc_reference_comparison,exact_scope_frozen_controls; epsilon_validity_nomination_then_full_score_flow_grid,full_d10_T2,iid_dual_cap,201001,202002,True,"A[8,1]",-0.13002367893392283,-0.4510198140205801,-0.32099613508665725,0.32099613508665725
fp64_gpu_xla_sqmc_reference_comparison,exact_scope_frozen_controls; epsilon_validity_nomination_then_full_score_flow_grid,full_d10_T2,iid_dual_cap,201001,202002,True,"A[8,2]",0.03974000695294491,0.1469679881906291,0.10722798123768418,0.10722798123768418
fp64_gpu_xla_sqmc_reference_comparison,exact_scope_frozen_controls; epsilon_validity_nomination_then_full_score_flow_grid,full_d10_T2,iid_dual_cap,201001,202002,True,"A[8,3]",0.128496624037787,0.3909326665717614,0.2624360425339744,0.2624360425339744
fp64_gpu_xla_sqmc_reference_comparison,exact_scope_frozen_controls; epsilon_validity_nomination_then_full_score_flow_grid,full_d10_T2,iid_dual_cap,201001,202002,True,"A[8,4]",0.14646347457122613,0.5429973733176154,0.39653389874638933,0.39653389874638933
fp64_gpu_xla_sqmc_reference_comparison,exact_scope_frozen_controls; epsilon_validity_nomination_then_full_score_flow_grid,full_d10_T2,iid_dual_cap,201001,202002,True,"A[8,5]",0.18267787504930538,0.474118900189389,0.29144102514008363,0.29144102514008363
fp64_gpu_xla_sqmc_reference_comparison,exact_scope_frozen_controls; epsilon_validity_nomination_then_full_score_flow_grid,full_d10_T2,iid_dual_cap,201001,202002,True,"A[8,6]",-0.0865634512416411,-0.3997742308600183,-0.3132107796183772,0.3132107796183772
fp64_gpu_xla_sqmc_reference_comparison,exact_scope_frozen_controls; epsilon_validity_nomination_then_full_score_flow_grid,full_d10_T2,iid_dual_cap,201001,202002,True,"A[8,7]",0.11367271886628325,0.38325864710435487,0.2695859282380716,0.2695859282380716
fp64_gpu_xla_sqmc_reference_comparison,exact_scope_frozen_controls; epsilon_validity_nomination_then_full_score_flow_grid,full_d10_T2,iid_dual_cap,201001,202002,True,"A[8,8]",-0.945368569219666,-1.0656595599553365,-0.1202909907356704,0.1202909907356704
fp64_gpu_xla_sqmc_reference_comparison,exact_scope_frozen_controls; epsilon_validity_nomination_then_full_score_flow_grid,full_d10_T2,iid_dual_cap,201001,202002,True,"A[8,9]",0.07983895614565371,0.3673326508612616,0.2874936947156079,0.2874936947156079
fp64_gpu_xla_sqmc_reference_comparison,exact_scope_frozen_controls; epsilon_validity_nomination_then_full_score_flow_grid,full_d10_T2,iid_dual_cap,201001,202002,True,"A[8,10]",0.01647071868489078,-0.27586756064775475,-0.29233827933264556,0.29233827933264556
fp64_gpu_xla_sqmc_reference_comparison,exact_scope_frozen_controls; epsilon_validity_nomination_then_full_score_flow_grid,full_d10_T2,iid_dual_cap,201001,202002,True,"A[9,1]",0.20482993888429357,0.8296123888377419,0.6247824499534483,0.6247824499534483
fp64_gpu_xla_sqmc_reference_comparison,exact_scope_frozen_controls; epsilon_validity_nomination_then_full_score_flow_grid,full_d10_T2,iid_dual_cap,201001,202002,True,"A[9,2]",-0.02798043832303823,0.05179506800985029,0.07977550633288852,0.07977550633288852
fp64_gpu_xla_sqmc_reference_comparison,exact_scope_frozen_controls; epsilon_validity_nomination_then_full_score_flow_grid,full_d10_T2,iid_dual_cap,201001,202002,True,"A[9,3]",-0.2696989652270404,-0.6875525990355738,-0.41785363380853335,0.41785363380853335
fp64_gpu_xla_sqmc_reference_comparison,exact_scope_frozen_controls; epsilon_validity_nomination_then_full_score_flow_grid,full_d10_T2,iid_dual_cap,201001,202002,True,"A[9,4]",-0.19088541161721645,-0.6349891184608811,-0.4441037068436647,0.4441037068436647
fp64_gpu_xla_sqmc_reference_comparison,exact_scope_frozen_controls; epsilon_validity_nomination_then_full_score_flow_grid,full_d10_T2,iid_dual_cap,201001,202002,True,"A[9,5]",-0.35535335908440735,-0.956131883774159,-0.6007785246897517,0.6007785246897517
fp64_gpu_xla_sqmc_reference_comparison,exact_scope_frozen_controls; epsilon_validity_nomination_then_full_score_flow_grid,full_d10_T2,iid_dual_cap,201001,202002,True,"A[9,6]",0.19813066915608102,0.5159629104460893,0.3178322412900083,0.3178322412900083
fp64_gpu_xla_sqmc_reference_comparison,exact_scope_frozen_controls; epsilon_validity_nomination_then_full_score_flow_grid,full_d10_T2,iid_dual_cap,201001,202002,True,"A[9,7]",-0.239177999339602,-0.4413167866057597,-0.2021387872661577,0.2021387872661577
fp64_gpu_xla_sqmc_reference_comparison,exact_scope_frozen_controls; epsilon_validity_nomination_then_full_score_flow_grid,full_d10_T2,iid_dual_cap,201001,202002,True,"A[9,8]",0.04917757427128328,0.05558307487036927,0.006405500599085991,0.006405500599085991
fp64_gpu_xla_sqmc_reference_comparison,exact_scope_frozen_controls; epsilon_validity_nomination_then_full_score_flow_grid,full_d10_T2,iid_dual_cap,201001,202002,True,"A[9,9]",-1.1254376375860404,-1.6631410508456184,-0.5377034132595779,0.5377034132595779
fp64_gpu_xla_sqmc_reference_comparison,exact_scope_frozen_controls; epsilon_validity_nomination_then_full_score_flow_grid,full_d10_T2,iid_dual_cap,201001,202002,True,"A[9,10]",0.030500427946176863,0.21075916927911592,0.18025874133293907,0.18025874133293907
fp64_gpu_xla_sqmc_reference_comparison,exact_scope_frozen_controls; epsilon_validity_nomination_then_full_score_flow_grid,full_d10_T2,iid_dual_cap,201001,202002,True,"A[10,1]",-1.7487300324327681,-1.5929648586062142,0.15576517382655397,0.15576517382655397
fp64_gpu_xla_sqmc_reference_comparison,exact_scope_frozen_controls; epsilon_validity_nomination_then_full_score_flow_grid,full_d10_T2,iid_dual_cap,201001,202002,True,"A[10,2]",0.37641283317227353,0.8010013624929648,0.4245885293206913,0.4245885293206913
fp64_gpu_xla_sqmc_reference_comparison,exact_scope_frozen_controls; epsilon_validity_nomination_then_full_score_flow_grid,full_d10_T2,iid_dual_cap,201001,202002,True,"A[10,3]",2.1492110126231876,2.245385767279069,0.09617475465588132,0.09617475465588132
fp64_gpu_xla_sqmc_reference_comparison,exact_scope_frozen_controls; epsilon_validity_nomination_then_full_score_flow_grid,full_d10_T2,iid_dual_cap,201001,202002,True,"A[10,4]",1.930461574672982,1.7757754557969982,-0.15468611887598382,0.15468611887598382
fp64_gpu_xla_sqmc_reference_comparison,exact_scope_frozen_controls; epsilon_validity_nomination_then_full_score_flow_grid,full_d10_T2,iid_dual_cap,201001,202002,True,"A[10,5]",2.974957403681122,2.7588072543108386,-0.21615014937028354,0.21615014937028354
fp64_gpu_xla_sqmc_reference_comparison,exact_scope_frozen_controls; epsilon_validity_nomination_then_full_score_flow_grid,full_d10_T2,iid_dual_cap,201001,202002,True,"A[10,6]",-1.5579624095325548,-1.4364097756960383,0.12155263383651649,0.12155263383651649
fp64_gpu_xla_sqmc_reference_comparison,exact_scope_frozen_controls; epsilon_validity_nomination_then_full_score_flow_grid,full_d10_T2,iid_dual_cap,201001,202002,True,"A[10,7]",1.968517859397229,1.7127135730217722,-0.2558042863754568,0.2558042863754568
fp64_gpu_xla_sqmc_reference_comparison,exact_scope_frozen_controls; epsilon_validity_nomination_then_full_score_flow_grid,full_d10_T2,iid_dual_cap,201001,202002,True,"A[10,8]",-0.18076158688593522,-0.5965444938422236,-0.4157829069562884,0.4157829069562884
fp64_gpu_xla_sqmc_reference_comparison,exact_scope_frozen_controls; epsilon_validity_nomination_then_full_score_flow_grid,full_d10_T2,iid_dual_cap,201001,202002,True,"A[10,9]",1.456237976442527,1.8949949119983711,0.43875693555584405,0.43875693555584405
fp64_gpu_xla_sqmc_reference_comparison,exact_scope_frozen_controls; epsilon_validity_nomination_then_full_score_flow_grid,full_d10_T2,iid_dual_cap,201001,202002,True,"A[10,10]",-0.947777789316981,-1.0877073403801818,-0.13992955106320082,0.13992955106320082
fp64_gpu_xla_sqmc_reference_comparison,exact_scope_frozen_controls; epsilon_validity_nomination_then_full_score_flow_grid,full_d10_T2,iid_dual_cap,201001,202002,True,"log_LQ[1,1]",1.1604249884193487,1.4496449491242012,0.28921996070485245,0.28921996070485245
fp64_gpu_xla_sqmc_reference_comparison,exact_scope_frozen_controls; epsilon_validity_nomination_then_full_score_flow_grid,full_d10_T2,iid_dual_cap,201001,202002,True,"LQ[2,1]",-1.6342809305399455,-2.1810334218465535,-0.546752491306608,0.546752491306608
fp64_gpu_xla_sqmc_reference_comparison,exact_scope_frozen_controls; epsilon_validity_nomination_then_full_score_flow_grid,full_d10_T2,iid_dual_cap,201001,202002,True,"log_LQ[2,2]",-0.6386450083579979,-0.5461164437595436,0.09252856459845427,0.09252856459845427
fp64_gpu_xla_sqmc_reference_comparison,exact_scope_frozen_controls; epsilon_validity_nomination_then_full_score_flow_grid,full_d10_T2,iid_dual_cap,201001,202002,True,"LQ[3,1]",-2.2064273175155256,-2.6142267987915764,-0.4077994812760508,0.4077994812760508
fp64_gpu_xla_sqmc_reference_comparison,exact_scope_frozen_controls; epsilon_validity_nomination_then_full_score_flow_grid,full_d10_T2,iid_dual_cap,201001,202002,True,"LQ[3,2]",0.5843362200434306,0.895823317023428,0.31148709697999744,0.31148709697999744
fp64_gpu_xla_sqmc_reference_comparison,exact_scope_frozen_controls; epsilon_validity_nomination_then_full_score_flow_grid,full_d10_T2,iid_dual_cap,201001,202002,True,"log_LQ[3,3]",-0.208563557210624,0.03727640703480217,0.24583996424542617,0.24583996424542617
fp64_gpu_xla_sqmc_reference_comparison,exact_scope_frozen_controls; epsilon_validity_nomination_then_full_score_flow_grid,full_d10_T2,iid_dual_cap,201001,202002,True,"LQ[4,1]",-2.404857961128028,-2.544840749373174,-0.13998278824514587,0.13998278824514587
fp64_gpu_xla_sqmc_reference_comparison,exact_scope_frozen_controls; epsilon_validity_nomination_then_full_score_flow_grid,full_d10_T2,iid_dual_cap,201001,202002,True,"LQ[4,2]",0.5817453337963082,0.8395872793967247,0.2578419456004165,0.2578419456004165
fp64_gpu_xla_sqmc_reference_comparison,exact_scope_frozen_controls; epsilon_validity_nomination_then_full_score_flow_grid,full_d10_T2,iid_dual_cap,201001,202002,True,"LQ[4,3]",1.7729523153504338,2.114549989832604,0.34159767448217027,0.34159767448217027
fp64_gpu_xla_sqmc_reference_comparison,exact_scope_frozen_controls; epsilon_validity_nomination_then_full_score_flow_grid,full_d10_T2,iid_dual_cap,201001,202002,True,"log_LQ[4,4]",-0.2551747876793065,-0.30916951686763444,-0.05399472918832793,0.05399472918832793
fp64_gpu_xla_sqmc_reference_comparison,exact_scope_frozen_controls; epsilon_validity_nomination_then_full_score_flow_grid,full_d10_T2,iid_dual_cap,201001,202002,True,"LQ[5,1]",-0.5366956450504217,-1.3495844029029287,-0.812888757852507,0.812888757852507
fp64_gpu_xla_sqmc_reference_comparison,exact_scope_frozen_controls; epsilon_validity_nomination_then_full_score_flow_grid,full_d10_T2,iid_dual_cap,201001,202002,True,"LQ[5,2]",0.02365462394093025,0.12188751376490246,0.09823288982397221,0.09823288982397221
fp64_gpu_xla_sqmc_reference_comparison,exact_scope_frozen_controls; epsilon_validity_nomination_then_full_score_flow_grid,full_d10_T2,iid_dual_cap,201001,202002,True,"LQ[5,3]",1.0357621804690664,1.475516756289455,0.43975457582038846,0.43975457582038846
fp64_gpu_xla_sqmc_reference_comparison,exact_scope_frozen_controls; epsilon_validity_nomination_then_full_score_flow_grid,full_d10_T2,iid_dual_cap,201001,202002,True,"LQ[5,4]",0.8887520351281037,0.9307835290121496,0.04203149388404581,0.04203149388404581
fp64_gpu_xla_sqmc_reference_comparison,exact_scope_frozen_controls; epsilon_validity_nomination_then_full_score_flow_grid,full_d10_T2,iid_dual_cap,201001,202002,True,"log_LQ[5,5]",-0.13394057767215156,0.2808108493044694,0.414751426976621,0.414751426976621
fp64_gpu_xla_sqmc_reference_comparison,exact_scope_frozen_controls; epsilon_validity_nomination_then_full_score_flow_grid,full_d10_T2,iid_dual_cap,201001,202002,True,"LQ[6,1]",1.6956486340289318,2.079607594884717,0.38395896085578496,0.38395896085578496
fp64_gpu_xla_sqmc_reference_comparison,exact_scope_frozen_controls; epsilon_validity_nomination_then_full_score_flow_grid,full_d10_T2,iid_dual_cap,201001,202002,True,"LQ[6,2]",-0.46516423854204236,-0.5075208798524914,-0.04235664131044903,0.04235664131044903
fp64_gpu_xla_sqmc_reference_comparison,exact_scope_frozen_controls; epsilon_validity_nomination_then_full_score_flow_grid,full_d10_T2,iid_dual_cap,201001,202002,True,"LQ[6,3]",-1.091350037303425,-1.4148937261207268,-0.3235436888173018,0.3235436888173018
fp64_gpu_xla_sqmc_reference_comparison,exact_scope_frozen_controls; epsilon_validity_nomination_then_full_score_flow_grid,full_d10_T2,iid_dual_cap,201001,202002,True,"LQ[6,4]",-0.9884428043203441,-1.2067889952183795,-0.2183461908980353,0.2183461908980353
fp64_gpu_xla_sqmc_reference_comparison,exact_scope_frozen_controls; epsilon_validity_nomination_then_full_score_flow_grid,full_d10_T2,iid_dual_cap,201001,202002,True,"LQ[6,5]",-0.7452267819343596,-0.7035449573303386,0.041681824604021034,0.041681824604021034
fp64_gpu_xla_sqmc_reference_comparison,exact_scope_frozen_controls; epsilon_validity_nomination_then_full_score_flow_grid,full_d10_T2,iid_dual_cap,201001,202002,True,"log_LQ[6,6]",-0.5412014505489918,-0.4000556924674488,0.141145758081543,0.141145758081543
fp64_gpu_xla_sqmc_reference_comparison,exact_scope_frozen_controls; epsilon_validity_nomination_then_full_score_flow_grid,full_d10_T2,iid_dual_cap,201001,202002,True,"LQ[7,1]",1.9261134704554341,2.139789788266216,0.21367631781078167,0.21367631781078167
fp64_gpu_xla_sqmc_reference_comparison,exact_scope_frozen_controls; epsilon_validity_nomination_then_full_score_flow_grid,full_d10_T2,iid_dual_cap,201001,202002,True,"LQ[7,2]",-0.6710099009322407,-0.8583223117215745,-0.1873124107893338,0.1873124107893338
fp64_gpu_xla_sqmc_reference_comparison,exact_scope_frozen_controls; epsilon_validity_nomination_then_full_score_flow_grid,full_d10_T2,iid_dual_cap,201001,202002,True,"LQ[7,3]",-0.3494967361318082,-0.3113948321460299,0.038101903985778285,0.038101903985778285
fp64_gpu_xla_sqmc_reference_comparison,exact_scope_frozen_controls; epsilon_validity_nomination_then_full_score_flow_grid,full_d10_T2,iid_dual_cap,201001,202002,True,"LQ[7,4]",-0.311837454917008,-0.6776032559459542,-0.3657658010289462,0.3657658010289462
fp64_gpu_xla_sqmc_reference_comparison,exact_scope_frozen_controls; epsilon_validity_nomination_then_full_score_flow_grid,full_d10_T2,iid_dual_cap,201001,202002,True,"LQ[7,5]",1.1805289302383066,1.6169416428078047,0.4364127125694981,0.4364127125694981
fp64_gpu_xla_sqmc_reference_comparison,exact_scope_frozen_controls; epsilon_validity_nomination_then_full_score_flow_grid,full_d10_T2,iid_dual_cap,201001,202002,True,"LQ[7,6]",0.49808959455553353,0.5456470516336117,0.04755745707807818,0.04755745707807818
fp64_gpu_xla_sqmc_reference_comparison,exact_scope_frozen_controls; epsilon_validity_nomination_then_full_score_flow_grid,full_d10_T2,iid_dual_cap,201001,202002,True,"log_LQ[7,7]",0.08444345129268202,0.021762451641230307,-0.06268099965145171,0.06268099965145171
fp64_gpu_xla_sqmc_reference_comparison,exact_scope_frozen_controls; epsilon_validity_nomination_then_full_score_flow_grid,full_d10_T2,iid_dual_cap,201001,202002,True,"LQ[8,1]",0.23223520514382295,0.511243173339632,0.27900796819580903,0.27900796819580903
fp64_gpu_xla_sqmc_reference_comparison,exact_scope_frozen_controls; epsilon_validity_nomination_then_full_score_flow_grid,full_d10_T2,iid_dual_cap,201001,202002,True,"LQ[8,2]",-0.09810939533409348,-0.07837466454525749,0.01973473078883599,0.01973473078883599
fp64_gpu_xla_sqmc_reference_comparison,exact_scope_frozen_controls; epsilon_validity_nomination_then_full_score_flow_grid,full_d10_T2,iid_dual_cap,201001,202002,True,"LQ[8,3]",-0.031100117681431966,0.0903161475417057,0.12141626522313766,0.12141626522313766
fp64_gpu_xla_sqmc_reference_comparison,exact_scope_frozen_controls; epsilon_validity_nomination_then_full_score_flow_grid,full_d10_T2,iid_dual_cap,201001,202002,True,"LQ[8,4]",-0.0905916812120991,-0.31592813364394107,-0.22533645243184197,0.22533645243184197
fp64_gpu_xla_sqmc_reference_comparison,exact_scope_frozen_controls; epsilon_validity_nomination_then_full_score_flow_grid,full_d10_T2,iid_dual_cap,201001,202002,True,"LQ[8,5]",0.08936060155532534,0.506592490250289,0.41723188869496364,0.41723188869496364
fp64_gpu_xla_sqmc_reference_comparison,exact_scope_frozen_controls; epsilon_validity_nomination_then_full_score_flow_grid,full_d10_T2,iid_dual_cap,201001,202002,True,"LQ[8,6]",0.03489536370248869,-0.03213251072983225,-0.06702787443232094,0.06702787443232094
fp64_gpu_xla_sqmc_reference_comparison,exact_scope_frozen_controls; epsilon_validity_nomination_then_full_score_flow_grid,full_d10_T2,iid_dual_cap,201001,202002,True,"LQ[8,7]",0.20299357525982648,0.2956508243265957,0.0926572490667692,0.0926572490667692
fp64_gpu_xla_sqmc_reference_comparison,exact_scope_frozen_controls; epsilon_validity_nomination_then_full_score_flow_grid,full_d10_T2,iid_dual_cap,201001,202002,True,"log_LQ[8,8]",-0.988388572796855,-1.0949708221749888,-0.10658224937813376,0.10658224937813376
fp64_gpu_xla_sqmc_reference_comparison,exact_scope_frozen_controls; epsilon_validity_nomination_then_full_score_flow_grid,full_d10_T2,iid_dual_cap,201001,202002,True,"LQ[9,1]",-1.998632437470166,-2.8678029262406737,-0.8691704887705076,0.8691704887705076
fp64_gpu_xla_sqmc_reference_comparison,exact_scope_frozen_controls; epsilon_validity_nomination_then_full_score_flow_grid,full_d10_T2,iid_dual_cap,201001,202002,True,"LQ[9,2]",0.5636584732687647,0.30044048710888377,-0.26321798615988096,0.26321798615988096
fp64_gpu_xla_sqmc_reference_comparison,exact_scope_frozen_controls; epsilon_validity_nomination_then_full_score_flow_grid,full_d10_T2,iid_dual_cap,201001,202002,True,"LQ[9,3]",1.190583506677017,1.4743519743915816,0.28376846771456465,0.28376846771456465
fp64_gpu_xla_sqmc_reference_comparison,exact_scope_frozen_controls; epsilon_validity_nomination_then_full_score_flow_grid,full_d10_T2,iid_dual_cap,201001,202002,True,"LQ[9,4]",1.0779425725170695,1.3348237942977552,0.25688122178068573,0.25688122178068573
fp64_gpu_xla_sqmc_reference_comparison,exact_scope_frozen_controls; epsilon_validity_nomination_then_full_score_flow_grid,full_d10_T2,iid_dual_cap,201001,202002,True,"LQ[9,5]",0.6604696092785991,1.0259339149521713,0.36546430567357224,0.36546430567357224
fp64_gpu_xla_sqmc_reference_comparison,exact_scope_frozen_controls; epsilon_validity_nomination_then_full_score_flow_grid,full_d10_T2,iid_dual_cap,201001,202002,True,"LQ[9,6]",-0.9697232452874001,-1.1758001309073984,-0.20607688561999837,0.20607688561999837
fp64_gpu_xla_sqmc_reference_comparison,exact_scope_frozen_controls; epsilon_validity_nomination_then_full_score_flow_grid,full_d10_T2,iid_dual_cap,201001,202002,True,"LQ[9,7]",-0.5479328392859982,-1.0529178379827007,-0.5049849986967024,0.5049849986967024
fp64_gpu_xla_sqmc_reference_comparison,exact_scope_frozen_controls; epsilon_validity_nomination_then_full_score_flow_grid,full_d10_T2,iid_dual_cap,201001,202002,True,"LQ[9,8]",-0.21433239634499607,-0.1754302334545793,0.03890216289041676,0.03890216289041676
fp64_gpu_xla_sqmc_reference_comparison,exact_scope_frozen_controls; epsilon_validity_nomination_then_full_score_flow_grid,full_d10_T2,iid_dual_cap,201001,202002,True,"log_LQ[9,9]",-0.47685284814179885,-0.276524510926512,0.20032833721528687,0.20032833721528687
fp64_gpu_xla_sqmc_reference_comparison,exact_scope_frozen_controls; epsilon_validity_nomination_then_full_score_flow_grid,full_d10_T2,iid_dual_cap,201001,202002,True,"LQ[10,1]",4.062768780999246,4.373615726654263,0.31084694565501714,0.31084694565501714
fp64_gpu_xla_sqmc_reference_comparison,exact_scope_frozen_controls; epsilon_validity_nomination_then_full_score_flow_grid,full_d10_T2,iid_dual_cap,201001,202002,True,"LQ[10,2]",-1.2835986255749678,-2.1490997794569213,-0.8655011538819535,0.8655011538819535
fp64_gpu_xla_sqmc_reference_comparison,exact_scope_frozen_controls; epsilon_validity_nomination_then_full_score_flow_grid,full_d10_T2,iid_dual_cap,201001,202002,True,"LQ[10,3]",-1.6358862954083686,-1.8868788278414277,-0.2509925324330591,0.2509925324330591
fp64_gpu_xla_sqmc_reference_comparison,exact_scope_frozen_controls; epsilon_validity_nomination_then_full_score_flow_grid,full_d10_T2,iid_dual_cap,201001,202002,True,"LQ[10,4]",-1.526351127748982,-1.222131936342797,0.30421919140618514,0.30421919140618514
fp64_gpu_xla_sqmc_reference_comparison,exact_scope_frozen_controls; epsilon_validity_nomination_then_full_score_flow_grid,full_d10_T2,iid_dual_cap,201001,202002,True,"LQ[10,5]",0.3818582041101131,0.9235392962965085,0.5416810921863955,0.5416810921863955
fp64_gpu_xla_sqmc_reference_comparison,exact_scope_frozen_controls; epsilon_validity_nomination_then_full_score_flow_grid,full_d10_T2,iid_dual_cap,201001,202002,True,"LQ[10,6]",1.5271278797427765,1.7744292937799537,0.2473014140371772,0.2473014140371772
fp64_gpu_xla_sqmc_reference_comparison,exact_scope_frozen_controls; epsilon_validity_nomination_then_full_score_flow_grid,full_d10_T2,iid_dual_cap,201001,202002,True,"LQ[10,7]",2.7481056488092324,2.7813821974939783,0.033276548684745944,0.033276548684745944
fp64_gpu_xla_sqmc_reference_comparison,exact_scope_frozen_controls; epsilon_validity_nomination_then_full_score_flow_grid,full_d10_T2,iid_dual_cap,201001,202002,True,"LQ[10,8]",0.6328675079264996,1.0570502773301025,0.4241827694036029,0.4241827694036029
fp64_gpu_xla_sqmc_reference_comparison,exact_scope_frozen_controls; epsilon_validity_nomination_then_full_score_flow_grid,full_d10_T2,iid_dual_cap,201001,202002,True,"LQ[10,9]",-2.104089251530308,-2.4479292767715433,-0.34384002524123547,0.34384002524123547
fp64_gpu_xla_sqmc_reference_comparison,exact_scope_frozen_controls; epsilon_validity_nomination_then_full_score_flow_grid,full_d10_T2,iid_dual_cap,201001,202002,True,"log_LQ[10,10]",1.4807298861910445,1.4611018490115164,-0.0196280371795281,0.0196280371795281
fp64_gpu_xla_sqmc_reference_comparison,exact_scope_frozen_controls; epsilon_validity_nomination_then_full_score_flow_grid,full_d10_T2,iid_dual_cap,201001,202002,True,log_R_variance,0.745698627970492,0.5242040302530805,-0.22149459771741153,0.22149459771741153
fp64_gpu_xla_sqmc_reference_comparison,exact_scope_frozen_controls; epsilon_validity_nomination_then_full_score_flow_grid,full_d10_T2,iid_dual_cap,201001,202002,True,initial_mean_scale,-0.8465975322240216,-0.7093716274228131,0.13722590480120844,0.13722590480120844
fp64_gpu_xla_sqmc_reference_comparison,exact_scope_frozen_controls; epsilon_validity_nomination_then_full_score_flow_grid,full_d10_T2,iid_dual_cap,201002,202001,True,"A[1,1]",0.7312515086799218,0.5970365582341068,-0.134214950445815,0.134214950445815
fp64_gpu_xla_sqmc_reference_comparison,exact_scope_frozen_controls; epsilon_validity_nomination_then_full_score_flow_grid,full_d10_T2,iid_dual_cap,201002,202001,True,"A[1,2]",-1.134026720692122,-0.5654602569041207,0.5685664637880012,0.5685664637880012
fp64_gpu_xla_sqmc_reference_comparison,exact_scope_frozen_controls; epsilon_validity_nomination_then_full_score_flow_grid,full_d10_T2,iid_dual_cap,201002,202001,True,"A[1,3]",1.1007499902741107,1.233168058549178,0.1324180682750673,0.1324180682750673
fp64_gpu_xla_sqmc_reference_comparison,exact_scope_frozen_controls; epsilon_validity_nomination_then_full_score_flow_grid,full_d10_T2,iid_dual_cap,201002,202001,True,"A[1,4]",-0.1635294684215646,0.06637396995586059,0.2299034383774252,0.2299034383774252
fp64_gpu_xla_sqmc_reference_comparison,exact_scope_frozen_controls; epsilon_validity_nomination_then_full_score_flow_grid,full_d10_T2,iid_dual_cap,201002,202001,True,"A[1,5]",-1.523160339493569,-1.4163732163002996,0.10678712319326955,0.10678712319326955
fp64_gpu_xla_sqmc_reference_comparison,exact_scope_frozen_controls; epsilon_validity_nomination_then_full_score_flow_grid,full_d10_T2,iid_dual_cap,201002,202001,True,"A[1,6]",0.6393651200679418,0.11133719043570896,-0.5280279296322328,0.5280279296322328
fp64_gpu_xla_sqmc_reference_comparison,exact_scope_frozen_controls; epsilon_validity_nomination_then_full_score_flow_grid,full_d10_T2,iid_dual_cap,201002,202001,True,"A[1,7]",0.9884282165645788,1.0172358105154558,0.028807593950876953,0.028807593950876953
fp64_gpu_xla_sqmc_reference_comparison,exact_scope_frozen_controls; epsilon_validity_nomination_then_full_score_flow_grid,full_d10_T2,iid_dual_cap,201002,202001,True,"A[1,8]",1.6282401428692976,2.142630999121855,0.5143908562525574,0.5143908562525574
fp64_gpu_xla_sqmc_reference_comparison,exact_scope_frozen_controls; epsilon_validity_nomination_then_full_score_flow_grid,full_d10_T2,iid_dual_cap,201002,202001,True,"A[1,9]",5.626785268565081,6.169724015658578,0.5429387470934968,0.5429387470934968
fp64_gpu_xla_sqmc_reference_comparison,exact_scope_frozen_controls; epsilon_validity_nomination_then_full_score_flow_grid,full_d10_T2,iid_dual_cap,201002,202001,True,"A[1,10]",-2.2730825336074996,-2.7953683805029,-0.5222858468954006,0.5222858468954006
fp64_gpu_xla_sqmc_reference_comparison,exact_scope_frozen_controls; epsilon_validity_nomination_then_full_score_flow_grid,full_d10_T2,iid_dual_cap,201002,202001,True,"A[2,1]",0.03105161477407775,0.03819312884729886,0.007141514073221111,0.007141514073221111
fp64_gpu_xla_sqmc_reference_comparison,exact_scope_frozen_controls; epsilon_validity_nomination_then_full_score_flow_grid,full_d10_T2,iid_dual_cap,201002,202001,True,"A[2,2]",-0.9902851937189366,-0.9792037435693175,0.011081450149619143,0.011081450149619143
fp64_gpu_xla_sqmc_reference_comparison,exact_scope_frozen_controls; epsilon_validity_nomination_then_full_score_flow_grid,full_d10_T2,iid_dual_cap,201002,202001,True,"A[2,3]",0.025419564736536365,0.07120321658442492,0.04578365184788856,0.04578365184788856
fp64_gpu_xla_sqmc_reference_comparison,exact_scope_frozen_controls; epsilon_validity_nomination_then_full_score_flow_grid,full_d10_T2,iid_dual_cap,201002,202001,True,"A[2,4]",-0.015787818547178353,0.06653085005326434,0.0823186686004427,0.0823186686004427
fp64_gpu_xla_sqmc_reference_comparison,exact_scope_frozen_controls; epsilon_validity_nomination_then_full_score_flow_grid,full_d10_T2,iid_dual_cap,201002,202001,True,"A[2,5]",0.0007243707767340957,0.45081473047703746,0.45009035970030337,0.45009035970030337
fp64_gpu_xla_sqmc_reference_comparison,exact_scope_frozen_controls; epsilon_validity_nomination_then_full_score_flow_grid,full_d10_T2,iid_dual_cap,201002,202001,True,"A[2,6]",-0.012636766101587094,-0.04260188712856433,-0.029965121026977237,0.029965121026977237
fp64_gpu_xla_sqmc_reference_comparison,exact_scope_frozen_controls; epsilon_validity_nomination_then_full_score_flow_grid,full_d10_T2,iid_dual_cap,201002,202001,True,"A[2,7]",0.028711044512336817,-0.2539682861240721,-0.2826793306364089,0.2826793306364089
fp64_gpu_xla_sqmc_reference_comparison,exact_scope_frozen_controls; epsilon_validity_nomination_then_full_score_flow_grid,full_d10_T2,iid_dual_cap,201002,202001,True,"A[2,8]",-0.010709165902501205,-0.4105971795084976,-0.3998880136059964,0.3998880136059964
fp64_gpu_xla_sqmc_reference_comparison,exact_scope_frozen_controls; epsilon_validity_nomination_then_full_score_flow_grid,full_d10_T2,iid_dual_cap,201002,202001,True,"A[2,9]",0.06488621397927752,-0.8467446458237982,-0.9116308598030757,0.9116308598030757
fp64_gpu_xla_sqmc_reference_comparison,exact_scope_frozen_controls; epsilon_validity_nomination_then_full_score_flow_grid,full_d10_T2,iid_dual_cap,201002,202001,True,"A[2,10]",-0.041898392985108335,0.21808222991620174,0.2599806229013101,0.2599806229013101
fp64_gpu_xla_sqmc_reference_comparison,exact_scope_frozen_controls; epsilon_validity_nomination_then_full_score_flow_grid,full_d10_T2,iid_dual_cap,201002,202001,True,"A[3,1]",0.6254251229137281,0.2517529326805588,-0.3736721902331693,0.3736721902331693
fp64_gpu_xla_sqmc_reference_comparison,exact_scope_frozen_controls; epsilon_validity_nomination_then_full_score_flow_grid,full_d10_T2,iid_dual_cap,201002,202001,True,"A[3,2]",-0.4197635352621021,-0.08150780383385989,0.33825573142824217,0.33825573142824217
fp64_gpu_xla_sqmc_reference_comparison,exact_scope_frozen_controls; epsilon_validity_nomination_then_full_score_flow_grid,full_d10_T2,iid_dual_cap,201002,202001,True,"A[3,3]",-0.559170127112457,-0.28479939355264816,0.2743707335598088,0.2743707335598088
fp64_gpu_xla_sqmc_reference_comparison,exact_scope_frozen_controls; epsilon_validity_nomination_then_full_score_flow_grid,full_d10_T2,iid_dual_cap,201002,202001,True,"A[3,4]",-0.06211186347064271,-0.01510348322050242,0.047008380250140286,0.047008380250140286
fp64_gpu_xla_sqmc_reference_comparison,exact_scope_frozen_controls; epsilon_validity_nomination_then_full_score_flow_grid,full_d10_T2,iid_dual_cap,201002,202001,True,"A[3,5]",-0.561892891214147,-0.4265297505051281,0.1353631407090189,0.1353631407090189
fp64_gpu_xla_sqmc_reference_comparison,exact_scope_frozen_controls; epsilon_validity_nomination_then_full_score_flow_grid,full_d10_T2,iid_dual_cap,201002,202001,True,"A[3,6]",0.23674281202276254,-0.09575318640671497,-0.3324959984294775,0.3324959984294775
fp64_gpu_xla_sqmc_reference_comparison,exact_scope_frozen_controls; epsilon_validity_nomination_then_full_score_flow_grid,full_d10_T2,iid_dual_cap,201002,202001,True,"A[3,7]",0.3643272023600196,0.23866876319116526,-0.12565843916885433,0.12565843916885433
fp64_gpu_xla_sqmc_reference_comparison,exact_scope_frozen_controls; epsilon_validity_nomination_then_full_score_flow_grid,full_d10_T2,iid_dual_cap,201002,202001,True,"A[3,8]",0.6053165224194904,0.8036216346623047,0.19830511224281433,0.19830511224281433
fp64_gpu_xla_sqmc_reference_comparison,exact_scope_frozen_controls; epsilon_validity_nomination_then_full_score_flow_grid,full_d10_T2,iid_dual_cap,201002,202001,True,"A[3,9]",2.0804911740092553,1.641267767424626,-0.4392234065846292,0.4392234065846292
fp64_gpu_xla_sqmc_reference_comparison,exact_scope_frozen_controls; epsilon_validity_nomination_then_full_score_flow_grid,full_d10_T2,iid_dual_cap,201002,202001,True,"A[3,10]",-0.8377788441267946,-0.9235729697236148,-0.0857941255968202,0.0857941255968202
fp64_gpu_xla_sqmc_reference_comparison,exact_scope_frozen_controls; epsilon_validity_nomination_then_full_score_flow_grid,full_d10_T2,iid_dual_cap,201002,202001,True,"A[4,1]",-0.7345625873009947,-0.5056587459984921,0.22890384130250252,0.22890384130250252
fp64_gpu_xla_sqmc_reference_comparison,exact_scope_frozen_controls; epsilon_validity_nomination_then_full_score_flow_grid,full_d10_T2,iid_dual_cap,201002,202001,True,"A[4,2]",0.5031972016963718,0.32368430458478364,-0.1795128971115882,0.1795128971115882
fp64_gpu_xla_sqmc_reference_comparison,exact_scope_frozen_controls; epsilon_validity_nomination_then_full_score_flow_grid,full_d10_T2,iid_dual_cap,201002,202001,True,"A[4,3]",-0.4915353579033352,-0.6175677606819938,-0.12603240277865863,0.12603240277865863
fp64_gpu_xla_sqmc_reference_comparison,exact_scope_frozen_controls; epsilon_validity_nomination_then_full_score_flow_grid,full_d10_T2,iid_dual_cap,201002,202001,True,"A[4,4]",-0.8639553483728762,-1.0473112686194939,-0.18335592024661762,0.18335592024661762
fp64_gpu_xla_sqmc_reference_comparison,exact_scope_frozen_controls; epsilon_validity_nomination_then_full_score_flow_grid,full_d10_T2,iid_dual_cap,201002,202001,True,"A[4,5]",0.594421946879726,0.4744558592889051,-0.11996608759082095,0.11996608759082095
fp64_gpu_xla_sqmc_reference_comparison,exact_scope_frozen_controls; epsilon_validity_nomination_then_full_score_flow_grid,full_d10_T2,iid_dual_cap,201002,202001,True,"A[4,6]",-0.22752954966645683,-0.08947092780344917,0.13805862186300766,0.13805862186300766
fp64_gpu_xla_sqmc_reference_comparison,exact_scope_frozen_controls; epsilon_validity_nomination_then_full_score_flow_grid,full_d10_T2,iid_dual_cap,201002,202001,True,"A[4,7]",-0.4443664308832553,-0.52716440902715,-0.08279797814389472,0.08279797814389472
fp64_gpu_xla_sqmc_reference_comparison,exact_scope_frozen_controls; epsilon_validity_nomination_then_full_score_flow_grid,full_d10_T2,iid_dual_cap,201002,202001,True,"A[4,8]",-0.6330744464310756,-0.691333714505017,-0.05825926807394144,0.05825926807394144
fp64_gpu_xla_sqmc_reference_comparison,exact_scope_frozen_controls; epsilon_validity_nomination_then_full_score_flow_grid,full_d10_T2,iid_dual_cap,201002,202001,True,"A[4,9]",-2.3516563954741354,-2.4689639342236,-0.11730753874946442,0.11730753874946442
fp64_gpu_xla_sqmc_reference_comparison,exact_scope_frozen_controls; epsilon_validity_nomination_then_full_score_flow_grid,full_d10_T2,iid_dual_cap,201002,202001,True,"A[4,10]",0.9712013340288347,0.8934990626375479,-0.07770227139128683,0.07770227139128683
fp64_gpu_xla_sqmc_reference_comparison,exact_scope_frozen_controls; epsilon_validity_nomination_then_full_score_flow_grid,full_d10_T2,iid_dual_cap,201002,202001,True,"A[5,1]",-0.3369411373365674,-0.33750778471866993,-0.0005666473821025475,0.0005666473821025475
fp64_gpu_xla_sqmc_reference_comparison,exact_scope_frozen_controls; epsilon_validity_nomination_then_full_score_flow_grid,full_d10_T2,iid_dual_cap,201002,202001,True,"A[5,2]",0.203190604437217,0.275278233993835,0.07208762955661799,0.07208762955661799
fp64_gpu_xla_sqmc_reference_comparison,exact_scope_frozen_controls; epsilon_validity_nomination_then_full_score_flow_grid,full_d10_T2,iid_dual_cap,201002,202001,True,"A[5,3]",-0.19312563149290843,-0.22022055476622654,-0.02709492327331811,0.02709492327331811
fp64_gpu_xla_sqmc_reference_comparison,exact_scope_frozen_controls; epsilon_validity_nomination_then_full_score_flow_grid,full_d10_T2,iid_dual_cap,201002,202001,True,"A[5,4]",-0.029190325564111875,0.12853489129544798,0.15772521685955987,0.15772521685955987
fp64_gpu_xla_sqmc_reference_comparison,exact_scope_frozen_controls; epsilon_validity_nomination_then_full_score_flow_grid,full_d10_T2,iid_dual_cap,201002,202001,True,"A[5,5]",-0.531728068733793,-0.4282268725473611,0.10350119618643189,0.10350119618643189
fp64_gpu_xla_sqmc_reference_comparison,exact_scope_frozen_controls; epsilon_validity_nomination_then_full_score_flow_grid,full_d10_T2,iid_dual_cap,201002,202001,True,"A[5,6]",-0.2252756709429521,-0.27386836240355333,-0.048592691460601245,0.048592691460601245
fp64_gpu_xla_sqmc_reference_comparison,exact_scope_frozen_controls; epsilon_validity_nomination_then_full_score_flow_grid,full_d10_T2,iid_dual_cap,201002,202001,True,"A[5,7]",-0.16805086642022032,-0.3065053866430939,-0.13845452022287358,0.13845452022287358
fp64_gpu_xla_sqmc_reference_comparison,exact_scope_frozen_controls; epsilon_validity_nomination_then_full_score_flow_grid,full_d10_T2,iid_dual_cap,201002,202001,True,"A[5,8]",-0.4694135725392166,-0.5862478838217883,-0.11683431128257166,0.11683431128257166
fp64_gpu_xla_sqmc_reference_comparison,exact_scope_frozen_controls; epsilon_validity_nomination_then_full_score_flow_grid,full_d10_T2,iid_dual_cap,201002,202001,True,"A[5,9]",-1.303654398695853,-1.4448041864296186,-0.14114978773376552,0.14114978773376552
fp64_gpu_xla_sqmc_reference_comparison,exact_scope_frozen_controls; epsilon_validity_nomination_then_full_score_flow_grid,full_d10_T2,iid_dual_cap,201002,202001,True,"A[5,10]",0.48566513703063274,0.5747950209993593,0.08912988396872656,0.08912988396872656
fp64_gpu_xla_sqmc_reference_comparison,exact_scope_frozen_controls; epsilon_validity_nomination_then_full_score_flow_grid,full_d10_T2,iid_dual_cap,201002,202001,True,"A[6,1]",0.5531154842897016,0.7095071272645721,0.15639164297487052,0.15639164297487052
fp64_gpu_xla_sqmc_reference_comparison,exact_scope_frozen_controls; epsilon_validity_nomination_then_full_score_flow_grid,full_d10_T2,iid_dual_cap,201002,202001,True,"A[6,2]",-0.35833410877018795,-0.3506377433817238,0.0076963653884641325,0.0076963653884641325
fp64_gpu_xla_sqmc_reference_comparison,exact_scope_frozen_controls; epsilon_validity_nomination_then_full_score_flow_grid,full_d10_T2,iid_dual_cap,201002,202001,True,"A[6,3]",0.34581298345285155,0.5134718517325958,0.16765886827974424,0.16765886827974424
fp64_gpu_xla_sqmc_reference_comparison,exact_scope_frozen_controls; epsilon_validity_nomination_then_full_score_flow_grid,full_d10_T2,iid_dual_cap,201002,202001,True,"A[6,4]",-0.021039322087962276,-0.1281233628745696,-0.10708404078660733,0.10708404078660733
fp64_gpu_xla_sqmc_reference_comparison,exact_scope_frozen_controls; epsilon_validity_nomination_then_full_score_flow_grid,full_d10_T2,iid_dual_cap,201002,202001,True,"A[6,5]",-0.5648831210660903,-0.95392496053308,-0.38904183946698967,0.38904183946698967
fp64_gpu_xla_sqmc_reference_comparison,exact_scope_frozen_controls; epsilon_validity_nomination_then_full_score_flow_grid,full_d10_T2,iid_dual_cap,201002,202001,True,"A[6,6]",-0.7035989149413433,-0.7355550221020586,-0.031956107160715286,0.031956107160715286
fp64_gpu_xla_sqmc_reference_comparison,exact_scope_frozen_controls; epsilon_validity_nomination_then_full_score_flow_grid,full_d10_T2,iid_dual_cap,201002,202001,True,"A[6,7]",0.30709587051325926,0.5271350998074809,0.2200392292942216,0.2200392292942216
fp64_gpu_xla_sqmc_reference_comparison,exact_scope_frozen_controls; epsilon_validity_nomination_then_full_score_flow_grid,full_d10_T2,iid_dual_cap,201002,202001,True,"A[6,8]",0.6031172277434557,1.0538268716922798,0.4507096439488242,0.4507096439488242
fp64_gpu_xla_sqmc_reference_comparison,exact_scope_frozen_controls; epsilon_validity_nomination_then_full_score_flow_grid,full_d10_T2,iid_dual_cap,201002,202001,True,"A[6,9]",1.9265044307099535,2.8239322466118857,0.8974278159019322,0.8974278159019322
fp64_gpu_xla_sqmc_reference_comparison,exact_scope_frozen_controls; epsilon_validity_nomination_then_full_score_flow_grid,full_d10_T2,iid_dual_cap,201002,202001,True,"A[6,10]",-0.7593469144983636,-1.3091587087873218,-0.5498117942889582,0.5498117942889582
fp64_gpu_xla_sqmc_reference_comparison,exact_scope_frozen_controls; epsilon_validity_nomination_then_full_score_flow_grid,full_d10_T2,iid_dual_cap,201002,202001,True,"A[7,1]",0.16852945039449574,0.47554535736840897,0.30701590697391323,0.30701590697391323
fp64_gpu_xla_sqmc_reference_comparison,exact_scope_frozen_controls; epsilon_validity_nomination_then_full_score_flow_grid,full_d10_T2,iid_dual_cap,201002,202001,True,"A[7,2]",-0.112512586760323,-0.2525149264759289,-0.14000233971560588,0.14000233971560588
fp64_gpu_xla_sqmc_reference_comparison,exact_scope_frozen_controls; epsilon_validity_nomination_then_full_score_flow_grid,full_d10_T2,iid_dual_cap,201002,202001,True,"A[7,3]",0.10964572990164437,0.23765686884438314,0.12801113894273877,0.12801113894273877
fp64_gpu_xla_sqmc_reference_comparison,exact_scope_frozen_controls; epsilon_validity_nomination_then_full_score_flow_grid,full_d10_T2,iid_dual_cap,201002,202001,True,"A[7,4]",-0.015534552118650534,-0.33257569296522443,-0.3170411408465739,0.3170411408465739
fp64_gpu_xla_sqmc_reference_comparison,exact_scope_frozen_controls; epsilon_validity_nomination_then_full_score_flow_grid,full_d10_T2,iid_dual_cap,201002,202001,True,"A[7,5]",-0.15654018970454656,-0.38964090725365985,-0.2331007175491133,0.2331007175491133
fp64_gpu_xla_sqmc_reference_comparison,exact_scope_frozen_controls; epsilon_validity_nomination_then_full_score_flow_grid,full_d10_T2,iid_dual_cap,201002,202001,True,"A[7,6]",0.0663245537225399,0.10644929435079493,0.04012474062825504,0.04012474062825504
fp64_gpu_xla_sqmc_reference_comparison,exact_scope_frozen_controls; epsilon_validity_nomination_then_full_score_flow_grid,full_d10_T2,iid_dual_cap,201002,202001,True,"A[7,7]",-0.8571511387444378,-0.92667773696662,-0.06952659822218221,0.06952659822218221
fp64_gpu_xla_sqmc_reference_comparison,exact_scope_frozen_controls; epsilon_validity_nomination_then_full_score_flow_grid,full_d10_T2,iid_dual_cap,201002,202001,True,"A[7,8]",0.17106009296689326,-0.15907276647482704,-0.3301328594417203,0.3301328594417203
fp64_gpu_xla_sqmc_reference_comparison,exact_scope_frozen_controls; epsilon_validity_nomination_then_full_score_flow_grid,full_d10_T2,iid_dual_cap,201002,202001,True,"A[7,9]",0.5820243649359071,1.306403310907871,0.7243789459719638,0.7243789459719638
fp64_gpu_xla_sqmc_reference_comparison,exact_scope_frozen_controls; epsilon_validity_nomination_then_full_score_flow_grid,full_d10_T2,iid_dual_cap,201002,202001,True,"A[7,10]",-0.23216711270449616,-0.5098067836225617,-0.2776396709180655,0.2776396709180655
fp64_gpu_xla_sqmc_reference_comparison,exact_scope_frozen_controls; epsilon_validity_nomination_then_full_score_flow_grid,full_d10_T2,iid_dual_cap,201002,202001,True,"A[8,1]",1.7353548066345492,1.56199679450508,-0.1733580121294691,0.1733580121294691
fp64_gpu_xla_sqmc_reference_comparison,exact_scope_frozen_controls; epsilon_validity_nomination_then_full_score_flow_grid,full_d10_T2,iid_dual_cap,201002,202001,True,"A[8,2]",-1.146658505220239,-0.7773357741451802,0.36932273107505875,0.36932273107505875
fp64_gpu_xla_sqmc_reference_comparison,exact_scope_frozen_controls; epsilon_validity_nomination_then_full_score_flow_grid,full_d10_T2,iid_dual_cap,201002,202001,True,"A[8,3]",1.111521510651809,1.5256400716391592,0.4141185609873501,0.4141185609873501
fp64_gpu_xla_sqmc_reference_comparison,exact_scope_frozen_controls; epsilon_validity_nomination_then_full_score_flow_grid,full_d10_T2,iid_dual_cap,201002,202001,True,"A[8,4]",-0.1281900518917811,-0.015635980805983662,0.11255407108579743,0.11255407108579743
fp64_gpu_xla_sqmc_reference_comparison,exact_scope_frozen_controls; epsilon_validity_nomination_then_full_score_flow_grid,full_d10_T2,iid_dual_cap,201002,202001,True,"A[8,5]",-1.6436168351434204,-1.2376475429175475,0.40596929222587286,0.40596929222587286
fp64_gpu_xla_sqmc_reference_comparison,exact_scope_frozen_controls; epsilon_validity_nomination_then_full_score_flow_grid,full_d10_T2,iid_dual_cap,201002,202001,True,"A[8,6]",0.7160276169284643,0.13915790472913098,-0.5768697121993334,0.5768697121993334
fp64_gpu_xla_sqmc_reference_comparison,exact_scope_frozen_controls; epsilon_validity_nomination_then_full_score_flow_grid,full_d10_T2,iid_dual_cap,201002,202001,True,"A[8,7]",0.9951195936096543,0.3107268314114666,-0.6843927621981877,0.6843927621981877
fp64_gpu_xla_sqmc_reference_comparison,exact_scope_frozen_controls; epsilon_validity_nomination_then_full_score_flow_grid,full_d10_T2,iid_dual_cap,201002,202001,True,"A[8,8]",0.8041375972733842,0.6130840343104025,-0.1910535629629817,0.1910535629629817
fp64_gpu_xla_sqmc_reference_comparison,exact_scope_frozen_controls; epsilon_validity_nomination_then_full_score_flow_grid,full_d10_T2,iid_dual_cap,201002,202001,True,"A[8,9]",5.877913107425604,5.448764847115957,-0.42914826030964726,0.42914826030964726
fp64_gpu_xla_sqmc_reference_comparison,exact_scope_frozen_controls; epsilon_validity_nomination_then_full_score_flow_grid,full_d10_T2,iid_dual_cap,201002,202001,True,"A[8,10]",-2.3519829478562935,-2.6584774645700424,-0.30649451671374894,0.30649451671374894
fp64_gpu_xla_sqmc_reference_comparison,exact_scope_frozen_controls; epsilon_validity_nomination_then_full_score_flow_grid,full_d10_T2,iid_dual_cap,201002,202001,True,"A[9,1]",0.48238143573450964,0.6698340267747329,0.18745259104022327,0.18745259104022327
fp64_gpu_xla_sqmc_reference_comparison,exact_scope_frozen_controls; epsilon_validity_nomination_then_full_score_flow_grid,full_d10_T2,iid_dual_cap,201002,202001,True,"A[9,2]",-0.2774390773171912,-0.22977772350858444,0.047661353808606755,0.047661353808606755
fp64_gpu_xla_sqmc_reference_comparison,exact_scope_frozen_controls; epsilon_validity_nomination_then_full_score_flow_grid,full_d10_T2,iid_dual_cap,201002,202001,True,"A[9,3]",0.26181344093393993,0.23235668160254563,-0.0294567593313943,0.0294567593313943
fp64_gpu_xla_sqmc_reference_comparison,exact_scope_frozen_controls; epsilon_validity_nomination_then_full_score_flow_grid,full_d10_T2,iid_dual_cap,201002,202001,True,"A[9,4]",0.07958030681123095,-0.6304951453965629,-0.7100754522077939,0.7100754522077939
fp64_gpu_xla_sqmc_reference_comparison,exact_scope_frozen_controls; epsilon_validity_nomination_then_full_score_flow_grid,full_d10_T2,iid_dual_cap,201002,202001,True,"A[9,5]",-0.712946573941716,-0.8651563214235399,-0.15220974748182392,0.15220974748182392
fp64_gpu_xla_sqmc_reference_comparison,exact_scope_frozen_controls; epsilon_validity_nomination_then_full_score_flow_grid,full_d10_T2,iid_dual_cap,201002,202001,True,"A[9,6]",0.392141747288317,-0.04801649931445287,-0.4401582466027699,0.4401582466027699
fp64_gpu_xla_sqmc_reference_comparison,exact_scope_frozen_controls; epsilon_validity_nomination_then_full_score_flow_grid,full_d10_T2,iid_dual_cap,201002,202001,True,"A[9,7]",0.22540956849963456,0.5619121637142105,0.33650259521457593,0.33650259521457593
fp64_gpu_xla_sqmc_reference_comparison,exact_scope_frozen_controls; epsilon_validity_nomination_then_full_score_flow_grid,full_d10_T2,iid_dual_cap,201002,202001,True,"A[9,8]",0.7915825653728665,0.58972878991735,-0.20185377545551653,0.20185377545551653
fp64_gpu_xla_sqmc_reference_comparison,exact_scope_frozen_controls; epsilon_validity_nomination_then_full_score_flow_grid,full_d10_T2,iid_dual_cap,201002,202001,True,"A[9,9]",1.0879411043054996,1.0765137697578253,-0.011427334547674306,0.011427334547674306
fp64_gpu_xla_sqmc_reference_comparison,exact_scope_frozen_controls; epsilon_validity_nomination_then_full_score_flow_grid,full_d10_T2,iid_dual_cap,201002,202001,True,"A[9,10]",-0.7254506627165145,-0.6516278304812424,0.07382283223527208,0.07382283223527208
fp64_gpu_xla_sqmc_reference_comparison,exact_scope_frozen_controls; epsilon_validity_nomination_then_full_score_flow_grid,full_d10_T2,iid_dual_cap,201002,202001,True,"A[10,1]",-1.4703028027989913,-1.1897992907231234,0.2805035120758679,0.2805035120758679
fp64_gpu_xla_sqmc_reference_comparison,exact_scope_frozen_controls; epsilon_validity_nomination_then_full_score_flow_grid,full_d10_T2,iid_dual_cap,201002,202001,True,"A[10,2]",0.9787230791304222,0.5253410838677106,-0.4533819952627116,0.4533819952627116
fp64_gpu_xla_sqmc_reference_comparison,exact_scope_frozen_controls; epsilon_validity_nomination_then_full_score_flow_grid,full_d10_T2,iid_dual_cap,201002,202001,True,"A[10,3]",-0.9506704994673285,-1.2510043727939453,-0.30033387332661676,0.30033387332661676
fp64_gpu_xla_sqmc_reference_comparison,exact_scope_frozen_controls; epsilon_validity_nomination_then_full_score_flow_grid,full_d10_T2,iid_dual_cap,201002,202001,True,"A[10,4]",0.12846236901356278,-0.08571012392260069,-0.21417249293616347,0.21417249293616347
fp64_gpu_xla_sqmc_reference_comparison,exact_scope_frozen_controls; epsilon_validity_nomination_then_full_score_flow_grid,full_d10_T2,iid_dual_cap,201002,202001,True,"A[10,5]",1.3553059419829165,0.9335422894752171,-0.4217636525076994,0.4217636525076994
fp64_gpu_xla_sqmc_reference_comparison,exact_scope_frozen_controls; epsilon_validity_nomination_then_full_score_flow_grid,full_d10_T2,iid_dual_cap,201002,202001,True,"A[10,6]",-0.5769258811164317,-0.021925335244389547,0.5550005458720422,0.5550005458720422
fp64_gpu_xla_sqmc_reference_comparison,exact_scope_frozen_controls; epsilon_validity_nomination_then_full_score_flow_grid,full_d10_T2,iid_dual_cap,201002,202001,True,"A[10,7]",-0.8591109619900291,-0.4764543009693508,0.3826566610206783,0.3826566610206783
fp64_gpu_xla_sqmc_reference_comparison,exact_scope_frozen_controls; epsilon_validity_nomination_then_full_score_flow_grid,full_d10_T2,iid_dual_cap,201002,202001,True,"A[10,8]",-1.448651640235066,-1.401699085596822,0.04695255463824388,0.04695255463824388
fp64_gpu_xla_sqmc_reference_comparison,exact_scope_frozen_controls; epsilon_validity_nomination_then_full_score_flow_grid,full_d10_T2,iid_dual_cap,201002,202001,True,"A[10,9]",-4.956423352442867,-4.243392967926103,0.713030384516764,0.713030384516764
fp64_gpu_xla_sqmc_reference_comparison,exact_scope_frozen_controls; epsilon_validity_nomination_then_full_score_flow_grid,full_d10_T2,iid_dual_cap,201002,202001,True,"A[10,10]",1.062547900188041,1.3410712832948017,0.27852338310676084,0.27852338310676084
fp64_gpu_xla_sqmc_reference_comparison,exact_scope_frozen_controls; epsilon_validity_nomination_then_full_score_flow_grid,full_d10_T2,iid_dual_cap,201002,202001,True,"log_LQ[1,1]",0.8563964796406058,1.0394279378924378,0.18303145825183198,0.18303145825183198
fp64_gpu_xla_sqmc_reference_comparison,exact_scope_frozen_controls; epsilon_validity_nomination_then_full_score_flow_grid,full_d10_T2,iid_dual_cap,201002,202001,True,"LQ[2,1]",0.5045991758865005,-0.08426319772945479,-0.5888623736159553,0.5888623736159553
fp64_gpu_xla_sqmc_reference_comparison,exact_scope_frozen_controls; epsilon_validity_nomination_then_full_score_flow_grid,full_d10_T2,iid_dual_cap,201002,202001,True,"log_LQ[2,2]",-0.7298691258082188,-0.7042570537371434,0.02561207207107541,0.02561207207107541
fp64_gpu_xla_sqmc_reference_comparison,exact_scope_frozen_controls; epsilon_validity_nomination_then_full_score_flow_grid,full_d10_T2,iid_dual_cap,201002,202001,True,"LQ[3,1]",1.3580551816274582,1.044220126490763,-0.3138350551366953,0.3138350551366953
fp64_gpu_xla_sqmc_reference_comparison,exact_scope_frozen_controls; epsilon_validity_nomination_then_full_score_flow_grid,full_d10_T2,iid_dual_cap,201002,202001,True,"LQ[3,2]",0.13785106431993824,-0.12698541862741158,-0.26483648294734985,0.26483648294734985
fp64_gpu_xla_sqmc_reference_comparison,exact_scope_frozen_controls; epsilon_validity_nomination_then_full_score_flow_grid,full_d10_T2,iid_dual_cap,201002,202001,True,"log_LQ[3,3]",-0.6548207685774989,-0.8899543009411565,-0.23513353236365753,0.23513353236365753
fp64_gpu_xla_sqmc_reference_comparison,exact_scope_frozen_controls; epsilon_validity_nomination_then_full_score_flow_grid,full_d10_T2,iid_dual_cap,201002,202001,True,"LQ[4,1]",-2.0624609907536398,-2.350801123388215,-0.28834013263457514,0.28834013263457514
fp64_gpu_xla_sqmc_reference_comparison,exact_scope_frozen_controls; epsilon_validity_nomination_then_full_score_flow_grid,full_d10_T2,iid_dual_cap,201002,202001,True,"LQ[4,2]",-0.4612787427683815,-0.7933633923868454,-0.3320846496184639,0.3320846496184639
fp64_gpu_xla_sqmc_reference_comparison,exact_scope_frozen_controls; epsilon_validity_nomination_then_full_score_flow_grid,full_d10_T2,iid_dual_cap,201002,202001,True,"LQ[4,3]",-0.6076619798693106,-0.4504106656266854,0.15725131424262517,0.15725131424262517
fp64_gpu_xla_sqmc_reference_comparison,exact_scope_frozen_controls; epsilon_validity_nomination_then_full_score_flow_grid,full_d10_T2,iid_dual_cap,201002,202001,True,"log_LQ[4,4]",-0.38047693801323973,-0.35463776093636284,0.025839177076876885,0.025839177076876885
fp64_gpu_xla_sqmc_reference_comparison,exact_scope_frozen_controls; epsilon_validity_nomination_then_full_score_flow_grid,full_d10_T2,iid_dual_cap,201002,202001,True,"LQ[5,1]",-0.2529346671738611,-0.640744561294913,-0.3878098941210519,0.3878098941210519
fp64_gpu_xla_sqmc_reference_comparison,exact_scope_frozen_controls; epsilon_validity_nomination_then_full_score_flow_grid,full_d10_T2,iid_dual_cap,201002,202001,True,"LQ[5,2]",0.3696061839551842,0.34313088394695584,-0.026475300008228342,0.026475300008228342
fp64_gpu_xla_sqmc_reference_comparison,exact_scope_frozen_controls; epsilon_validity_nomination_then_full_score_flow_grid,full_d10_T2,iid_dual_cap,201002,202001,True,"LQ[5,3]",-0.23435686387279125,-0.4826517464848834,-0.24829488261209215,0.24829488261209215
fp64_gpu_xla_sqmc_reference_comparison,exact_scope_frozen_controls; epsilon_validity_nomination_then_full_score_flow_grid,full_d10_T2,iid_dual_cap,201002,202001,True,"LQ[5,4]",-0.09237229223627566,-0.20638577999054192,-0.11401348775426626,0.11401348775426626
fp64_gpu_xla_sqmc_reference_comparison,exact_scope_frozen_controls; epsilon_validity_nomination_then_full_score_flow_grid,full_d10_T2,iid_dual_cap,201002,202001,True,"log_LQ[5,5]",-0.7124758311884026,-0.7702319309774349,-0.05775609978903229,0.05775609978903229
fp64_gpu_xla_sqmc_reference_comparison,exact_scope_frozen_controls; epsilon_validity_nomination_then_full_score_flow_grid,full_d10_T2,iid_dual_cap,201002,202001,True,"LQ[6,1]",1.2270166282940251,1.8109628459125098,0.5839462176184846,0.5839462176184846
fp64_gpu_xla_sqmc_reference_comparison,exact_scope_frozen_controls; epsilon_validity_nomination_then_full_score_flow_grid,full_d10_T2,iid_dual_cap,201002,202001,True,"LQ[6,2]",-0.007302482010661936,0.1115840509530587,0.11888653296372065,0.11888653296372065
fp64_gpu_xla_sqmc_reference_comparison,exact_scope_frozen_controls; epsilon_validity_nomination_then_full_score_flow_grid,full_d10_T2,iid_dual_cap,201002,202001,True,"LQ[6,3]",0.4745323155252654,0.9028635273191583,0.4283312117938929,0.4283312117938929
fp64_gpu_xla_sqmc_reference_comparison,exact_scope_frozen_controls; epsilon_validity_nomination_then_full_score_flow_grid,full_d10_T2,iid_dual_cap,201002,202001,True,"LQ[6,4]",-0.5624907068122629,-0.334769339691831,0.2277213671204319,0.2277213671204319
fp64_gpu_xla_sqmc_reference_comparison,exact_scope_frozen_controls; epsilon_validity_nomination_then_full_score_flow_grid,full_d10_T2,iid_dual_cap,201002,202001,True,"LQ[6,5]",-0.21000220959353194,0.13537099196486418,0.3453732015583961,0.3453732015583961
fp64_gpu_xla_sqmc_reference_comparison,exact_scope_frozen_controls; epsilon_validity_nomination_then_full_score_flow_grid,full_d10_T2,iid_dual_cap,201002,202001,True,"log_LQ[6,6]",-0.7560662705712876,-0.7025924204531735,0.05347385011811412,0.05347385011811412
fp64_gpu_xla_sqmc_reference_comparison,exact_scope_frozen_controls; epsilon_validity_nomination_then_full_score_flow_grid,full_d10_T2,iid_dual_cap,201002,202001,True,"LQ[7,1]",0.14015171257657694,-0.07173412433986207,-0.211885836916439,0.211885836916439
fp64_gpu_xla_sqmc_reference_comparison,exact_scope_frozen_controls; epsilon_validity_nomination_then_full_score_flow_grid,full_d10_T2,iid_dual_cap,201002,202001,True,"LQ[7,2]",-0.06346458849758439,0.21360400768866794,0.27706859618625235,0.27706859618625235
fp64_gpu_xla_sqmc_reference_comparison,exact_scope_frozen_controls; epsilon_validity_nomination_then_full_score_flow_grid,full_d10_T2,iid_dual_cap,201002,202001,True,"LQ[7,3]",0.06694141177826747,0.31710588824193553,0.2501644764636681,0.2501644764636681
fp64_gpu_xla_sqmc_reference_comparison,exact_scope_frozen_controls; epsilon_validity_nomination_then_full_score_flow_grid,full_d10_T2,iid_dual_cap,201002,202001,True,"LQ[7,4]",0.020796028010029784,0.18810831495030034,0.16731228694027056,0.16731228694027056
fp64_gpu_xla_sqmc_reference_comparison,exact_scope_frozen_controls; epsilon_validity_nomination_then_full_score_flow_grid,full_d10_T2,iid_dual_cap,201002,202001,True,"LQ[7,5]",-0.19169586369714367,-0.10600036655667518,0.0856954971404685,0.0856954971404685
fp64_gpu_xla_sqmc_reference_comparison,exact_scope_frozen_controls; epsilon_validity_nomination_then_full_score_flow_grid,full_d10_T2,iid_dual_cap,201002,202001,True,"LQ[7,6]",0.10303158406422219,0.33872718985894545,0.23569560579472326,0.23569560579472326
fp64_gpu_xla_sqmc_reference_comparison,exact_scope_frozen_controls; epsilon_validity_nomination_then_full_score_flow_grid,full_d10_T2,iid_dual_cap,201002,202001,True,"log_LQ[7,7]",-0.930947611946091,-1.0156208207348583,-0.08467320878876727,0.08467320878876727
fp64_gpu_xla_sqmc_reference_comparison,exact_scope_frozen_controls; epsilon_validity_nomination_then_full_score_flow_grid,full_d10_T2,iid_dual_cap,201002,202001,True,"LQ[8,1]",4.14202004873389,3.78938104078557,-0.35263900794832015,0.35263900794832015
fp64_gpu_xla_sqmc_reference_comparison,exact_scope_frozen_controls; epsilon_validity_nomination_then_full_score_flow_grid,full_d10_T2,iid_dual_cap,201002,202001,True,"LQ[8,2]",0.3374304344756481,-0.1517654265139866,-0.4891958609896347,0.4891958609896347
fp64_gpu_xla_sqmc_reference_comparison,exact_scope_frozen_controls; epsilon_validity_nomination_then_full_score_flow_grid,full_d10_T2,iid_dual_cap,201002,202001,True,"LQ[8,3]",1.4539093136809205,1.296016536654287,-0.1578927770266334,0.1578927770266334
fp64_gpu_xla_sqmc_reference_comparison,exact_scope_frozen_controls; epsilon_validity_nomination_then_full_score_flow_grid,full_d10_T2,iid_dual_cap,201002,202001,True,"LQ[8,4]",-2.0391425394563996,-1.8648912410362632,0.1742512984201363,0.1742512984201363
fp64_gpu_xla_sqmc_reference_comparison,exact_scope_frozen_controls; epsilon_validity_nomination_then_full_score_flow_grid,full_d10_T2,iid_dual_cap,201002,202001,True,"LQ[8,5]",-0.4564378834957353,-0.8100267575403117,-0.35358887404457645,0.35358887404457645
fp64_gpu_xla_sqmc_reference_comparison,exact_scope_frozen_controls; epsilon_validity_nomination_then_full_score_flow_grid,full_d10_T2,iid_dual_cap,201002,202001,True,"LQ[8,6]",1.4012897738729566,1.639745744942725,0.23845597106976846,0.23845597106976846
fp64_gpu_xla_sqmc_reference_comparison,exact_scope_frozen_controls; epsilon_validity_nomination_then_full_score_flow_grid,full_d10_T2,iid_dual_cap,201002,202001,True,"LQ[8,7]",0.17133946603383868,0.4108133027910708,0.23947383675723213,0.23947383675723213
fp64_gpu_xla_sqmc_reference_comparison,exact_scope_frozen_controls; epsilon_validity_nomination_then_full_score_flow_grid,full_d10_T2,iid_dual_cap,201002,202001,True,"log_LQ[8,8]",1.1682691458042875,1.3688112097711587,0.20054206396687113,0.20054206396687113
fp64_gpu_xla_sqmc_reference_comparison,exact_scope_frozen_controls; epsilon_validity_nomination_then_full_score_flow_grid,full_d10_T2,iid_dual_cap,201002,202001,True,"LQ[9,1]",-0.8701468888141831,-1.2647153068416226,-0.39456841802743947,0.39456841802743947
fp64_gpu_xla_sqmc_reference_comparison,exact_scope_frozen_controls; epsilon_validity_nomination_then_full_score_flow_grid,full_d10_T2,iid_dual_cap,201002,202001,True,"LQ[9,2]",-1.179946421866115,-1.2780189142702545,-0.0980724924041394,0.0980724924041394
fp64_gpu_xla_sqmc_reference_comparison,exact_scope_frozen_controls; epsilon_validity_nomination_then_full_score_flow_grid,full_d10_T2,iid_dual_cap,201002,202001,True,"LQ[9,3]",0.07857091780600708,0.5483851406682607,0.4698142228622536,0.4698142228622536
fp64_gpu_xla_sqmc_reference_comparison,exact_scope_frozen_controls; epsilon_validity_nomination_then_full_score_flow_grid,full_d10_T2,iid_dual_cap,201002,202001,True,"LQ[9,4]",1.1854879450792555,2.2034155086308482,1.0179275635515928,1.0179275635515928
fp64_gpu_xla_sqmc_reference_comparison,exact_scope_frozen_controls; epsilon_validity_nomination_then_full_score_flow_grid,full_d10_T2,iid_dual_cap,201002,202001,True,"LQ[9,5]",-1.3453460679438387,-1.2613999654850434,0.0839461024587953,0.0839461024587953
fp64_gpu_xla_sqmc_reference_comparison,exact_scope_frozen_controls; epsilon_validity_nomination_then_full_score_flow_grid,full_d10_T2,iid_dual_cap,201002,202001,True,"LQ[9,6]",-0.1470504728998937,0.010913573250433184,0.1579640461503269,0.1579640461503269
fp64_gpu_xla_sqmc_reference_comparison,exact_scope_frozen_controls; epsilon_validity_nomination_then_full_score_flow_grid,full_d10_T2,iid_dual_cap,201002,202001,True,"LQ[9,7]",0.8830205655057888,0.1912045664197658,-0.691815999086023,0.691815999086023
fp64_gpu_xla_sqmc_reference_comparison,exact_scope_frozen_controls; epsilon_validity_nomination_then_full_score_flow_grid,full_d10_T2,iid_dual_cap,201002,202001,True,"LQ[9,8]",-0.95797538856101,-0.551634475939796,0.4063409126212141,0.4063409126212141
fp64_gpu_xla_sqmc_reference_comparison,exact_scope_frozen_controls; epsilon_validity_nomination_then_full_score_flow_grid,full_d10_T2,iid_dual_cap,201002,202001,True,"log_LQ[9,9]",1.9285394163212866,2.2363196626426194,0.30778024632133283,0.30778024632133283
fp64_gpu_xla_sqmc_reference_comparison,exact_scope_frozen_controls; epsilon_validity_nomination_then_full_score_flow_grid,full_d10_T2,iid_dual_cap,201002,202001,True,"LQ[10,1]",-3.28562907683044,-3.1738834704998378,0.11174560633060215,0.11174560633060215
fp64_gpu_xla_sqmc_reference_comparison,exact_scope_frozen_controls; epsilon_validity_nomination_then_full_score_flow_grid,full_d10_T2,iid_dual_cap,201002,202001,True,"LQ[10,2]",-0.26811043499851167,0.3269239686421266,0.5950344036406383,0.5950344036406383
fp64_gpu_xla_sqmc_reference_comparison,exact_scope_frozen_controls; epsilon_validity_nomination_then_full_score_flow_grid,full_d10_T2,iid_dual_cap,201002,202001,True,"LQ[10,3]",-1.1385895005226696,-0.9284906250994319,0.21009887542323769,0.21009887542323769
fp64_gpu_xla_sqmc_reference_comparison,exact_scope_frozen_controls; epsilon_validity_nomination_then_full_score_flow_grid,full_d10_T2,iid_dual_cap,201002,202001,True,"LQ[10,4]",1.5490022120701177,1.6827161637342605,0.1337139516641428,0.1337139516641428
fp64_gpu_xla_sqmc_reference_comparison,exact_scope_frozen_controls; epsilon_validity_nomination_then_full_score_flow_grid,full_d10_T2,iid_dual_cap,201002,202001,True,"LQ[10,5]",0.5020017481922647,0.9180003152234614,0.41599856703119664,0.41599856703119664
fp64_gpu_xla_sqmc_reference_comparison,exact_scope_frozen_controls; epsilon_validity_nomination_then_full_score_flow_grid,full_d10_T2,iid_dual_cap,201002,202001,True,"LQ[10,6]",-1.1927786832382359,-1.3918896339953544,-0.1991109507571185,0.1991109507571185
fp64_gpu_xla_sqmc_reference_comparison,exact_scope_frozen_controls; epsilon_validity_nomination_then_full_score_flow_grid,full_d10_T2,iid_dual_cap,201002,202001,True,"LQ[10,7]",-0.1358277232949584,-0.36383671984462024,-0.22800899654966184,0.22800899654966184
fp64_gpu_xla_sqmc_reference_comparison,exact_scope_frozen_controls; epsilon_validity_nomination_then_full_score_flow_grid,full_d10_T2,iid_dual_cap,201002,202001,True,"LQ[10,8]",-3.7501656622458874,-3.536710258004883,0.2134554042410044,0.2134554042410044
fp64_gpu_xla_sqmc_reference_comparison,exact_scope_frozen_controls; epsilon_validity_nomination_then_full_score_flow_grid,full_d10_T2,iid_dual_cap,201002,202001,True,"LQ[10,9]",0.058337349303251185,-0.19586502301275366,-0.25420237231600484,0.25420237231600484
fp64_gpu_xla_sqmc_reference_comparison,exact_scope_frozen_controls; epsilon_validity_nomination_then_full_score_flow_grid,full_d10_T2,iid_dual_cap,201002,202001,True,"log_LQ[10,10]",0.5508828589102073,0.3150573849311315,-0.23582547397907577,0.23582547397907577
fp64_gpu_xla_sqmc_reference_comparison,exact_scope_frozen_controls; epsilon_validity_nomination_then_full_score_flow_grid,full_d10_T2,iid_dual_cap,201002,202001,True,log_R_variance,-0.0150185033758042,0.31703230672339555,0.33205081009919973,0.33205081009919973
fp64_gpu_xla_sqmc_reference_comparison,exact_scope_frozen_controls; epsilon_validity_nomination_then_full_score_flow_grid,full_d10_T2,iid_dual_cap,201002,202001,True,initial_mean_scale,0.7989855460525579,1.0074442872805904,0.20845874122803254,0.20845874122803254
fp64_gpu_xla_sqmc_reference_comparison,exact_scope_frozen_controls; epsilon_validity_nomination_then_full_score_flow_grid,full_d10_T2,iid_dual_cap,201002,202002,True,"A[1,1]",0.7312515086799218,0.589628939171247,-0.1416225695086748,0.1416225695086748
fp64_gpu_xla_sqmc_reference_comparison,exact_scope_frozen_controls; epsilon_validity_nomination_then_full_score_flow_grid,full_d10_T2,iid_dual_cap,201002,202002,True,"A[1,2]",-1.134026720692122,-1.0261727210667613,0.10785399962536069,0.10785399962536069
fp64_gpu_xla_sqmc_reference_comparison,exact_scope_frozen_controls; epsilon_validity_nomination_then_full_score_flow_grid,full_d10_T2,iid_dual_cap,201002,202002,True,"A[1,3]",1.1007499902741107,0.8996002513707493,-0.2011497389033614,0.2011497389033614
fp64_gpu_xla_sqmc_reference_comparison,exact_scope_frozen_controls; epsilon_validity_nomination_then_full_score_flow_grid,full_d10_T2,iid_dual_cap,201002,202002,True,"A[1,4]",-0.1635294684215646,0.3464456488612768,0.5099751172828414,0.5099751172828414
fp64_gpu_xla_sqmc_reference_comparison,exact_scope_frozen_controls; epsilon_validity_nomination_then_full_score_flow_grid,full_d10_T2,iid_dual_cap,201002,202002,True,"A[1,5]",-1.523160339493569,-2.13963977259628,-0.616479433102711,0.616479433102711
fp64_gpu_xla_sqmc_reference_comparison,exact_scope_frozen_controls; epsilon_validity_nomination_then_full_score_flow_grid,full_d10_T2,iid_dual_cap,201002,202002,True,"A[1,6]",0.6393651200679418,0.2734707661576046,-0.3658943539103372,0.3658943539103372
fp64_gpu_xla_sqmc_reference_comparison,exact_scope_frozen_controls; epsilon_validity_nomination_then_full_score_flow_grid,full_d10_T2,iid_dual_cap,201002,202002,True,"A[1,7]",0.9884282165645788,0.9329245942398638,-0.05550362232471495,0.05550362232471495
fp64_gpu_xla_sqmc_reference_comparison,exact_scope_frozen_controls; epsilon_validity_nomination_then_full_score_flow_grid,full_d10_T2,iid_dual_cap,201002,202002,True,"A[1,8]",1.6282401428692976,1.6077158515890908,-0.02052429128020683,0.02052429128020683
fp64_gpu_xla_sqmc_reference_comparison,exact_scope_frozen_controls; epsilon_validity_nomination_then_full_score_flow_grid,full_d10_T2,iid_dual_cap,201002,202002,True,"A[1,9]",5.626785268565081,5.580668001388786,-0.04611726717629505,0.04611726717629505
fp64_gpu_xla_sqmc_reference_comparison,exact_scope_frozen_controls; epsilon_validity_nomination_then_full_score_flow_grid,full_d10_T2,iid_dual_cap,201002,202002,True,"A[1,10]",-2.2730825336074996,-2.6561357193460147,-0.3830531857385151,0.3830531857385151
fp64_gpu_xla_sqmc_reference_comparison,exact_scope_frozen_controls; epsilon_validity_nomination_then_full_score_flow_grid,full_d10_T2,iid_dual_cap,201002,202002,True,"A[2,1]",0.03105161477407775,0.08283504085883082,0.05178342608475307,0.05178342608475307
fp64_gpu_xla_sqmc_reference_comparison,exact_scope_frozen_controls; epsilon_validity_nomination_then_full_score_flow_grid,full_d10_T2,iid_dual_cap,201002,202002,True,"A[2,2]",-0.9902851937189366,-0.5881125120573072,0.40217268166162945,0.40217268166162945
fp64_gpu_xla_sqmc_reference_comparison,exact_scope_frozen_controls; epsilon_validity_nomination_then_full_score_flow_grid,full_d10_T2,iid_dual_cap,201002,202002,True,"A[2,3]",0.025419564736536365,-0.15535868534113992,-0.18077825007767628,0.18077825007767628
fp64_gpu_xla_sqmc_reference_comparison,exact_scope_frozen_controls; epsilon_validity_nomination_then_full_score_flow_grid,full_d10_T2,iid_dual_cap,201002,202002,True,"A[2,4]",-0.015787818547178353,0.2275967431333732,0.24338456168055156,0.24338456168055156
fp64_gpu_xla_sqmc_reference_comparison,exact_scope_frozen_controls; epsilon_validity_nomination_then_full_score_flow_grid,full_d10_T2,iid_dual_cap,201002,202002,True,"A[2,5]",0.0007243707767340957,0.06882595818083564,0.06810158740410155,0.06810158740410155
fp64_gpu_xla_sqmc_reference_comparison,exact_scope_frozen_controls; epsilon_validity_nomination_then_full_score_flow_grid,full_d10_T2,iid_dual_cap,201002,202002,True,"A[2,6]",-0.012636766101587094,-0.25675950441238427,-0.24412273831079717,0.24412273831079717
fp64_gpu_xla_sqmc_reference_comparison,exact_scope_frozen_controls; epsilon_validity_nomination_then_full_score_flow_grid,full_d10_T2,iid_dual_cap,201002,202002,True,"A[2,7]",0.028711044512336817,-0.14441073931521342,-0.17312178382755022,0.17312178382755022
fp64_gpu_xla_sqmc_reference_comparison,exact_scope_frozen_controls; epsilon_validity_nomination_then_full_score_flow_grid,full_d10_T2,iid_dual_cap,201002,202002,True,"A[2,8]",-0.010709165902501205,-0.054658492377218496,-0.04394932647471729,0.04394932647471729
fp64_gpu_xla_sqmc_reference_comparison,exact_scope_frozen_controls; epsilon_validity_nomination_then_full_score_flow_grid,full_d10_T2,iid_dual_cap,201002,202002,True,"A[2,9]",0.06488621397927752,0.23699725019238183,0.1721110362131043,0.1721110362131043
fp64_gpu_xla_sqmc_reference_comparison,exact_scope_frozen_controls; epsilon_validity_nomination_then_full_score_flow_grid,full_d10_T2,iid_dual_cap,201002,202002,True,"A[2,10]",-0.041898392985108335,0.0162717073105203,0.058170100295628635,0.058170100295628635
fp64_gpu_xla_sqmc_reference_comparison,exact_scope_frozen_controls; epsilon_validity_nomination_then_full_score_flow_grid,full_d10_T2,iid_dual_cap,201002,202002,True,"A[3,1]",0.6254251229137281,0.4405286961825402,-0.1848964267311879,0.1848964267311879
fp64_gpu_xla_sqmc_reference_comparison,exact_scope_frozen_controls; epsilon_validity_nomination_then_full_score_flow_grid,full_d10_T2,iid_dual_cap,201002,202002,True,"A[3,2]",-0.4197635352621021,-0.47621360051709527,-0.05645006525499319,0.05645006525499319
fp64_gpu_xla_sqmc_reference_comparison,exact_scope_frozen_controls; epsilon_validity_nomination_then_full_score_flow_grid,full_d10_T2,iid_dual_cap,201002,202002,True,"A[3,3]",-0.559170127112457,-0.6774960982242151,-0.11832597111175813,0.11832597111175813
fp64_gpu_xla_sqmc_reference_comparison,exact_scope_frozen_controls; epsilon_validity_nomination_then_full_score_flow_grid,full_d10_T2,iid_dual_cap,201002,202002,True,"A[3,4]",-0.06211186347064271,0.0573050772238909,0.11941694069453361,0.11941694069453361
fp64_gpu_xla_sqmc_reference_comparison,exact_scope_frozen_controls; epsilon_validity_nomination_then_full_score_flow_grid,full_d10_T2,iid_dual_cap,201002,202002,True,"A[3,5]",-0.561892891214147,-0.5690267517403231,-0.00713386052617615,0.00713386052617615
fp64_gpu_xla_sqmc_reference_comparison,exact_scope_frozen_controls; epsilon_validity_nomination_then_full_score_flow_grid,full_d10_T2,iid_dual_cap,201002,202002,True,"A[3,6]",0.23674281202276254,0.12610351040299486,-0.11063930161976768,0.11063930161976768
fp64_gpu_xla_sqmc_reference_comparison,exact_scope_frozen_controls; epsilon_validity_nomination_then_full_score_flow_grid,full_d10_T2,iid_dual_cap,201002,202002,True,"A[3,7]",0.3643272023600196,0.44676226072724734,0.08243505836722775,0.08243505836722775
fp64_gpu_xla_sqmc_reference_comparison,exact_scope_frozen_controls; epsilon_validity_nomination_then_full_score_flow_grid,full_d10_T2,iid_dual_cap,201002,202002,True,"A[3,8]",0.6053165224194904,0.6093815900077763,0.004065067588285842,0.004065067588285842
fp64_gpu_xla_sqmc_reference_comparison,exact_scope_frozen_controls; epsilon_validity_nomination_then_full_score_flow_grid,full_d10_T2,iid_dual_cap,201002,202002,True,"A[3,9]",2.0804911740092553,1.5664536923164474,-0.5140374816928079,0.5140374816928079
fp64_gpu_xla_sqmc_reference_comparison,exact_scope_frozen_controls; epsilon_validity_nomination_then_full_score_flow_grid,full_d10_T2,iid_dual_cap,201002,202002,True,"A[3,10]",-0.8377788441267946,-1.07900172473241,-0.24122288060561536,0.24122288060561536
fp64_gpu_xla_sqmc_reference_comparison,exact_scope_frozen_controls; epsilon_validity_nomination_then_full_score_flow_grid,full_d10_T2,iid_dual_cap,201002,202002,True,"A[4,1]",-0.7345625873009947,-0.5615225840039588,0.17304000329703584,0.17304000329703584
fp64_gpu_xla_sqmc_reference_comparison,exact_scope_frozen_controls; epsilon_validity_nomination_then_full_score_flow_grid,full_d10_T2,iid_dual_cap,201002,202002,True,"A[4,2]",0.5031972016963718,0.6159355795323511,0.11273837783597929,0.11273837783597929
fp64_gpu_xla_sqmc_reference_comparison,exact_scope_frozen_controls; epsilon_validity_nomination_then_full_score_flow_grid,full_d10_T2,iid_dual_cap,201002,202002,True,"A[4,3]",-0.4915353579033352,-0.36698415175749083,0.12455120614584436,0.12455120614584436
fp64_gpu_xla_sqmc_reference_comparison,exact_scope_frozen_controls; epsilon_validity_nomination_then_full_score_flow_grid,full_d10_T2,iid_dual_cap,201002,202002,True,"A[4,4]",-0.8639553483728762,-0.8238758165085801,0.040079531864296136,0.040079531864296136
fp64_gpu_xla_sqmc_reference_comparison,exact_scope_frozen_controls; epsilon_validity_nomination_then_full_score_flow_grid,full_d10_T2,iid_dual_cap,201002,202002,True,"A[4,5]",0.594421946879726,0.7211171903991245,0.12669524351939843,0.12669524351939843
fp64_gpu_xla_sqmc_reference_comparison,exact_scope_frozen_controls; epsilon_validity_nomination_then_full_score_flow_grid,full_d10_T2,iid_dual_cap,201002,202002,True,"A[4,6]",-0.22752954966645683,-0.19236474200933462,0.03516480765712221,0.03516480765712221
fp64_gpu_xla_sqmc_reference_comparison,exact_scope_frozen_controls; epsilon_validity_nomination_then_full_score_flow_grid,full_d10_T2,iid_dual_cap,201002,202002,True,"A[4,7]",-0.4443664308832553,-0.4924213718698211,-0.04805494098656582,0.04805494098656582
fp64_gpu_xla_sqmc_reference_comparison,exact_scope_frozen_controls; epsilon_validity_nomination_then_full_score_flow_grid,full_d10_T2,iid_dual_cap,201002,202002,True,"A[4,8]",-0.6330744464310756,-0.7243207297348355,-0.09124628330375995,0.09124628330375995
fp64_gpu_xla_sqmc_reference_comparison,exact_scope_frozen_controls; epsilon_validity_nomination_then_full_score_flow_grid,full_d10_T2,iid_dual_cap,201002,202002,True,"A[4,9]",-2.3516563954741354,-2.53744602119996,-0.1857896257258247,0.1857896257258247
fp64_gpu_xla_sqmc_reference_comparison,exact_scope_frozen_controls; epsilon_validity_nomination_then_full_score_flow_grid,full_d10_T2,iid_dual_cap,201002,202002,True,"A[4,10]",0.9712013340288347,0.9914211468783307,0.020219812849496033,0.020219812849496033
fp64_gpu_xla_sqmc_reference_comparison,exact_scope_frozen_controls; epsilon_validity_nomination_then_full_score_flow_grid,full_d10_T2,iid_dual_cap,201002,202002,True,"A[5,1]",-0.3369411373365674,-0.015240897776276102,0.32170023956029126,0.32170023956029126
fp64_gpu_xla_sqmc_reference_comparison,exact_scope_frozen_controls; epsilon_validity_nomination_then_full_score_flow_grid,full_d10_T2,iid_dual_cap,201002,202002,True,"A[5,2]",0.203190604437217,0.0848623449899975,-0.1183282594472195,0.1183282594472195
fp64_gpu_xla_sqmc_reference_comparison,exact_scope_frozen_controls; epsilon_validity_nomination_then_full_score_flow_grid,full_d10_T2,iid_dual_cap,201002,202002,True,"A[5,3]",-0.19312563149290843,0.009222420512791957,0.20234805200570039,0.20234805200570039
fp64_gpu_xla_sqmc_reference_comparison,exact_scope_frozen_controls; epsilon_validity_nomination_then_full_score_flow_grid,full_d10_T2,iid_dual_cap,201002,202002,True,"A[5,4]",-0.029190325564111875,-0.09198315108661656,-0.06279282552250469,0.06279282552250469
fp64_gpu_xla_sqmc_reference_comparison,exact_scope_frozen_controls; epsilon_validity_nomination_then_full_score_flow_grid,full_d10_T2,iid_dual_cap,201002,202002,True,"A[5,5]",-0.531728068733793,-0.783689015994895,-0.2519609472611021,0.2519609472611021
fp64_gpu_xla_sqmc_reference_comparison,exact_scope_frozen_controls; epsilon_validity_nomination_then_full_score_flow_grid,full_d10_T2,iid_dual_cap,201002,202002,True,"A[5,6]",-0.2252756709429521,-0.17605319997699798,0.04922247096595411,0.04922247096595411
fp64_gpu_xla_sqmc_reference_comparison,exact_scope_frozen_controls; epsilon_validity_nomination_then_full_score_flow_grid,full_d10_T2,iid_dual_cap,201002,202002,True,"A[5,7]",-0.16805086642022032,-0.1645789775212072,0.0034718888990131203,0.0034718888990131203
fp64_gpu_xla_sqmc_reference_comparison,exact_scope_frozen_controls; epsilon_validity_nomination_then_full_score_flow_grid,full_d10_T2,iid_dual_cap,201002,202002,True,"A[5,8]",-0.4694135725392166,0.03560842086904409,0.5050219934082607,0.5050219934082607
fp64_gpu_xla_sqmc_reference_comparison,exact_scope_frozen_controls; epsilon_validity_nomination_then_full_score_flow_grid,full_d10_T2,iid_dual_cap,201002,202002,True,"A[5,9]",-1.303654398695853,0.16070806120875325,1.4643624599046063,1.4643624599046063
fp64_gpu_xla_sqmc_reference_comparison,exact_scope_frozen_controls; epsilon_validity_nomination_then_full_score_flow_grid,full_d10_T2,iid_dual_cap,201002,202002,True,"A[5,10]",0.48566513703063274,0.11969810000097086,-0.3659670370296619,0.3659670370296619
fp64_gpu_xla_sqmc_reference_comparison,exact_scope_frozen_controls; epsilon_validity_nomination_then_full_score_flow_grid,full_d10_T2,iid_dual_cap,201002,202002,True,"A[6,1]",0.5531154842897016,0.6073833904594793,0.054267906169777724,0.054267906169777724
fp64_gpu_xla_sqmc_reference_comparison,exact_scope_frozen_controls; epsilon_validity_nomination_then_full_score_flow_grid,full_d10_T2,iid_dual_cap,201002,202002,True,"A[6,2]",-0.35833410877018795,-0.6947097870671031,-0.3363756782969151,0.3363756782969151
fp64_gpu_xla_sqmc_reference_comparison,exact_scope_frozen_controls; epsilon_validity_nomination_then_full_score_flow_grid,full_d10_T2,iid_dual_cap,201002,202002,True,"A[6,3]",0.34581298345285155,0.5010798576853858,0.1552668742325342,0.1552668742325342
fp64_gpu_xla_sqmc_reference_comparison,exact_scope_frozen_controls; epsilon_validity_nomination_then_full_score_flow_grid,full_d10_T2,iid_dual_cap,201002,202002,True,"A[6,4]",-0.021039322087962276,-0.15410790297695537,-0.1330685808889931,0.1330685808889931
fp64_gpu_xla_sqmc_reference_comparison,exact_scope_frozen_controls; epsilon_validity_nomination_then_full_score_flow_grid,full_d10_T2,iid_dual_cap,201002,202002,True,"A[6,5]",-0.5648831210660903,-1.0635372999708608,-0.4986541789047705,0.4986541789047705
fp64_gpu_xla_sqmc_reference_comparison,exact_scope_frozen_controls; epsilon_validity_nomination_then_full_score_flow_grid,full_d10_T2,iid_dual_cap,201002,202002,True,"A[6,6]",-0.7035989149413433,-0.4994060156634891,0.20419289927785422,0.20419289927785422
fp64_gpu_xla_sqmc_reference_comparison,exact_scope_frozen_controls; epsilon_validity_nomination_then_full_score_flow_grid,full_d10_T2,iid_dual_cap,201002,202002,True,"A[6,7]",0.30709587051325926,0.2328627370837969,-0.07423313342946236,0.07423313342946236
fp64_gpu_xla_sqmc_reference_comparison,exact_scope_frozen_controls; epsilon_validity_nomination_then_full_score_flow_grid,full_d10_T2,iid_dual_cap,201002,202002,True,"A[6,8]",0.6031172277434557,0.8585584120509233,0.25544118430746765,0.25544118430746765
fp64_gpu_xla_sqmc_reference_comparison,exact_scope_frozen_controls; epsilon_validity_nomination_then_full_score_flow_grid,full_d10_T2,iid_dual_cap,201002,202002,True,"A[6,9]",1.9265044307099535,2.5482568375215924,0.6217524068116389,0.6217524068116389
fp64_gpu_xla_sqmc_reference_comparison,exact_scope_frozen_controls; epsilon_validity_nomination_then_full_score_flow_grid,full_d10_T2,iid_dual_cap,201002,202002,True,"A[6,10]",-0.7593469144983636,-0.9054066099101811,-0.14605969541181751,0.14605969541181751
fp64_gpu_xla_sqmc_reference_comparison,exact_scope_frozen_controls; epsilon_validity_nomination_then_full_score_flow_grid,full_d10_T2,iid_dual_cap,201002,202002,True,"A[7,1]",0.16852945039449574,0.2649196329600032,0.09639018256550747,0.09639018256550747
fp64_gpu_xla_sqmc_reference_comparison,exact_scope_frozen_controls; epsilon_validity_nomination_then_full_score_flow_grid,full_d10_T2,iid_dual_cap,201002,202002,True,"A[7,2]",-0.112512586760323,-0.34185753444150224,-0.22934494768117925,0.22934494768117925
fp64_gpu_xla_sqmc_reference_comparison,exact_scope_frozen_controls; epsilon_validity_nomination_then_full_score_flow_grid,full_d10_T2,iid_dual_cap,201002,202002,True,"A[7,3]",0.10964572990164437,0.396404158744108,0.2867584288424636,0.2867584288424636
fp64_gpu_xla_sqmc_reference_comparison,exact_scope_frozen_controls; epsilon_validity_nomination_then_full_score_flow_grid,full_d10_T2,iid_dual_cap,201002,202002,True,"A[7,4]",-0.015534552118650534,-0.14086110568023924,-0.1253265535615887,0.1253265535615887
fp64_gpu_xla_sqmc_reference_comparison,exact_scope_frozen_controls; epsilon_validity_nomination_then_full_score_flow_grid,full_d10_T2,iid_dual_cap,201002,202002,True,"A[7,5]",-0.15654018970454656,-0.5298758458249747,-0.3733356561204282,0.3733356561204282
fp64_gpu_xla_sqmc_reference_comparison,exact_scope_frozen_controls; epsilon_validity_nomination_then_full_score_flow_grid,full_d10_T2,iid_dual_cap,201002,202002,True,"A[7,6]",0.0663245537225399,-0.017229685273598014,-0.08355423899613791,0.08355423899613791
fp64_gpu_xla_sqmc_reference_comparison,exact_scope_frozen_controls; epsilon_validity_nomination_then_full_score_flow_grid,full_d10_T2,iid_dual_cap,201002,202002,True,"A[7,7]",-0.8571511387444378,-0.775184500655397,0.08196663808904081,0.08196663808904081
fp64_gpu_xla_sqmc_reference_comparison,exact_scope_frozen_controls; epsilon_validity_nomination_then_full_score_flow_grid,full_d10_T2,iid_dual_cap,201002,202002,True,"A[7,8]",0.17106009296689326,0.47015020805510066,0.2990901150882074,0.2990901150882074
fp64_gpu_xla_sqmc_reference_comparison,exact_scope_frozen_controls; epsilon_validity_nomination_then_full_score_flow_grid,full_d10_T2,iid_dual_cap,201002,202002,True,"A[7,9]",0.5820243649359071,0.9927057554702218,0.4106813905343146,0.4106813905343146
fp64_gpu_xla_sqmc_reference_comparison,exact_scope_frozen_controls; epsilon_validity_nomination_then_full_score_flow_grid,full_d10_T2,iid_dual_cap,201002,202002,True,"A[7,10]",-0.23216711270449616,-0.2064776274307894,0.025689485273706764,0.025689485273706764
fp64_gpu_xla_sqmc_reference_comparison,exact_scope_frozen_controls; epsilon_validity_nomination_then_full_score_flow_grid,full_d10_T2,iid_dual_cap,201002,202002,True,"A[8,1]",1.7353548066345492,1.4709946270949417,-0.26436017953960755,0.26436017953960755
fp64_gpu_xla_sqmc_reference_comparison,exact_scope_frozen_controls; epsilon_validity_nomination_then_full_score_flow_grid,full_d10_T2,iid_dual_cap,201002,202002,True,"A[8,2]",-1.146658505220239,-1.1314983713051134,0.015160133915125495,0.015160133915125495
fp64_gpu_xla_sqmc_reference_comparison,exact_scope_frozen_controls; epsilon_validity_nomination_then_full_score_flow_grid,full_d10_T2,iid_dual_cap,201002,202002,True,"A[8,3]",1.111521510651809,1.0679332020419512,-0.04358830860985785,0.04358830860985785
fp64_gpu_xla_sqmc_reference_comparison,exact_scope_frozen_controls; epsilon_validity_nomination_then_full_score_flow_grid,full_d10_T2,iid_dual_cap,201002,202002,True,"A[8,4]",-0.1281900518917811,0.170035875544726,0.2982259274365071,0.2982259274365071
fp64_gpu_xla_sqmc_reference_comparison,exact_scope_frozen_controls; epsilon_validity_nomination_then_full_score_flow_grid,full_d10_T2,iid_dual_cap,201002,202002,True,"A[8,5]",-1.6436168351434204,-2.085450614998603,-0.4418337798551826,0.4418337798551826
fp64_gpu_xla_sqmc_reference_comparison,exact_scope_frozen_controls; epsilon_validity_nomination_then_full_score_flow_grid,full_d10_T2,iid_dual_cap,201002,202002,True,"A[8,6]",0.7160276169284643,0.42977002921748764,-0.28625758771097665,0.28625758771097665
fp64_gpu_xla_sqmc_reference_comparison,exact_scope_frozen_controls; epsilon_validity_nomination_then_full_score_flow_grid,full_d10_T2,iid_dual_cap,201002,202002,True,"A[8,7]",0.9951195936096543,1.0538182077384102,0.05869861412875588,0.05869861412875588
fp64_gpu_xla_sqmc_reference_comparison,exact_scope_frozen_controls; epsilon_validity_nomination_then_full_score_flow_grid,full_d10_T2,iid_dual_cap,201002,202002,True,"A[8,8]",0.8041375972733842,1.0803244069400455,0.2761868096666613,0.2761868096666613
fp64_gpu_xla_sqmc_reference_comparison,exact_scope_frozen_controls; epsilon_validity_nomination_then_full_score_flow_grid,full_d10_T2,iid_dual_cap,201002,202002,True,"A[8,9]",5.877913107425604,5.715625754720303,-0.1622873527053006,0.1622873527053006
fp64_gpu_xla_sqmc_reference_comparison,exact_scope_frozen_controls; epsilon_validity_nomination_then_full_score_flow_grid,full_d10_T2,iid_dual_cap,201002,202002,True,"A[8,10]",-2.3519829478562935,-2.447449955792437,-0.09546700793614349,0.09546700793614349
fp64_gpu_xla_sqmc_reference_comparison,exact_scope_frozen_controls; epsilon_validity_nomination_then_full_score_flow_grid,full_d10_T2,iid_dual_cap,201002,202002,True,"A[9,1]",0.48238143573450964,0.27665820152858567,-0.20572323420592398,0.20572323420592398
fp64_gpu_xla_sqmc_reference_comparison,exact_scope_frozen_controls; epsilon_validity_nomination_then_full_score_flow_grid,full_d10_T2,iid_dual_cap,201002,202002,True,"A[9,2]",-0.2774390773171912,-0.4755135202485765,-0.19807444293138532,0.19807444293138532
fp64_gpu_xla_sqmc_reference_comparison,exact_scope_frozen_controls; epsilon_validity_nomination_then_full_score_flow_grid,full_d10_T2,iid_dual_cap,201002,202002,True,"A[9,3]",0.26181344093393993,0.5135792015295073,0.2517657605955674,0.2517657605955674
fp64_gpu_xla_sqmc_reference_comparison,exact_scope_frozen_controls; epsilon_validity_nomination_then_full_score_flow_grid,full_d10_T2,iid_dual_cap,201002,202002,True,"A[9,4]",0.07958030681123095,-0.2319978177177747,-0.31157812452900563,0.31157812452900563
fp64_gpu_xla_sqmc_reference_comparison,exact_scope_frozen_controls; epsilon_validity_nomination_then_full_score_flow_grid,full_d10_T2,iid_dual_cap,201002,202002,True,"A[9,5]",-0.712946573941716,-1.1262047254828182,-0.41325815154110224,0.41325815154110224
fp64_gpu_xla_sqmc_reference_comparison,exact_scope_frozen_controls; epsilon_validity_nomination_then_full_score_flow_grid,full_d10_T2,iid_dual_cap,201002,202002,True,"A[9,6]",0.392141747288317,0.5130854091076106,0.12094366181929356,0.12094366181929356
fp64_gpu_xla_sqmc_reference_comparison,exact_scope_frozen_controls; epsilon_validity_nomination_then_full_score_flow_grid,full_d10_T2,iid_dual_cap,201002,202002,True,"A[9,7]",0.22540956849963456,0.1084963546894695,-0.11691321381016506,0.11691321381016506
fp64_gpu_xla_sqmc_reference_comparison,exact_scope_frozen_controls; epsilon_validity_nomination_then_full_score_flow_grid,full_d10_T2,iid_dual_cap,201002,202002,True,"A[9,8]",0.7915825653728665,0.5219483926617849,-0.2696341727110816,0.2696341727110816
fp64_gpu_xla_sqmc_reference_comparison,exact_scope_frozen_controls; epsilon_validity_nomination_then_full_score_flow_grid,full_d10_T2,iid_dual_cap,201002,202002,True,"A[9,9]",1.0879411043054996,0.8709499770895417,-0.21699112721595792,0.21699112721595792
fp64_gpu_xla_sqmc_reference_comparison,exact_scope_frozen_controls; epsilon_validity_nomination_then_full_score_flow_grid,full_d10_T2,iid_dual_cap,201002,202002,True,"A[9,10]",-0.7254506627165145,-1.1278986319642619,-0.4024479692477474,0.4024479692477474
fp64_gpu_xla_sqmc_reference_comparison,exact_scope_frozen_controls; epsilon_validity_nomination_then_full_score_flow_grid,full_d10_T2,iid_dual_cap,201002,202002,True,"A[10,1]",-1.4703028027989913,-1.4407403429371732,0.029562459861818047,0.029562459861818047
fp64_gpu_xla_sqmc_reference_comparison,exact_scope_frozen_controls; epsilon_validity_nomination_then_full_score_flow_grid,full_d10_T2,iid_dual_cap,201002,202002,True,"A[10,2]",0.9787230791304222,0.9525518784123281,-0.02617120071809409,0.02617120071809409
fp64_gpu_xla_sqmc_reference_comparison,exact_scope_frozen_controls; epsilon_validity_nomination_then_full_score_flow_grid,full_d10_T2,iid_dual_cap,201002,202002,True,"A[10,3]",-0.9506704994673285,-1.081628422338554,-0.13095792287122543,0.13095792287122543
fp64_gpu_xla_sqmc_reference_comparison,exact_scope_frozen_controls; epsilon_validity_nomination_then_full_score_flow_grid,full_d10_T2,iid_dual_cap,201002,202002,True,"A[10,4]",0.12846236901356278,-0.08031242100910974,-0.20877479002267252,0.20877479002267252
fp64_gpu_xla_sqmc_reference_comparison,exact_scope_frozen_controls; epsilon_validity_nomination_then_full_score_flow_grid,full_d10_T2,iid_dual_cap,201002,202002,True,"A[10,5]",1.3553059419829165,1.7243595306806376,0.3690535886977211,0.3690535886977211
fp64_gpu_xla_sqmc_reference_comparison,exact_scope_frozen_controls; epsilon_validity_nomination_then_full_score_flow_grid,full_d10_T2,iid_dual_cap,201002,202002,True,"A[10,6]",-0.5769258811164317,-0.1470116802710113,0.4299142008454204,0.4299142008454204
fp64_gpu_xla_sqmc_reference_comparison,exact_scope_frozen_controls; epsilon_validity_nomination_then_full_score_flow_grid,full_d10_T2,iid_dual_cap,201002,202002,True,"A[10,7]",-0.8591109619900291,-0.6032584263289487,0.25585253566108046,0.25585253566108046
fp64_gpu_xla_sqmc_reference_comparison,exact_scope_frozen_controls; epsilon_validity_nomination_then_full_score_flow_grid,full_d10_T2,iid_dual_cap,201002,202002,True,"A[10,8]",-1.448651640235066,-1.305951441358852,0.142700198876214,0.142700198876214
fp64_gpu_xla_sqmc_reference_comparison,exact_scope_frozen_controls; epsilon_validity_nomination_then_full_score_flow_grid,full_d10_T2,iid_dual_cap,201002,202002,True,"A[10,9]",-4.956423352442867,-4.84046066643688,0.1159626860059868,0.1159626860059868
fp64_gpu_xla_sqmc_reference_comparison,exact_scope_frozen_controls; epsilon_validity_nomination_then_full_score_flow_grid,full_d10_T2,iid_dual_cap,201002,202002,True,"A[10,10]",1.062547900188041,1.2067920321006693,0.14424413191262841,0.14424413191262841
fp64_gpu_xla_sqmc_reference_comparison,exact_scope_frozen_controls; epsilon_validity_nomination_then_full_score_flow_grid,full_d10_T2,iid_dual_cap,201002,202002,True,"log_LQ[1,1]",0.8563964796406058,1.2627908891324573,0.40639440949185146,0.40639440949185146
fp64_gpu_xla_sqmc_reference_comparison,exact_scope_frozen_controls; epsilon_validity_nomination_then_full_score_flow_grid,full_d10_T2,iid_dual_cap,201002,202002,True,"LQ[2,1]",0.5045991758865005,0.21197751242713594,-0.2926216634593646,0.2926216634593646
fp64_gpu_xla_sqmc_reference_comparison,exact_scope_frozen_controls; epsilon_validity_nomination_then_full_score_flow_grid,full_d10_T2,iid_dual_cap,201002,202002,True,"log_LQ[2,2]",-0.7298691258082188,-0.9526378881864109,-0.2227687623781921,0.2227687623781921
fp64_gpu_xla_sqmc_reference_comparison,exact_scope_frozen_controls; epsilon_validity_nomination_then_full_score_flow_grid,full_d10_T2,iid_dual_cap,201002,202002,True,"LQ[3,1]",1.3580551816274582,1.9159323345022727,0.5578771528748145,0.5578771528748145
fp64_gpu_xla_sqmc_reference_comparison,exact_scope_frozen_controls; epsilon_validity_nomination_then_full_score_flow_grid,full_d10_T2,iid_dual_cap,201002,202002,True,"LQ[3,2]",0.13785106431993824,0.4385857561499632,0.300734691830025,0.300734691830025
fp64_gpu_xla_sqmc_reference_comparison,exact_scope_frozen_controls; epsilon_validity_nomination_then_full_score_flow_grid,full_d10_T2,iid_dual_cap,201002,202002,True,"log_LQ[3,3]",-0.6548207685774989,-0.41793575685265344,0.2368850117248455,0.2368850117248455
fp64_gpu_xla_sqmc_reference_comparison,exact_scope_frozen_controls; epsilon_validity_nomination_then_full_score_flow_grid,full_d10_T2,iid_dual_cap,201002,202002,True,"LQ[4,1]",-2.0624609907536398,-3.20169560261549,-1.1392346118618502,1.1392346118618502
fp64_gpu_xla_sqmc_reference_comparison,exact_scope_frozen_controls; epsilon_validity_nomination_then_full_score_flow_grid,full_d10_T2,iid_dual_cap,201002,202002,True,"LQ[4,2]",-0.4612787427683815,-0.8966825156874653,-0.4354037729190838,0.4354037729190838
fp64_gpu_xla_sqmc_reference_comparison,exact_scope_frozen_controls; epsilon_validity_nomination_then_full_score_flow_grid,full_d10_T2,iid_dual_cap,201002,202002,True,"LQ[4,3]",-0.6076619798693106,-0.8684697063803458,-0.26080772651103523,0.26080772651103523
fp64_gpu_xla_sqmc_reference_comparison,exact_scope_frozen_controls; epsilon_validity_nomination_then_full_score_flow_grid,full_d10_T2,iid_dual_cap,201002,202002,True,"log_LQ[4,4]",-0.38047693801323973,-0.35975664332887936,0.020720294684360374,0.020720294684360374
fp64_gpu_xla_sqmc_reference_comparison,exact_scope_frozen_controls; epsilon_validity_nomination_then_full_score_flow_grid,full_d10_T2,iid_dual_cap,201002,202002,True,"LQ[5,1]",-0.2529346671738611,0.31563881558806933,0.5685734827619304,0.5685734827619304
fp64_gpu_xla_sqmc_reference_comparison,exact_scope_frozen_controls; epsilon_validity_nomination_then_full_score_flow_grid,full_d10_T2,iid_dual_cap,201002,202002,True,"LQ[5,2]",0.3696061839551842,0.21361362786805432,-0.15599255608712986,0.15599255608712986
fp64_gpu_xla_sqmc_reference_comparison,exact_scope_frozen_controls; epsilon_validity_nomination_then_full_score_flow_grid,full_d10_T2,iid_dual_cap,201002,202002,True,"LQ[5,3]",-0.23435686387279125,-0.05816930080008981,0.17618756307270145,0.17618756307270145
fp64_gpu_xla_sqmc_reference_comparison,exact_scope_frozen_controls; epsilon_validity_nomination_then_full_score_flow_grid,full_d10_T2,iid_dual_cap,201002,202002,True,"LQ[5,4]",-0.09237229223627566,0.056433158134254,0.14880545037052967,0.14880545037052967
fp64_gpu_xla_sqmc_reference_comparison,exact_scope_frozen_controls; epsilon_validity_nomination_then_full_score_flow_grid,full_d10_T2,iid_dual_cap,201002,202002,True,"log_LQ[5,5]",-0.7124758311884026,-0.7421330393731842,-0.02965720818478157,0.02965720818478157
fp64_gpu_xla_sqmc_reference_comparison,exact_scope_frozen_controls; epsilon_validity_nomination_then_full_score_flow_grid,full_d10_T2,iid_dual_cap,201002,202002,True,"LQ[6,1]",1.2270166282940251,1.9007524378331837,0.6737358095391586,0.6737358095391586
fp64_gpu_xla_sqmc_reference_comparison,exact_scope_frozen_controls; epsilon_validity_nomination_then_full_score_flow_grid,full_d10_T2,iid_dual_cap,201002,202002,True,"LQ[6,2]",-0.007302482010661936,0.6655867786270633,0.6728892606377253,0.6728892606377253
fp64_gpu_xla_sqmc_reference_comparison,exact_scope_frozen_controls; epsilon_validity_nomination_then_full_score_flow_grid,full_d10_T2,iid_dual_cap,201002,202002,True,"LQ[6,3]",0.4745323155252654,0.3661055338451177,-0.10842678168014774,0.10842678168014774
fp64_gpu_xla_sqmc_reference_comparison,exact_scope_frozen_controls; epsilon_validity_nomination_then_full_score_flow_grid,full_d10_T2,iid_dual_cap,201002,202002,True,"LQ[6,4]",-0.5624907068122629,-0.12784795663730486,0.434642750174958,0.434642750174958
fp64_gpu_xla_sqmc_reference_comparison,exact_scope_frozen_controls; epsilon_validity_nomination_then_full_score_flow_grid,full_d10_T2,iid_dual_cap,201002,202002,True,"LQ[6,5]",-0.21000220959353194,-0.11926571286661986,0.09073649672691209,0.09073649672691209
fp64_gpu_xla_sqmc_reference_comparison,exact_scope_frozen_controls; epsilon_validity_nomination_then_full_score_flow_grid,full_d10_T2,iid_dual_cap,201002,202002,True,"log_LQ[6,6]",-0.7560662705712876,-0.9474430867642979,-0.19137681619301028,0.19137681619301028
fp64_gpu_xla_sqmc_reference_comparison,exact_scope_frozen_controls; epsilon_validity_nomination_then_full_score_flow_grid,full_d10_T2,iid_dual_cap,201002,202002,True,"LQ[7,1]",0.14015171257657694,0.38671455540420296,0.24656284282762603,0.24656284282762603
fp64_gpu_xla_sqmc_reference_comparison,exact_scope_frozen_controls; epsilon_validity_nomination_then_full_score_flow_grid,full_d10_T2,iid_dual_cap,201002,202002,True,"LQ[7,2]",-0.06346458849758439,0.3003128614317534,0.3637774499293378,0.3637774499293378
fp64_gpu_xla_sqmc_reference_comparison,exact_scope_frozen_controls; epsilon_validity_nomination_then_full_score_flow_grid,full_d10_T2,iid_dual_cap,201002,202002,True,"LQ[7,3]",0.06694141177826747,-0.24752016025945645,-0.3144615720377239,0.3144615720377239
fp64_gpu_xla_sqmc_reference_comparison,exact_scope_frozen_controls; epsilon_validity_nomination_then_full_score_flow_grid,full_d10_T2,iid_dual_cap,201002,202002,True,"LQ[7,4]",0.020796028010029784,0.5925366643564823,0.5717406363464526,0.5717406363464526
fp64_gpu_xla_sqmc_reference_comparison,exact_scope_frozen_controls; epsilon_validity_nomination_then_full_score_flow_grid,full_d10_T2,iid_dual_cap,201002,202002,True,"LQ[7,5]",-0.19169586369714367,-0.03669217334151173,0.15500369035563194,0.15500369035563194
fp64_gpu_xla_sqmc_reference_comparison,exact_scope_frozen_controls; epsilon_validity_nomination_then_full_score_flow_grid,full_d10_T2,iid_dual_cap,201002,202002,True,"LQ[7,6]",0.10303158406422219,-0.16922143728686692,-0.2722530213510891,0.2722530213510891
fp64_gpu_xla_sqmc_reference_comparison,exact_scope_frozen_controls; epsilon_validity_nomination_then_full_score_flow_grid,full_d10_T2,iid_dual_cap,201002,202002,True,"log_LQ[7,7]",-0.930947611946091,-0.9327463032693689,-0.0017986913232779234,0.0017986913232779234
fp64_gpu_xla_sqmc_reference_comparison,exact_scope_frozen_controls; epsilon_validity_nomination_then_full_score_flow_grid,full_d10_T2,iid_dual_cap,201002,202002,True,"LQ[8,1]",4.14202004873389,4.459312639887286,0.3172925911533957,0.3172925911533957
fp64_gpu_xla_sqmc_reference_comparison,exact_scope_frozen_controls; epsilon_validity_nomination_then_full_score_flow_grid,full_d10_T2,iid_dual_cap,201002,202002,True,"LQ[8,2]",0.3374304344756481,0.3778553808563051,0.04042494638065702,0.04042494638065702
fp64_gpu_xla_sqmc_reference_comparison,exact_scope_frozen_controls; epsilon_validity_nomination_then_full_score_flow_grid,full_d10_T2,iid_dual_cap,201002,202002,True,"LQ[8,3]",1.4539093136809205,1.1782836803978527,-0.2756256332830678,0.2756256332830678
fp64_gpu_xla_sqmc_reference_comparison,exact_scope_frozen_controls; epsilon_validity_nomination_then_full_score_flow_grid,full_d10_T2,iid_dual_cap,201002,202002,True,"LQ[8,4]",-2.0391425394563996,-1.7646295409606327,0.2745129984957668,0.2745129984957668
fp64_gpu_xla_sqmc_reference_comparison,exact_scope_frozen_controls; epsilon_validity_nomination_then_full_score_flow_grid,full_d10_T2,iid_dual_cap,201002,202002,True,"LQ[8,5]",-0.4564378834957353,-0.1162017326501805,0.3402361508455548,0.3402361508455548
fp64_gpu_xla_sqmc_reference_comparison,exact_scope_frozen_controls; epsilon_validity_nomination_then_full_score_flow_grid,full_d10_T2,iid_dual_cap,201002,202002,True,"LQ[8,6]",1.4012897738729566,1.2456196166510258,-0.15567015722193078,0.15567015722193078
fp64_gpu_xla_sqmc_reference_comparison,exact_scope_frozen_controls; epsilon_validity_nomination_then_full_score_flow_grid,full_d10_T2,iid_dual_cap,201002,202002,True,"LQ[8,7]",0.17133946603383868,-0.07956794715057379,-0.25090741318441245,0.25090741318441245
fp64_gpu_xla_sqmc_reference_comparison,exact_scope_frozen_controls; epsilon_validity_nomination_then_full_score_flow_grid,full_d10_T2,iid_dual_cap,201002,202002,True,"log_LQ[8,8]",1.1682691458042875,0.9915978537221725,-0.17667129208211507,0.17667129208211507
fp64_gpu_xla_sqmc_reference_comparison,exact_scope_frozen_controls; epsilon_validity_nomination_then_full_score_flow_grid,full_d10_T2,iid_dual_cap,201002,202002,True,"LQ[9,1]",-0.8701468888141831,-0.9420207090623092,-0.07187382024812605,0.07187382024812605
fp64_gpu_xla_sqmc_reference_comparison,exact_scope_frozen_controls; epsilon_validity_nomination_then_full_score_flow_grid,full_d10_T2,iid_dual_cap,201002,202002,True,"LQ[9,2]",-1.179946421866115,-1.1916626610537477,-0.011716239187632649,0.011716239187632649
fp64_gpu_xla_sqmc_reference_comparison,exact_scope_frozen_controls; epsilon_validity_nomination_then_full_score_flow_grid,full_d10_T2,iid_dual_cap,201002,202002,True,"LQ[9,3]",0.07857091780600708,-0.4954535283366859,-0.574024446142693,0.574024446142693
fp64_gpu_xla_sqmc_reference_comparison,exact_scope_frozen_controls; epsilon_validity_nomination_then_full_score_flow_grid,full_d10_T2,iid_dual_cap,201002,202002,True,"LQ[9,4]",1.1854879450792555,1.6482994071817216,0.46281146210246615,0.46281146210246615
fp64_gpu_xla_sqmc_reference_comparison,exact_scope_frozen_controls; epsilon_validity_nomination_then_full_score_flow_grid,full_d10_T2,iid_dual_cap,201002,202002,True,"LQ[9,5]",-1.3453460679438387,-1.09748521092501,0.24786085701882876,0.24786085701882876
fp64_gpu_xla_sqmc_reference_comparison,exact_scope_frozen_controls; epsilon_validity_nomination_then_full_score_flow_grid,full_d10_T2,iid_dual_cap,201002,202002,True,"LQ[9,6]",-0.1470504728998937,-0.18944670812538655,-0.04239623522549285,0.04239623522549285
fp64_gpu_xla_sqmc_reference_comparison,exact_scope_frozen_controls; epsilon_validity_nomination_then_full_score_flow_grid,full_d10_T2,iid_dual_cap,201002,202002,True,"LQ[9,7]",0.8830205655057888,1.3250185575675837,0.4419979920617949,0.4419979920617949
fp64_gpu_xla_sqmc_reference_comparison,exact_scope_frozen_controls; epsilon_validity_nomination_then_full_score_flow_grid,full_d10_T2,iid_dual_cap,201002,202002,True,"LQ[9,8]",-0.95797538856101,-0.6664642105403634,0.29151117802064663,0.29151117802064663
fp64_gpu_xla_sqmc_reference_comparison,exact_scope_frozen_controls; epsilon_validity_nomination_then_full_score_flow_grid,full_d10_T2,iid_dual_cap,201002,202002,True,"log_LQ[9,9]",1.9285394163212866,2.0680392960523655,0.1394998797310789,0.1394998797310789
fp64_gpu_xla_sqmc_reference_comparison,exact_scope_frozen_controls; epsilon_validity_nomination_then_full_score_flow_grid,full_d10_T2,iid_dual_cap,201002,202002,True,"LQ[10,1]",-3.28562907683044,-3.052851091553831,0.23277798527660876,0.23277798527660876
fp64_gpu_xla_sqmc_reference_comparison,exact_scope_frozen_controls; epsilon_validity_nomination_then_full_score_flow_grid,full_d10_T2,iid_dual_cap,201002,202002,True,"LQ[10,2]",-0.26811043499851167,-0.6622446361105637,-0.39413420111205205,0.39413420111205205
fp64_gpu_xla_sqmc_reference_comparison,exact_scope_frozen_controls; epsilon_validity_nomination_then_full_score_flow_grid,full_d10_T2,iid_dual_cap,201002,202002,True,"LQ[10,3]",-1.1385895005226696,-0.6735434202538693,0.46504608026880034,0.46504608026880034
fp64_gpu_xla_sqmc_reference_comparison,exact_scope_frozen_controls; epsilon_validity_nomination_then_full_score_flow_grid,full_d10_T2,iid_dual_cap,201002,202002,True,"LQ[10,4]",1.5490022120701177,1.602933628143122,0.053931416073004224,0.053931416073004224
fp64_gpu_xla_sqmc_reference_comparison,exact_scope_frozen_controls; epsilon_validity_nomination_then_full_score_flow_grid,full_d10_T2,iid_dual_cap,201002,202002,True,"LQ[10,5]",0.5020017481922647,0.04682728716627893,-0.4551744610259858,0.4551744610259858
fp64_gpu_xla_sqmc_reference_comparison,exact_scope_frozen_controls; epsilon_validity_nomination_then_full_score_flow_grid,full_d10_T2,iid_dual_cap,201002,202002,True,"LQ[10,6]",-1.1927786832382359,-1.3841526394963228,-0.19137395625808695,0.19137395625808695
fp64_gpu_xla_sqmc_reference_comparison,exact_scope_frozen_controls; epsilon_validity_nomination_then_full_score_flow_grid,full_d10_T2,iid_dual_cap,201002,202002,True,"LQ[10,7]",-0.1358277232949584,-0.283555093524958,-0.1477273702299996,0.1477273702299996
fp64_gpu_xla_sqmc_reference_comparison,exact_scope_frozen_controls; epsilon_validity_nomination_then_full_score_flow_grid,full_d10_T2,iid_dual_cap,201002,202002,True,"LQ[10,8]",-3.7501656622458874,-3.9955271607019522,-0.2453614984560648,0.2453614984560648
fp64_gpu_xla_sqmc_reference_comparison,exact_scope_frozen_controls; epsilon_validity_nomination_then_full_score_flow_grid,full_d10_T2,iid_dual_cap,201002,202002,True,"LQ[10,9]",0.058337349303251185,0.26395041335618963,0.20561306405293844,0.20561306405293844
fp64_gpu_xla_sqmc_reference_comparison,exact_scope_frozen_controls; epsilon_validity_nomination_then_full_score_flow_grid,full_d10_T2,iid_dual_cap,201002,202002,True,"log_LQ[10,10]",0.5508828589102073,0.5551475331042143,0.004264674194007001,0.004264674194007001
fp64_gpu_xla_sqmc_reference_comparison,exact_scope_frozen_controls; epsilon_validity_nomination_then_full_score_flow_grid,full_d10_T2,iid_dual_cap,201002,202002,True,log_R_variance,-0.0150185033758042,-0.4054076685957078,-0.39038916521990363,0.39038916521990363
fp64_gpu_xla_sqmc_reference_comparison,exact_scope_frozen_controls; epsilon_validity_nomination_then_full_score_flow_grid,full_d10_T2,iid_dual_cap,201002,202002,True,initial_mean_scale,0.7989855460525579,0.8229086921198491,0.02392314606729118,0.02392314606729118
fp64_gpu_xla_sqmc_reference_comparison,exact_scope_frozen_controls; epsilon_validity_nomination_then_full_score_flow_grid,full_d10_T2,previous_inverse_cdf,201001,202001,True,"A[1,1]",-1.8405412628695577,-1.6061248513013864,0.23441641156817128,0.23441641156817128
fp64_gpu_xla_sqmc_reference_comparison,exact_scope_frozen_controls; epsilon_validity_nomination_then_full_score_flow_grid,full_d10_T2,previous_inverse_cdf,201001,202001,True,"A[1,2]",0.12405711303755015,0.08089061734949465,-0.0431664956880555,0.0431664956880555
fp64_gpu_xla_sqmc_reference_comparison,exact_scope_frozen_controls; epsilon_validity_nomination_then_full_score_flow_grid,full_d10_T2,previous_inverse_cdf,201001,202001,True,"A[1,3]",1.2083689603215206,0.940555637457174,-0.26781332286434667,0.26781332286434667
fp64_gpu_xla_sqmc_reference_comparison,exact_scope_frozen_controls; epsilon_validity_nomination_then_full_score_flow_grid,full_d10_T2,previous_inverse_cdf,201001,202001,True,"A[1,4]",0.9039498160966681,1.3762705808204083,0.4723207647237402,0.4723207647237402
fp64_gpu_xla_sqmc_reference_comparison,exact_scope_frozen_controls; epsilon_validity_nomination_then_full_score_flow_grid,full_d10_T2,previous_inverse_cdf,201001,202001,True,"A[1,5]",1.6233540589401598,0.7833870351464696,-0.8399670237936903,0.8399670237936903
fp64_gpu_xla_sqmc_reference_comparison,exact_scope_frozen_controls; epsilon_validity_nomination_then_full_score_flow_grid,full_d10_T2,previous_inverse_cdf,201001,202001,True,"A[1,6]",-0.8951698812224791,-0.4541518613854496,0.4410180198370295,0.4410180198370295
fp64_gpu_xla_sqmc_reference_comparison,exact_scope_frozen_controls; epsilon_validity_nomination_then_full_score_flow_grid,full_d10_T2,previous_inverse_cdf,201001,202001,True,"A[1,7]",1.0983795483826784,0.9571973067537008,-0.14118224162897752,0.14118224162897752
fp64_gpu_xla_sqmc_reference_comparison,exact_scope_frozen_controls; epsilon_validity_nomination_then_full_score_flow_grid,full_d10_T2,previous_inverse_cdf,201001,202001,True,"A[1,8]",-0.19487576566126597,-0.3421730910440872,-0.14729732538282125,0.14729732538282125
fp64_gpu_xla_sqmc_reference_comparison,exact_scope_frozen_controls; epsilon_validity_nomination_then_full_score_flow_grid,full_d10_T2,previous_inverse_cdf,201001,202001,True,"A[1,9]",0.8315412439221966,0.6552894557337551,-0.17625178818844156,0.17625178818844156
fp64_gpu_xla_sqmc_reference_comparison,exact_scope_frozen_controls; epsilon_validity_nomination_then_full_score_flow_grid,full_d10_T2,previous_inverse_cdf,201001,202001,True,"A[1,10]",-0.10510141849900892,-0.09834747959253776,0.006753938906471163,0.006753938906471163
fp64_gpu_xla_sqmc_reference_comparison,exact_scope_frozen_controls; epsilon_validity_nomination_then_full_score_flow_grid,full_d10_T2,previous_inverse_cdf,201001,202001,True,"A[2,1]",0.334244377419867,0.1037703908927084,-0.23047398652715861,0.23047398652715861
fp64_gpu_xla_sqmc_reference_comparison,exact_scope_frozen_controls; epsilon_validity_nomination_then_full_score_flow_grid,full_d10_T2,previous_inverse_cdf,201001,202001,True,"A[2,2]",-1.009325865451665,-1.1757718006502311,-0.1664459351985661,0.1664459351985661
fp64_gpu_xla_sqmc_reference_comparison,exact_scope_frozen_controls; epsilon_validity_nomination_then_full_score_flow_grid,full_d10_T2,previous_inverse_cdf,201001,202001,True,"A[2,3]",-0.4740926697431398,-0.5599017514914131,-0.08580908174827329,0.08580908174827329
fp64_gpu_xla_sqmc_reference_comparison,exact_scope_frozen_controls; epsilon_validity_nomination_then_full_score_flow_grid,full_d10_T2,previous_inverse_cdf,201001,202001,True,"A[2,4]",-0.3507452514565778,-0.4933092660080794,-0.14256401455150158,0.14256401455150158
fp64_gpu_xla_sqmc_reference_comparison,exact_scope_frozen_controls; epsilon_validity_nomination_then_full_score_flow_grid,full_d10_T2,previous_inverse_cdf,201001,202001,True,"A[2,5]",-0.6356039536416009,-0.1647351520810173,0.47086880156058364,0.47086880156058364
fp64_gpu_xla_sqmc_reference_comparison,exact_scope_frozen_controls; epsilon_validity_nomination_then_full_score_flow_grid,full_d10_T2,previous_inverse_cdf,201001,202001,True,"A[2,6]",0.3502951834202437,-0.08222015886340833,-0.432515342283652,0.432515342283652
fp64_gpu_xla_sqmc_reference_comparison,exact_scope_frozen_controls; epsilon_validity_nomination_then_full_score_flow_grid,full_d10_T2,previous_inverse_cdf,201001,202001,True,"A[2,7]",-0.4296347361027879,-0.5223221679897091,-0.09268743188692119,0.09268743188692119
fp64_gpu_xla_sqmc_reference_comparison,exact_scope_frozen_controls; epsilon_validity_nomination_then_full_score_flow_grid,full_d10_T2,previous_inverse_cdf,201001,202001,True,"A[2,8]",0.07446516390295842,0.16093149232528534,0.08646632842232692,0.08646632842232692
fp64_gpu_xla_sqmc_reference_comparison,exact_scope_frozen_controls; epsilon_validity_nomination_then_full_score_flow_grid,full_d10_T2,previous_inverse_cdf,201001,202001,True,"A[2,9]",-0.32411968950971254,0.03650706249304783,0.3606267520027604,0.3606267520027604
fp64_gpu_xla_sqmc_reference_comparison,exact_scope_frozen_controls; epsilon_validity_nomination_then_full_score_flow_grid,full_d10_T2,previous_inverse_cdf,201001,202001,True,"A[2,10]",0.038075704787584985,-0.03777662574896651,-0.0758523305365515,0.0758523305365515
fp64_gpu_xla_sqmc_reference_comparison,exact_scope_frozen_controls; epsilon_validity_nomination_then_full_score_flow_grid,full_d10_T2,previous_inverse_cdf,201001,202001,True,"A[3,1]",-0.0973508956488851,-0.3034837055884976,-0.20613280993961247,0.20613280993961247
fp64_gpu_xla_sqmc_reference_comparison,exact_scope_frozen_controls; epsilon_validity_nomination_then_full_score_flow_grid,full_d10_T2,previous_inverse_cdf,201001,202001,True,"A[3,2]",0.05007209635770711,-0.21419442910797695,-0.2642665254656841,0.2642665254656841
fp64_gpu_xla_sqmc_reference_comparison,exact_scope_frozen_controls; epsilon_validity_nomination_then_full_score_flow_grid,full_d10_T2,previous_inverse_cdf,201001,202001,True,"A[3,3]",-0.8862376853492326,-0.940877354714384,-0.05463966936515141,0.05463966936515141
fp64_gpu_xla_sqmc_reference_comparison,exact_scope_frozen_controls; epsilon_validity_nomination_then_full_score_flow_grid,full_d10_T2,previous_inverse_cdf,201001,202001,True,"A[3,4]",0.16606854318272946,0.05573423188384208,-0.11033431129888738,0.11033431129888738
fp64_gpu_xla_sqmc_reference_comparison,exact_scope_frozen_controls; epsilon_validity_nomination_then_full_score_flow_grid,full_d10_T2,previous_inverse_cdf,201001,202001,True,"A[3,5]",0.13870366199830464,0.24892037589737182,0.11021671389906718,0.11021671389906718
fp64_gpu_xla_sqmc_reference_comparison,exact_scope_frozen_controls; epsilon_validity_nomination_then_full_score_flow_grid,full_d10_T2,previous_inverse_cdf,201001,202001,True,"A[3,6]",-0.046921523553172806,-0.27286609094081044,-0.22594456738763763,0.22594456738763763
fp64_gpu_xla_sqmc_reference_comparison,exact_scope_frozen_controls; epsilon_validity_nomination_then_full_score_flow_grid,full_d10_T2,previous_inverse_cdf,201001,202001,True,"A[3,7]",0.07793381153520185,0.09034814540833358,0.012414333873131733,0.012414333873131733
fp64_gpu_xla_sqmc_reference_comparison,exact_scope_frozen_controls; epsilon_validity_nomination_then_full_score_flow_grid,full_d10_T2,previous_inverse_cdf,201001,202001,True,"A[3,8]",0.050505118534347346,-0.05596450305802733,-0.10646962159237468,0.10646962159237468
fp64_gpu_xla_sqmc_reference_comparison,exact_scope_frozen_controls; epsilon_validity_nomination_then_full_score_flow_grid,full_d10_T2,previous_inverse_cdf,201001,202001,True,"A[3,9]",0.044756981826564735,0.20758422068233007,0.16282723885576533,0.16282723885576533
fp64_gpu_xla_sqmc_reference_comparison,exact_scope_frozen_controls; epsilon_validity_nomination_then_full_score_flow_grid,full_d10_T2,previous_inverse_cdf,201001,202001,True,"A[3,10]",0.06220362058178791,-0.06120418005148573,-0.12340780063327364,0.12340780063327364
fp64_gpu_xla_sqmc_reference_comparison,exact_scope_frozen_controls; epsilon_validity_nomination_then_full_score_flow_grid,full_d10_T2,previous_inverse_cdf,201001,202001,True,"A[4,1]",-0.12879264023887926,0.00923378416897458,0.13802642440785384,0.13802642440785384
fp64_gpu_xla_sqmc_reference_comparison,exact_scope_frozen_controls; epsilon_validity_nomination_then_full_score_flow_grid,full_d10_T2,previous_inverse_cdf,201001,202001,True,"A[4,2]",0.08510133903903572,-0.13554797266379615,-0.22064931170283186,0.22064931170283186
fp64_gpu_xla_sqmc_reference_comparison,exact_scope_frozen_controls; epsilon_validity_nomination_then_full_score_flow_grid,full_d10_T2,previous_inverse_cdf,201001,202001,True,"A[4,3]",0.046810962329739025,0.12249808552464025,0.07568712319490123,0.07568712319490123
fp64_gpu_xla_sqmc_reference_comparison,exact_scope_frozen_controls; epsilon_validity_nomination_then_full_score_flow_grid,full_d10_T2,previous_inverse_cdf,201001,202001,True,"A[4,4]",-0.7594570487421703,-0.8945881866810769,-0.13513113793890652,0.13513113793890652
fp64_gpu_xla_sqmc_reference_comparison,exact_scope_frozen_controls; epsilon_validity_nomination_then_full_score_flow_grid,full_d10_T2,previous_inverse_cdf,201001,202001,True,"A[4,5]",0.10909897052106454,0.6519078128031679,0.5428088422821034,0.5428088422821034
fp64_gpu_xla_sqmc_reference_comparison,exact_scope_frozen_controls; epsilon_validity_nomination_then_full_score_flow_grid,full_d10_T2,previous_inverse_cdf,201001,202001,True,"A[4,6]",-0.016286079591655955,-0.3192097419313828,-0.30292366233972684,0.30292366233972684
fp64_gpu_xla_sqmc_reference_comparison,exact_scope_frozen_controls; epsilon_validity_nomination_then_full_score_flow_grid,full_d10_T2,previous_inverse_cdf,201001,202001,True,"A[4,7]",0.051161770698915365,-0.002053043391280096,-0.05321481409019546,0.05321481409019546
fp64_gpu_xla_sqmc_reference_comparison,exact_scope_frozen_controls; epsilon_validity_nomination_then_full_score_flow_grid,full_d10_T2,previous_inverse_cdf,201001,202001,True,"A[4,8]",0.0806084794867568,0.3328593674919632,0.2522508880052064,0.2522508880052064
fp64_gpu_xla_sqmc_reference_comparison,exact_scope_frozen_controls; epsilon_validity_nomination_then_full_score_flow_grid,full_d10_T2,previous_inverse_cdf,201001,202001,True,"A[4,9]",0.02161959526692292,0.33329621963160805,0.31167662436468513,0.31167662436468513
fp64_gpu_xla_sqmc_reference_comparison,exact_scope_frozen_controls; epsilon_validity_nomination_then_full_score_flow_grid,full_d10_T2,previous_inverse_cdf,201001,202001,True,"A[4,10]",0.08782273411889809,-0.18037661484037926,-0.26819934895927733,0.26819934895927733
fp64_gpu_xla_sqmc_reference_comparison,exact_scope_frozen_controls; epsilon_validity_nomination_then_full_score_flow_grid,full_d10_T2,previous_inverse_cdf,201001,202001,True,"A[5,1]",-1.151631566668114,-1.1929364235371165,-0.041304856869002426,0.041304856869002426
fp64_gpu_xla_sqmc_reference_comparison,exact_scope_frozen_controls; epsilon_validity_nomination_then_full_score_flow_grid,full_d10_T2,previous_inverse_cdf,201001,202001,True,"A[5,2]",0.28388815184752636,0.2768358411596536,-0.007052310687872765,0.007052310687872765
fp64_gpu_xla_sqmc_reference_comparison,exact_scope_frozen_controls; epsilon_validity_nomination_then_full_score_flow_grid,full_d10_T2,previous_inverse_cdf,201001,202001,True,"A[5,3]",1.3718587659614894,1.0072420123281125,-0.36461675363337687,0.36461675363337687
fp64_gpu_xla_sqmc_reference_comparison,exact_scope_frozen_controls; epsilon_validity_nomination_then_full_score_flow_grid,full_d10_T2,previous_inverse_cdf,201001,202001,True,"A[5,4]",1.3458163698901688,1.1468460287246005,-0.19897034116556833,0.19897034116556833
fp64_gpu_xla_sqmc_reference_comparison,exact_scope_frozen_controls; epsilon_validity_nomination_then_full_score_flow_grid,full_d10_T2,previous_inverse_cdf,201001,202001,True,"A[5,5]",0.9712638914813987,1.0373292374768734,0.06606534599547476,0.06606534599547476
fp64_gpu_xla_sqmc_reference_comparison,exact_scope_frozen_controls; epsilon_validity_nomination_then_full_score_flow_grid,full_d10_T2,previous_inverse_cdf,201001,202001,True,"A[5,6]",-0.9858025522388729,-0.9878911756998513,-0.0020886234609783783,0.0020886234609783783
fp64_gpu_xla_sqmc_reference_comparison,exact_scope_frozen_controls; epsilon_validity_nomination_then_full_score_flow_grid,full_d10_T2,previous_inverse_cdf,201001,202001,True,"A[5,7]",1.268441156469678,1.2661450096667846,-0.002296146802893473,0.002296146802893473
fp64_gpu_xla_sqmc_reference_comparison,exact_scope_frozen_controls; epsilon_validity_nomination_then_full_score_flow_grid,full_d10_T2,previous_inverse_cdf,201001,202001,True,"A[5,8]",-0.05068204747381318,-0.18406279636553566,-0.13338074889172247,0.13338074889172247
fp64_gpu_xla_sqmc_reference_comparison,exact_scope_frozen_controls; epsilon_validity_nomination_then_full_score_flow_grid,full_d10_T2,previous_inverse_cdf,201001,202001,True,"A[5,9]",0.925576616754821,0.7637921095935282,-0.16178450716129278,0.16178450716129278
fp64_gpu_xla_sqmc_reference_comparison,exact_scope_frozen_controls; epsilon_validity_nomination_then_full_score_flow_grid,full_d10_T2,previous_inverse_cdf,201001,202001,True,"A[5,10]",0.06201526518792877,0.23198897029785398,0.1699737051099252,0.1699737051099252
fp64_gpu_xla_sqmc_reference_comparison,exact_scope_frozen_controls; epsilon_validity_nomination_then_full_score_flow_grid,full_d10_T2,previous_inverse_cdf,201001,202001,True,"A[6,1]",-0.02854457025664514,0.3063351334694968,0.33487970372614195,0.33487970372614195
fp64_gpu_xla_sqmc_reference_comparison,exact_scope_frozen_controls; epsilon_validity_nomination_then_full_score_flow_grid,full_d10_T2,previous_inverse_cdf,201001,202001,True,"A[6,2]",-0.010441762511187794,-0.20162110178832893,-0.19117933927714115,0.19117933927714115
fp64_gpu_xla_sqmc_reference_comparison,exact_scope_frozen_controls; epsilon_validity_nomination_then_full_score_flow_grid,full_d10_T2,previous_inverse_cdf,201001,202001,True,"A[6,3]",0.052520746578330835,-0.10373002691390809,-0.15625077349223893,0.15625077349223893
fp64_gpu_xla_sqmc_reference_comparison,exact_scope_frozen_controls; epsilon_validity_nomination_then_full_score_flow_grid,full_d10_T2,previous_inverse_cdf,201001,202001,True,"A[6,4]",-0.0060835699401260435,-0.10673744347594405,-0.100653873535818,0.100653873535818
fp64_gpu_xla_sqmc_reference_comparison,exact_scope_frozen_controls; epsilon_validity_nomination_then_full_score_flow_grid,full_d10_T2,previous_inverse_cdf,201001,202001,True,"A[6,5]",0.053724444644627556,-0.35147417917522006,-0.4051986238198476,0.4051986238198476
fp64_gpu_xla_sqmc_reference_comparison,exact_scope_frozen_controls; epsilon_validity_nomination_then_full_score_flow_grid,full_d10_T2,previous_inverse_cdf,201001,202001,True,"A[6,6]",-1.0039772680754557,-0.9720885519228464,0.03188871615260935,0.03188871615260935
fp64_gpu_xla_sqmc_reference_comparison,exact_scope_frozen_controls; epsilon_validity_nomination_then_full_score_flow_grid,full_d10_T2,previous_inverse_cdf,201001,202001,True,"A[6,7]",0.04136118332889982,0.09625985106763824,0.054898667738738416,0.054898667738738416
fp64_gpu_xla_sqmc_reference_comparison,exact_scope_frozen_controls; epsilon_validity_nomination_then_full_score_flow_grid,full_d10_T2,previous_inverse_cdf,201001,202001,True,"A[6,8]",-0.03548566383991745,0.16514896457260136,0.2006346284125188,0.2006346284125188
fp64_gpu_xla_sqmc_reference_comparison,exact_scope_frozen_controls; epsilon_validity_nomination_then_full_score_flow_grid,full_d10_T2,previous_inverse_cdf,201001,202001,True,"A[6,9]",0.03796036498273575,-0.039482078004205445,-0.0774424429869412,0.0774424429869412
fp64_gpu_xla_sqmc_reference_comparison,exact_scope_frozen_controls; epsilon_validity_nomination_then_full_score_flow_grid,full_d10_T2,previous_inverse_cdf,201001,202001,True,"A[6,10]",-0.03547405466927517,0.1550484808543594,0.19052253552363457,0.19052253552363457
fp64_gpu_xla_sqmc_reference_comparison,exact_scope_frozen_controls; epsilon_validity_nomination_then_full_score_flow_grid,full_d10_T2,previous_inverse_cdf,201001,202001,True,"A[7,1]",-1.621285485528584,-1.5413034850249863,0.07998200050359783,0.07998200050359783
fp64_gpu_xla_sqmc_reference_comparison,exact_scope_frozen_controls; epsilon_validity_nomination_then_full_score_flow_grid,full_d10_T2,previous_inverse_cdf,201001,202001,True,"A[7,2]",0.3586148183232213,0.08660200538247208,-0.2720128129407492,0.2720128129407492
fp64_gpu_xla_sqmc_reference_comparison,exact_scope_frozen_controls; epsilon_validity_nomination_then_full_score_flow_grid,full_d10_T2,previous_inverse_cdf,201001,202001,True,"A[7,3]",1.9980871048466877,1.9803137079719335,-0.01777339687475421,0.01777339687475421
fp64_gpu_xla_sqmc_reference_comparison,exact_scope_frozen_controls; epsilon_validity_nomination_then_full_score_flow_grid,full_d10_T2,previous_inverse_cdf,201001,202001,True,"A[7,4]",1.8311683462819435,1.7078934412104374,-0.12327490507150607,0.12327490507150607
fp64_gpu_xla_sqmc_reference_comparison,exact_scope_frozen_controls; epsilon_validity_nomination_then_full_score_flow_grid,full_d10_T2,previous_inverse_cdf,201001,202001,True,"A[7,5]",2.7839288827184703,2.997532327344447,0.2136034446259769,0.2136034446259769
fp64_gpu_xla_sqmc_reference_comparison,exact_scope_frozen_controls; epsilon_validity_nomination_then_full_score_flow_grid,full_d10_T2,previous_inverse_cdf,201001,202001,True,"A[7,6]",-1.4510210418033163,-1.265960012190304,0.18506102961301218,0.18506102961301218
fp64_gpu_xla_sqmc_reference_comparison,exact_scope_frozen_controls; epsilon_validity_nomination_then_full_score_flow_grid,full_d10_T2,previous_inverse_cdf,201001,202001,True,"A[7,7]",0.8844170501765056,1.1483450846319938,0.2639280344554882,0.2639280344554882
fp64_gpu_xla_sqmc_reference_comparison,exact_scope_frozen_controls; epsilon_validity_nomination_then_full_score_flow_grid,full_d10_T2,previous_inverse_cdf,201001,202001,True,"A[7,8]",-0.1496292006803488,-0.2148728785451737,-0.0652436778648249,0.0652436778648249
fp64_gpu_xla_sqmc_reference_comparison,exact_scope_frozen_controls; epsilon_validity_nomination_then_full_score_flow_grid,full_d10_T2,previous_inverse_cdf,201001,202001,True,"A[7,9]",1.3613593256582028,1.171681224878645,-0.18967810077955782,0.18967810077955782
fp64_gpu_xla_sqmc_reference_comparison,exact_scope_frozen_controls; epsilon_validity_nomination_then_full_score_flow_grid,full_d10_T2,previous_inverse_cdf,201001,202001,True,"A[7,10]",0.009050886759979969,0.1357109524063475,0.12666006564636753,0.12666006564636753
fp64_gpu_xla_sqmc_reference_comparison,exact_scope_frozen_controls; epsilon_validity_nomination_then_full_score_flow_grid,full_d10_T2,previous_inverse_cdf,201001,202001,True,"A[8,1]",-0.13002367893392283,-0.2534007259266277,-0.12337704699270488,0.12337704699270488
fp64_gpu_xla_sqmc_reference_comparison,exact_scope_frozen_controls; epsilon_validity_nomination_then_full_score_flow_grid,full_d10_T2,previous_inverse_cdf,201001,202001,True,"A[8,2]",0.03974000695294491,0.14134391660814344,0.10160390965519853,0.10160390965519853
fp64_gpu_xla_sqmc_reference_comparison,exact_scope_frozen_controls; epsilon_validity_nomination_then_full_score_flow_grid,full_d10_T2,previous_inverse_cdf,201001,202001,True,"A[8,3]",0.128496624037787,0.010845044979777757,-0.11765157905800924,0.11765157905800924
fp64_gpu_xla_sqmc_reference_comparison,exact_scope_frozen_controls; epsilon_validity_nomination_then_full_score_flow_grid,full_d10_T2,previous_inverse_cdf,201001,202001,True,"A[8,4]",0.14646347457122613,0.4304216289551311,0.2839581543839049,0.2839581543839049
fp64_gpu_xla_sqmc_reference_comparison,exact_scope_frozen_controls; epsilon_validity_nomination_then_full_score_flow_grid,full_d10_T2,previous_inverse_cdf,201001,202001,True,"A[8,5]",0.18267787504930538,-0.008594513154802086,-0.19127238820410747,0.19127238820410747
fp64_gpu_xla_sqmc_reference_comparison,exact_scope_frozen_controls; epsilon_validity_nomination_then_full_score_flow_grid,full_d10_T2,previous_inverse_cdf,201001,202001,True,"A[8,6]",-0.0865634512416411,0.11047517883001251,0.19703863007165362,0.19703863007165362
fp64_gpu_xla_sqmc_reference_comparison,exact_scope_frozen_controls; epsilon_validity_nomination_then_full_score_flow_grid,full_d10_T2,previous_inverse_cdf,201001,202001,True,"A[8,7]",0.11367271886628325,-0.07181375809331705,-0.1854864769596003,0.1854864769596003
fp64_gpu_xla_sqmc_reference_comparison,exact_scope_frozen_controls; epsilon_validity_nomination_then_full_score_flow_grid,full_d10_T2,previous_inverse_cdf,201001,202001,True,"A[8,8]",-0.945368569219666,-0.9780755865981685,-0.032707017378502456,0.032707017378502456
fp64_gpu_xla_sqmc_reference_comparison,exact_scope_frozen_controls; epsilon_validity_nomination_then_full_score_flow_grid,full_d10_T2,previous_inverse_cdf,201001,202001,True,"A[8,9]",0.07983895614565371,-0.10327722374178179,-0.1831161798874355,0.1831161798874355
fp64_gpu_xla_sqmc_reference_comparison,exact_scope_frozen_controls; epsilon_validity_nomination_then_full_score_flow_grid,full_d10_T2,previous_inverse_cdf,201001,202001,True,"A[8,10]",0.01647071868489078,-0.08433016907759544,-0.10080088776248622,0.10080088776248622
fp64_gpu_xla_sqmc_reference_comparison,exact_scope_frozen_controls; epsilon_validity_nomination_then_full_score_flow_grid,full_d10_T2,previous_inverse_cdf,201001,202001,True,"A[9,1]",0.20482993888429357,0.011007914061247126,-0.19382202482304645,0.19382202482304645
fp64_gpu_xla_sqmc_reference_comparison,exact_scope_frozen_controls; epsilon_validity_nomination_then_full_score_flow_grid,full_d10_T2,previous_inverse_cdf,201001,202001,True,"A[9,2]",-0.02798043832303823,0.12512081312688667,0.1531012514499249,0.1531012514499249
fp64_gpu_xla_sqmc_reference_comparison,exact_scope_frozen_controls; epsilon_validity_nomination_then_full_score_flow_grid,full_d10_T2,previous_inverse_cdf,201001,202001,True,"A[9,3]",-0.2696989652270404,-0.1037290843139198,0.1659698809131206,0.1659698809131206
fp64_gpu_xla_sqmc_reference_comparison,exact_scope_frozen_controls; epsilon_validity_nomination_then_full_score_flow_grid,full_d10_T2,previous_inverse_cdf,201001,202001,True,"A[9,4]",-0.19088541161721645,-0.059053337520872606,0.13183207409634384,0.13183207409634384
fp64_gpu_xla_sqmc_reference_comparison,exact_scope_frozen_controls; epsilon_validity_nomination_then_full_score_flow_grid,full_d10_T2,previous_inverse_cdf,201001,202001,True,"A[9,5]",-0.35535335908440735,-0.03792822949477914,0.3174251295896282,0.3174251295896282
fp64_gpu_xla_sqmc_reference_comparison,exact_scope_frozen_controls; epsilon_validity_nomination_then_full_score_flow_grid,full_d10_T2,previous_inverse_cdf,201001,202001,True,"A[9,6]",0.19813066915608102,0.054224580282356105,-0.1439060888737249,0.1439060888737249
fp64_gpu_xla_sqmc_reference_comparison,exact_scope_frozen_controls; epsilon_validity_nomination_then_full_score_flow_grid,full_d10_T2,previous_inverse_cdf,201001,202001,True,"A[9,7]",-0.239177999339602,-0.29836878768855146,-0.059190788348949475,0.059190788348949475
fp64_gpu_xla_sqmc_reference_comparison,exact_scope_frozen_controls; epsilon_validity_nomination_then_full_score_flow_grid,full_d10_T2,previous_inverse_cdf,201001,202001,True,"A[9,8]",0.04917757427128328,-0.05393107607138712,-0.1031086503426704,0.1031086503426704
fp64_gpu_xla_sqmc_reference_comparison,exact_scope_frozen_controls; epsilon_validity_nomination_then_full_score_flow_grid,full_d10_T2,previous_inverse_cdf,201001,202001,True,"A[9,9]",-1.1254376375860404,-1.0942050278286326,0.031232609757407825,0.031232609757407825
fp64_gpu_xla_sqmc_reference_comparison,exact_scope_frozen_controls; epsilon_validity_nomination_then_full_score_flow_grid,full_d10_T2,previous_inverse_cdf,201001,202001,True,"A[9,10]",0.030500427946176863,-0.0562169548906335,-0.08671738283681035,0.08671738283681035
fp64_gpu_xla_sqmc_reference_comparison,exact_scope_frozen_controls; epsilon_validity_nomination_then_full_score_flow_grid,full_d10_T2,previous_inverse_cdf,201001,202001,True,"A[10,1]",-1.7487300324327681,-1.704683074992076,0.04404695744069209,0.04404695744069209
fp64_gpu_xla_sqmc_reference_comparison,exact_scope_frozen_controls; epsilon_validity_nomination_then_full_score_flow_grid,full_d10_T2,previous_inverse_cdf,201001,202001,True,"A[10,2]",0.37641283317227353,0.2763520611496335,-0.10006077202264002,0.10006077202264002
fp64_gpu_xla_sqmc_reference_comparison,exact_scope_frozen_controls; epsilon_validity_nomination_then_full_score_flow_grid,full_d10_T2,previous_inverse_cdf,201001,202001,True,"A[10,3]",2.1492110126231876,2.048609046541155,-0.10060196608203276,0.10060196608203276
fp64_gpu_xla_sqmc_reference_comparison,exact_scope_frozen_controls; epsilon_validity_nomination_then_full_score_flow_grid,full_d10_T2,previous_inverse_cdf,201001,202001,True,"A[10,4]",1.930461574672982,1.8171505690289629,-0.11331100564401919,0.11331100564401919
fp64_gpu_xla_sqmc_reference_comparison,exact_scope_frozen_controls; epsilon_validity_nomination_then_full_score_flow_grid,full_d10_T2,previous_inverse_cdf,201001,202001,True,"A[10,5]",2.974957403681122,2.9094822287765294,-0.06547517490459276,0.06547517490459276
fp64_gpu_xla_sqmc_reference_comparison,exact_scope_frozen_controls; epsilon_validity_nomination_then_full_score_flow_grid,full_d10_T2,previous_inverse_cdf,201001,202001,True,"A[10,6]",-1.5579624095325548,-1.199498334611684,0.35846407492087073,0.35846407492087073
fp64_gpu_xla_sqmc_reference_comparison,exact_scope_frozen_controls; epsilon_validity_nomination_then_full_score_flow_grid,full_d10_T2,previous_inverse_cdf,201001,202001,True,"A[10,7]",1.968517859397229,2.028903737331035,0.06038587793380601,0.06038587793380601
fp64_gpu_xla_sqmc_reference_comparison,exact_scope_frozen_controls; epsilon_validity_nomination_then_full_score_flow_grid,full_d10_T2,previous_inverse_cdf,201001,202001,True,"A[10,8]",-0.18076158688593522,-0.27511170663567275,-0.09435011974973753,0.09435011974973753
fp64_gpu_xla_sqmc_reference_comparison,exact_scope_frozen_controls; epsilon_validity_nomination_then_full_score_flow_grid,full_d10_T2,previous_inverse_cdf,201001,202001,True,"A[10,9]",1.456237976442527,1.3369794065734912,-0.11925856986903582,0.11925856986903582
fp64_gpu_xla_sqmc_reference_comparison,exact_scope_frozen_controls; epsilon_validity_nomination_then_full_score_flow_grid,full_d10_T2,previous_inverse_cdf,201001,202001,True,"A[10,10]",-0.947777789316981,-0.7566529000752965,0.19112488924168447,0.19112488924168447
fp64_gpu_xla_sqmc_reference_comparison,exact_scope_frozen_controls; epsilon_validity_nomination_then_full_score_flow_grid,full_d10_T2,previous_inverse_cdf,201001,202001,True,"log_LQ[1,1]",1.1604249884193487,1.051049179024576,-0.10937580939477276,0.10937580939477276
fp64_gpu_xla_sqmc_reference_comparison,exact_scope_frozen_controls; epsilon_validity_nomination_then_full_score_flow_grid,full_d10_T2,previous_inverse_cdf,201001,202001,True,"LQ[2,1]",-1.6342809305399455,-1.2853344382842762,0.3489464922556693,0.3489464922556693
fp64_gpu_xla_sqmc_reference_comparison,exact_scope_frozen_controls; epsilon_validity_nomination_then_full_score_flow_grid,full_d10_T2,previous_inverse_cdf,201001,202001,True,"log_LQ[2,2]",-0.6386450083579979,-0.48512538625980745,0.15351962209819042,0.15351962209819042
fp64_gpu_xla_sqmc_reference_comparison,exact_scope_frozen_controls; epsilon_validity_nomination_then_full_score_flow_grid,full_d10_T2,previous_inverse_cdf,201001,202001,True,"LQ[3,1]",-2.2064273175155256,-2.0943381128385536,0.11208920467697192,0.11208920467697192
fp64_gpu_xla_sqmc_reference_comparison,exact_scope_frozen_controls; epsilon_validity_nomination_then_full_score_flow_grid,full_d10_T2,previous_inverse_cdf,201001,202001,True,"LQ[3,2]",0.5843362200434306,0.5725693496247384,-0.011766870418692177,0.011766870418692177
fp64_gpu_xla_sqmc_reference_comparison,exact_scope_frozen_controls; epsilon_validity_nomination_then_full_score_flow_grid,full_d10_T2,previous_inverse_cdf,201001,202001,True,"log_LQ[3,3]",-0.208563557210624,-0.24926492186838342,-0.04070136465775942,0.04070136465775942
fp64_gpu_xla_sqmc_reference_comparison,exact_scope_frozen_controls; epsilon_validity_nomination_then_full_score_flow_grid,full_d10_T2,previous_inverse_cdf,201001,202001,True,"LQ[4,1]",-2.404857961128028,-3.433965869454393,-1.029107908326365,1.029107908326365
fp64_gpu_xla_sqmc_reference_comparison,exact_scope_frozen_controls; epsilon_validity_nomination_then_full_score_flow_grid,full_d10_T2,previous_inverse_cdf,201001,202001,True,"LQ[4,2]",0.5817453337963082,0.7454454567550619,0.1637001229587537,0.1637001229587537
fp64_gpu_xla_sqmc_reference_comparison,exact_scope_frozen_controls; epsilon_validity_nomination_then_full_score_flow_grid,full_d10_T2,previous_inverse_cdf,201001,202001,True,"LQ[4,3]",1.7729523153504338,1.890699987378393,0.1177476720279591,0.1177476720279591
fp64_gpu_xla_sqmc_reference_comparison,exact_scope_frozen_controls; epsilon_validity_nomination_then_full_score_flow_grid,full_d10_T2,previous_inverse_cdf,201001,202001,True,"log_LQ[4,4]",-0.2551747876793065,0.2168387529447321,0.4720135406240386,0.4720135406240386
fp64_gpu_xla_sqmc_reference_comparison,exact_scope_frozen_controls; epsilon_validity_nomination_then_full_score_flow_grid,full_d10_T2,previous_inverse_cdf,201001,202001,True,"LQ[5,1]",-0.5366956450504217,0.4602976795371252,0.9969933245875469,0.9969933245875469
fp64_gpu_xla_sqmc_reference_comparison,exact_scope_frozen_controls; epsilon_validity_nomination_then_full_score_flow_grid,full_d10_T2,previous_inverse_cdf,201001,202001,True,"LQ[5,2]",0.02365462394093025,-0.31854481634891196,-0.3421994402898422,0.3421994402898422
fp64_gpu_xla_sqmc_reference_comparison,exact_scope_frozen_controls; epsilon_validity_nomination_then_full_score_flow_grid,full_d10_T2,previous_inverse_cdf,201001,202001,True,"LQ[5,3]",1.0357621804690664,1.0035993572788995,-0.032162823190166945,0.032162823190166945
fp64_gpu_xla_sqmc_reference_comparison,exact_scope_frozen_controls; epsilon_validity_nomination_then_full_score_flow_grid,full_d10_T2,previous_inverse_cdf,201001,202001,True,"LQ[5,4]",0.8887520351281037,0.6702881162715688,-0.21846391885653493,0.21846391885653493
fp64_gpu_xla_sqmc_reference_comparison,exact_scope_frozen_controls; epsilon_validity_nomination_then_full_score_flow_grid,full_d10_T2,previous_inverse_cdf,201001,202001,True,"log_LQ[5,5]",-0.13394057767215156,-0.33800697631763454,-0.20406639864548298,0.20406639864548298
fp64_gpu_xla_sqmc_reference_comparison,exact_scope_frozen_controls; epsilon_validity_nomination_then_full_score_flow_grid,full_d10_T2,previous_inverse_cdf,201001,202001,True,"LQ[6,1]",1.6956486340289318,1.1130673505304058,-0.582581283498526,0.582581283498526
fp64_gpu_xla_sqmc_reference_comparison,exact_scope_frozen_controls; epsilon_validity_nomination_then_full_score_flow_grid,full_d10_T2,previous_inverse_cdf,201001,202001,True,"LQ[6,2]",-0.46516423854204236,0.10390677735809206,0.5690710159001344,0.5690710159001344
fp64_gpu_xla_sqmc_reference_comparison,exact_scope_frozen_controls; epsilon_validity_nomination_then_full_score_flow_grid,full_d10_T2,previous_inverse_cdf,201001,202001,True,"LQ[6,3]",-1.091350037303425,-0.5578005425584911,0.533549494744934,0.533549494744934
fp64_gpu_xla_sqmc_reference_comparison,exact_scope_frozen_controls; epsilon_validity_nomination_then_full_score_flow_grid,full_d10_T2,previous_inverse_cdf,201001,202001,True,"LQ[6,4]",-0.9884428043203441,-0.8259389623726292,0.16250384194771494,0.16250384194771494
fp64_gpu_xla_sqmc_reference_comparison,exact_scope_frozen_controls; epsilon_validity_nomination_then_full_score_flow_grid,full_d10_T2,previous_inverse_cdf,201001,202001,True,"LQ[6,5]",-0.7452267819343596,-0.40965653261682955,0.3355702493175301,0.3355702493175301
fp64_gpu_xla_sqmc_reference_comparison,exact_scope_frozen_controls; epsilon_validity_nomination_then_full_score_flow_grid,full_d10_T2,previous_inverse_cdf,201001,202001,True,"log_LQ[6,6]",-0.5412014505489918,-0.429774500786253,0.11142694976273881,0.11142694976273881
fp64_gpu_xla_sqmc_reference_comparison,exact_scope_frozen_controls; epsilon_validity_nomination_then_full_score_flow_grid,full_d10_T2,previous_inverse_cdf,201001,202001,True,"LQ[7,1]",1.9261134704554341,2.00371825116377,0.07760478070833576,0.07760478070833576
fp64_gpu_xla_sqmc_reference_comparison,exact_scope_frozen_controls; epsilon_validity_nomination_then_full_score_flow_grid,full_d10_T2,previous_inverse_cdf,201001,202001,True,"LQ[7,2]",-0.6710099009322407,-0.3151992728594869,0.35581062807275377,0.35581062807275377
fp64_gpu_xla_sqmc_reference_comparison,exact_scope_frozen_controls; epsilon_validity_nomination_then_full_score_flow_grid,full_d10_T2,previous_inverse_cdf,201001,202001,True,"LQ[7,3]",-0.3494967361318082,0.0017037598383085606,0.35120049597011677,0.35120049597011677
fp64_gpu_xla_sqmc_reference_comparison,exact_scope_frozen_controls; epsilon_validity_nomination_then_full_score_flow_grid,full_d10_T2,previous_inverse_cdf,201001,202001,True,"LQ[7,4]",-0.311837454917008,-0.008540760932803648,0.30329669398420434,0.30329669398420434
fp64_gpu_xla_sqmc_reference_comparison,exact_scope_frozen_controls; epsilon_validity_nomination_then_full_score_flow_grid,full_d10_T2,previous_inverse_cdf,201001,202001,True,"LQ[7,5]",1.1805289302383066,0.8883687134323492,-0.2921602168059574,0.2921602168059574
fp64_gpu_xla_sqmc_reference_comparison,exact_scope_frozen_controls; epsilon_validity_nomination_then_full_score_flow_grid,full_d10_T2,previous_inverse_cdf,201001,202001,True,"LQ[7,6]",0.49808959455553353,0.22706772554558108,-0.27102186900995245,0.27102186900995245
fp64_gpu_xla_sqmc_reference_comparison,exact_scope_frozen_controls; epsilon_validity_nomination_then_full_score_flow_grid,full_d10_T2,previous_inverse_cdf,201001,202001,True,"log_LQ[7,7]",0.08444345129268202,0.06859272110654953,-0.015850730186132492,0.015850730186132492
fp64_gpu_xla_sqmc_reference_comparison,exact_scope_frozen_controls; epsilon_validity_nomination_then_full_score_flow_grid,full_d10_T2,previous_inverse_cdf,201001,202001,True,"LQ[8,1]",0.23223520514382295,0.22402872040788546,-0.008206484735937492,0.008206484735937492
fp64_gpu_xla_sqmc_reference_comparison,exact_scope_frozen_controls; epsilon_validity_nomination_then_full_score_flow_grid,full_d10_T2,previous_inverse_cdf,201001,202001,True,"LQ[8,2]",-0.09810939533409348,-0.34600721578438565,-0.24789782045029218,0.24789782045029218
fp64_gpu_xla_sqmc_reference_comparison,exact_scope_frozen_controls; epsilon_validity_nomination_then_full_score_flow_grid,full_d10_T2,previous_inverse_cdf,201001,202001,True,"LQ[8,3]",-0.031100117681431966,0.010514817575644597,0.04161493525707656,0.04161493525707656
fp64_gpu_xla_sqmc_reference_comparison,exact_scope_frozen_controls; epsilon_validity_nomination_then_full_score_flow_grid,full_d10_T2,previous_inverse_cdf,201001,202001,True,"LQ[8,4]",-0.0905916812120991,-0.5602993765919424,-0.4697076953798433,0.4697076953798433
fp64_gpu_xla_sqmc_reference_comparison,exact_scope_frozen_controls; epsilon_validity_nomination_then_full_score_flow_grid,full_d10_T2,previous_inverse_cdf,201001,202001,True,"LQ[8,5]",0.08936060155532534,0.1582953252025074,0.06893472364718205,0.06893472364718205
fp64_gpu_xla_sqmc_reference_comparison,exact_scope_frozen_controls; epsilon_validity_nomination_then_full_score_flow_grid,full_d10_T2,previous_inverse_cdf,201001,202001,True,"LQ[8,6]",0.03489536370248869,-0.08836855987413186,-0.12326392357662055,0.12326392357662055
fp64_gpu_xla_sqmc_reference_comparison,exact_scope_frozen_controls; epsilon_validity_nomination_then_full_score_flow_grid,full_d10_T2,previous_inverse_cdf,201001,202001,True,"LQ[8,7]",0.20299357525982648,0.40999436056493005,0.20700078530510357,0.20700078530510357
fp64_gpu_xla_sqmc_reference_comparison,exact_scope_frozen_controls; epsilon_validity_nomination_then_full_score_flow_grid,full_d10_T2,previous_inverse_cdf,201001,202001,True,"log_LQ[8,8]",-0.988388572796855,-0.8794507823713585,0.10893779042549645,0.10893779042549645
fp64_gpu_xla_sqmc_reference_comparison,exact_scope_frozen_controls; epsilon_validity_nomination_then_full_score_flow_grid,full_d10_T2,previous_inverse_cdf,201001,202001,True,"LQ[9,1]",-1.998632437470166,-1.7580999172411573,0.24053252022900873,0.24053252022900873
fp64_gpu_xla_sqmc_reference_comparison,exact_scope_frozen_controls; epsilon_validity_nomination_then_full_score_flow_grid,full_d10_T2,previous_inverse_cdf,201001,202001,True,"LQ[9,2]",0.5636584732687647,0.2424716762679908,-0.3211867970007739,0.3211867970007739
fp64_gpu_xla_sqmc_reference_comparison,exact_scope_frozen_controls; epsilon_validity_nomination_then_full_score_flow_grid,full_d10_T2,previous_inverse_cdf,201001,202001,True,"LQ[9,3]",1.190583506677017,0.8079618884061721,-0.38262161827084484,0.38262161827084484
fp64_gpu_xla_sqmc_reference_comparison,exact_scope_frozen_controls; epsilon_validity_nomination_then_full_score_flow_grid,full_d10_T2,previous_inverse_cdf,201001,202001,True,"LQ[9,4]",1.0779425725170695,0.9426989353043413,-0.13524363721272814,0.13524363721272814
fp64_gpu_xla_sqmc_reference_comparison,exact_scope_frozen_controls; epsilon_validity_nomination_then_full_score_flow_grid,full_d10_T2,previous_inverse_cdf,201001,202001,True,"LQ[9,5]",0.6604696092785991,0.5018353332768974,-0.15863427600170166,0.15863427600170166
fp64_gpu_xla_sqmc_reference_comparison,exact_scope_frozen_controls; epsilon_validity_nomination_then_full_score_flow_grid,full_d10_T2,previous_inverse_cdf,201001,202001,True,"LQ[9,6]",-0.9697232452874001,-0.7388063305598704,0.23091691472752962,0.23091691472752962
fp64_gpu_xla_sqmc_reference_comparison,exact_scope_frozen_controls; epsilon_validity_nomination_then_full_score_flow_grid,full_d10_T2,previous_inverse_cdf,201001,202001,True,"LQ[9,7]",-0.5479328392859982,-0.06393504544621043,0.4839977938397878,0.4839977938397878
fp64_gpu_xla_sqmc_reference_comparison,exact_scope_frozen_controls; epsilon_validity_nomination_then_full_score_flow_grid,full_d10_T2,previous_inverse_cdf,201001,202001,True,"LQ[9,8]",-0.21433239634499607,-0.24837621060042545,-0.03404381425542938,0.03404381425542938
fp64_gpu_xla_sqmc_reference_comparison,exact_scope_frozen_controls; epsilon_validity_nomination_then_full_score_flow_grid,full_d10_T2,previous_inverse_cdf,201001,202001,True,"log_LQ[9,9]",-0.47685284814179885,-0.422537427853822,0.05431542028797687,0.05431542028797687
fp64_gpu_xla_sqmc_reference_comparison,exact_scope_frozen_controls; epsilon_validity_nomination_then_full_score_flow_grid,full_d10_T2,previous_inverse_cdf,201001,202001,True,"LQ[10,1]",4.062768780999246,4.062476299862274,-0.0002924811369720004,0.0002924811369720004
fp64_gpu_xla_sqmc_reference_comparison,exact_scope_frozen_controls; epsilon_validity_nomination_then_full_score_flow_grid,full_d10_T2,previous_inverse_cdf,201001,202001,True,"LQ[10,2]",-1.2835986255749678,-0.9541221968434792,0.32947642873148864,0.32947642873148864
fp64_gpu_xla_sqmc_reference_comparison,exact_scope_frozen_controls; epsilon_validity_nomination_then_full_score_flow_grid,full_d10_T2,previous_inverse_cdf,201001,202001,True,"LQ[10,3]",-1.6358862954083686,-1.2409226046269561,0.39496369078141247,0.39496369078141247
fp64_gpu_xla_sqmc_reference_comparison,exact_scope_frozen_controls; epsilon_validity_nomination_then_full_score_flow_grid,full_d10_T2,previous_inverse_cdf,201001,202001,True,"LQ[10,4]",-1.526351127748982,-0.9125052997204018,0.6138458280285802,0.6138458280285802
fp64_gpu_xla_sqmc_reference_comparison,exact_scope_frozen_controls; epsilon_validity_nomination_then_full_score_flow_grid,full_d10_T2,previous_inverse_cdf,201001,202001,True,"LQ[10,5]",0.3818582041101131,0.35502423761382546,-0.026833966496287665,0.026833966496287665
fp64_gpu_xla_sqmc_reference_comparison,exact_scope_frozen_controls; epsilon_validity_nomination_then_full_score_flow_grid,full_d10_T2,previous_inverse_cdf,201001,202001,True,"LQ[10,6]",1.5271278797427765,1.1907041464746184,-0.3364237332681581,0.3364237332681581
fp64_gpu_xla_sqmc_reference_comparison,exact_scope_frozen_controls; epsilon_validity_nomination_then_full_score_flow_grid,full_d10_T2,previous_inverse_cdf,201001,202001,True,"LQ[10,7]",2.7481056488092324,2.515410681537012,-0.2326949672722205,0.2326949672722205
fp64_gpu_xla_sqmc_reference_comparison,exact_scope_frozen_controls; epsilon_validity_nomination_then_full_score_flow_grid,full_d10_T2,previous_inverse_cdf,201001,202001,True,"LQ[10,8]",0.6328675079264996,0.7965342073131569,0.16366669938665734,0.16366669938665734
fp64_gpu_xla_sqmc_reference_comparison,exact_scope_frozen_controls; epsilon_validity_nomination_then_full_score_flow_grid,full_d10_T2,previous_inverse_cdf,201001,202001,True,"LQ[10,9]",-2.104089251530308,-1.7364895912113092,0.3675996603189986,0.3675996603189986
fp64_gpu_xla_sqmc_reference_comparison,exact_scope_frozen_controls; epsilon_validity_nomination_then_full_score_flow_grid,full_d10_T2,previous_inverse_cdf,201001,202001,True,"log_LQ[10,10]",1.4807298861910445,1.2647657431284403,-0.21596414306260425,0.21596414306260425
fp64_gpu_xla_sqmc_reference_comparison,exact_scope_frozen_controls; epsilon_validity_nomination_then_full_score_flow_grid,full_d10_T2,previous_inverse_cdf,201001,202001,True,log_R_variance,0.745698627970492,0.7284166814965932,-0.0172819464738988,0.0172819464738988
fp64_gpu_xla_sqmc_reference_comparison,exact_scope_frozen_controls; epsilon_validity_nomination_then_full_score_flow_grid,full_d10_T2,previous_inverse_cdf,201001,202001,True,initial_mean_scale,-0.8465975322240216,-0.9641364606075529,-0.1175389283835313,0.1175389283835313
fp64_gpu_xla_sqmc_reference_comparison,exact_scope_frozen_controls; epsilon_validity_nomination_then_full_score_flow_grid,full_d10_T2,previous_inverse_cdf,201001,202002,True,"A[1,1]",-1.8405412628695577,-2.484510132458404,-0.6439688695888464,0.6439688695888464
fp64_gpu_xla_sqmc_reference_comparison,exact_scope_frozen_controls; epsilon_validity_nomination_then_full_score_flow_grid,full_d10_T2,previous_inverse_cdf,201001,202002,True,"A[1,2]",0.12405711303755015,-0.2289551831105152,-0.35301229614806534,0.35301229614806534
fp64_gpu_xla_sqmc_reference_comparison,exact_scope_frozen_controls; epsilon_validity_nomination_then_full_score_flow_grid,full_d10_T2,previous_inverse_cdf,201001,202002,True,"A[1,3]",1.2083689603215206,1.0870915072430964,-0.12127745307842419,0.12127745307842419
fp64_gpu_xla_sqmc_reference_comparison,exact_scope_frozen_controls; epsilon_validity_nomination_then_full_score_flow_grid,full_d10_T2,previous_inverse_cdf,201001,202002,True,"A[1,4]",0.9039498160966681,0.46357648720661926,-0.4403733288900489,0.4403733288900489
fp64_gpu_xla_sqmc_reference_comparison,exact_scope_frozen_controls; epsilon_validity_nomination_then_full_score_flow_grid,full_d10_T2,previous_inverse_cdf,201001,202002,True,"A[1,5]",1.6233540589401598,1.4679180673132701,-0.1554359916268897,0.1554359916268897
fp64_gpu_xla_sqmc_reference_comparison,exact_scope_frozen_controls; epsilon_validity_nomination_then_full_score_flow_grid,full_d10_T2,previous_inverse_cdf,201001,202002,True,"A[1,6]",-0.8951698812224791,-0.6575987692701577,0.2375711119523214,0.2375711119523214
fp64_gpu_xla_sqmc_reference_comparison,exact_scope_frozen_controls; epsilon_validity_nomination_then_full_score_flow_grid,full_d10_T2,previous_inverse_cdf,201001,202002,True,"A[1,7]",1.0983795483826784,1.1999974892989713,0.10161794091629295,0.10161794091629295
fp64_gpu_xla_sqmc_reference_comparison,exact_scope_frozen_controls; epsilon_validity_nomination_then_full_score_flow_grid,full_d10_T2,previous_inverse_cdf,201001,202002,True,"A[1,8]",-0.19487576566126597,-0.4502944338394867,-0.25541866817822073,0.25541866817822073
fp64_gpu_xla_sqmc_reference_comparison,exact_scope_frozen_controls; epsilon_validity_nomination_then_full_score_flow_grid,full_d10_T2,previous_inverse_cdf,201001,202002,True,"A[1,9]",0.8315412439221966,1.4860879040613593,0.6545466601391626,0.6545466601391626
fp64_gpu_xla_sqmc_reference_comparison,exact_scope_frozen_controls; epsilon_validity_nomination_then_full_score_flow_grid,full_d10_T2,previous_inverse_cdf,201001,202002,True,"A[1,10]",-0.10510141849900892,-0.7270136396585315,-0.6219122211595226,0.6219122211595226
fp64_gpu_xla_sqmc_reference_comparison,exact_scope_frozen_controls; epsilon_validity_nomination_then_full_score_flow_grid,full_d10_T2,previous_inverse_cdf,201001,202002,True,"A[2,1]",0.334244377419867,0.4620645153053835,0.1278201378855165,0.1278201378855165
fp64_gpu_xla_sqmc_reference_comparison,exact_scope_frozen_controls; epsilon_validity_nomination_then_full_score_flow_grid,full_d10_T2,previous_inverse_cdf,201001,202002,True,"A[2,2]",-1.009325865451665,-0.5528946592813783,0.45643120617028676,0.45643120617028676
fp64_gpu_xla_sqmc_reference_comparison,exact_scope_frozen_controls; epsilon_validity_nomination_then_full_score_flow_grid,full_d10_T2,previous_inverse_cdf,201001,202002,True,"A[2,3]",-0.4740926697431398,-0.371666449255826,0.10242622048731381,0.10242622048731381
fp64_gpu_xla_sqmc_reference_comparison,exact_scope_frozen_controls; epsilon_validity_nomination_then_full_score_flow_grid,full_d10_T2,previous_inverse_cdf,201001,202002,True,"A[2,4]",-0.3507452514565778,-0.37432146599093497,-0.023576214534357154,0.023576214534357154
fp64_gpu_xla_sqmc_reference_comparison,exact_scope_frozen_controls; epsilon_validity_nomination_then_full_score_flow_grid,full_d10_T2,previous_inverse_cdf,201001,202002,True,"A[2,5]",-0.6356039536416009,-0.8303599282852627,-0.1947559746436618,0.1947559746436618
fp64_gpu_xla_sqmc_reference_comparison,exact_scope_frozen_controls; epsilon_validity_nomination_then_full_score_flow_grid,full_d10_T2,previous_inverse_cdf,201001,202002,True,"A[2,6]",0.3502951834202437,0.26699609618906883,-0.08329908723117485,0.08329908723117485
fp64_gpu_xla_sqmc_reference_comparison,exact_scope_frozen_controls; epsilon_validity_nomination_then_full_score_flow_grid,full_d10_T2,previous_inverse_cdf,201001,202002,True,"A[2,7]",-0.4296347361027879,-0.46477874234875455,-0.03514400624596664,0.03514400624596664
fp64_gpu_xla_sqmc_reference_comparison,exact_scope_frozen_controls; epsilon_validity_nomination_then_full_score_flow_grid,full_d10_T2,previous_inverse_cdf,201001,202002,True,"A[2,8]",0.07446516390295842,0.31429222717375827,0.23982706327079983,0.23982706327079983
fp64_gpu_xla_sqmc_reference_comparison,exact_scope_frozen_controls; epsilon_validity_nomination_then_full_score_flow_grid,full_d10_T2,previous_inverse_cdf,201001,202002,True,"A[2,9]",-0.32411968950971254,-0.035466296611023185,0.28865339289868935,0.28865339289868935
fp64_gpu_xla_sqmc_reference_comparison,exact_scope_frozen_controls; epsilon_validity_nomination_then_full_score_flow_grid,full_d10_T2,previous_inverse_cdf,201001,202002,True,"A[2,10]",0.038075704787584985,0.33352462260242793,0.29544891781484295,0.29544891781484295
fp64_gpu_xla_sqmc_reference_comparison,exact_scope_frozen_controls; epsilon_validity_nomination_then_full_score_flow_grid,full_d10_T2,previous_inverse_cdf,201001,202002,True,"A[3,1]",-0.0973508956488851,-0.013505843489349356,0.08384505215953575,0.08384505215953575
fp64_gpu_xla_sqmc_reference_comparison,exact_scope_frozen_controls; epsilon_validity_nomination_then_full_score_flow_grid,full_d10_T2,previous_inverse_cdf,201001,202002,True,"A[3,2]",0.05007209635770711,0.35949847262775775,0.30942637627005065,0.30942637627005065
fp64_gpu_xla_sqmc_reference_comparison,exact_scope_frozen_controls; epsilon_validity_nomination_then_full_score_flow_grid,full_d10_T2,previous_inverse_cdf,201001,202002,True,"A[3,3]",-0.8862376853492326,-0.785848496663566,0.1003891886856666,0.1003891886856666
fp64_gpu_xla_sqmc_reference_comparison,exact_scope_frozen_controls; epsilon_validity_nomination_then_full_score_flow_grid,full_d10_T2,previous_inverse_cdf,201001,202002,True,"A[3,4]",0.16606854318272946,0.29164225243554753,0.12557370925281808,0.12557370925281808
fp64_gpu_xla_sqmc_reference_comparison,exact_scope_frozen_controls; epsilon_validity_nomination_then_full_score_flow_grid,full_d10_T2,previous_inverse_cdf,201001,202002,True,"A[3,5]",0.13870366199830464,0.03791592806406541,-0.10078773393423923,0.10078773393423923
fp64_gpu_xla_sqmc_reference_comparison,exact_scope_frozen_controls; epsilon_validity_nomination_then_full_score_flow_grid,full_d10_T2,previous_inverse_cdf,201001,202002,True,"A[3,6]",-0.046921523553172806,-0.43435388404672226,-0.38743236049354945,0.38743236049354945
fp64_gpu_xla_sqmc_reference_comparison,exact_scope_frozen_controls; epsilon_validity_nomination_then_full_score_flow_grid,full_d10_T2,previous_inverse_cdf,201001,202002,True,"A[3,7]",0.07793381153520185,-0.09253644917604564,-0.1704702607112475,0.1704702607112475
fp64_gpu_xla_sqmc_reference_comparison,exact_scope_frozen_controls; epsilon_validity_nomination_then_full_score_flow_grid,full_d10_T2,previous_inverse_cdf,201001,202002,True,"A[3,8]",0.050505118534347346,-0.13633275381184512,-0.18683787234619248,0.18683787234619248
fp64_gpu_xla_sqmc_reference_comparison,exact_scope_frozen_controls; epsilon_validity_nomination_then_full_score_flow_grid,full_d10_T2,previous_inverse_cdf,201001,202002,True,"A[3,9]",0.044756981826564735,-0.3616287134200934,-0.40638569524665813,0.40638569524665813
fp64_gpu_xla_sqmc_reference_comparison,exact_scope_frozen_controls; epsilon_validity_nomination_then_full_score_flow_grid,full_d10_T2,previous_inverse_cdf,201001,202002,True,"A[3,10]",0.06220362058178791,0.3865541040326546,0.3243504834508667,0.3243504834508667
fp64_gpu_xla_sqmc_reference_comparison,exact_scope_frozen_controls; epsilon_validity_nomination_then_full_score_flow_grid,full_d10_T2,previous_inverse_cdf,201001,202002,True,"A[4,1]",-0.12879264023887926,-0.00441746038802826,0.124375179850851,0.124375179850851
fp64_gpu_xla_sqmc_reference_comparison,exact_scope_frozen_controls; epsilon_validity_nomination_then_full_score_flow_grid,full_d10_T2,previous_inverse_cdf,201001,202002,True,"A[4,2]",0.08510133903903572,0.15537386760536162,0.0702725285663259,0.0702725285663259
fp64_gpu_xla_sqmc_reference_comparison,exact_scope_frozen_controls; epsilon_validity_nomination_then_full_score_flow_grid,full_d10_T2,previous_inverse_cdf,201001,202002,True,"A[4,3]",0.046810962329739025,0.09769165634754362,0.050880694017804595,0.050880694017804595
fp64_gpu_xla_sqmc_reference_comparison,exact_scope_frozen_controls; epsilon_validity_nomination_then_full_score_flow_grid,full_d10_T2,previous_inverse_cdf,201001,202002,True,"A[4,4]",-0.7594570487421703,-0.40016318591642086,0.3592938628257495,0.3592938628257495
fp64_gpu_xla_sqmc_reference_comparison,exact_scope_frozen_controls; epsilon_validity_nomination_then_full_score_flow_grid,full_d10_T2,previous_inverse_cdf,201001,202002,True,"A[4,5]",0.10909897052106454,0.37838137339013855,0.269282402869074,0.269282402869074
fp64_gpu_xla_sqmc_reference_comparison,exact_scope_frozen_controls; epsilon_validity_nomination_then_full_score_flow_grid,full_d10_T2,previous_inverse_cdf,201001,202002,True,"A[4,6]",-0.016286079591655955,-0.289388422441012,-0.27310234284935603,0.27310234284935603
fp64_gpu_xla_sqmc_reference_comparison,exact_scope_frozen_controls; epsilon_validity_nomination_then_full_score_flow_grid,full_d10_T2,previous_inverse_cdf,201001,202002,True,"A[4,7]",0.051161770698915365,0.007854975320553681,-0.043306795378361684,0.043306795378361684
fp64_gpu_xla_sqmc_reference_comparison,exact_scope_frozen_controls; epsilon_validity_nomination_then_full_score_flow_grid,full_d10_T2,previous_inverse_cdf,201001,202002,True,"A[4,8]",0.0806084794867568,0.3528246262136785,0.2722161467269217,0.2722161467269217
fp64_gpu_xla_sqmc_reference_comparison,exact_scope_frozen_controls; epsilon_validity_nomination_then_full_score_flow_grid,full_d10_T2,previous_inverse_cdf,201001,202002,True,"A[4,9]",0.02161959526692292,-0.3302296753987852,-0.35184927066570815,0.35184927066570815
fp64_gpu_xla_sqmc_reference_comparison,exact_scope_frozen_controls; epsilon_validity_nomination_then_full_score_flow_grid,full_d10_T2,previous_inverse_cdf,201001,202002,True,"A[4,10]",0.08782273411889809,0.5427311574866955,0.45490842336779747,0.45490842336779747
fp64_gpu_xla_sqmc_reference_comparison,exact_scope_frozen_controls; epsilon_validity_nomination_then_full_score_flow_grid,full_d10_T2,previous_inverse_cdf,201001,202002,True,"A[5,1]",-1.151631566668114,-0.7183078286934856,0.4333237379746284,0.4333237379746284
fp64_gpu_xla_sqmc_reference_comparison,exact_scope_frozen_controls; epsilon_validity_nomination_then_full_score_flow_grid,full_d10_T2,previous_inverse_cdf,201001,202002,True,"A[5,2]",0.28388815184752636,0.1315808260851279,-0.15230732576239847,0.15230732576239847
fp64_gpu_xla_sqmc_reference_comparison,exact_scope_frozen_controls; epsilon_validity_nomination_then_full_score_flow_grid,full_d10_T2,previous_inverse_cdf,201001,202002,True,"A[5,3]",1.3718587659614894,0.8777465696955453,-0.49411219626594405,0.49411219626594405
fp64_gpu_xla_sqmc_reference_comparison,exact_scope_frozen_controls; epsilon_validity_nomination_then_full_score_flow_grid,full_d10_T2,previous_inverse_cdf,201001,202002,True,"A[5,4]",1.3458163698901688,1.1127757634110411,-0.23304060647912772,0.23304060647912772
fp64_gpu_xla_sqmc_reference_comparison,exact_scope_frozen_controls; epsilon_validity_nomination_then_full_score_flow_grid,full_d10_T2,previous_inverse_cdf,201001,202002,True,"A[5,5]",0.9712638914813987,0.4590033526047329,-0.5122605388766658,0.5122605388766658
fp64_gpu_xla_sqmc_reference_comparison,exact_scope_frozen_controls; epsilon_validity_nomination_then_full_score_flow_grid,full_d10_T2,previous_inverse_cdf,201001,202002,True,"A[5,6]",-0.9858025522388729,-1.3871463307134437,-0.4013437784745708,0.4013437784745708
fp64_gpu_xla_sqmc_reference_comparison,exact_scope_frozen_controls; epsilon_validity_nomination_then_full_score_flow_grid,full_d10_T2,previous_inverse_cdf,201001,202002,True,"A[5,7]",1.268441156469678,0.629876108520697,-0.6385650479489811,0.6385650479489811
fp64_gpu_xla_sqmc_reference_comparison,exact_scope_frozen_controls; epsilon_validity_nomination_then_full_score_flow_grid,full_d10_T2,previous_inverse_cdf,201001,202002,True,"A[5,8]",-0.05068204747381318,-0.010411135957521078,0.0402709115162921,0.0402709115162921
fp64_gpu_xla_sqmc_reference_comparison,exact_scope_frozen_controls; epsilon_validity_nomination_then_full_score_flow_grid,full_d10_T2,previous_inverse_cdf,201001,202002,True,"A[5,9]",0.925576616754821,0.9141723231998373,-0.011404293554983624,0.011404293554983624
fp64_gpu_xla_sqmc_reference_comparison,exact_scope_frozen_controls; epsilon_validity_nomination_then_full_score_flow_grid,full_d10_T2,previous_inverse_cdf,201001,202002,True,"A[5,10]",0.06201526518792877,0.6279509336338216,0.5659356684458928,0.5659356684458928
fp64_gpu_xla_sqmc_reference_comparison,exact_scope_frozen_controls; epsilon_validity_nomination_then_full_score_flow_grid,full_d10_T2,previous_inverse_cdf,201001,202002,True,"A[6,1]",-0.02854457025664514,-0.6386169845225578,-0.6100724142659126,0.6100724142659126
fp64_gpu_xla_sqmc_reference_comparison,exact_scope_frozen_controls; epsilon_validity_nomination_then_full_score_flow_grid,full_d10_T2,previous_inverse_cdf,201001,202002,True,"A[6,2]",-0.010441762511187794,-0.038679245068999,-0.028237482557811208,0.028237482557811208
fp64_gpu_xla_sqmc_reference_comparison,exact_scope_frozen_controls; epsilon_validity_nomination_then_full_score_flow_grid,full_d10_T2,previous_inverse_cdf,201001,202002,True,"A[6,3]",0.052520746578330835,0.22785442836706205,0.1753336817887312,0.1753336817887312
fp64_gpu_xla_sqmc_reference_comparison,exact_scope_frozen_controls; epsilon_validity_nomination_then_full_score_flow_grid,full_d10_T2,previous_inverse_cdf,201001,202002,True,"A[6,4]",-0.0060835699401260435,0.3690262319424593,0.37510980188258536,0.37510980188258536
fp64_gpu_xla_sqmc_reference_comparison,exact_scope_frozen_controls; epsilon_validity_nomination_then_full_score_flow_grid,full_d10_T2,previous_inverse_cdf,201001,202002,True,"A[6,5]",0.053724444644627556,0.014064596464910428,-0.03965984817971713,0.03965984817971713
fp64_gpu_xla_sqmc_reference_comparison,exact_scope_frozen_controls; epsilon_validity_nomination_then_full_score_flow_grid,full_d10_T2,previous_inverse_cdf,201001,202002,True,"A[6,6]",-1.0039772680754557,-1.2884184133336487,-0.284441145258193,0.284441145258193
fp64_gpu_xla_sqmc_reference_comparison,exact_scope_frozen_controls; epsilon_validity_nomination_then_full_score_flow_grid,full_d10_T2,previous_inverse_cdf,201001,202002,True,"A[6,7]",0.04136118332889982,0.24484944776611461,0.2034882644372148,0.2034882644372148
fp64_gpu_xla_sqmc_reference_comparison,exact_scope_frozen_controls; epsilon_validity_nomination_then_full_score_flow_grid,full_d10_T2,previous_inverse_cdf,201001,202002,True,"A[6,8]",-0.03548566383991745,-0.14109711594973723,-0.10561145210981979,0.10561145210981979
fp64_gpu_xla_sqmc_reference_comparison,exact_scope_frozen_controls; epsilon_validity_nomination_then_full_score_flow_grid,full_d10_T2,previous_inverse_cdf,201001,202002,True,"A[6,9]",0.03796036498273575,0.167461096617175,0.12950073163443926,0.12950073163443926
fp64_gpu_xla_sqmc_reference_comparison,exact_scope_frozen_controls; epsilon_validity_nomination_then_full_score_flow_grid,full_d10_T2,previous_inverse_cdf,201001,202002,True,"A[6,10]",-0.03547405466927517,-0.052981905366329435,-0.017507850697054267,0.017507850697054267
fp64_gpu_xla_sqmc_reference_comparison,exact_scope_frozen_controls; epsilon_validity_nomination_then_full_score_flow_grid,full_d10_T2,previous_inverse_cdf,201001,202002,True,"A[7,1]",-1.621285485528584,-1.842535464611395,-0.22124997908281085,0.22124997908281085
fp64_gpu_xla_sqmc_reference_comparison,exact_scope_frozen_controls; epsilon_validity_nomination_then_full_score_flow_grid,full_d10_T2,previous_inverse_cdf,201001,202002,True,"A[7,2]",0.3586148183232213,0.28325960479190954,-0.07535521353131175,0.07535521353131175
fp64_gpu_xla_sqmc_reference_comparison,exact_scope_frozen_controls; epsilon_validity_nomination_then_full_score_flow_grid,full_d10_T2,previous_inverse_cdf,201001,202002,True,"A[7,3]",1.9980871048466877,2.2859341254764303,0.28784702062974254,0.28784702062974254
fp64_gpu_xla_sqmc_reference_comparison,exact_scope_frozen_controls; epsilon_validity_nomination_then_full_score_flow_grid,full_d10_T2,previous_inverse_cdf,201001,202002,True,"A[7,4]",1.8311683462819435,1.9944560823856283,0.16328773610368486,0.16328773610368486
fp64_gpu_xla_sqmc_reference_comparison,exact_scope_frozen_controls; epsilon_validity_nomination_then_full_score_flow_grid,full_d10_T2,previous_inverse_cdf,201001,202002,True,"A[7,5]",2.7839288827184703,3.2488530242428624,0.4649241415243921,0.4649241415243921
fp64_gpu_xla_sqmc_reference_comparison,exact_scope_frozen_controls; epsilon_validity_nomination_then_full_score_flow_grid,full_d10_T2,previous_inverse_cdf,201001,202002,True,"A[7,6]",-1.4510210418033163,-1.7992974650825295,-0.34827642327921327,0.34827642327921327
fp64_gpu_xla_sqmc_reference_comparison,exact_scope_frozen_controls; epsilon_validity_nomination_then_full_score_flow_grid,full_d10_T2,previous_inverse_cdf,201001,202002,True,"A[7,7]",0.8844170501765056,0.9155316196014811,0.03111456942497548,0.03111456942497548
fp64_gpu_xla_sqmc_reference_comparison,exact_scope_frozen_controls; epsilon_validity_nomination_then_full_score_flow_grid,full_d10_T2,previous_inverse_cdf,201001,202002,True,"A[7,8]",-0.1496292006803488,0.019469560331421387,0.16909876101177018,0.16909876101177018
fp64_gpu_xla_sqmc_reference_comparison,exact_scope_frozen_controls; epsilon_validity_nomination_then_full_score_flow_grid,full_d10_T2,previous_inverse_cdf,201001,202002,True,"A[7,9]",1.3613593256582028,1.2024524443875968,-0.15890688127060604,0.15890688127060604
fp64_gpu_xla_sqmc_reference_comparison,exact_scope_frozen_controls; epsilon_validity_nomination_then_full_score_flow_grid,full_d10_T2,previous_inverse_cdf,201001,202002,True,"A[7,10]",0.009050886759979969,0.12329459660629191,0.11424370984631194,0.11424370984631194
fp64_gpu_xla_sqmc_reference_comparison,exact_scope_frozen_controls; epsilon_validity_nomination_then_full_score_flow_grid,full_d10_T2,previous_inverse_cdf,201001,202002,True,"A[8,1]",-0.13002367893392283,-0.3332607281076819,-0.2032370491737591,0.2032370491737591
fp64_gpu_xla_sqmc_reference_comparison,exact_scope_frozen_controls; epsilon_validity_nomination_then_full_score_flow_grid,full_d10_T2,previous_inverse_cdf,201001,202002,True,"A[8,2]",0.03974000695294491,0.14362636231965276,0.10388635536670784,0.10388635536670784
fp64_gpu_xla_sqmc_reference_comparison,exact_scope_frozen_controls; epsilon_validity_nomination_then_full_score_flow_grid,full_d10_T2,previous_inverse_cdf,201001,202002,True,"A[8,3]",0.128496624037787,-0.05075815664706096,-0.17925478068484796,0.17925478068484796
fp64_gpu_xla_sqmc_reference_comparison,exact_scope_frozen_controls; epsilon_validity_nomination_then_full_score_flow_grid,full_d10_T2,previous_inverse_cdf,201001,202002,True,"A[8,4]",0.14646347457122613,0.2787650303649962,0.1323015557937701,0.1323015557937701
fp64_gpu_xla_sqmc_reference_comparison,exact_scope_frozen_controls; epsilon_validity_nomination_then_full_score_flow_grid,full_d10_T2,previous_inverse_cdf,201001,202002,True,"A[8,5]",0.18267787504930538,-0.0030021556164909896,-0.18568003066579636,0.18568003066579636
fp64_gpu_xla_sqmc_reference_comparison,exact_scope_frozen_controls; epsilon_validity_nomination_then_full_score_flow_grid,full_d10_T2,previous_inverse_cdf,201001,202002,True,"A[8,6]",-0.0865634512416411,-0.19856552442953507,-0.11200207318789397,0.11200207318789397
fp64_gpu_xla_sqmc_reference_comparison,exact_scope_frozen_controls; epsilon_validity_nomination_then_full_score_flow_grid,full_d10_T2,previous_inverse_cdf,201001,202002,True,"A[8,7]",0.11367271886628325,0.05546975166804971,-0.058202967198233535,0.058202967198233535
fp64_gpu_xla_sqmc_reference_comparison,exact_scope_frozen_controls; epsilon_validity_nomination_then_full_score_flow_grid,full_d10_T2,previous_inverse_cdf,201001,202002,True,"A[8,8]",-0.945368569219666,-0.9914037357950016,-0.04603516657533557,0.04603516657533557
fp64_gpu_xla_sqmc_reference_comparison,exact_scope_frozen_controls; epsilon_validity_nomination_then_full_score_flow_grid,full_d10_T2,previous_inverse_cdf,201001,202002,True,"A[8,9]",0.07983895614565371,-0.11692913979262409,-0.19676809593827782,0.19676809593827782
fp64_gpu_xla_sqmc_reference_comparison,exact_scope_frozen_controls; epsilon_validity_nomination_then_full_score_flow_grid,full_d10_T2,previous_inverse_cdf,201001,202002,True,"A[8,10]",0.01647071868489078,-0.18722790997092176,-0.20369862865581254,0.20369862865581254
fp64_gpu_xla_sqmc_reference_comparison,exact_scope_frozen_controls; epsilon_validity_nomination_then_full_score_flow_grid,full_d10_T2,previous_inverse_cdf,201001,202002,True,"A[9,1]",0.20482993888429357,0.5755361535978981,0.37070621471360454,0.37070621471360454
fp64_gpu_xla_sqmc_reference_comparison,exact_scope_frozen_controls; epsilon_validity_nomination_then_full_score_flow_grid,full_d10_T2,previous_inverse_cdf,201001,202002,True,"A[9,2]",-0.02798043832303823,0.39964187301686305,0.42762231133990125,0.42762231133990125
fp64_gpu_xla_sqmc_reference_comparison,exact_scope_frozen_controls; epsilon_validity_nomination_then_full_score_flow_grid,full_d10_T2,previous_inverse_cdf,201001,202002,True,"A[9,3]",-0.2696989652270404,-0.39932191302269016,-0.12962294779564976,0.12962294779564976
fp64_gpu_xla_sqmc_reference_comparison,exact_scope_frozen_controls; epsilon_validity_nomination_then_full_score_flow_grid,full_d10_T2,previous_inverse_cdf,201001,202002,True,"A[9,4]",-0.19088541161721645,-0.22565506561528814,-0.03476965399807169,0.03476965399807169
fp64_gpu_xla_sqmc_reference_comparison,exact_scope_frozen_controls; epsilon_validity_nomination_then_full_score_flow_grid,full_d10_T2,previous_inverse_cdf,201001,202002,True,"A[9,5]",-0.35535335908440735,0.11719821855004908,0.47255157763445643,0.47255157763445643
fp64_gpu_xla_sqmc_reference_comparison,exact_scope_frozen_controls; epsilon_validity_nomination_then_full_score_flow_grid,full_d10_T2,previous_inverse_cdf,201001,202002,True,"A[9,6]",0.19813066915608102,-0.1645028671884843,-0.3626335363445653,0.3626335363445653
fp64_gpu_xla_sqmc_reference_comparison,exact_scope_frozen_controls; epsilon_validity_nomination_then_full_score_flow_grid,full_d10_T2,previous_inverse_cdf,201001,202002,True,"A[9,7]",-0.239177999339602,-0.5404778157800855,-0.3012998164404835,0.3012998164404835
fp64_gpu_xla_sqmc_reference_comparison,exact_scope_frozen_controls; epsilon_validity_nomination_then_full_score_flow_grid,full_d10_T2,previous_inverse_cdf,201001,202002,True,"A[9,8]",0.04917757427128328,-0.17978826179062565,-0.22896583606190893,0.22896583606190893
fp64_gpu_xla_sqmc_reference_comparison,exact_scope_frozen_controls; epsilon_validity_nomination_then_full_score_flow_grid,full_d10_T2,previous_inverse_cdf,201001,202002,True,"A[9,9]",-1.1254376375860404,-1.4840401576502282,-0.3586025200641878,0.3586025200641878
fp64_gpu_xla_sqmc_reference_comparison,exact_scope_frozen_controls; epsilon_validity_nomination_then_full_score_flow_grid,full_d10_T2,previous_inverse_cdf,201001,202002,True,"A[9,10]",0.030500427946176863,0.043818234425008595,0.013317806478831733,0.013317806478831733
fp64_gpu_xla_sqmc_reference_comparison,exact_scope_frozen_controls; epsilon_validity_nomination_then_full_score_flow_grid,full_d10_T2,previous_inverse_cdf,201001,202002,True,"A[10,1]",-1.7487300324327681,-1.9807419951373182,-0.23201196270455005,0.23201196270455005
fp64_gpu_xla_sqmc_reference_comparison,exact_scope_frozen_controls; epsilon_validity_nomination_then_full_score_flow_grid,full_d10_T2,previous_inverse_cdf,201001,202002,True,"A[10,2]",0.37641283317227353,0.1017944411713016,-0.27461839200097193,0.27461839200097193
fp64_gpu_xla_sqmc_reference_comparison,exact_scope_frozen_controls; epsilon_validity_nomination_then_full_score_flow_grid,full_d10_T2,previous_inverse_cdf,201001,202002,True,"A[10,3]",2.1492110126231876,2.3180104525922416,0.168799439969054,0.168799439969054
fp64_gpu_xla_sqmc_reference_comparison,exact_scope_frozen_controls; epsilon_validity_nomination_then_full_score_flow_grid,full_d10_T2,previous_inverse_cdf,201001,202002,True,"A[10,4]",1.930461574672982,1.733526657500149,-0.19693491717283318,0.19693491717283318
fp64_gpu_xla_sqmc_reference_comparison,exact_scope_frozen_controls; epsilon_validity_nomination_then_full_score_flow_grid,full_d10_T2,previous_inverse_cdf,201001,202002,True,"A[10,5]",2.974957403681122,3.388769367921928,0.4138119642408058,0.4138119642408058
fp64_gpu_xla_sqmc_reference_comparison,exact_scope_frozen_controls; epsilon_validity_nomination_then_full_score_flow_grid,full_d10_T2,previous_inverse_cdf,201001,202002,True,"A[10,6]",-1.5579624095325548,-1.348997218434502,0.20896519109805278,0.20896519109805278
fp64_gpu_xla_sqmc_reference_comparison,exact_scope_frozen_controls; epsilon_validity_nomination_then_full_score_flow_grid,full_d10_T2,previous_inverse_cdf,201001,202002,True,"A[10,7]",1.968517859397229,1.983390852784847,0.014872993387617939,0.014872993387617939
fp64_gpu_xla_sqmc_reference_comparison,exact_scope_frozen_controls; epsilon_validity_nomination_then_full_score_flow_grid,full_d10_T2,previous_inverse_cdf,201001,202002,True,"A[10,8]",-0.18076158688593522,-0.1534726652027022,0.02728892168323302,0.02728892168323302
fp64_gpu_xla_sqmc_reference_comparison,exact_scope_frozen_controls; epsilon_validity_nomination_then_full_score_flow_grid,full_d10_T2,previous_inverse_cdf,201001,202002,True,"A[10,9]",1.456237976442527,1.5232036913781488,0.06696571493562176,0.06696571493562176
fp64_gpu_xla_sqmc_reference_comparison,exact_scope_frozen_controls; epsilon_validity_nomination_then_full_score_flow_grid,full_d10_T2,previous_inverse_cdf,201001,202002,True,"A[10,10]",-0.947777789316981,-1.283006612777001,-0.33522882346002003,0.33522882346002003
fp64_gpu_xla_sqmc_reference_comparison,exact_scope_frozen_controls; epsilon_validity_nomination_then_full_score_flow_grid,full_d10_T2,previous_inverse_cdf,201001,202002,True,"log_LQ[1,1]",1.1604249884193487,1.6596013228703725,0.49917633445102383,0.49917633445102383
fp64_gpu_xla_sqmc_reference_comparison,exact_scope_frozen_controls; epsilon_validity_nomination_then_full_score_flow_grid,full_d10_T2,previous_inverse_cdf,201001,202002,True,"LQ[2,1]",-1.6342809305399455,-0.8466237300086898,0.7876572005312557,0.7876572005312557
fp64_gpu_xla_sqmc_reference_comparison,exact_scope_frozen_controls; epsilon_validity_nomination_then_full_score_flow_grid,full_d10_T2,previous_inverse_cdf,201001,202002,True,"log_LQ[2,2]",-0.6386450083579979,-1.0205983308378181,-0.3819533224798203,0.3819533224798203
fp64_gpu_xla_sqmc_reference_comparison,exact_scope_frozen_controls; epsilon_validity_nomination_then_full_score_flow_grid,full_d10_T2,previous_inverse_cdf,201001,202002,True,"LQ[3,1]",-2.2064273175155256,-2.041278483888545,0.16514883362698063,0.16514883362698063
fp64_gpu_xla_sqmc_reference_comparison,exact_scope_frozen_controls; epsilon_validity_nomination_then_full_score_flow_grid,full_d10_T2,previous_inverse_cdf,201001,202002,True,"LQ[3,2]",0.5843362200434306,0.27458517108113556,-0.309751048962295,0.309751048962295
fp64_gpu_xla_sqmc_reference_comparison,exact_scope_frozen_controls; epsilon_validity_nomination_then_full_score_flow_grid,full_d10_T2,previous_inverse_cdf,201001,202002,True,"log_LQ[3,3]",-0.208563557210624,-0.27891819080529406,-0.07035463359467006,0.07035463359467006
fp64_gpu_xla_sqmc_reference_comparison,exact_scope_frozen_controls; epsilon_validity_nomination_then_full_score_flow_grid,full_d10_T2,previous_inverse_cdf,201001,202002,True,"LQ[4,1]",-2.404857961128028,-1.7603623398779384,0.6444956212500896,0.6444956212500896
fp64_gpu_xla_sqmc_reference_comparison,exact_scope_frozen_controls; epsilon_validity_nomination_then_full_score_flow_grid,full_d10_T2,previous_inverse_cdf,201001,202002,True,"LQ[4,2]",0.5817453337963082,0.20570160305935642,-0.3760437307369518,0.3760437307369518
fp64_gpu_xla_sqmc_reference_comparison,exact_scope_frozen_controls; epsilon_validity_nomination_then_full_score_flow_grid,full_d10_T2,previous_inverse_cdf,201001,202002,True,"LQ[4,3]",1.7729523153504338,1.3826865153473928,-0.390265800003041,0.390265800003041
fp64_gpu_xla_sqmc_reference_comparison,exact_scope_frozen_controls; epsilon_validity_nomination_then_full_score_flow_grid,full_d10_T2,previous_inverse_cdf,201001,202002,True,"log_LQ[4,4]",-0.2551747876793065,-0.34460222346208524,-0.08942743578277873,0.08942743578277873
fp64_gpu_xla_sqmc_reference_comparison,exact_scope_frozen_controls; epsilon_validity_nomination_then_full_score_flow_grid,full_d10_T2,previous_inverse_cdf,201001,202002,True,"LQ[5,1]",-0.5366956450504217,-1.0397830481700923,-0.5030874031196706,0.5030874031196706
fp64_gpu_xla_sqmc_reference_comparison,exact_scope_frozen_controls; epsilon_validity_nomination_then_full_score_flow_grid,full_d10_T2,previous_inverse_cdf,201001,202002,True,"LQ[5,2]",0.02365462394093025,0.38537846369297357,0.3617238397520433,0.3617238397520433
fp64_gpu_xla_sqmc_reference_comparison,exact_scope_frozen_controls; epsilon_validity_nomination_then_full_score_flow_grid,full_d10_T2,previous_inverse_cdf,201001,202002,True,"LQ[5,3]",1.0357621804690664,1.7166587538953835,0.680896573426317,0.680896573426317
fp64_gpu_xla_sqmc_reference_comparison,exact_scope_frozen_controls; epsilon_validity_nomination_then_full_score_flow_grid,full_d10_T2,previous_inverse_cdf,201001,202002,True,"LQ[5,4]",0.8887520351281037,0.8272374019487858,-0.061514633179317935,0.061514633179317935
fp64_gpu_xla_sqmc_reference_comparison,exact_scope_frozen_controls; epsilon_validity_nomination_then_full_score_flow_grid,full_d10_T2,previous_inverse_cdf,201001,202002,True,"log_LQ[5,5]",-0.13394057767215156,0.07583565876006543,0.209776236432217,0.209776236432217
fp64_gpu_xla_sqmc_reference_comparison,exact_scope_frozen_controls; epsilon_validity_nomination_then_full_score_flow_grid,full_d10_T2,previous_inverse_cdf,201001,202002,True,"LQ[6,1]",1.6956486340289318,2.018567939380227,0.3229193053512951,0.3229193053512951
fp64_gpu_xla_sqmc_reference_comparison,exact_scope_frozen_controls; epsilon_validity_nomination_then_full_score_flow_grid,full_d10_T2,previous_inverse_cdf,201001,202002,True,"LQ[6,2]",-0.46516423854204236,-0.24045353587364549,0.22471070266839688,0.22471070266839688
fp64_gpu_xla_sqmc_reference_comparison,exact_scope_frozen_controls; epsilon_validity_nomination_then_full_score_flow_grid,full_d10_T2,previous_inverse_cdf,201001,202002,True,"LQ[6,3]",-1.091350037303425,-0.9555284696591205,0.13582156764430453,0.13582156764430453
fp64_gpu_xla_sqmc_reference_comparison,exact_scope_frozen_controls; epsilon_validity_nomination_then_full_score_flow_grid,full_d10_T2,previous_inverse_cdf,201001,202002,True,"LQ[6,4]",-0.9884428043203441,-1.2360347667533307,-0.24759196243298653,0.24759196243298653
fp64_gpu_xla_sqmc_reference_comparison,exact_scope_frozen_controls; epsilon_validity_nomination_then_full_score_flow_grid,full_d10_T2,previous_inverse_cdf,201001,202002,True,"LQ[6,5]",-0.7452267819343596,-0.41144224066486956,0.3337845412694901,0.3337845412694901
fp64_gpu_xla_sqmc_reference_comparison,exact_scope_frozen_controls; epsilon_validity_nomination_then_full_score_flow_grid,full_d10_T2,previous_inverse_cdf,201001,202002,True,"log_LQ[6,6]",-0.5412014505489918,-0.6231227737888552,-0.08192132323986334,0.08192132323986334
fp64_gpu_xla_sqmc_reference_comparison,exact_scope_frozen_controls; epsilon_validity_nomination_then_full_score_flow_grid,full_d10_T2,previous_inverse_cdf,201001,202002,True,"LQ[7,1]",1.9261134704554341,1.9550578201633546,0.02894434970792048,0.02894434970792048
fp64_gpu_xla_sqmc_reference_comparison,exact_scope_frozen_controls; epsilon_validity_nomination_then_full_score_flow_grid,full_d10_T2,previous_inverse_cdf,201001,202002,True,"LQ[7,2]",-0.6710099009322407,-0.702544579979886,-0.031534679047645287,0.031534679047645287
fp64_gpu_xla_sqmc_reference_comparison,exact_scope_frozen_controls; epsilon_validity_nomination_then_full_score_flow_grid,full_d10_T2,previous_inverse_cdf,201001,202002,True,"LQ[7,3]",-0.3494967361318082,-0.32227747316000477,0.027219262971803437,0.027219262971803437
fp64_gpu_xla_sqmc_reference_comparison,exact_scope_frozen_controls; epsilon_validity_nomination_then_full_score_flow_grid,full_d10_T2,previous_inverse_cdf,201001,202002,True,"LQ[7,4]",-0.311837454917008,-0.4837419489910879,-0.17190449407407993,0.17190449407407993
fp64_gpu_xla_sqmc_reference_comparison,exact_scope_frozen_controls; epsilon_validity_nomination_then_full_score_flow_grid,full_d10_T2,previous_inverse_cdf,201001,202002,True,"LQ[7,5]",1.1805289302383066,1.3368002854054397,0.15627135516713309,0.15627135516713309
fp64_gpu_xla_sqmc_reference_comparison,exact_scope_frozen_controls; epsilon_validity_nomination_then_full_score_flow_grid,full_d10_T2,previous_inverse_cdf,201001,202002,True,"LQ[7,6]",0.49808959455553353,0.64847008421133,0.15038048965579648,0.15038048965579648
fp64_gpu_xla_sqmc_reference_comparison,exact_scope_frozen_controls; epsilon_validity_nomination_then_full_score_flow_grid,full_d10_T2,previous_inverse_cdf,201001,202002,True,"log_LQ[7,7]",0.08444345129268202,0.26524630252709147,0.18080285123440945,0.18080285123440945
fp64_gpu_xla_sqmc_reference_comparison,exact_scope_frozen_controls; epsilon_validity_nomination_then_full_score_flow_grid,full_d10_T2,previous_inverse_cdf,201001,202002,True,"LQ[8,1]",0.23223520514382295,0.829688332759028,0.5974531276152051,0.5974531276152051
fp64_gpu_xla_sqmc_reference_comparison,exact_scope_frozen_controls; epsilon_validity_nomination_then_full_score_flow_grid,full_d10_T2,previous_inverse_cdf,201001,202002,True,"LQ[8,2]",-0.09810939533409348,0.05649268540818331,0.15460208074227677,0.15460208074227677
fp64_gpu_xla_sqmc_reference_comparison,exact_scope_frozen_controls; epsilon_validity_nomination_then_full_score_flow_grid,full_d10_T2,previous_inverse_cdf,201001,202002,True,"LQ[8,3]",-0.031100117681431966,-0.0705583505226991,-0.039458232841267135,0.039458232841267135
fp64_gpu_xla_sqmc_reference_comparison,exact_scope_frozen_controls; epsilon_validity_nomination_then_full_score_flow_grid,full_d10_T2,previous_inverse_cdf,201001,202002,True,"LQ[8,4]",-0.0905916812120991,-0.4004010764984982,-0.3098093952863991,0.3098093952863991
fp64_gpu_xla_sqmc_reference_comparison,exact_scope_frozen_controls; epsilon_validity_nomination_then_full_score_flow_grid,full_d10_T2,previous_inverse_cdf,201001,202002,True,"LQ[8,5]",0.08936060155532534,-0.16596391982877046,-0.2553245213840958,0.2553245213840958
fp64_gpu_xla_sqmc_reference_comparison,exact_scope_frozen_controls; epsilon_validity_nomination_then_full_score_flow_grid,full_d10_T2,previous_inverse_cdf,201001,202002,True,"LQ[8,6]",0.03489536370248869,0.04209503260349623,0.007199668901007539,0.007199668901007539
fp64_gpu_xla_sqmc_reference_comparison,exact_scope_frozen_controls; epsilon_validity_nomination_then_full_score_flow_grid,full_d10_T2,previous_inverse_cdf,201001,202002,True,"LQ[8,7]",0.20299357525982648,-0.10514832175844369,-0.30814189701827016,0.30814189701827016
fp64_gpu_xla_sqmc_reference_comparison,exact_scope_frozen_controls; epsilon_validity_nomination_then_full_score_flow_grid,full_d10_T2,previous_inverse_cdf,201001,202002,True,"log_LQ[8,8]",-0.988388572796855,-0.8456518083532013,0.14273676444365369,0.14273676444365369
fp64_gpu_xla_sqmc_reference_comparison,exact_scope_frozen_controls; epsilon_validity_nomination_then_full_score_flow_grid,full_d10_T2,previous_inverse_cdf,201001,202002,True,"LQ[9,1]",-1.998632437470166,-3.2403361777732753,-1.2417037403031093,1.2417037403031093
fp64_gpu_xla_sqmc_reference_comparison,exact_scope_frozen_controls; epsilon_validity_nomination_then_full_score_flow_grid,full_d10_T2,previous_inverse_cdf,201001,202002,True,"LQ[9,2]",0.5636584732687647,-0.12487921487412912,-0.6885376881428938,0.6885376881428938
fp64_gpu_xla_sqmc_reference_comparison,exact_scope_frozen_controls; epsilon_validity_nomination_then_full_score_flow_grid,full_d10_T2,previous_inverse_cdf,201001,202002,True,"LQ[9,3]",1.190583506677017,1.8490132586409351,0.6584297519639182,0.6584297519639182
fp64_gpu_xla_sqmc_reference_comparison,exact_scope_frozen_controls; epsilon_validity_nomination_then_full_score_flow_grid,full_d10_T2,previous_inverse_cdf,201001,202002,True,"LQ[9,4]",1.0779425725170695,1.6510486767819292,0.5731061042648598,0.5731061042648598
fp64_gpu_xla_sqmc_reference_comparison,exact_scope_frozen_controls; epsilon_validity_nomination_then_full_score_flow_grid,full_d10_T2,previous_inverse_cdf,201001,202002,True,"LQ[9,5]",0.6604696092785991,0.6488329528297943,-0.01163665644880485,0.01163665644880485
fp64_gpu_xla_sqmc_reference_comparison,exact_scope_frozen_controls; epsilon_validity_nomination_then_full_score_flow_grid,full_d10_T2,previous_inverse_cdf,201001,202002,True,"LQ[9,6]",-0.9697232452874001,-0.779237745376091,0.19048549991130903,0.19048549991130903
fp64_gpu_xla_sqmc_reference_comparison,exact_scope_frozen_controls; epsilon_validity_nomination_then_full_score_flow_grid,full_d10_T2,previous_inverse_cdf,201001,202002,True,"LQ[9,7]",-0.5479328392859982,0.026237603110238483,0.5741704423962367,0.5741704423962367
fp64_gpu_xla_sqmc_reference_comparison,exact_scope_frozen_controls; epsilon_validity_nomination_then_full_score_flow_grid,full_d10_T2,previous_inverse_cdf,201001,202002,True,"LQ[9,8]",-0.21433239634499607,0.01951819514019293,0.233850591485189,0.233850591485189
fp64_gpu_xla_sqmc_reference_comparison,exact_scope_frozen_controls; epsilon_validity_nomination_then_full_score_flow_grid,full_d10_T2,previous_inverse_cdf,201001,202002,True,"log_LQ[9,9]",-0.47685284814179885,-0.27999372373942616,0.1968591244023727,0.1968591244023727
fp64_gpu_xla_sqmc_reference_comparison,exact_scope_frozen_controls; epsilon_validity_nomination_then_full_score_flow_grid,full_d10_T2,previous_inverse_cdf,201001,202002,True,"LQ[10,1]",4.062768780999246,4.275072400591677,0.21230361959243105,0.21230361959243105
fp64_gpu_xla_sqmc_reference_comparison,exact_scope_frozen_controls; epsilon_validity_nomination_then_full_score_flow_grid,full_d10_T2,previous_inverse_cdf,201001,202002,True,"LQ[10,2]",-1.2835986255749678,-1.3407430855482785,-0.057144459973310635,0.057144459973310635
fp64_gpu_xla_sqmc_reference_comparison,exact_scope_frozen_controls; epsilon_validity_nomination_then_full_score_flow_grid,full_d10_T2,previous_inverse_cdf,201001,202002,True,"LQ[10,3]",-1.6358862954083686,-1.8639980218617727,-0.22811172645340405,0.22811172645340405
fp64_gpu_xla_sqmc_reference_comparison,exact_scope_frozen_controls; epsilon_validity_nomination_then_full_score_flow_grid,full_d10_T2,previous_inverse_cdf,201001,202002,True,"LQ[10,4]",-1.526351127748982,-1.4850393721229427,0.04131175562603939,0.04131175562603939
fp64_gpu_xla_sqmc_reference_comparison,exact_scope_frozen_controls; epsilon_validity_nomination_then_full_score_flow_grid,full_d10_T2,previous_inverse_cdf,201001,202002,True,"LQ[10,5]",0.3818582041101131,-0.23749124223375107,-0.6193494463438642,0.6193494463438642
fp64_gpu_xla_sqmc_reference_comparison,exact_scope_frozen_controls; epsilon_validity_nomination_then_full_score_flow_grid,full_d10_T2,previous_inverse_cdf,201001,202002,True,"LQ[10,6]",1.5271278797427765,1.8026652889176424,0.2755374091748659,0.2755374091748659
fp64_gpu_xla_sqmc_reference_comparison,exact_scope_frozen_controls; epsilon_validity_nomination_then_full_score_flow_grid,full_d10_T2,previous_inverse_cdf,201001,202002,True,"LQ[10,7]",2.7481056488092324,2.8860717273605707,0.13796607855133836,0.13796607855133836
fp64_gpu_xla_sqmc_reference_comparison,exact_scope_frozen_controls; epsilon_validity_nomination_then_full_score_flow_grid,full_d10_T2,previous_inverse_cdf,201001,202002,True,"LQ[10,8]",0.6328675079264996,0.9838694058154691,0.3510018978889695,0.3510018978889695
fp64_gpu_xla_sqmc_reference_comparison,exact_scope_frozen_controls; epsilon_validity_nomination_then_full_score_flow_grid,full_d10_T2,previous_inverse_cdf,201001,202002,True,"LQ[10,9]",-2.104089251530308,-2.1520678682406853,-0.04797861671037751,0.04797861671037751
fp64_gpu_xla_sqmc_reference_comparison,exact_scope_frozen_controls; epsilon_validity_nomination_then_full_score_flow_grid,full_d10_T2,previous_inverse_cdf,201001,202002,True,"log_LQ[10,10]",1.4807298861910445,1.7269860172386022,0.24625613104755772,0.24625613104755772
fp64_gpu_xla_sqmc_reference_comparison,exact_scope_frozen_controls; epsilon_validity_nomination_then_full_score_flow_grid,full_d10_T2,previous_inverse_cdf,201001,202002,True,log_R_variance,0.745698627970492,0.9386792680283326,0.19298064005784055,0.19298064005784055
fp64_gpu_xla_sqmc_reference_comparison,exact_scope_frozen_controls; epsilon_validity_nomination_then_full_score_flow_grid,full_d10_T2,previous_inverse_cdf,201001,202002,True,initial_mean_scale,-0.8465975322240216,-1.1248245636158873,-0.2782270313918658,0.2782270313918658
fp64_gpu_xla_sqmc_reference_comparison,exact_scope_frozen_controls; epsilon_validity_nomination_then_full_score_flow_grid,full_d10_T2,previous_inverse_cdf,201002,202001,True,"A[1,1]",0.7312515086799218,0.8352196868753863,0.10396817819546444,0.10396817819546444
fp64_gpu_xla_sqmc_reference_comparison,exact_scope_frozen_controls; epsilon_validity_nomination_then_full_score_flow_grid,full_d10_T2,previous_inverse_cdf,201002,202001,True,"A[1,2]",-1.134026720692122,-1.2551729135866045,-0.12114619289448258,0.12114619289448258
fp64_gpu_xla_sqmc_reference_comparison,exact_scope_frozen_controls; epsilon_validity_nomination_then_full_score_flow_grid,full_d10_T2,previous_inverse_cdf,201002,202001,True,"A[1,3]",1.1007499902741107,0.807405702982297,-0.2933442872918137,0.2933442872918137
fp64_gpu_xla_sqmc_reference_comparison,exact_scope_frozen_controls; epsilon_validity_nomination_then_full_score_flow_grid,full_d10_T2,previous_inverse_cdf,201002,202001,True,"A[1,4]",-0.1635294684215646,-0.3801461453119672,-0.21661667689040262,0.21661667689040262
fp64_gpu_xla_sqmc_reference_comparison,exact_scope_frozen_controls; epsilon_validity_nomination_then_full_score_flow_grid,full_d10_T2,previous_inverse_cdf,201002,202001,True,"A[1,5]",-1.523160339493569,-1.4377428943372332,0.08541744515633587,0.08541744515633587
fp64_gpu_xla_sqmc_reference_comparison,exact_scope_frozen_controls; epsilon_validity_nomination_then_full_score_flow_grid,full_d10_T2,previous_inverse_cdf,201002,202001,True,"A[1,6]",0.6393651200679418,0.6450508489430977,0.005685728875155949,0.005685728875155949
fp64_gpu_xla_sqmc_reference_comparison,exact_scope_frozen_controls; epsilon_validity_nomination_then_full_score_flow_grid,full_d10_T2,previous_inverse_cdf,201002,202001,True,"A[1,7]",0.9884282165645788,0.9844661947358422,-0.003962021828736617,0.003962021828736617
fp64_gpu_xla_sqmc_reference_comparison,exact_scope_frozen_controls; epsilon_validity_nomination_then_full_score_flow_grid,full_d10_T2,previous_inverse_cdf,201002,202001,True,"A[1,8]",1.6282401428692976,1.6951554185786397,0.06691527570934208,0.06691527570934208
fp64_gpu_xla_sqmc_reference_comparison,exact_scope_frozen_controls; epsilon_validity_nomination_then_full_score_flow_grid,full_d10_T2,previous_inverse_cdf,201002,202001,True,"A[1,9]",5.626785268565081,6.899653218050777,1.272867949485696,1.272867949485696
fp64_gpu_xla_sqmc_reference_comparison,exact_scope_frozen_controls; epsilon_validity_nomination_then_full_score_flow_grid,full_d10_T2,previous_inverse_cdf,201002,202001,True,"A[1,10]",-2.2730825336074996,-3.0590683160473766,-0.785985782439877,0.785985782439877
fp64_gpu_xla_sqmc_reference_comparison,exact_scope_frozen_controls; epsilon_validity_nomination_then_full_score_flow_grid,full_d10_T2,previous_inverse_cdf,201002,202001,True,"A[2,1]",0.03105161477407775,-0.4023359402897162,-0.43338755506379395,0.43338755506379395
fp64_gpu_xla_sqmc_reference_comparison,exact_scope_frozen_controls; epsilon_validity_nomination_then_full_score_flow_grid,full_d10_T2,previous_inverse_cdf,201002,202001,True,"A[2,2]",-0.9902851937189366,-0.9050310835248936,0.08525411019404305,0.08525411019404305
fp64_gpu_xla_sqmc_reference_comparison,exact_scope_frozen_controls; epsilon_validity_nomination_then_full_score_flow_grid,full_d10_T2,previous_inverse_cdf,201002,202001,True,"A[2,3]",0.025419564736536365,-0.06352383694609683,-0.08894340168263319,0.08894340168263319
fp64_gpu_xla_sqmc_reference_comparison,exact_scope_frozen_controls; epsilon_validity_nomination_then_full_score_flow_grid,full_d10_T2,previous_inverse_cdf,201002,202001,True,"A[2,4]",-0.015787818547178353,0.18703499379075378,0.20282281233793215,0.20282281233793215
fp64_gpu_xla_sqmc_reference_comparison,exact_scope_frozen_controls; epsilon_validity_nomination_then_full_score_flow_grid,full_d10_T2,previous_inverse_cdf,201002,202001,True,"A[2,5]",0.0007243707767340957,0.5209375639401517,0.5202131931634175,0.5202131931634175
fp64_gpu_xla_sqmc_reference_comparison,exact_scope_frozen_controls; epsilon_validity_nomination_then_full_score_flow_grid,full_d10_T2,previous_inverse_cdf,201002,202001,True,"A[2,6]",-0.012636766101587094,0.44849565646311995,0.46113242256470705,0.46113242256470705
fp64_gpu_xla_sqmc_reference_comparison,exact_scope_frozen_controls; epsilon_validity_nomination_then_full_score_flow_grid,full_d10_T2,previous_inverse_cdf,201002,202001,True,"A[2,7]",0.028711044512336817,0.23866498425925387,0.20995393974691706,0.20995393974691706
fp64_gpu_xla_sqmc_reference_comparison,exact_scope_frozen_controls; epsilon_validity_nomination_then_full_score_flow_grid,full_d10_T2,previous_inverse_cdf,201002,202001,True,"A[2,8]",-0.010709165902501205,0.13398712411046743,0.14469629001296863,0.14469629001296863
fp64_gpu_xla_sqmc_reference_comparison,exact_scope_frozen_controls; epsilon_validity_nomination_then_full_score_flow_grid,full_d10_T2,previous_inverse_cdf,201002,202001,True,"A[2,9]",0.06488621397927752,-1.1117626133260359,-1.1766488273053133,1.1766488273053133
fp64_gpu_xla_sqmc_reference_comparison,exact_scope_frozen_controls; epsilon_validity_nomination_then_full_score_flow_grid,full_d10_T2,previous_inverse_cdf,201002,202001,True,"A[2,10]",-0.041898392985108335,0.016428209269303495,0.05832660225441183,0.05832660225441183
fp64_gpu_xla_sqmc_reference_comparison,exact_scope_frozen_controls; epsilon_validity_nomination_then_full_score_flow_grid,full_d10_T2,previous_inverse_cdf,201002,202001,True,"A[3,1]",0.6254251229137281,0.6354215051382328,0.009996382224504718,0.009996382224504718
fp64_gpu_xla_sqmc_reference_comparison,exact_scope_frozen_controls; epsilon_validity_nomination_then_full_score_flow_grid,full_d10_T2,previous_inverse_cdf,201002,202001,True,"A[3,2]",-0.4197635352621021,-0.4206689194179772,-0.0009053841558750997,0.0009053841558750997
fp64_gpu_xla_sqmc_reference_comparison,exact_scope_frozen_controls; epsilon_validity_nomination_then_full_score_flow_grid,full_d10_T2,previous_inverse_cdf,201002,202001,True,"A[3,3]",-0.559170127112457,-0.4246436654137124,0.13452646169874455,0.13452646169874455
fp64_gpu_xla_sqmc_reference_comparison,exact_scope_frozen_controls; epsilon_validity_nomination_then_full_score_flow_grid,full_d10_T2,previous_inverse_cdf,201002,202001,True,"A[3,4]",-0.06211186347064271,-0.32635598044072384,-0.2642441169700811,0.2642441169700811
fp64_gpu_xla_sqmc_reference_comparison,exact_scope_frozen_controls; epsilon_validity_nomination_then_full_score_flow_grid,full_d10_T2,previous_inverse_cdf,201002,202001,True,"A[3,5]",-0.561892891214147,-0.8177719207607455,-0.25587902954659847,0.25587902954659847
fp64_gpu_xla_sqmc_reference_comparison,exact_scope_frozen_controls; epsilon_validity_nomination_then_full_score_flow_grid,full_d10_T2,previous_inverse_cdf,201002,202001,True,"A[3,6]",0.23674281202276254,0.09705089514349988,-0.13969191687926266,0.13969191687926266
fp64_gpu_xla_sqmc_reference_comparison,exact_scope_frozen_controls; epsilon_validity_nomination_then_full_score_flow_grid,full_d10_T2,previous_inverse_cdf,201002,202001,True,"A[3,7]",0.3643272023600196,0.7204500660256963,0.3561228636656767,0.3561228636656767
fp64_gpu_xla_sqmc_reference_comparison,exact_scope_frozen_controls; epsilon_validity_nomination_then_full_score_flow_grid,full_d10_T2,previous_inverse_cdf,201002,202001,True,"A[3,8]",0.6053165224194904,1.0841803776018424,0.47886385518235197,0.47886385518235197
fp64_gpu_xla_sqmc_reference_comparison,exact_scope_frozen_controls; epsilon_validity_nomination_then_full_score_flow_grid,full_d10_T2,previous_inverse_cdf,201002,202001,True,"A[3,9]",2.0804911740092553,3.407755192661985,1.3272640186527296,1.3272640186527296
fp64_gpu_xla_sqmc_reference_comparison,exact_scope_frozen_controls; epsilon_validity_nomination_then_full_score_flow_grid,full_d10_T2,previous_inverse_cdf,201002,202001,True,"A[3,10]",-0.8377788441267946,-1.4928486085744954,-0.6550697644477008,0.6550697644477008
fp64_gpu_xla_sqmc_reference_comparison,exact_scope_frozen_controls; epsilon_validity_nomination_then_full_score_flow_grid,full_d10_T2,previous_inverse_cdf,201002,202001,True,"A[4,1]",-0.7345625873009947,-0.1584891329882796,0.5760734543127151,0.5760734543127151
fp64_gpu_xla_sqmc_reference_comparison,exact_scope_frozen_controls; epsilon_validity_nomination_then_full_score_flow_grid,full_d10_T2,previous_inverse_cdf,201002,202001,True,"A[4,2]",0.5031972016963718,0.28526332961232126,-0.21793387208405057,0.21793387208405057
fp64_gpu_xla_sqmc_reference_comparison,exact_scope_frozen_controls; epsilon_validity_nomination_then_full_score_flow_grid,full_d10_T2,previous_inverse_cdf,201002,202001,True,"A[4,3]",-0.4915353579033352,-0.2768832109864515,0.21465214691688367,0.21465214691688367
fp64_gpu_xla_sqmc_reference_comparison,exact_scope_frozen_controls; epsilon_validity_nomination_then_full_score_flow_grid,full_d10_T2,previous_inverse_cdf,201002,202001,True,"A[4,4]",-0.8639553483728762,-0.9441159338467957,-0.08016058547391947,0.08016058547391947
fp64_gpu_xla_sqmc_reference_comparison,exact_scope_frozen_controls; epsilon_validity_nomination_then_full_score_flow_grid,full_d10_T2,previous_inverse_cdf,201002,202001,True,"A[4,5]",0.594421946879726,-0.1720320250773847,-0.7664539719571107,0.7664539719571107
fp64_gpu_xla_sqmc_reference_comparison,exact_scope_frozen_controls; epsilon_validity_nomination_then_full_score_flow_grid,full_d10_T2,previous_inverse_cdf,201002,202001,True,"A[4,6]",-0.22752954966645683,-0.6759632347750664,-0.44843368510860954,0.44843368510860954
fp64_gpu_xla_sqmc_reference_comparison,exact_scope_frozen_controls; epsilon_validity_nomination_then_full_score_flow_grid,full_d10_T2,previous_inverse_cdf,201002,202001,True,"A[4,7]",-0.4443664308832553,-0.6733404637816337,-0.22897403289837842,0.22897403289837842
fp64_gpu_xla_sqmc_reference_comparison,exact_scope_frozen_controls; epsilon_validity_nomination_then_full_score_flow_grid,full_d10_T2,previous_inverse_cdf,201002,202001,True,"A[4,8]",-0.6330744464310756,0.0053225062685517965,0.6383969526996274,0.6383969526996274
fp64_gpu_xla_sqmc_reference_comparison,exact_scope_frozen_controls; epsilon_validity_nomination_then_full_score_flow_grid,full_d10_T2,previous_inverse_cdf,201002,202001,True,"A[4,9]",-2.3516563954741354,-0.6119483980116467,1.7397079974624887,1.7397079974624887
fp64_gpu_xla_sqmc_reference_comparison,exact_scope_frozen_controls; epsilon_validity_nomination_then_full_score_flow_grid,full_d10_T2,previous_inverse_cdf,201002,202001,True,"A[4,10]",0.9712013340288347,0.4576656672857359,-0.5135356667430988,0.5135356667430988
fp64_gpu_xla_sqmc_reference_comparison,exact_scope_frozen_controls; epsilon_validity_nomination_then_full_score_flow_grid,full_d10_T2,previous_inverse_cdf,201002,202001,True,"A[5,1]",-0.3369411373365674,-0.9343147927103874,-0.59737365537382,0.59737365537382
fp64_gpu_xla_sqmc_reference_comparison,exact_scope_frozen_controls; epsilon_validity_nomination_then_full_score_flow_grid,full_d10_T2,previous_inverse_cdf,201002,202001,True,"A[5,2]",0.203190604437217,0.7606037345259686,0.5574131300887516,0.5574131300887516
fp64_gpu_xla_sqmc_reference_comparison,exact_scope_frozen_controls; epsilon_validity_nomination_then_full_score_flow_grid,full_d10_T2,previous_inverse_cdf,201002,202001,True,"A[5,3]",-0.19312563149290843,-0.5803818003123475,-0.38725616881943914,0.38725616881943914
fp64_gpu_xla_sqmc_reference_comparison,exact_scope_frozen_controls; epsilon_validity_nomination_then_full_score_flow_grid,full_d10_T2,previous_inverse_cdf,201002,202001,True,"A[5,4]",-0.029190325564111875,-0.04580333081957946,-0.016613005255467588,0.016613005255467588
fp64_gpu_xla_sqmc_reference_comparison,exact_scope_frozen_controls; epsilon_validity_nomination_then_full_score_flow_grid,full_d10_T2,previous_inverse_cdf,201002,202001,True,"A[5,5]",-0.531728068733793,0.2860165006599557,0.8177445693937486,0.8177445693937486
fp64_gpu_xla_sqmc_reference_comparison,exact_scope_frozen_controls; epsilon_validity_nomination_then_full_score_flow_grid,full_d10_T2,previous_inverse_cdf,201002,202001,True,"A[5,6]",-0.2252756709429521,-0.04694368944330929,0.1783319814996428,0.1783319814996428
fp64_gpu_xla_sqmc_reference_comparison,exact_scope_frozen_controls; epsilon_validity_nomination_then_full_score_flow_grid,full_d10_T2,previous_inverse_cdf,201002,202001,True,"A[5,7]",-0.16805086642022032,0.07421993793636626,0.2422708043565866,0.2422708043565866
fp64_gpu_xla_sqmc_reference_comparison,exact_scope_frozen_controls; epsilon_validity_nomination_then_full_score_flow_grid,full_d10_T2,previous_inverse_cdf,201002,202001,True,"A[5,8]",-0.4694135725392166,-1.361449559216699,-0.8920359866774825,0.8920359866774825
fp64_gpu_xla_sqmc_reference_comparison,exact_scope_frozen_controls; epsilon_validity_nomination_then_full_score_flow_grid,full_d10_T2,previous_inverse_cdf,201002,202001,True,"A[5,9]",-1.303654398695853,-3.039394967093241,-1.735740568397388,1.735740568397388
fp64_gpu_xla_sqmc_reference_comparison,exact_scope_frozen_controls; epsilon_validity_nomination_then_full_score_flow_grid,full_d10_T2,previous_inverse_cdf,201002,202001,True,"A[5,10]",0.48566513703063274,1.1088840353087128,0.6232188982780801,0.6232188982780801
fp64_gpu_xla_sqmc_reference_comparison,exact_scope_frozen_controls; epsilon_validity_nomination_then_full_score_flow_grid,full_d10_T2,previous_inverse_cdf,201002,202001,True,"A[6,1]",0.5531154842897016,0.5984772288910309,0.04536174460132936,0.04536174460132936
fp64_gpu_xla_sqmc_reference_comparison,exact_scope_frozen_controls; epsilon_validity_nomination_then_full_score_flow_grid,full_d10_T2,previous_inverse_cdf,201002,202001,True,"A[6,2]",-0.35833410877018795,-0.14787625223439899,0.21045785653578897,0.21045785653578897
fp64_gpu_xla_sqmc_reference_comparison,exact_scope_frozen_controls; epsilon_validity_nomination_then_full_score_flow_grid,full_d10_T2,previous_inverse_cdf,201002,202001,True,"A[6,3]",0.34581298345285155,0.26042839734587986,-0.0853845861069717,0.0853845861069717
fp64_gpu_xla_sqmc_reference_comparison,exact_scope_frozen_controls; epsilon_validity_nomination_then_full_score_flow_grid,full_d10_T2,previous_inverse_cdf,201002,202001,True,"A[6,4]",-0.021039322087962276,-0.4963974847041226,-0.4753581626161603,0.4753581626161603
fp64_gpu_xla_sqmc_reference_comparison,exact_scope_frozen_controls; epsilon_validity_nomination_then_full_score_flow_grid,full_d10_T2,previous_inverse_cdf,201002,202001,True,"A[6,5]",-0.5648831210660903,-0.5792363513676574,-0.0143532303015671,0.0143532303015671
fp64_gpu_xla_sqmc_reference_comparison,exact_scope_frozen_controls; epsilon_validity_nomination_then_full_score_flow_grid,full_d10_T2,previous_inverse_cdf,201002,202001,True,"A[6,6]",-0.7035989149413433,-0.8818560225063252,-0.17825710756498192,0.17825710756498192
fp64_gpu_xla_sqmc_reference_comparison,exact_scope_frozen_controls; epsilon_validity_nomination_then_full_score_flow_grid,full_d10_T2,previous_inverse_cdf,201002,202001,True,"A[6,7]",0.30709587051325926,0.3945192929845004,0.08742342247124113,0.08742342247124113
fp64_gpu_xla_sqmc_reference_comparison,exact_scope_frozen_controls; epsilon_validity_nomination_then_full_score_flow_grid,full_d10_T2,previous_inverse_cdf,201002,202001,True,"A[6,8]",0.6031172277434557,0.920843326264209,0.3177260985207533,0.3177260985207533
fp64_gpu_xla_sqmc_reference_comparison,exact_scope_frozen_controls; epsilon_validity_nomination_then_full_score_flow_grid,full_d10_T2,previous_inverse_cdf,201002,202001,True,"A[6,9]",1.9265044307099535,3.2233746294301846,1.2968701987202311,1.2968701987202311
fp64_gpu_xla_sqmc_reference_comparison,exact_scope_frozen_controls; epsilon_validity_nomination_then_full_score_flow_grid,full_d10_T2,previous_inverse_cdf,201002,202001,True,"A[6,10]",-0.7593469144983636,-1.247864909735017,-0.4885179952366534,0.4885179952366534
fp64_gpu_xla_sqmc_reference_comparison,exact_scope_frozen_controls; epsilon_validity_nomination_then_full_score_flow_grid,full_d10_T2,previous_inverse_cdf,201002,202001,True,"A[7,1]",0.16852945039449574,0.01501238767676287,-0.15351706271773286,0.15351706271773286
fp64_gpu_xla_sqmc_reference_comparison,exact_scope_frozen_controls; epsilon_validity_nomination_then_full_score_flow_grid,full_d10_T2,previous_inverse_cdf,201002,202001,True,"A[7,2]",-0.112512586760323,0.06459435094462421,0.1771069377049472,0.1771069377049472
fp64_gpu_xla_sqmc_reference_comparison,exact_scope_frozen_controls; epsilon_validity_nomination_then_full_score_flow_grid,full_d10_T2,previous_inverse_cdf,201002,202001,True,"A[7,3]",0.10964572990164437,0.3413844977051015,0.23173876780345712,0.23173876780345712
fp64_gpu_xla_sqmc_reference_comparison,exact_scope_frozen_controls; epsilon_validity_nomination_then_full_score_flow_grid,full_d10_T2,previous_inverse_cdf,201002,202001,True,"A[7,4]",-0.015534552118650534,-0.28945768885156664,-0.27392313673291613,0.27392313673291613
fp64_gpu_xla_sqmc_reference_comparison,exact_scope_frozen_controls; epsilon_validity_nomination_then_full_score_flow_grid,full_d10_T2,previous_inverse_cdf,201002,202001,True,"A[7,5]",-0.15654018970454656,0.03937024960607828,0.19591043931062485,0.19591043931062485
fp64_gpu_xla_sqmc_reference_comparison,exact_scope_frozen_controls; epsilon_validity_nomination_then_full_score_flow_grid,full_d10_T2,previous_inverse_cdf,201002,202001,True,"A[7,6]",0.0663245537225399,0.12415482048667288,0.057830266764132984,0.057830266764132984
fp64_gpu_xla_sqmc_reference_comparison,exact_scope_frozen_controls; epsilon_validity_nomination_then_full_score_flow_grid,full_d10_T2,previous_inverse_cdf,201002,202001,True,"A[7,7]",-0.8571511387444378,-0.9000470436887134,-0.04289590494427553,0.04289590494427553
fp64_gpu_xla_sqmc_reference_comparison,exact_scope_frozen_controls; epsilon_validity_nomination_then_full_score_flow_grid,full_d10_T2,previous_inverse_cdf,201002,202001,True,"A[7,8]",0.17106009296689326,0.6249318789891848,0.4538717860222915,0.4538717860222915
fp64_gpu_xla_sqmc_reference_comparison,exact_scope_frozen_controls; epsilon_validity_nomination_then_full_score_flow_grid,full_d10_T2,previous_inverse_cdf,201002,202001,True,"A[7,9]",0.5820243649359071,0.9290434642321537,0.3470190992962465,0.3470190992962465
fp64_gpu_xla_sqmc_reference_comparison,exact_scope_frozen_controls; epsilon_validity_nomination_then_full_score_flow_grid,full_d10_T2,previous_inverse_cdf,201002,202001,True,"A[7,10]",-0.23216711270449616,-0.34874309336459214,-0.11657598066009597,0.11657598066009597
fp64_gpu_xla_sqmc_reference_comparison,exact_scope_frozen_controls; epsilon_validity_nomination_then_full_score_flow_grid,full_d10_T2,previous_inverse_cdf,201002,202001,True,"A[8,1]",1.7353548066345492,1.1477207565992105,-0.5876340500353388,0.5876340500353388
fp64_gpu_xla_sqmc_reference_comparison,exact_scope_frozen_controls; epsilon_validity_nomination_then_full_score_flow_grid,full_d10_T2,previous_inverse_cdf,201002,202001,True,"A[8,2]",-1.146658505220239,-0.5982695147032622,0.5483889905169768,0.5483889905169768
fp64_gpu_xla_sqmc_reference_comparison,exact_scope_frozen_controls; epsilon_validity_nomination_then_full_score_flow_grid,full_d10_T2,previous_inverse_cdf,201002,202001,True,"A[8,3]",1.111521510651809,0.8934732646027506,-0.21804824604905848,0.21804824604905848
fp64_gpu_xla_sqmc_reference_comparison,exact_scope_frozen_controls; epsilon_validity_nomination_then_full_score_flow_grid,full_d10_T2,previous_inverse_cdf,201002,202001,True,"A[8,4]",-0.1281900518917811,-0.19273796823642836,-0.06454791634464727,0.06454791634464727
fp64_gpu_xla_sqmc_reference_comparison,exact_scope_frozen_controls; epsilon_validity_nomination_then_full_score_flow_grid,full_d10_T2,previous_inverse_cdf,201002,202001,True,"A[8,5]",-1.6436168351434204,-1.2963966890191978,0.3472201461242226,0.3472201461242226
fp64_gpu_xla_sqmc_reference_comparison,exact_scope_frozen_controls; epsilon_validity_nomination_then_full_score_flow_grid,full_d10_T2,previous_inverse_cdf,201002,202001,True,"A[8,6]",0.7160276169284643,0.4914812930088739,-0.2245463239195904,0.2245463239195904
fp64_gpu_xla_sqmc_reference_comparison,exact_scope_frozen_controls; epsilon_validity_nomination_then_full_score_flow_grid,full_d10_T2,previous_inverse_cdf,201002,202001,True,"A[8,7]",0.9951195936096543,1.323635597741284,0.3285160041316296,0.3285160041316296
fp64_gpu_xla_sqmc_reference_comparison,exact_scope_frozen_controls; epsilon_validity_nomination_then_full_score_flow_grid,full_d10_T2,previous_inverse_cdf,201002,202001,True,"A[8,8]",0.8041375972733842,0.7744222316115223,-0.029715365661861837,0.029715365661861837
fp64_gpu_xla_sqmc_reference_comparison,exact_scope_frozen_controls; epsilon_validity_nomination_then_full_score_flow_grid,full_d10_T2,previous_inverse_cdf,201002,202001,True,"A[8,9]",5.877913107425604,5.750324133646338,-0.12758897377926548,0.12758897377926548
fp64_gpu_xla_sqmc_reference_comparison,exact_scope_frozen_controls; epsilon_validity_nomination_then_full_score_flow_grid,full_d10_T2,previous_inverse_cdf,201002,202001,True,"A[8,10]",-2.3519829478562935,-2.401467393647201,-0.04948444579090738,0.04948444579090738
fp64_gpu_xla_sqmc_reference_comparison,exact_scope_frozen_controls; epsilon_validity_nomination_then_full_score_flow_grid,full_d10_T2,previous_inverse_cdf,201002,202001,True,"A[9,1]",0.48238143573450964,0.6938502489410543,0.21146881320654465,0.21146881320654465
fp64_gpu_xla_sqmc_reference_comparison,exact_scope_frozen_controls; epsilon_validity_nomination_then_full_score_flow_grid,full_d10_T2,previous_inverse_cdf,201002,202001,True,"A[9,2]",-0.2774390773171912,-0.6806932277971719,-0.4032541504799807,0.4032541504799807
fp64_gpu_xla_sqmc_reference_comparison,exact_scope_frozen_controls; epsilon_validity_nomination_then_full_score_flow_grid,full_d10_T2,previous_inverse_cdf,201002,202001,True,"A[9,3]",0.26181344093393993,0.3710464723417739,0.10923303140783397,0.10923303140783397
fp64_gpu_xla_sqmc_reference_comparison,exact_scope_frozen_controls; epsilon_validity_nomination_then_full_score_flow_grid,full_d10_T2,previous_inverse_cdf,201002,202001,True,"A[9,4]",0.07958030681123095,0.20574067773444255,0.12616037092321158,0.12616037092321158
fp64_gpu_xla_sqmc_reference_comparison,exact_scope_frozen_controls; epsilon_validity_nomination_then_full_score_flow_grid,full_d10_T2,previous_inverse_cdf,201002,202001,True,"A[9,5]",-0.712946573941716,-0.6911856274325664,0.021760946509149615,0.021760946509149615
fp64_gpu_xla_sqmc_reference_comparison,exact_scope_frozen_controls; epsilon_validity_nomination_then_full_score_flow_grid,full_d10_T2,previous_inverse_cdf,201002,202001,True,"A[9,6]",0.392141747288317,-0.14121870474411427,-0.5333604520324313,0.5333604520324313
fp64_gpu_xla_sqmc_reference_comparison,exact_scope_frozen_controls; epsilon_validity_nomination_then_full_score_flow_grid,full_d10_T2,previous_inverse_cdf,201002,202001,True,"A[9,7]",0.22540956849963456,-0.23951321047119495,-0.4649227789708295,0.4649227789708295
fp64_gpu_xla_sqmc_reference_comparison,exact_scope_frozen_controls; epsilon_validity_nomination_then_full_score_flow_grid,full_d10_T2,previous_inverse_cdf,201002,202001,True,"A[9,8]",0.7915825653728665,1.0521428949734557,0.26056032960058917,0.26056032960058917
fp64_gpu_xla_sqmc_reference_comparison,exact_scope_frozen_controls; epsilon_validity_nomination_then_full_score_flow_grid,full_d10_T2,previous_inverse_cdf,201002,202001,True,"A[9,9]",1.0879411043054996,1.1276966452077781,0.03975554090227851,0.03975554090227851
fp64_gpu_xla_sqmc_reference_comparison,exact_scope_frozen_controls; epsilon_validity_nomination_then_full_score_flow_grid,full_d10_T2,previous_inverse_cdf,201002,202001,True,"A[9,10]",-0.7254506627165145,-0.4324535521186563,0.29299711059785816,0.29299711059785816
fp64_gpu_xla_sqmc_reference_comparison,exact_scope_frozen_controls; epsilon_validity_nomination_then_full_score_flow_grid,full_d10_T2,previous_inverse_cdf,201002,202001,True,"A[10,1]",-1.4703028027989913,-1.0650003388072151,0.40530246399177616,0.40530246399177616
fp64_gpu_xla_sqmc_reference_comparison,exact_scope_frozen_controls; epsilon_validity_nomination_then_full_score_flow_grid,full_d10_T2,previous_inverse_cdf,201002,202001,True,"A[10,2]",0.9787230791304222,0.6073830518005212,-0.371340027329901,0.371340027329901
fp64_gpu_xla_sqmc_reference_comparison,exact_scope_frozen_controls; epsilon_validity_nomination_then_full_score_flow_grid,full_d10_T2,previous_inverse_cdf,201002,202001,True,"A[10,3]",-0.9506704994673285,-0.6336912663275265,0.31697923313980203,0.31697923313980203
fp64_gpu_xla_sqmc_reference_comparison,exact_scope_frozen_controls; epsilon_validity_nomination_then_full_score_flow_grid,full_d10_T2,previous_inverse_cdf,201002,202001,True,"A[10,4]",0.12846236901356278,0.2835119776130985,0.1550496085995357,0.1550496085995357
fp64_gpu_xla_sqmc_reference_comparison,exact_scope_frozen_controls; epsilon_validity_nomination_then_full_score_flow_grid,full_d10_T2,previous_inverse_cdf,201002,202001,True,"A[10,5]",1.3553059419829165,0.7216317971316553,-0.6336741448512613,0.6336741448512613
fp64_gpu_xla_sqmc_reference_comparison,exact_scope_frozen_controls; epsilon_validity_nomination_then_full_score_flow_grid,full_d10_T2,previous_inverse_cdf,201002,202001,True,"A[10,6]",-0.5769258811164317,-0.4359444917096822,0.14098138940674954,0.14098138940674954
fp64_gpu_xla_sqmc_reference_comparison,exact_scope_frozen_controls; epsilon_validity_nomination_then_full_score_flow_grid,full_d10_T2,previous_inverse_cdf,201002,202001,True,"A[10,7]",-0.8591109619900291,-0.7979877569181988,0.06112320507183033,0.06112320507183033
fp64_gpu_xla_sqmc_reference_comparison,exact_scope_frozen_controls; epsilon_validity_nomination_then_full_score_flow_grid,full_d10_T2,previous_inverse_cdf,201002,202001,True,"A[10,8]",-1.448651640235066,-1.1381309798562116,0.3105206603788544,0.3105206603788544
fp64_gpu_xla_sqmc_reference_comparison,exact_scope_frozen_controls; epsilon_validity_nomination_then_full_score_flow_grid,full_d10_T2,previous_inverse_cdf,201002,202001,True,"A[10,9]",-4.956423352442867,-4.61597071788504,0.3404526345578267,0.3404526345578267
fp64_gpu_xla_sqmc_reference_comparison,exact_scope_frozen_controls; epsilon_validity_nomination_then_full_score_flow_grid,full_d10_T2,previous_inverse_cdf,201002,202001,True,"A[10,10]",1.062547900188041,1.304399917947324,0.2418520177592831,0.2418520177592831
fp64_gpu_xla_sqmc_reference_comparison,exact_scope_frozen_controls; epsilon_validity_nomination_then_full_score_flow_grid,full_d10_T2,previous_inverse_cdf,201002,202001,True,"log_LQ[1,1]",0.8563964796406058,0.9866164413252472,0.13021996168464134,0.13021996168464134
fp64_gpu_xla_sqmc_reference_comparison,exact_scope_frozen_controls; epsilon_validity_nomination_then_full_score_flow_grid,full_d10_T2,previous_inverse_cdf,201002,202001,True,"LQ[2,1]",0.5045991758865005,1.2930258622119157,0.7884266863254152,0.7884266863254152
fp64_gpu_xla_sqmc_reference_comparison,exact_scope_frozen_controls; epsilon_validity_nomination_then_full_score_flow_grid,full_d10_T2,previous_inverse_cdf,201002,202001,True,"log_LQ[2,2]",-0.7298691258082188,-1.0197037702265297,-0.28983464441831086,0.28983464441831086
fp64_gpu_xla_sqmc_reference_comparison,exact_scope_frozen_controls; epsilon_validity_nomination_then_full_score_flow_grid,full_d10_T2,previous_inverse_cdf,201002,202001,True,"LQ[3,1]",1.3580551816274582,1.4435863135479305,0.08553113192047235,0.08553113192047235
fp64_gpu_xla_sqmc_reference_comparison,exact_scope_frozen_controls; epsilon_validity_nomination_then_full_score_flow_grid,full_d10_T2,previous_inverse_cdf,201002,202001,True,"LQ[3,2]",0.13785106431993824,0.767648427334224,0.6297973630142858,0.6297973630142858
fp64_gpu_xla_sqmc_reference_comparison,exact_scope_frozen_controls; epsilon_validity_nomination_then_full_score_flow_grid,full_d10_T2,previous_inverse_cdf,201002,202001,True,"log_LQ[3,3]",-0.6548207685774989,-0.8067572193573258,-0.15193645077982687,0.15193645077982687
fp64_gpu_xla_sqmc_reference_comparison,exact_scope_frozen_controls; epsilon_validity_nomination_then_full_score_flow_grid,full_d10_T2,previous_inverse_cdf,201002,202001,True,"LQ[4,1]",-2.0624609907536398,-2.6057716000454576,-0.5433106092918178,0.5433106092918178
fp64_gpu_xla_sqmc_reference_comparison,exact_scope_frozen_controls; epsilon_validity_nomination_then_full_score_flow_grid,full_d10_T2,previous_inverse_cdf,201002,202001,True,"LQ[4,2]",-0.4612787427683815,0.10825570432006115,0.5695344470884427,0.5695344470884427
fp64_gpu_xla_sqmc_reference_comparison,exact_scope_frozen_controls; epsilon_validity_nomination_then_full_score_flow_grid,full_d10_T2,previous_inverse_cdf,201002,202001,True,"LQ[4,3]",-0.6076619798693106,-1.0007787664257592,-0.39311678655644866,0.39311678655644866
fp64_gpu_xla_sqmc_reference_comparison,exact_scope_frozen_controls; epsilon_validity_nomination_then_full_score_flow_grid,full_d10_T2,previous_inverse_cdf,201002,202001,True,"log_LQ[4,4]",-0.38047693801323973,-0.41171441679982534,-0.031237478786585615,0.031237478786585615
fp64_gpu_xla_sqmc_reference_comparison,exact_scope_frozen_controls; epsilon_validity_nomination_then_full_score_flow_grid,full_d10_T2,previous_inverse_cdf,201002,202001,True,"LQ[5,1]",-0.2529346671738611,0.1185295149282195,0.3714641821020806,0.3714641821020806
fp64_gpu_xla_sqmc_reference_comparison,exact_scope_frozen_controls; epsilon_validity_nomination_then_full_score_flow_grid,full_d10_T2,previous_inverse_cdf,201002,202001,True,"LQ[5,2]",0.3696061839551842,-0.93551284786013,-1.3051190318153143,1.3051190318153143
fp64_gpu_xla_sqmc_reference_comparison,exact_scope_frozen_controls; epsilon_validity_nomination_then_full_score_flow_grid,full_d10_T2,previous_inverse_cdf,201002,202001,True,"LQ[5,3]",-0.23435686387279125,0.46541222397145593,0.6997690878442472,0.6997690878442472
fp64_gpu_xla_sqmc_reference_comparison,exact_scope_frozen_controls; epsilon_validity_nomination_then_full_score_flow_grid,full_d10_T2,previous_inverse_cdf,201002,202001,True,"LQ[5,4]",-0.09237229223627566,1.0466064112477917,1.1389787034840675,1.1389787034840675
fp64_gpu_xla_sqmc_reference_comparison,exact_scope_frozen_controls; epsilon_validity_nomination_then_full_score_flow_grid,full_d10_T2,previous_inverse_cdf,201002,202001,True,"log_LQ[5,5]",-0.7124758311884026,-1.2356898740680045,-0.5232140428796018,0.5232140428796018
fp64_gpu_xla_sqmc_reference_comparison,exact_scope_frozen_controls; epsilon_validity_nomination_then_full_score_flow_grid,full_d10_T2,previous_inverse_cdf,201002,202001,True,"LQ[6,1]",1.2270166282940251,0.7029079829241026,-0.5241086453699225,0.5241086453699225
fp64_gpu_xla_sqmc_reference_comparison,exact_scope_frozen_controls; epsilon_validity_nomination_then_full_score_flow_grid,full_d10_T2,previous_inverse_cdf,201002,202001,True,"LQ[6,2]",-0.007302482010661936,-0.4805774655585824,-0.47327498354792047,0.47327498354792047
fp64_gpu_xla_sqmc_reference_comparison,exact_scope_frozen_controls; epsilon_validity_nomination_then_full_score_flow_grid,full_d10_T2,previous_inverse_cdf,201002,202001,True,"LQ[6,3]",0.4745323155252654,0.6666086139820353,0.19207629845676988,0.19207629845676988
fp64_gpu_xla_sqmc_reference_comparison,exact_scope_frozen_controls; epsilon_validity_nomination_then_full_score_flow_grid,full_d10_T2,previous_inverse_cdf,201002,202001,True,"LQ[6,4]",-0.5624907068122629,0.3382016075073634,0.9006923143196263,0.9006923143196263
fp64_gpu_xla_sqmc_reference_comparison,exact_scope_frozen_controls; epsilon_validity_nomination_then_full_score_flow_grid,full_d10_T2,previous_inverse_cdf,201002,202001,True,"LQ[6,5]",-0.21000220959353194,-0.139064350382945,0.07093785921058693,0.07093785921058693
fp64_gpu_xla_sqmc_reference_comparison,exact_scope_frozen_controls; epsilon_validity_nomination_then_full_score_flow_grid,full_d10_T2,previous_inverse_cdf,201002,202001,True,"log_LQ[6,6]",-0.7560662705712876,-0.49441453124310303,0.2616517393281846,0.2616517393281846
fp64_gpu_xla_sqmc_reference_comparison,exact_scope_frozen_controls; epsilon_validity_nomination_then_full_score_flow_grid,full_d10_T2,previous_inverse_cdf,201002,202001,True,"LQ[7,1]",0.14015171257657694,0.12544399290372937,-0.014707719672847563,0.014707719672847563
fp64_gpu_xla_sqmc_reference_comparison,exact_scope_frozen_controls; epsilon_validity_nomination_then_full_score_flow_grid,full_d10_T2,previous_inverse_cdf,201002,202001,True,"LQ[7,2]",-0.06346458849758439,-0.5131891499478312,-0.44972456145024675,0.44972456145024675
fp64_gpu_xla_sqmc_reference_comparison,exact_scope_frozen_controls; epsilon_validity_nomination_then_full_score_flow_grid,full_d10_T2,previous_inverse_cdf,201002,202001,True,"LQ[7,3]",0.06694141177826747,-0.4290332406944488,-0.49597465247271627,0.49597465247271627
fp64_gpu_xla_sqmc_reference_comparison,exact_scope_frozen_controls; epsilon_validity_nomination_then_full_score_flow_grid,full_d10_T2,previous_inverse_cdf,201002,202001,True,"LQ[7,4]",0.020796028010029784,0.5572964506450492,0.5365004226350194,0.5365004226350194
fp64_gpu_xla_sqmc_reference_comparison,exact_scope_frozen_controls; epsilon_validity_nomination_then_full_score_flow_grid,full_d10_T2,previous_inverse_cdf,201002,202001,True,"LQ[7,5]",-0.19169586369714367,-0.5196533484172767,-0.3279574847201331,0.3279574847201331
fp64_gpu_xla_sqmc_reference_comparison,exact_scope_frozen_controls; epsilon_validity_nomination_then_full_score_flow_grid,full_d10_T2,previous_inverse_cdf,201002,202001,True,"LQ[7,6]",0.10303158406422219,0.0722650738567774,-0.030766510207444794,0.030766510207444794
fp64_gpu_xla_sqmc_reference_comparison,exact_scope_frozen_controls; epsilon_validity_nomination_then_full_score_flow_grid,full_d10_T2,previous_inverse_cdf,201002,202001,True,"log_LQ[7,7]",-0.930947611946091,-0.7925847671021857,0.13836284484390526,0.13836284484390526
fp64_gpu_xla_sqmc_reference_comparison,exact_scope_frozen_controls; epsilon_validity_nomination_then_full_score_flow_grid,full_d10_T2,previous_inverse_cdf,201002,202001,True,"LQ[8,1]",4.14202004873389,4.305259397195449,0.16323934846155908,0.16323934846155908
fp64_gpu_xla_sqmc_reference_comparison,exact_scope_frozen_controls; epsilon_validity_nomination_then_full_score_flow_grid,full_d10_T2,previous_inverse_cdf,201002,202001,True,"LQ[8,2]",0.3374304344756481,0.17472802650485897,-0.1627024079707891,0.1627024079707891
fp64_gpu_xla_sqmc_reference_comparison,exact_scope_frozen_controls; epsilon_validity_nomination_then_full_score_flow_grid,full_d10_T2,previous_inverse_cdf,201002,202001,True,"LQ[8,3]",1.4539093136809205,0.7284532300248335,-0.7254560836560869,0.7254560836560869
fp64_gpu_xla_sqmc_reference_comparison,exact_scope_frozen_controls; epsilon_validity_nomination_then_full_score_flow_grid,full_d10_T2,previous_inverse_cdf,201002,202001,True,"LQ[8,4]",-2.0391425394563996,-2.5030554823000415,-0.46391294284364193,0.46391294284364193
fp64_gpu_xla_sqmc_reference_comparison,exact_scope_frozen_controls; epsilon_validity_nomination_then_full_score_flow_grid,full_d10_T2,previous_inverse_cdf,201002,202001,True,"LQ[8,5]",-0.4564378834957353,0.3153257350976827,0.771763618593418,0.771763618593418
fp64_gpu_xla_sqmc_reference_comparison,exact_scope_frozen_controls; epsilon_validity_nomination_then_full_score_flow_grid,full_d10_T2,previous_inverse_cdf,201002,202001,True,"LQ[8,6]",1.4012897738729566,1.7473682577118002,0.34607848383884354,0.34607848383884354
fp64_gpu_xla_sqmc_reference_comparison,exact_scope_frozen_controls; epsilon_validity_nomination_then_full_score_flow_grid,full_d10_T2,previous_inverse_cdf,201002,202001,True,"LQ[8,7]",0.17133946603383868,-0.2627025703392558,-0.43404203637309446,0.43404203637309446
fp64_gpu_xla_sqmc_reference_comparison,exact_scope_frozen_controls; epsilon_validity_nomination_then_full_score_flow_grid,full_d10_T2,previous_inverse_cdf,201002,202001,True,"log_LQ[8,8]",1.1682691458042875,0.9348810979780064,-0.2333880478262811,0.2333880478262811
fp64_gpu_xla_sqmc_reference_comparison,exact_scope_frozen_controls; epsilon_validity_nomination_then_full_score_flow_grid,full_d10_T2,previous_inverse_cdf,201002,202001,True,"LQ[9,1]",-0.8701468888141831,-1.9841364118027454,-1.1139895229885624,1.1139895229885624
fp64_gpu_xla_sqmc_reference_comparison,exact_scope_frozen_controls; epsilon_validity_nomination_then_full_score_flow_grid,full_d10_T2,previous_inverse_cdf,201002,202001,True,"LQ[9,2]",-1.179946421866115,-0.3100126614600448,0.8699337604060703,0.8699337604060703
fp64_gpu_xla_sqmc_reference_comparison,exact_scope_frozen_controls; epsilon_validity_nomination_then_full_score_flow_grid,full_d10_T2,previous_inverse_cdf,201002,202001,True,"LQ[9,3]",0.07857091780600708,-0.32376704557357366,-0.4023379633795807,0.4023379633795807
fp64_gpu_xla_sqmc_reference_comparison,exact_scope_frozen_controls; epsilon_validity_nomination_then_full_score_flow_grid,full_d10_T2,previous_inverse_cdf,201002,202001,True,"LQ[9,4]",1.1854879450792555,0.7427449157439319,-0.4427430293353236,0.4427430293353236
fp64_gpu_xla_sqmc_reference_comparison,exact_scope_frozen_controls; epsilon_validity_nomination_then_full_score_flow_grid,full_d10_T2,previous_inverse_cdf,201002,202001,True,"LQ[9,5]",-1.3453460679438387,-0.3573742029289969,0.9879718650148418,0.9879718650148418
fp64_gpu_xla_sqmc_reference_comparison,exact_scope_frozen_controls; epsilon_validity_nomination_then_full_score_flow_grid,full_d10_T2,previous_inverse_cdf,201002,202001,True,"LQ[9,6]",-0.1470504728998937,0.023293412770949873,0.17034388567084358,0.17034388567084358
fp64_gpu_xla_sqmc_reference_comparison,exact_scope_frozen_controls; epsilon_validity_nomination_then_full_score_flow_grid,full_d10_T2,previous_inverse_cdf,201002,202001,True,"LQ[9,7]",0.8830205655057888,1.274958920369749,0.3919383548639601,0.3919383548639601
fp64_gpu_xla_sqmc_reference_comparison,exact_scope_frozen_controls; epsilon_validity_nomination_then_full_score_flow_grid,full_d10_T2,previous_inverse_cdf,201002,202001,True,"LQ[9,8]",-0.95797538856101,-1.7716091645120167,-0.8136337759510066,0.8136337759510066
fp64_gpu_xla_sqmc_reference_comparison,exact_scope_frozen_controls; epsilon_validity_nomination_then_full_score_flow_grid,full_d10_T2,previous_inverse_cdf,201002,202001,True,"log_LQ[9,9]",1.9285394163212866,1.000613673788136,-0.9279257425331506,0.9279257425331506
fp64_gpu_xla_sqmc_reference_comparison,exact_scope_frozen_controls; epsilon_validity_nomination_then_full_score_flow_grid,full_d10_T2,previous_inverse_cdf,201002,202001,True,"LQ[10,1]",-3.28562907683044,-2.687163522175385,0.5984655546550548,0.5984655546550548
fp64_gpu_xla_sqmc_reference_comparison,exact_scope_frozen_controls; epsilon_validity_nomination_then_full_score_flow_grid,full_d10_T2,previous_inverse_cdf,201002,202001,True,"LQ[10,2]",-0.26811043499851167,-0.3075091981619783,-0.03939876316346663,0.03939876316346663
fp64_gpu_xla_sqmc_reference_comparison,exact_scope_frozen_controls; epsilon_validity_nomination_then_full_score_flow_grid,full_d10_T2,previous_inverse_cdf,201002,202001,True,"LQ[10,3]",-1.1385895005226696,-1.241417597702858,-0.10282809718018848,0.10282809718018848
fp64_gpu_xla_sqmc_reference_comparison,exact_scope_frozen_controls; epsilon_validity_nomination_then_full_score_flow_grid,full_d10_T2,previous_inverse_cdf,201002,202001,True,"LQ[10,4]",1.5490022120701177,1.357118890586587,-0.1918833214835307,0.1918833214835307
fp64_gpu_xla_sqmc_reference_comparison,exact_scope_frozen_controls; epsilon_validity_nomination_then_full_score_flow_grid,full_d10_T2,previous_inverse_cdf,201002,202001,True,"LQ[10,5]",0.5020017481922647,0.5511173390278976,0.04911559083563288,0.04911559083563288
fp64_gpu_xla_sqmc_reference_comparison,exact_scope_frozen_controls; epsilon_validity_nomination_then_full_score_flow_grid,full_d10_T2,previous_inverse_cdf,201002,202001,True,"LQ[10,6]",-1.1927786832382359,-1.2666365619177897,-0.07385787867955385,0.07385787867955385
fp64_gpu_xla_sqmc_reference_comparison,exact_scope_frozen_controls; epsilon_validity_nomination_then_full_score_flow_grid,full_d10_T2,previous_inverse_cdf,201002,202001,True,"LQ[10,7]",-0.1358277232949584,-0.401021246173772,-0.2651935228788136,0.2651935228788136
fp64_gpu_xla_sqmc_reference_comparison,exact_scope_frozen_controls; epsilon_validity_nomination_then_full_score_flow_grid,full_d10_T2,previous_inverse_cdf,201002,202001,True,"LQ[10,8]",-3.7501656622458874,-3.6619982726263114,0.08816738961957604,0.08816738961957604
fp64_gpu_xla_sqmc_reference_comparison,exact_scope_frozen_controls; epsilon_validity_nomination_then_full_score_flow_grid,full_d10_T2,previous_inverse_cdf,201002,202001,True,"LQ[10,9]",0.058337349303251185,0.6779651384505851,0.619627789147334,0.619627789147334
fp64_gpu_xla_sqmc_reference_comparison,exact_scope_frozen_controls; epsilon_validity_nomination_then_full_score_flow_grid,full_d10_T2,previous_inverse_cdf,201002,202001,True,"log_LQ[10,10]",0.5508828589102073,0.4352381103551779,-0.11564474855502938,0.11564474855502938
fp64_gpu_xla_sqmc_reference_comparison,exact_scope_frozen_controls; epsilon_validity_nomination_then_full_score_flow_grid,full_d10_T2,previous_inverse_cdf,201002,202001,True,log_R_variance,-0.0150185033758042,-0.009265096106230886,0.005753407269573314,0.005753407269573314
fp64_gpu_xla_sqmc_reference_comparison,exact_scope_frozen_controls; epsilon_validity_nomination_then_full_score_flow_grid,full_d10_T2,previous_inverse_cdf,201002,202001,True,initial_mean_scale,0.7989855460525579,0.7760191651470388,-0.022966380905519057,0.022966380905519057
fp64_gpu_xla_sqmc_reference_comparison,exact_scope_frozen_controls; epsilon_validity_nomination_then_full_score_flow_grid,full_d10_T2,previous_inverse_cdf,201002,202002,True,"A[1,1]",0.7312515086799218,0.5152261230735831,-0.21602538560633877,0.21602538560633877
fp64_gpu_xla_sqmc_reference_comparison,exact_scope_frozen_controls; epsilon_validity_nomination_then_full_score_flow_grid,full_d10_T2,previous_inverse_cdf,201002,202002,True,"A[1,2]",-1.134026720692122,-1.7767528037225966,-0.6427260830304746,0.6427260830304746
fp64_gpu_xla_sqmc_reference_comparison,exact_scope_frozen_controls; epsilon_validity_nomination_then_full_score_flow_grid,full_d10_T2,previous_inverse_cdf,201002,202002,True,"A[1,3]",1.1007499902741107,1.0275531741574642,-0.07319681611664652,0.07319681611664652
fp64_gpu_xla_sqmc_reference_comparison,exact_scope_frozen_controls; epsilon_validity_nomination_then_full_score_flow_grid,full_d10_T2,previous_inverse_cdf,201002,202002,True,"A[1,4]",-0.1635294684215646,-0.30579989490612947,-0.14227042648456487,0.14227042648456487
fp64_gpu_xla_sqmc_reference_comparison,exact_scope_frozen_controls; epsilon_validity_nomination_then_full_score_flow_grid,full_d10_T2,previous_inverse_cdf,201002,202002,True,"A[1,5]",-1.523160339493569,-1.8410512728447161,-0.31789093335114704,0.31789093335114704
fp64_gpu_xla_sqmc_reference_comparison,exact_scope_frozen_controls; epsilon_validity_nomination_then_full_score_flow_grid,full_d10_T2,previous_inverse_cdf,201002,202002,True,"A[1,6]",0.6393651200679418,0.5224342447895098,-0.11693087527843193,0.11693087527843193
fp64_gpu_xla_sqmc_reference_comparison,exact_scope_frozen_controls; epsilon_validity_nomination_then_full_score_flow_grid,full_d10_T2,previous_inverse_cdf,201002,202002,True,"A[1,7]",0.9884282165645788,1.010958422175188,0.022530205610609144,0.022530205610609144
fp64_gpu_xla_sqmc_reference_comparison,exact_scope_frozen_controls; epsilon_validity_nomination_then_full_score_flow_grid,full_d10_T2,previous_inverse_cdf,201002,202002,True,"A[1,8]",1.6282401428692976,1.3644492753247721,-0.2637908675445255,0.2637908675445255
fp64_gpu_xla_sqmc_reference_comparison,exact_scope_frozen_controls; epsilon_validity_nomination_then_full_score_flow_grid,full_d10_T2,previous_inverse_cdf,201002,202002,True,"A[1,9]",5.626785268565081,6.159842938032338,0.5330576694672571,0.5330576694672571
fp64_gpu_xla_sqmc_reference_comparison,exact_scope_frozen_controls; epsilon_validity_nomination_then_full_score_flow_grid,full_d10_T2,previous_inverse_cdf,201002,202002,True,"A[1,10]",-2.2730825336074996,-1.9861355136930283,0.28694701991447125,0.28694701991447125
fp64_gpu_xla_sqmc_reference_comparison,exact_scope_frozen_controls; epsilon_validity_nomination_then_full_score_flow_grid,full_d10_T2,previous_inverse_cdf,201002,202002,True,"A[2,1]",0.03105161477407775,0.026004787489283372,-0.005046827284794379,0.005046827284794379
fp64_gpu_xla_sqmc_reference_comparison,exact_scope_frozen_controls; epsilon_validity_nomination_then_full_score_flow_grid,full_d10_T2,previous_inverse_cdf,201002,202002,True,"A[2,2]",-0.9902851937189366,-1.3673904614361214,-0.3771052677171848,0.3771052677171848
fp64_gpu_xla_sqmc_reference_comparison,exact_scope_frozen_controls; epsilon_validity_nomination_then_full_score_flow_grid,full_d10_T2,previous_inverse_cdf,201002,202002,True,"A[2,3]",0.025419564736536365,-0.09332966013049246,-0.11874922486702882,0.11874922486702882
fp64_gpu_xla_sqmc_reference_comparison,exact_scope_frozen_controls; epsilon_validity_nomination_then_full_score_flow_grid,full_d10_T2,previous_inverse_cdf,201002,202002,True,"A[2,4]",-0.015787818547178353,-0.140777648769641,-0.12498983022246264,0.12498983022246264
fp64_gpu_xla_sqmc_reference_comparison,exact_scope_frozen_controls; epsilon_validity_nomination_then_full_score_flow_grid,full_d10_T2,previous_inverse_cdf,201002,202002,True,"A[2,5]",0.0007243707767340957,-0.4262454529263495,-0.4269698237030836,0.4269698237030836
fp64_gpu_xla_sqmc_reference_comparison,exact_scope_frozen_controls; epsilon_validity_nomination_then_full_score_flow_grid,full_d10_T2,previous_inverse_cdf,201002,202002,True,"A[2,6]",-0.012636766101587094,-0.05087858228033283,-0.03824181617874574,0.03824181617874574
fp64_gpu_xla_sqmc_reference_comparison,exact_scope_frozen_controls; epsilon_validity_nomination_then_full_score_flow_grid,full_d10_T2,previous_inverse_cdf,201002,202002,True,"A[2,7]",0.028711044512336817,0.01405140742885995,-0.014659637083476867,0.014659637083476867
fp64_gpu_xla_sqmc_reference_comparison,exact_scope_frozen_controls; epsilon_validity_nomination_then_full_score_flow_grid,full_d10_T2,previous_inverse_cdf,201002,202002,True,"A[2,8]",-0.010709165902501205,-0.09370592990969473,-0.08299676400719352,0.08299676400719352
fp64_gpu_xla_sqmc_reference_comparison,exact_scope_frozen_controls; epsilon_validity_nomination_then_full_score_flow_grid,full_d10_T2,previous_inverse_cdf,201002,202002,True,"A[2,9]",0.06488621397927752,1.1352244724775593,1.070338258498282,1.070338258498282
fp64_gpu_xla_sqmc_reference_comparison,exact_scope_frozen_controls; epsilon_validity_nomination_then_full_score_flow_grid,full_d10_T2,previous_inverse_cdf,201002,202002,True,"A[2,10]",-0.041898392985108335,-0.40963423877784433,-0.367735845792736,0.367735845792736
fp64_gpu_xla_sqmc_reference_comparison,exact_scope_frozen_controls; epsilon_validity_nomination_then_full_score_flow_grid,full_d10_T2,previous_inverse_cdf,201002,202002,True,"A[3,1]",0.6254251229137281,0.536488812847961,-0.08893631006576708,0.08893631006576708
fp64_gpu_xla_sqmc_reference_comparison,exact_scope_frozen_controls; epsilon_validity_nomination_then_full_score_flow_grid,full_d10_T2,previous_inverse_cdf,201002,202002,True,"A[3,2]",-0.4197635352621021,-0.821051424989215,-0.40128788972711293,0.40128788972711293
fp64_gpu_xla_sqmc_reference_comparison,exact_scope_frozen_controls; epsilon_validity_nomination_then_full_score_flow_grid,full_d10_T2,previous_inverse_cdf,201002,202002,True,"A[3,3]",-0.559170127112457,-0.7286837533787616,-0.16951362626630462,0.16951362626630462
fp64_gpu_xla_sqmc_reference_comparison,exact_scope_frozen_controls; epsilon_validity_nomination_then_full_score_flow_grid,full_d10_T2,previous_inverse_cdf,201002,202002,True,"A[3,4]",-0.06211186347064271,-0.11207383120319192,-0.04996196773254921,0.04996196773254921
fp64_gpu_xla_sqmc_reference_comparison,exact_scope_frozen_controls; epsilon_validity_nomination_then_full_score_flow_grid,full_d10_T2,previous_inverse_cdf,201002,202002,True,"A[3,5]",-0.561892891214147,-0.6213791550321794,-0.05948626381803246,0.05948626381803246
fp64_gpu_xla_sqmc_reference_comparison,exact_scope_frozen_controls; epsilon_validity_nomination_then_full_score_flow_grid,full_d10_T2,previous_inverse_cdf,201002,202002,True,"A[3,6]",0.23674281202276254,0.37652540679624713,0.1397825947734846,0.1397825947734846
fp64_gpu_xla_sqmc_reference_comparison,exact_scope_frozen_controls; epsilon_validity_nomination_then_full_score_flow_grid,full_d10_T2,previous_inverse_cdf,201002,202002,True,"A[3,7]",0.3643272023600196,0.28292557169750265,-0.08140163066251693,0.08140163066251693
fp64_gpu_xla_sqmc_reference_comparison,exact_scope_frozen_controls; epsilon_validity_nomination_then_full_score_flow_grid,full_d10_T2,previous_inverse_cdf,201002,202002,True,"A[3,8]",0.6053165224194904,0.5545973349662959,-0.05071918745319448,0.05071918745319448
fp64_gpu_xla_sqmc_reference_comparison,exact_scope_frozen_controls; epsilon_validity_nomination_then_full_score_flow_grid,full_d10_T2,previous_inverse_cdf,201002,202002,True,"A[3,9]",2.0804911740092553,2.267635164746981,0.18714399073772547,0.18714399073772547
fp64_gpu_xla_sqmc_reference_comparison,exact_scope_frozen_controls; epsilon_validity_nomination_then_full_score_flow_grid,full_d10_T2,previous_inverse_cdf,201002,202002,True,"A[3,10]",-0.8377788441267946,-0.7038507370020783,0.13392810712471626,0.13392810712471626
fp64_gpu_xla_sqmc_reference_comparison,exact_scope_frozen_controls; epsilon_validity_nomination_then_full_score_flow_grid,full_d10_T2,previous_inverse_cdf,201002,202002,True,"A[4,1]",-0.7345625873009947,-0.5293975909262867,0.20516499637470798,0.20516499637470798
fp64_gpu_xla_sqmc_reference_comparison,exact_scope_frozen_controls; epsilon_validity_nomination_then_full_score_flow_grid,full_d10_T2,previous_inverse_cdf,201002,202002,True,"A[4,2]",0.5031972016963718,0.36573618495645627,-0.13746101673991556,0.13746101673991556
fp64_gpu_xla_sqmc_reference_comparison,exact_scope_frozen_controls; epsilon_validity_nomination_then_full_score_flow_grid,full_d10_T2,previous_inverse_cdf,201002,202002,True,"A[4,3]",-0.4915353579033352,-0.3548692910528237,0.13666606685051147,0.13666606685051147
fp64_gpu_xla_sqmc_reference_comparison,exact_scope_frozen_controls; epsilon_validity_nomination_then_full_score_flow_grid,full_d10_T2,previous_inverse_cdf,201002,202002,True,"A[4,4]",-0.8639553483728762,-0.6624251087087116,0.2015302396641646,0.2015302396641646
fp64_gpu_xla_sqmc_reference_comparison,exact_scope_frozen_controls; epsilon_validity_nomination_then_full_score_flow_grid,full_d10_T2,previous_inverse_cdf,201002,202002,True,"A[4,5]",0.594421946879726,0.7034561698046878,0.10903422292496179,0.10903422292496179
fp64_gpu_xla_sqmc_reference_comparison,exact_scope_frozen_controls; epsilon_validity_nomination_then_full_score_flow_grid,full_d10_T2,previous_inverse_cdf,201002,202002,True,"A[4,6]",-0.22752954966645683,0.059510206159933125,0.28703975582638996,0.28703975582638996
fp64_gpu_xla_sqmc_reference_comparison,exact_scope_frozen_controls; epsilon_validity_nomination_then_full_score_flow_grid,full_d10_T2,previous_inverse_cdf,201002,202002,True,"A[4,7]",-0.4443664308832553,-0.5940684563620973,-0.14970202547884198,0.14970202547884198
fp64_gpu_xla_sqmc_reference_comparison,exact_scope_frozen_controls; epsilon_validity_nomination_then_full_score_flow_grid,full_d10_T2,previous_inverse_cdf,201002,202002,True,"A[4,8]",-0.6330744464310756,-0.7038009281331925,-0.07072648170211693,0.07072648170211693
fp64_gpu_xla_sqmc_reference_comparison,exact_scope_frozen_controls; epsilon_validity_nomination_then_full_score_flow_grid,full_d10_T2,previous_inverse_cdf,201002,202002,True,"A[4,9]",-2.3516563954741354,-2.1625337310310835,0.18912266444305192,0.18912266444305192
fp64_gpu_xla_sqmc_reference_comparison,exact_scope_frozen_controls; epsilon_validity_nomination_then_full_score_flow_grid,full_d10_T2,previous_inverse_cdf,201002,202002,True,"A[4,10]",0.9712013340288347,0.9696673048503399,-0.0015340291784947668,0.0015340291784947668
fp64_gpu_xla_sqmc_reference_comparison,exact_scope_frozen_controls; epsilon_validity_nomination_then_full_score_flow_grid,full_d10_T2,previous_inverse_cdf,201002,202002,True,"A[5,1]",-0.3369411373365674,-0.3143420310232436,0.02259910631332379,0.02259910631332379
fp64_gpu_xla_sqmc_reference_comparison,exact_scope_frozen_controls; epsilon_validity_nomination_then_full_score_flow_grid,full_d10_T2,previous_inverse_cdf,201002,202002,True,"A[5,2]",0.203190604437217,0.21185512176882648,0.008664517331609473,0.008664517331609473
fp64_gpu_xla_sqmc_reference_comparison,exact_scope_frozen_controls; epsilon_validity_nomination_then_full_score_flow_grid,full_d10_T2,previous_inverse_cdf,201002,202002,True,"A[5,3]",-0.19312563149290843,-0.13268921875525175,0.06043641273765668,0.06043641273765668
fp64_gpu_xla_sqmc_reference_comparison,exact_scope_frozen_controls; epsilon_validity_nomination_then_full_score_flow_grid,full_d10_T2,previous_inverse_cdf,201002,202002,True,"A[5,4]",-0.029190325564111875,0.07162288071970327,0.10081320628381514,0.10081320628381514
fp64_gpu_xla_sqmc_reference_comparison,exact_scope_frozen_controls; epsilon_validity_nomination_then_full_score_flow_grid,full_d10_T2,previous_inverse_cdf,201002,202002,True,"A[5,5]",-0.531728068733793,-0.42297709234575964,0.10875097638803333,0.10875097638803333
fp64_gpu_xla_sqmc_reference_comparison,exact_scope_frozen_controls; epsilon_validity_nomination_then_full_score_flow_grid,full_d10_T2,previous_inverse_cdf,201002,202002,True,"A[5,6]",-0.2252756709429521,-0.41271505939468034,-0.18743938845172825,0.18743938845172825
fp64_gpu_xla_sqmc_reference_comparison,exact_scope_frozen_controls; epsilon_validity_nomination_then_full_score_flow_grid,full_d10_T2,previous_inverse_cdf,201002,202002,True,"A[5,7]",-0.16805086642022032,-0.44949016906088146,-0.28143930264066114,0.28143930264066114
fp64_gpu_xla_sqmc_reference_comparison,exact_scope_frozen_controls; epsilon_validity_nomination_then_full_score_flow_grid,full_d10_T2,previous_inverse_cdf,201002,202002,True,"A[5,8]",-0.4694135725392166,-0.611640152387214,-0.14222657984799741,0.14222657984799741
fp64_gpu_xla_sqmc_reference_comparison,exact_scope_frozen_controls; epsilon_validity_nomination_then_full_score_flow_grid,full_d10_T2,previous_inverse_cdf,201002,202002,True,"A[5,9]",-1.303654398695853,-1.0220627138778364,0.28159168481801666,0.28159168481801666
fp64_gpu_xla_sqmc_reference_comparison,exact_scope_frozen_controls; epsilon_validity_nomination_then_full_score_flow_grid,full_d10_T2,previous_inverse_cdf,201002,202002,True,"A[5,10]",0.48566513703063274,0.5134774391025126,0.027812302071879902,0.027812302071879902
fp64_gpu_xla_sqmc_reference_comparison,exact_scope_frozen_controls; epsilon_validity_nomination_then_full_score_flow_grid,full_d10_T2,previous_inverse_cdf,201002,202002,True,"A[6,1]",0.5531154842897016,0.2899953655409874,-0.26312011874871416,0.26312011874871416
fp64_gpu_xla_sqmc_reference_comparison,exact_scope_frozen_controls; epsilon_validity_nomination_then_full_score_flow_grid,full_d10_T2,previous_inverse_cdf,201002,202002,True,"A[6,2]",-0.35833410877018795,-0.5787892535708382,-0.22045514480065026,0.22045514480065026
fp64_gpu_xla_sqmc_reference_comparison,exact_scope_frozen_controls; epsilon_validity_nomination_then_full_score_flow_grid,full_d10_T2,previous_inverse_cdf,201002,202002,True,"A[6,3]",0.34581298345285155,0.4003681275722545,0.05455514411940293,0.05455514411940293
fp64_gpu_xla_sqmc_reference_comparison,exact_scope_frozen_controls; epsilon_validity_nomination_then_full_score_flow_grid,full_d10_T2,previous_inverse_cdf,201002,202002,True,"A[6,4]",-0.021039322087962276,0.13404203091518105,0.15508135300314332,0.15508135300314332
fp64_gpu_xla_sqmc_reference_comparison,exact_scope_frozen_controls; epsilon_validity_nomination_then_full_score_flow_grid,full_d10_T2,previous_inverse_cdf,201002,202002,True,"A[6,5]",-0.5648831210660903,-0.680594135676511,-0.11571101461042066,0.11571101461042066
fp64_gpu_xla_sqmc_reference_comparison,exact_scope_frozen_controls; epsilon_validity_nomination_then_full_score_flow_grid,full_d10_T2,previous_inverse_cdf,201002,202002,True,"A[6,6]",-0.7035989149413433,-0.5308440874450757,0.17275482749626758,0.17275482749626758
fp64_gpu_xla_sqmc_reference_comparison,exact_scope_frozen_controls; epsilon_validity_nomination_then_full_score_flow_grid,full_d10_T2,previous_inverse_cdf,201002,202002,True,"A[6,7]",0.30709587051325926,0.2933681371511082,-0.013727733362151051,0.013727733362151051
fp64_gpu_xla_sqmc_reference_comparison,exact_scope_frozen_controls; epsilon_validity_nomination_then_full_score_flow_grid,full_d10_T2,previous_inverse_cdf,201002,202002,True,"A[6,8]",0.6031172277434557,0.2062999678372719,-0.3968172599061838,0.3968172599061838
fp64_gpu_xla_sqmc_reference_comparison,exact_scope_frozen_controls; epsilon_validity_nomination_then_full_score_flow_grid,full_d10_T2,previous_inverse_cdf,201002,202002,True,"A[6,9]",1.9265044307099535,1.7953754837548797,-0.13112894695507382,0.13112894695507382
fp64_gpu_xla_sqmc_reference_comparison,exact_scope_frozen_controls; epsilon_validity_nomination_then_full_score_flow_grid,full_d10_T2,previous_inverse_cdf,201002,202002,True,"A[6,10]",-0.7593469144983636,-0.5330547171802676,0.2262921973180959,0.2262921973180959
fp64_gpu_xla_sqmc_reference_comparison,exact_scope_frozen_controls; epsilon_validity_nomination_then_full_score_flow_grid,full_d10_T2,previous_inverse_cdf,201002,202002,True,"A[7,1]",0.16852945039449574,-0.08491177985423459,-0.25344123024873033,0.25344123024873033
fp64_gpu_xla_sqmc_reference_comparison,exact_scope_frozen_controls; epsilon_validity_nomination_then_full_score_flow_grid,full_d10_T2,previous_inverse_cdf,201002,202002,True,"A[7,2]",-0.112512586760323,-0.2020467040486982,-0.08953411728837521,0.08953411728837521
fp64_gpu_xla_sqmc_reference_comparison,exact_scope_frozen_controls; epsilon_validity_nomination_then_full_score_flow_grid,full_d10_T2,previous_inverse_cdf,201002,202002,True,"A[7,3]",0.10964572990164437,-0.09108432816125026,-0.20073005806289462,0.20073005806289462
fp64_gpu_xla_sqmc_reference_comparison,exact_scope_frozen_controls; epsilon_validity_nomination_then_full_score_flow_grid,full_d10_T2,previous_inverse_cdf,201002,202002,True,"A[7,4]",-0.015534552118650534,-0.14368294414859495,-0.1281483920299444,0.1281483920299444
fp64_gpu_xla_sqmc_reference_comparison,exact_scope_frozen_controls; epsilon_validity_nomination_then_full_score_flow_grid,full_d10_T2,previous_inverse_cdf,201002,202002,True,"A[7,5]",-0.15654018970454656,-0.27726138280444185,-0.12072119309989529,0.12072119309989529
fp64_gpu_xla_sqmc_reference_comparison,exact_scope_frozen_controls; epsilon_validity_nomination_then_full_score_flow_grid,full_d10_T2,previous_inverse_cdf,201002,202002,True,"A[7,6]",0.0663245537225399,-0.013241308235446624,-0.07956586195798653,0.07956586195798653
fp64_gpu_xla_sqmc_reference_comparison,exact_scope_frozen_controls; epsilon_validity_nomination_then_full_score_flow_grid,full_d10_T2,previous_inverse_cdf,201002,202002,True,"A[7,7]",-0.8571511387444378,-1.1653078235606205,-0.30815668481618264,0.30815668481618264
fp64_gpu_xla_sqmc_reference_comparison,exact_scope_frozen_controls; epsilon_validity_nomination_then_full_score_flow_grid,full_d10_T2,previous_inverse_cdf,201002,202002,True,"A[7,8]",0.17106009296689326,-0.17347634067395468,-0.34453643364084796,0.34453643364084796
fp64_gpu_xla_sqmc_reference_comparison,exact_scope_frozen_controls; epsilon_validity_nomination_then_full_score_flow_grid,full_d10_T2,previous_inverse_cdf,201002,202002,True,"A[7,9]",0.5820243649359071,0.03710106461063342,-0.5449233003252737,0.5449233003252737
fp64_gpu_xla_sqmc_reference_comparison,exact_scope_frozen_controls; epsilon_validity_nomination_then_full_score_flow_grid,full_d10_T2,previous_inverse_cdf,201002,202002,True,"A[7,10]",-0.23216711270449616,0.030730173603698507,0.26289728630819464,0.26289728630819464
fp64_gpu_xla_sqmc_reference_comparison,exact_scope_frozen_controls; epsilon_validity_nomination_then_full_score_flow_grid,full_d10_T2,previous_inverse_cdf,201002,202002,True,"A[8,1]",1.7353548066345492,1.1502205597491597,-0.5851342468853895,0.5851342468853895
fp64_gpu_xla_sqmc_reference_comparison,exact_scope_frozen_controls; epsilon_validity_nomination_then_full_score_flow_grid,full_d10_T2,previous_inverse_cdf,201002,202002,True,"A[8,2]",-1.146658505220239,-1.6097444857543444,-0.46308598053410543,0.46308598053410543
fp64_gpu_xla_sqmc_reference_comparison,exact_scope_frozen_controls; epsilon_validity_nomination_then_full_score_flow_grid,full_d10_T2,previous_inverse_cdf,201002,202002,True,"A[8,3]",1.111521510651809,0.8528227624548725,-0.2586987481969365,0.2586987481969365
fp64_gpu_xla_sqmc_reference_comparison,exact_scope_frozen_controls; epsilon_validity_nomination_then_full_score_flow_grid,full_d10_T2,previous_inverse_cdf,201002,202002,True,"A[8,4]",-0.1281900518917811,-0.3365619586382532,-0.20837190674647213,0.20837190674647213
fp64_gpu_xla_sqmc_reference_comparison,exact_scope_frozen_controls; epsilon_validity_nomination_then_full_score_flow_grid,full_d10_T2,previous_inverse_cdf,201002,202002,True,"A[8,5]",-1.6436168351434204,-1.8404281055155818,-0.1968112703721614,0.1968112703721614
fp64_gpu_xla_sqmc_reference_comparison,exact_scope_frozen_controls; epsilon_validity_nomination_then_full_score_flow_grid,full_d10_T2,previous_inverse_cdf,201002,202002,True,"A[8,6]",0.7160276169284643,0.38023260360000216,-0.3357950133284621,0.3357950133284621
fp64_gpu_xla_sqmc_reference_comparison,exact_scope_frozen_controls; epsilon_validity_nomination_then_full_score_flow_grid,full_d10_T2,previous_inverse_cdf,201002,202002,True,"A[8,7]",0.9951195936096543,0.8979943161934427,-0.09712527741621158,0.09712527741621158
fp64_gpu_xla_sqmc_reference_comparison,exact_scope_frozen_controls; epsilon_validity_nomination_then_full_score_flow_grid,full_d10_T2,previous_inverse_cdf,201002,202002,True,"A[8,8]",0.8041375972733842,0.9192352877334757,0.11509769046009155,0.11509769046009155
fp64_gpu_xla_sqmc_reference_comparison,exact_scope_frozen_controls; epsilon_validity_nomination_then_full_score_flow_grid,full_d10_T2,previous_inverse_cdf,201002,202002,True,"A[8,9]",5.877913107425604,5.624631153122496,-0.25328195430310796,0.25328195430310796
fp64_gpu_xla_sqmc_reference_comparison,exact_scope_frozen_controls; epsilon_validity_nomination_then_full_score_flow_grid,full_d10_T2,previous_inverse_cdf,201002,202002,True,"A[8,10]",-2.3519829478562935,-2.192291338607465,0.1596916092488283,0.1596916092488283
fp64_gpu_xla_sqmc_reference_comparison,exact_scope_frozen_controls; epsilon_validity_nomination_then_full_score_flow_grid,full_d10_T2,previous_inverse_cdf,201002,202002,True,"A[9,1]",0.48238143573450964,0.5443656940484529,0.061984258313943275,0.061984258313943275
fp64_gpu_xla_sqmc_reference_comparison,exact_scope_frozen_controls; epsilon_validity_nomination_then_full_score_flow_grid,full_d10_T2,previous_inverse_cdf,201002,202002,True,"A[9,2]",-0.2774390773171912,-0.8656136183885034,-0.5881745410713122,0.5881745410713122
fp64_gpu_xla_sqmc_reference_comparison,exact_scope_frozen_controls; epsilon_validity_nomination_then_full_score_flow_grid,full_d10_T2,previous_inverse_cdf,201002,202002,True,"A[9,3]",0.26181344093393993,0.25191011760293347,-0.009903323331006464,0.009903323331006464
fp64_gpu_xla_sqmc_reference_comparison,exact_scope_frozen_controls; epsilon_validity_nomination_then_full_score_flow_grid,full_d10_T2,previous_inverse_cdf,201002,202002,True,"A[9,4]",0.07958030681123095,0.17088449258535904,0.09130418577412809,0.09130418577412809
fp64_gpu_xla_sqmc_reference_comparison,exact_scope_frozen_controls; epsilon_validity_nomination_then_full_score_flow_grid,full_d10_T2,previous_inverse_cdf,201002,202002,True,"A[9,5]",-0.712946573941716,-0.7850747123649764,-0.07212813842326038,0.07212813842326038
fp64_gpu_xla_sqmc_reference_comparison,exact_scope_frozen_controls; epsilon_validity_nomination_then_full_score_flow_grid,full_d10_T2,previous_inverse_cdf,201002,202002,True,"A[9,6]",0.392141747288317,0.8953935245733232,0.5032517772850063,0.5032517772850063
fp64_gpu_xla_sqmc_reference_comparison,exact_scope_frozen_controls; epsilon_validity_nomination_then_full_score_flow_grid,full_d10_T2,previous_inverse_cdf,201002,202002,True,"A[9,7]",0.22540956849963456,0.3112050343211521,0.08579546582151754,0.08579546582151754
fp64_gpu_xla_sqmc_reference_comparison,exact_scope_frozen_controls; epsilon_validity_nomination_then_full_score_flow_grid,full_d10_T2,previous_inverse_cdf,201002,202002,True,"A[9,8]",0.7915825653728665,0.8252025971352397,0.03362003176237316,0.03362003176237316
fp64_gpu_xla_sqmc_reference_comparison,exact_scope_frozen_controls; epsilon_validity_nomination_then_full_score_flow_grid,full_d10_T2,previous_inverse_cdf,201002,202002,True,"A[9,9]",1.0879411043054996,1.852885327392169,0.7649442230866694,0.7649442230866694
fp64_gpu_xla_sqmc_reference_comparison,exact_scope_frozen_controls; epsilon_validity_nomination_then_full_score_flow_grid,full_d10_T2,previous_inverse_cdf,201002,202002,True,"A[9,10]",-0.7254506627165145,-0.5013331583678904,0.2241175043486241,0.2241175043486241
fp64_gpu_xla_sqmc_reference_comparison,exact_scope_frozen_controls; epsilon_validity_nomination_then_full_score_flow_grid,full_d10_T2,previous_inverse_cdf,201002,202002,True,"A[10,1]",-1.4703028027989913,-1.1741601953741878,0.2961426074248035,0.2961426074248035
fp64_gpu_xla_sqmc_reference_comparison,exact_scope_frozen_controls; epsilon_validity_nomination_then_full_score_flow_grid,full_d10_T2,previous_inverse_cdf,201002,202002,True,"A[10,2]",0.9787230791304222,1.3124017312935923,0.33367865216317005,0.33367865216317005
fp64_gpu_xla_sqmc_reference_comparison,exact_scope_frozen_controls; epsilon_validity_nomination_then_full_score_flow_grid,full_d10_T2,previous_inverse_cdf,201002,202002,True,"A[10,3]",-0.9506704994673285,-0.8076447900090272,0.1430257094583013,0.1430257094583013
fp64_gpu_xla_sqmc_reference_comparison,exact_scope_frozen_controls; epsilon_validity_nomination_then_full_score_flow_grid,full_d10_T2,previous_inverse_cdf,201002,202002,True,"A[10,4]",0.12846236901356278,0.3116693068157333,0.1832069378021705,0.1832069378021705
fp64_gpu_xla_sqmc_reference_comparison,exact_scope_frozen_controls; epsilon_validity_nomination_then_full_score_flow_grid,full_d10_T2,previous_inverse_cdf,201002,202002,True,"A[10,5]",1.3553059419829165,1.7291763143378915,0.373870372354975,0.373870372354975
fp64_gpu_xla_sqmc_reference_comparison,exact_scope_frozen_controls; epsilon_validity_nomination_then_full_score_flow_grid,full_d10_T2,previous_inverse_cdf,201002,202002,True,"A[10,6]",-0.5769258811164317,-0.6290411953853244,-0.05211531426889271,0.05211531426889271
fp64_gpu_xla_sqmc_reference_comparison,exact_scope_frozen_controls; epsilon_validity_nomination_then_full_score_flow_grid,full_d10_T2,previous_inverse_cdf,201002,202002,True,"A[10,7]",-0.8591109619900291,-1.0740200569851563,-0.21490909499512723,0.21490909499512723
fp64_gpu_xla_sqmc_reference_comparison,exact_scope_frozen_controls; epsilon_validity_nomination_then_full_score_flow_grid,full_d10_T2,previous_inverse_cdf,201002,202002,True,"A[10,8]",-1.448651640235066,-1.7829998653621526,-0.3343482251270866,0.3343482251270866
fp64_gpu_xla_sqmc_reference_comparison,exact_scope_frozen_controls; epsilon_validity_nomination_then_full_score_flow_grid,full_d10_T2,previous_inverse_cdf,201002,202002,True,"A[10,9]",-4.956423352442867,-5.169879283848087,-0.21345593140522023,0.21345593140522023
fp64_gpu_xla_sqmc_reference_comparison,exact_scope_frozen_controls; epsilon_validity_nomination_then_full_score_flow_grid,full_d10_T2,previous_inverse_cdf,201002,202002,True,"A[10,10]",1.062547900188041,1.0305016254242976,-0.03204627476374333,0.03204627476374333
fp64_gpu_xla_sqmc_reference_comparison,exact_scope_frozen_controls; epsilon_validity_nomination_then_full_score_flow_grid,full_d10_T2,previous_inverse_cdf,201002,202002,True,"log_LQ[1,1]",0.8563964796406058,1.0929247440420093,0.2365282644014035,0.2365282644014035
fp64_gpu_xla_sqmc_reference_comparison,exact_scope_frozen_controls; epsilon_validity_nomination_then_full_score_flow_grid,full_d10_T2,previous_inverse_cdf,201002,202002,True,"LQ[2,1]",0.5045991758865005,0.6602242155133963,0.15562503962689578,0.15562503962689578
fp64_gpu_xla_sqmc_reference_comparison,exact_scope_frozen_controls; epsilon_validity_nomination_then_full_score_flow_grid,full_d10_T2,previous_inverse_cdf,201002,202002,True,"log_LQ[2,2]",-0.7298691258082188,-0.6580826742377852,0.07178645157043362,0.07178645157043362
fp64_gpu_xla_sqmc_reference_comparison,exact_scope_frozen_controls; epsilon_validity_nomination_then_full_score_flow_grid,full_d10_T2,previous_inverse_cdf,201002,202002,True,"LQ[3,1]",1.3580551816274582,1.200796632968026,-0.15725854865943223,0.15725854865943223
fp64_gpu_xla_sqmc_reference_comparison,exact_scope_frozen_controls; epsilon_validity_nomination_then_full_score_flow_grid,full_d10_T2,previous_inverse_cdf,201002,202002,True,"LQ[3,2]",0.13785106431993824,0.4212567267806856,0.2834056624607474,0.2834056624607474
fp64_gpu_xla_sqmc_reference_comparison,exact_scope_frozen_controls; epsilon_validity_nomination_then_full_score_flow_grid,full_d10_T2,previous_inverse_cdf,201002,202002,True,"log_LQ[3,3]",-0.6548207685774989,-0.3552775588716181,0.29954320970588083,0.29954320970588083
fp64_gpu_xla_sqmc_reference_comparison,exact_scope_frozen_controls; epsilon_validity_nomination_then_full_score_flow_grid,full_d10_T2,previous_inverse_cdf,201002,202002,True,"LQ[4,1]",-2.0624609907536398,-2.067583084848144,-0.005122094094504259,0.005122094094504259
fp64_gpu_xla_sqmc_reference_comparison,exact_scope_frozen_controls; epsilon_validity_nomination_then_full_score_flow_grid,full_d10_T2,previous_inverse_cdf,201002,202002,True,"LQ[4,2]",-0.4612787427683815,-0.3616912418113144,0.09958750095706709,0.09958750095706709
fp64_gpu_xla_sqmc_reference_comparison,exact_scope_frozen_controls; epsilon_validity_nomination_then_full_score_flow_grid,full_d10_T2,previous_inverse_cdf,201002,202002,True,"LQ[4,3]",-0.6076619798693106,-0.682566052782996,-0.0749040729136854,0.0749040729136854
fp64_gpu_xla_sqmc_reference_comparison,exact_scope_frozen_controls; epsilon_validity_nomination_then_full_score_flow_grid,full_d10_T2,previous_inverse_cdf,201002,202002,True,"log_LQ[4,4]",-0.38047693801323973,-0.6858955748318183,-0.30541863681857856,0.30541863681857856
fp64_gpu_xla_sqmc_reference_comparison,exact_scope_frozen_controls; epsilon_validity_nomination_then_full_score_flow_grid,full_d10_T2,previous_inverse_cdf,201002,202002,True,"LQ[5,1]",-0.2529346671738611,-0.6467857643876656,-0.39385109721380446,0.39385109721380446
fp64_gpu_xla_sqmc_reference_comparison,exact_scope_frozen_controls; epsilon_validity_nomination_then_full_score_flow_grid,full_d10_T2,previous_inverse_cdf,201002,202002,True,"LQ[5,2]",0.3696061839551842,-0.13331855608453164,-0.5029247400397159,0.5029247400397159
fp64_gpu_xla_sqmc_reference_comparison,exact_scope_frozen_controls; epsilon_validity_nomination_then_full_score_flow_grid,full_d10_T2,previous_inverse_cdf,201002,202002,True,"LQ[5,3]",-0.23435686387279125,-0.4858168390620069,-0.25145997518921565,0.25145997518921565
fp64_gpu_xla_sqmc_reference_comparison,exact_scope_frozen_controls; epsilon_validity_nomination_then_full_score_flow_grid,full_d10_T2,previous_inverse_cdf,201002,202002,True,"LQ[5,4]",-0.09237229223627566,-0.23553536238550835,-0.14316307014923269,0.14316307014923269
fp64_gpu_xla_sqmc_reference_comparison,exact_scope_frozen_controls; epsilon_validity_nomination_then_full_score_flow_grid,full_d10_T2,previous_inverse_cdf,201002,202002,True,"log_LQ[5,5]",-0.7124758311884026,-0.8740733686389601,-0.1615975374505575,0.1615975374505575
fp64_gpu_xla_sqmc_reference_comparison,exact_scope_frozen_controls; epsilon_validity_nomination_then_full_score_flow_grid,full_d10_T2,previous_inverse_cdf,201002,202002,True,"LQ[6,1]",1.2270166282940251,1.899799123436146,0.6727824951421209,0.6727824951421209
fp64_gpu_xla_sqmc_reference_comparison,exact_scope_frozen_controls; epsilon_validity_nomination_then_full_score_flow_grid,full_d10_T2,previous_inverse_cdf,201002,202002,True,"LQ[6,2]",-0.007302482010661936,0.8271263325438271,0.834428814554489,0.834428814554489
fp64_gpu_xla_sqmc_reference_comparison,exact_scope_frozen_controls; epsilon_validity_nomination_then_full_score_flow_grid,full_d10_T2,previous_inverse_cdf,201002,202002,True,"LQ[6,3]",0.4745323155252654,0.6133663039016464,0.13883398837638095,0.13883398837638095
fp64_gpu_xla_sqmc_reference_comparison,exact_scope_frozen_controls; epsilon_validity_nomination_then_full_score_flow_grid,full_d10_T2,previous_inverse_cdf,201002,202002,True,"LQ[6,4]",-0.5624907068122629,-1.2481969156680395,-0.6857062088557766,0.6857062088557766
fp64_gpu_xla_sqmc_reference_comparison,exact_scope_frozen_controls; epsilon_validity_nomination_then_full_score_flow_grid,full_d10_T2,previous_inverse_cdf,201002,202002,True,"LQ[6,5]",-0.21000220959353194,0.24635938462740875,0.4563615942209407,0.4563615942209407
fp64_gpu_xla_sqmc_reference_comparison,exact_scope_frozen_controls; epsilon_validity_nomination_then_full_score_flow_grid,full_d10_T2,previous_inverse_cdf,201002,202002,True,"log_LQ[6,6]",-0.7560662705712876,-0.8802516742108588,-0.1241854036395712,0.1241854036395712
fp64_gpu_xla_sqmc_reference_comparison,exact_scope_frozen_controls; epsilon_validity_nomination_then_full_score_flow_grid,full_d10_T2,previous_inverse_cdf,201002,202002,True,"LQ[7,1]",0.14015171257657694,0.34545769259310316,0.20530598001652622,0.20530598001652622
fp64_gpu_xla_sqmc_reference_comparison,exact_scope_frozen_controls; epsilon_validity_nomination_then_full_score_flow_grid,full_d10_T2,previous_inverse_cdf,201002,202002,True,"LQ[7,2]",-0.06346458849758439,0.4415650199229749,0.5050296084205593,0.5050296084205593
fp64_gpu_xla_sqmc_reference_comparison,exact_scope_frozen_controls; epsilon_validity_nomination_then_full_score_flow_grid,full_d10_T2,previous_inverse_cdf,201002,202002,True,"LQ[7,3]",0.06694141177826747,0.232367583731645,0.16542617195337755,0.16542617195337755
fp64_gpu_xla_sqmc_reference_comparison,exact_scope_frozen_controls; epsilon_validity_nomination_then_full_score_flow_grid,full_d10_T2,previous_inverse_cdf,201002,202002,True,"LQ[7,4]",0.020796028010029784,-0.05302648205843383,-0.0738225100684636,0.0738225100684636
fp64_gpu_xla_sqmc_reference_comparison,exact_scope_frozen_controls; epsilon_validity_nomination_then_full_score_flow_grid,full_d10_T2,previous_inverse_cdf,201002,202002,True,"LQ[7,5]",-0.19169586369714367,-0.09409242155479414,0.09760344214234953,0.09760344214234953
fp64_gpu_xla_sqmc_reference_comparison,exact_scope_frozen_controls; epsilon_validity_nomination_then_full_score_flow_grid,full_d10_T2,previous_inverse_cdf,201002,202002,True,"LQ[7,6]",0.10303158406422219,-0.12424772751831593,-0.2272793115825381,0.2272793115825381
fp64_gpu_xla_sqmc_reference_comparison,exact_scope_frozen_controls; epsilon_validity_nomination_then_full_score_flow_grid,full_d10_T2,previous_inverse_cdf,201002,202002,True,"log_LQ[7,7]",-0.930947611946091,-0.8398592429372189,0.09108836900887207,0.09108836900887207
fp64_gpu_xla_sqmc_reference_comparison,exact_scope_frozen_controls; epsilon_validity_nomination_then_full_score_flow_grid,full_d10_T2,previous_inverse_cdf,201002,202002,True,"LQ[8,1]",4.14202004873389,4.502158016658649,0.36013796792475894,0.36013796792475894
fp64_gpu_xla_sqmc_reference_comparison,exact_scope_frozen_controls; epsilon_validity_nomination_then_full_score_flow_grid,full_d10_T2,previous_inverse_cdf,201002,202002,True,"LQ[8,2]",0.3374304344756481,0.6905032808549812,0.35307284637933317,0.35307284637933317
fp64_gpu_xla_sqmc_reference_comparison,exact_scope_frozen_controls; epsilon_validity_nomination_then_full_score_flow_grid,full_d10_T2,previous_inverse_cdf,201002,202002,True,"LQ[8,3]",1.4539093136809205,1.6260493642815241,0.17214005060060367,0.17214005060060367
fp64_gpu_xla_sqmc_reference_comparison,exact_scope_frozen_controls; epsilon_validity_nomination_then_full_score_flow_grid,full_d10_T2,previous_inverse_cdf,201002,202002,True,"LQ[8,4]",-2.0391425394563996,-1.6442663873680714,0.39487615208832816,0.39487615208832816
fp64_gpu_xla_sqmc_reference_comparison,exact_scope_frozen_controls; epsilon_validity_nomination_then_full_score_flow_grid,full_d10_T2,previous_inverse_cdf,201002,202002,True,"LQ[8,5]",-0.4564378834957353,-0.5708468441818424,-0.11440896068610712,0.11440896068610712
fp64_gpu_xla_sqmc_reference_comparison,exact_scope_frozen_controls; epsilon_validity_nomination_then_full_score_flow_grid,full_d10_T2,previous_inverse_cdf,201002,202002,True,"LQ[8,6]",1.4012897738729566,1.727561277863658,0.3262715039907014,0.3262715039907014
fp64_gpu_xla_sqmc_reference_comparison,exact_scope_frozen_controls; epsilon_validity_nomination_then_full_score_flow_grid,full_d10_T2,previous_inverse_cdf,201002,202002,True,"LQ[8,7]",0.17133946603383868,0.4023322394156812,0.23099277338184251,0.23099277338184251
fp64_gpu_xla_sqmc_reference_comparison,exact_scope_frozen_controls; epsilon_validity_nomination_then_full_score_flow_grid,full_d10_T2,previous_inverse_cdf,201002,202002,True,"log_LQ[8,8]",1.1682691458042875,1.0205857603023962,-0.1476833855018913,0.1476833855018913
fp64_gpu_xla_sqmc_reference_comparison,exact_scope_frozen_controls; epsilon_validity_nomination_then_full_score_flow_grid,full_d10_T2,previous_inverse_cdf,201002,202002,True,"LQ[9,1]",-0.8701468888141831,-0.8861914784070265,-0.016044589592843383,0.016044589592843383
fp64_gpu_xla_sqmc_reference_comparison,exact_scope_frozen_controls; epsilon_validity_nomination_then_full_score_flow_grid,full_d10_T2,previous_inverse_cdf,201002,202002,True,"LQ[9,2]",-1.179946421866115,-0.5933962097057981,0.586550212160317,0.586550212160317
fp64_gpu_xla_sqmc_reference_comparison,exact_scope_frozen_controls; epsilon_validity_nomination_then_full_score_flow_grid,full_d10_T2,previous_inverse_cdf,201002,202002,True,"LQ[9,3]",0.07857091780600708,0.1517152533080246,0.07314433550201752,0.07314433550201752
fp64_gpu_xla_sqmc_reference_comparison,exact_scope_frozen_controls; epsilon_validity_nomination_then_full_score_flow_grid,full_d10_T2,previous_inverse_cdf,201002,202002,True,"LQ[9,4]",1.1854879450792555,0.6679193077131902,-0.5175686373660653,0.5175686373660653
fp64_gpu_xla_sqmc_reference_comparison,exact_scope_frozen_controls; epsilon_validity_nomination_then_full_score_flow_grid,full_d10_T2,previous_inverse_cdf,201002,202002,True,"LQ[9,5]",-1.3453460679438387,-1.677124205034727,-0.3317781370908883,0.3317781370908883
fp64_gpu_xla_sqmc_reference_comparison,exact_scope_frozen_controls; epsilon_validity_nomination_then_full_score_flow_grid,full_d10_T2,previous_inverse_cdf,201002,202002,True,"LQ[9,6]",-0.1470504728998937,-1.039925818316898,-0.8928753454170043,0.8928753454170043
fp64_gpu_xla_sqmc_reference_comparison,exact_scope_frozen_controls; epsilon_validity_nomination_then_full_score_flow_grid,full_d10_T2,previous_inverse_cdf,201002,202002,True,"LQ[9,7]",0.8830205655057888,0.8646524040838597,-0.018368161421929097,0.018368161421929097
fp64_gpu_xla_sqmc_reference_comparison,exact_scope_frozen_controls; epsilon_validity_nomination_then_full_score_flow_grid,full_d10_T2,previous_inverse_cdf,201002,202002,True,"LQ[9,8]",-0.95797538856101,-0.43921384240557715,0.5187615461554329,0.5187615461554329
fp64_gpu_xla_sqmc_reference_comparison,exact_scope_frozen_controls; epsilon_validity_nomination_then_full_score_flow_grid,full_d10_T2,previous_inverse_cdf,201002,202002,True,"log_LQ[9,9]",1.9285394163212866,1.6060418204683293,-0.32249759585295723,0.32249759585295723
fp64_gpu_xla_sqmc_reference_comparison,exact_scope_frozen_controls; epsilon_validity_nomination_then_full_score_flow_grid,full_d10_T2,previous_inverse_cdf,201002,202002,True,"LQ[10,1]",-3.28562907683044,-4.000684306411633,-0.7150552295811927,0.7150552295811927
fp64_gpu_xla_sqmc_reference_comparison,exact_scope_frozen_controls; epsilon_validity_nomination_then_full_score_flow_grid,full_d10_T2,previous_inverse_cdf,201002,202002,True,"LQ[10,2]",-0.26811043499851167,-0.7083958148576843,-0.44028537985917265,0.44028537985917265
fp64_gpu_xla_sqmc_reference_comparison,exact_scope_frozen_controls; epsilon_validity_nomination_then_full_score_flow_grid,full_d10_T2,previous_inverse_cdf,201002,202002,True,"LQ[10,3]",-1.1385895005226696,-1.4904458672641105,-0.35185636674144094,0.35185636674144094
fp64_gpu_xla_sqmc_reference_comparison,exact_scope_frozen_controls; epsilon_validity_nomination_then_full_score_flow_grid,full_d10_T2,previous_inverse_cdf,201002,202002,True,"LQ[10,4]",1.5490022120701177,1.5658099076784096,0.016807695608291873,0.016807695608291873
fp64_gpu_xla_sqmc_reference_comparison,exact_scope_frozen_controls; epsilon_validity_nomination_then_full_score_flow_grid,full_d10_T2,previous_inverse_cdf,201002,202002,True,"LQ[10,5]",0.5020017481922647,0.01911282474062989,-0.4828889234516348,0.4828889234516348
fp64_gpu_xla_sqmc_reference_comparison,exact_scope_frozen_controls; epsilon_validity_nomination_then_full_score_flow_grid,full_d10_T2,previous_inverse_cdf,201002,202002,True,"LQ[10,6]",-1.1927786832382359,-1.0840532235900215,0.10872545964821434,0.10872545964821434
fp64_gpu_xla_sqmc_reference_comparison,exact_scope_frozen_controls; epsilon_validity_nomination_then_full_score_flow_grid,full_d10_T2,previous_inverse_cdf,201002,202002,True,"LQ[10,7]",-0.1358277232949584,-0.031972812299407585,0.10385491099555082,0.10385491099555082
fp64_gpu_xla_sqmc_reference_comparison,exact_scope_frozen_controls; epsilon_validity_nomination_then_full_score_flow_grid,full_d10_T2,previous_inverse_cdf,201002,202002,True,"LQ[10,8]",-3.7501656622458874,-4.0448126061354195,-0.29464694388953205,0.29464694388953205
fp64_gpu_xla_sqmc_reference_comparison,exact_scope_frozen_controls; epsilon_validity_nomination_then_full_score_flow_grid,full_d10_T2,previous_inverse_cdf,201002,202002,True,"LQ[10,9]",0.058337349303251185,-0.04241585364097067,-0.10075320294422185,0.10075320294422185
fp64_gpu_xla_sqmc_reference_comparison,exact_scope_frozen_controls; epsilon_validity_nomination_then_full_score_flow_grid,full_d10_T2,previous_inverse_cdf,201002,202002,True,"log_LQ[10,10]",0.5508828589102073,0.5905176801342387,0.03963482122403139,0.03963482122403139
fp64_gpu_xla_sqmc_reference_comparison,exact_scope_frozen_controls; epsilon_validity_nomination_then_full_score_flow_grid,full_d10_T2,previous_inverse_cdf,201002,202002,True,log_R_variance,-0.0150185033758042,0.3209290220934914,0.33594752546929557,0.33594752546929557
fp64_gpu_xla_sqmc_reference_comparison,exact_scope_frozen_controls; epsilon_validity_nomination_then_full_score_flow_grid,full_d10_T2,previous_inverse_cdf,201002,202002,True,initial_mean_scale,0.7989855460525579,0.8271543734833119,0.028168827430753995,0.028168827430753995
fp64_gpu_xla_sqmc_reference_comparison,exact_scope_frozen_controls; epsilon_validity_nomination_then_full_score_flow_grid,full_d10_T2,repaired_permutation,201001,202001,True,"A[1,1]",-1.8405412628695577,-1.8075654461342558,0.03297581673530181,0.03297581673530181
fp64_gpu_xla_sqmc_reference_comparison,exact_scope_frozen_controls; epsilon_validity_nomination_then_full_score_flow_grid,full_d10_T2,repaired_permutation,201001,202001,True,"A[1,2]",0.12405711303755015,-0.16205769256529867,-0.28611480560284885,0.28611480560284885
fp64_gpu_xla_sqmc_reference_comparison,exact_scope_frozen_controls; epsilon_validity_nomination_then_full_score_flow_grid,full_d10_T2,repaired_permutation,201001,202001,True,"A[1,3]",1.2083689603215206,0.8400332008961597,-0.3683357594253609,0.3683357594253609
fp64_gpu_xla_sqmc_reference_comparison,exact_scope_frozen_controls; epsilon_validity_nomination_then_full_score_flow_grid,full_d10_T2,repaired_permutation,201001,202001,True,"A[1,4]",0.9039498160966681,1.332789146232856,0.4288393301361879,0.4288393301361879
fp64_gpu_xla_sqmc_reference_comparison,exact_scope_frozen_controls; epsilon_validity_nomination_then_full_score_flow_grid,full_d10_T2,repaired_permutation,201001,202001,True,"A[1,5]",1.6233540589401598,0.8526328671815557,-0.7707211917586041,0.7707211917586041
fp64_gpu_xla_sqmc_reference_comparison,exact_scope_frozen_controls; epsilon_validity_nomination_then_full_score_flow_grid,full_d10_T2,repaired_permutation,201001,202001,True,"A[1,6]",-0.8951698812224791,-0.3629771966488047,0.5321926845736744,0.5321926845736744
fp64_gpu_xla_sqmc_reference_comparison,exact_scope_frozen_controls; epsilon_validity_nomination_then_full_score_flow_grid,full_d10_T2,repaired_permutation,201001,202001,True,"A[1,7]",1.0983795483826784,0.6939305753144898,-0.4044489730681886,0.4044489730681886
fp64_gpu_xla_sqmc_reference_comparison,exact_scope_frozen_controls; epsilon_validity_nomination_then_full_score_flow_grid,full_d10_T2,repaired_permutation,201001,202001,True,"A[1,8]",-0.19487576566126597,-0.18295052836920592,0.011925237292060048,0.011925237292060048
fp64_gpu_xla_sqmc_reference_comparison,exact_scope_frozen_controls; epsilon_validity_nomination_then_full_score_flow_grid,full_d10_T2,repaired_permutation,201001,202001,True,"A[1,9]",0.8315412439221966,0.6342650790598747,-0.1972761648623219,0.1972761648623219
fp64_gpu_xla_sqmc_reference_comparison,exact_scope_frozen_controls; epsilon_validity_nomination_then_full_score_flow_grid,full_d10_T2,repaired_permutation,201001,202001,True,"A[1,10]",-0.10510141849900892,0.32896626564156617,0.43406768414057506,0.43406768414057506
fp64_gpu_xla_sqmc_reference_comparison,exact_scope_frozen_controls; epsilon_validity_nomination_then_full_score_flow_grid,full_d10_T2,repaired_permutation,201001,202001,True,"A[2,1]",0.334244377419867,0.07556766560043437,-0.25867671181943264,0.25867671181943264
fp64_gpu_xla_sqmc_reference_comparison,exact_scope_frozen_controls; epsilon_validity_nomination_then_full_score_flow_grid,full_d10_T2,repaired_permutation,201001,202001,True,"A[2,2]",-1.009325865451665,-1.2311426170502218,-0.22181675159855674,0.22181675159855674
fp64_gpu_xla_sqmc_reference_comparison,exact_scope_frozen_controls; epsilon_validity_nomination_then_full_score_flow_grid,full_d10_T2,repaired_permutation,201001,202001,True,"A[2,3]",-0.4740926697431398,-0.5441050771690941,-0.07001240742595427,0.07001240742595427
fp64_gpu_xla_sqmc_reference_comparison,exact_scope_frozen_controls; epsilon_validity_nomination_then_full_score_flow_grid,full_d10_T2,repaired_permutation,201001,202001,True,"A[2,4]",-0.3507452514565778,-0.5140927910901544,-0.16334753963357657,0.16334753963357657
fp64_gpu_xla_sqmc_reference_comparison,exact_scope_frozen_controls; epsilon_validity_nomination_then_full_score_flow_grid,full_d10_T2,repaired_permutation,201001,202001,True,"A[2,5]",-0.6356039536416009,-0.09211674789737162,0.5434872057442293,0.5434872057442293
fp64_gpu_xla_sqmc_reference_comparison,exact_scope_frozen_controls; epsilon_validity_nomination_then_full_score_flow_grid,full_d10_T2,repaired_permutation,201001,202001,True,"A[2,6]",0.3502951834202437,0.11282966067859429,-0.2374655227416494,0.2374655227416494
fp64_gpu_xla_sqmc_reference_comparison,exact_scope_frozen_controls; epsilon_validity_nomination_then_full_score_flow_grid,full_d10_T2,repaired_permutation,201001,202001,True,"A[2,7]",-0.4296347361027879,-0.3973744645634706,0.03226027153931732,0.03226027153931732
fp64_gpu_xla_sqmc_reference_comparison,exact_scope_frozen_controls; epsilon_validity_nomination_then_full_score_flow_grid,full_d10_T2,repaired_permutation,201001,202001,True,"A[2,8]",0.07446516390295842,0.10711012861404431,0.0326449647110859,0.0326449647110859
fp64_gpu_xla_sqmc_reference_comparison,exact_scope_frozen_controls; epsilon_validity_nomination_then_full_score_flow_grid,full_d10_T2,repaired_permutation,201001,202001,True,"A[2,9]",-0.32411968950971254,0.004084198671725034,0.3282038881814376,0.3282038881814376
fp64_gpu_xla_sqmc_reference_comparison,exact_scope_frozen_controls; epsilon_validity_nomination_then_full_score_flow_grid,full_d10_T2,repaired_permutation,201001,202001,True,"A[2,10]",0.038075704787584985,-0.0944548533733251,-0.13253055816091008,0.13253055816091008
fp64_gpu_xla_sqmc_reference_comparison,exact_scope_frozen_controls; epsilon_validity_nomination_then_full_score_flow_grid,full_d10_T2,repaired_permutation,201001,202001,True,"A[3,1]",-0.0973508956488851,-0.22964550625556546,-0.13229461060668035,0.13229461060668035
fp64_gpu_xla_sqmc_reference_comparison,exact_scope_frozen_controls; epsilon_validity_nomination_then_full_score_flow_grid,full_d10_T2,repaired_permutation,201001,202001,True,"A[3,2]",0.05007209635770711,-0.12128575557580012,-0.17135785193350722,0.17135785193350722
fp64_gpu_xla_sqmc_reference_comparison,exact_scope_frozen_controls; epsilon_validity_nomination_then_full_score_flow_grid,full_d10_T2,repaired_permutation,201001,202001,True,"A[3,3]",-0.8862376853492326,-0.9464006848226488,-0.06016299947341619,0.06016299947341619
fp64_gpu_xla_sqmc_reference_comparison,exact_scope_frozen_controls; epsilon_validity_nomination_then_full_score_flow_grid,full_d10_T2,repaired_permutation,201001,202001,True,"A[3,4]",0.16606854318272946,-0.16006716390113906,-0.3261357070838685,0.3261357070838685
fp64_gpu_xla_sqmc_reference_comparison,exact_scope_frozen_controls; epsilon_validity_nomination_then_full_score_flow_grid,full_d10_T2,repaired_permutation,201001,202001,True,"A[3,5]",0.13870366199830464,0.4166312740450058,0.27792761204670113,0.27792761204670113
fp64_gpu_xla_sqmc_reference_comparison,exact_scope_frozen_controls; epsilon_validity_nomination_then_full_score_flow_grid,full_d10_T2,repaired_permutation,201001,202001,True,"A[3,6]",-0.046921523553172806,-0.27585917714117203,-0.22893765358799922,0.22893765358799922
fp64_gpu_xla_sqmc_reference_comparison,exact_scope_frozen_controls; epsilon_validity_nomination_then_full_score_flow_grid,full_d10_T2,repaired_permutation,201001,202001,True,"A[3,7]",0.07793381153520185,0.3753943208814609,0.29746050934625906,0.29746050934625906
fp64_gpu_xla_sqmc_reference_comparison,exact_scope_frozen_controls; epsilon_validity_nomination_then_full_score_flow_grid,full_d10_T2,repaired_permutation,201001,202001,True,"A[3,8]",0.050505118534347346,-0.1564061992283261,-0.20691131776267346,0.20691131776267346
fp64_gpu_xla_sqmc_reference_comparison,exact_scope_frozen_controls; epsilon_validity_nomination_then_full_score_flow_grid,full_d10_T2,repaired_permutation,201001,202001,True,"A[3,9]",0.044756981826564735,0.36108953541943667,0.31633255359287193,0.31633255359287193
fp64_gpu_xla_sqmc_reference_comparison,exact_scope_frozen_controls; epsilon_validity_nomination_then_full_score_flow_grid,full_d10_T2,repaired_permutation,201001,202001,True,"A[3,10]",0.06220362058178791,-0.2532097325263862,-0.3154133531081741,0.3154133531081741
fp64_gpu_xla_sqmc_reference_comparison,exact_scope_frozen_controls; epsilon_validity_nomination_then_full_score_flow_grid,full_d10_T2,repaired_permutation,201001,202001,True,"A[4,1]",-0.12879264023887926,-0.04170260021055783,0.08709004002832144,0.08709004002832144
fp64_gpu_xla_sqmc_reference_comparison,exact_scope_frozen_controls; epsilon_validity_nomination_then_full_score_flow_grid,full_d10_T2,repaired_permutation,201001,202001,True,"A[4,2]",0.08510133903903572,-0.008551837375050886,-0.0936531764140866,0.0936531764140866
fp64_gpu_xla_sqmc_reference_comparison,exact_scope_frozen_controls; epsilon_validity_nomination_then_full_score_flow_grid,full_d10_T2,repaired_permutation,201001,202001,True,"A[4,3]",0.046810962329739025,0.23280916759347692,0.1859982052637379,0.1859982052637379
fp64_gpu_xla_sqmc_reference_comparison,exact_scope_frozen_controls; epsilon_validity_nomination_then_full_score_flow_grid,full_d10_T2,repaired_permutation,201001,202001,True,"A[4,4]",-0.7594570487421703,-0.9477995497164764,-0.18834250097430605,0.18834250097430605
fp64_gpu_xla_sqmc_reference_comparison,exact_scope_frozen_controls; epsilon_validity_nomination_then_full_score_flow_grid,full_d10_T2,repaired_permutation,201001,202001,True,"A[4,5]",0.10909897052106454,0.9105386619913879,0.8014396914703233,0.8014396914703233
fp64_gpu_xla_sqmc_reference_comparison,exact_scope_frozen_controls; epsilon_validity_nomination_then_full_score_flow_grid,full_d10_T2,repaired_permutation,201001,202001,True,"A[4,6]",-0.016286079591655955,-0.4611793756286213,-0.44489329603696537,0.44489329603696537
fp64_gpu_xla_sqmc_reference_comparison,exact_scope_frozen_controls; epsilon_validity_nomination_then_full_score_flow_grid,full_d10_T2,repaired_permutation,201001,202001,True,"A[4,7]",0.051161770698915365,0.50870885579329,0.4575470850943746,0.4575470850943746
fp64_gpu_xla_sqmc_reference_comparison,exact_scope_frozen_controls; epsilon_validity_nomination_then_full_score_flow_grid,full_d10_T2,repaired_permutation,201001,202001,True,"A[4,8]",0.0806084794867568,0.18078983530306728,0.10018135581631048,0.10018135581631048
fp64_gpu_xla_sqmc_reference_comparison,exact_scope_frozen_controls; epsilon_validity_nomination_then_full_score_flow_grid,full_d10_T2,repaired_permutation,201001,202001,True,"A[4,9]",0.02161959526692292,0.4415085910070653,0.4198889957401424,0.4198889957401424
fp64_gpu_xla_sqmc_reference_comparison,exact_scope_frozen_controls; epsilon_validity_nomination_then_full_score_flow_grid,full_d10_T2,repaired_permutation,201001,202001,True,"A[4,10]",0.08782273411889809,-0.3473605257642981,-0.43518325988319617,0.43518325988319617
fp64_gpu_xla_sqmc_reference_comparison,exact_scope_frozen_controls; epsilon_validity_nomination_then_full_score_flow_grid,full_d10_T2,repaired_permutation,201001,202001,True,"A[5,1]",-1.151631566668114,-1.0948860304484058,0.05674553621970824,0.05674553621970824
fp64_gpu_xla_sqmc_reference_comparison,exact_scope_frozen_controls; epsilon_validity_nomination_then_full_score_flow_grid,full_d10_T2,repaired_permutation,201001,202001,True,"A[5,2]",0.28388815184752636,0.39016601357690817,0.1062778617293818,0.1062778617293818
fp64_gpu_xla_sqmc_reference_comparison,exact_scope_frozen_controls; epsilon_validity_nomination_then_full_score_flow_grid,full_d10_T2,repaired_permutation,201001,202001,True,"A[5,3]",1.3718587659614894,1.2348227829502454,-0.13703598301124398,0.13703598301124398
fp64_gpu_xla_sqmc_reference_comparison,exact_scope_frozen_controls; epsilon_validity_nomination_then_full_score_flow_grid,full_d10_T2,repaired_permutation,201001,202001,True,"A[5,4]",1.3458163698901688,0.9791170532123508,-0.3666993166778181,0.3666993166778181
fp64_gpu_xla_sqmc_reference_comparison,exact_scope_frozen_controls; epsilon_validity_nomination_then_full_score_flow_grid,full_d10_T2,repaired_permutation,201001,202001,True,"A[5,5]",0.9712638914813987,1.0118724187707704,0.0406085272893717,0.0406085272893717
fp64_gpu_xla_sqmc_reference_comparison,exact_scope_frozen_controls; epsilon_validity_nomination_then_full_score_flow_grid,full_d10_T2,repaired_permutation,201001,202001,True,"A[5,6]",-0.9858025522388729,-1.1049631088494705,-0.11916055661059755,0.11916055661059755
fp64_gpu_xla_sqmc_reference_comparison,exact_scope_frozen_controls; epsilon_validity_nomination_then_full_score_flow_grid,full_d10_T2,repaired_permutation,201001,202001,True,"A[5,7]",1.268441156469678,1.5487405865230381,0.2802994300533601,0.2802994300533601
fp64_gpu_xla_sqmc_reference_comparison,exact_scope_frozen_controls; epsilon_validity_nomination_then_full_score_flow_grid,full_d10_T2,repaired_permutation,201001,202001,True,"A[5,8]",-0.05068204747381318,-0.05331988478495581,-0.0026378373111426295,0.0026378373111426295
fp64_gpu_xla_sqmc_reference_comparison,exact_scope_frozen_controls; epsilon_validity_nomination_then_full_score_flow_grid,full_d10_T2,repaired_permutation,201001,202001,True,"A[5,9]",0.925576616754821,0.9987597792132705,0.07318316245844958,0.07318316245844958
fp64_gpu_xla_sqmc_reference_comparison,exact_scope_frozen_controls; epsilon_validity_nomination_then_full_score_flow_grid,full_d10_T2,repaired_permutation,201001,202001,True,"A[5,10]",0.06201526518792877,-0.02152295611265953,-0.0835382213005883,0.0835382213005883
fp64_gpu_xla_sqmc_reference_comparison,exact_scope_frozen_controls; epsilon_validity_nomination_then_full_score_flow_grid,full_d10_T2,repaired_permutation,201001,202001,True,"A[6,1]",-0.02854457025664514,0.03478840908866632,0.06333297934531146,0.06333297934531146
fp64_gpu_xla_sqmc_reference_comparison,exact_scope_frozen_controls; epsilon_validity_nomination_then_full_score_flow_grid,full_d10_T2,repaired_permutation,201001,202001,True,"A[6,2]",-0.010441762511187794,-0.07034720885517509,-0.0599054463439873,0.0599054463439873
fp64_gpu_xla_sqmc_reference_comparison,exact_scope_frozen_controls; epsilon_validity_nomination_then_full_score_flow_grid,full_d10_T2,repaired_permutation,201001,202001,True,"A[6,3]",0.052520746578330835,0.09905787367971741,0.04653712710138658,0.04653712710138658
fp64_gpu_xla_sqmc_reference_comparison,exact_scope_frozen_controls; epsilon_validity_nomination_then_full_score_flow_grid,full_d10_T2,repaired_permutation,201001,202001,True,"A[6,4]",-0.0060835699401260435,0.18571599291305652,0.19179956285318256,0.19179956285318256
fp64_gpu_xla_sqmc_reference_comparison,exact_scope_frozen_controls; epsilon_validity_nomination_then_full_score_flow_grid,full_d10_T2,repaired_permutation,201001,202001,True,"A[6,5]",0.053724444644627556,-0.06828816968235596,-0.12201261432698352,0.12201261432698352
fp64_gpu_xla_sqmc_reference_comparison,exact_scope_frozen_controls; epsilon_validity_nomination_then_full_score_flow_grid,full_d10_T2,repaired_permutation,201001,202001,True,"A[6,6]",-1.0039772680754557,-0.9575055377271541,0.046471730348301654,0.046471730348301654
fp64_gpu_xla_sqmc_reference_comparison,exact_scope_frozen_controls; epsilon_validity_nomination_then_full_score_flow_grid,full_d10_T2,repaired_permutation,201001,202001,True,"A[6,7]",0.04136118332889982,0.038786038137076206,-0.0025751451918236135,0.0025751451918236135
fp64_gpu_xla_sqmc_reference_comparison,exact_scope_frozen_controls; epsilon_validity_nomination_then_full_score_flow_grid,full_d10_T2,repaired_permutation,201001,202001,True,"A[6,8]",-0.03548566383991745,0.17034420707634457,0.205829870916262,0.205829870916262
fp64_gpu_xla_sqmc_reference_comparison,exact_scope_frozen_controls; epsilon_validity_nomination_then_full_score_flow_grid,full_d10_T2,repaired_permutation,201001,202001,True,"A[6,9]",0.03796036498273575,-0.029228577799799538,-0.06718894278253529,0.06718894278253529
fp64_gpu_xla_sqmc_reference_comparison,exact_scope_frozen_controls; epsilon_validity_nomination_then_full_score_flow_grid,full_d10_T2,repaired_permutation,201001,202001,True,"A[6,10]",-0.03547405466927517,0.19885460608652888,0.23432866075580405,0.23432866075580405
fp64_gpu_xla_sqmc_reference_comparison,exact_scope_frozen_controls; epsilon_validity_nomination_then_full_score_flow_grid,full_d10_T2,repaired_permutation,201001,202001,True,"A[7,1]",-1.621285485528584,-1.576603061172145,0.04468242435643899,0.04468242435643899
fp64_gpu_xla_sqmc_reference_comparison,exact_scope_frozen_controls; epsilon_validity_nomination_then_full_score_flow_grid,full_d10_T2,repaired_permutation,201001,202001,True,"A[7,2]",0.3586148183232213,0.12289881555914033,-0.23571600276408095,0.23571600276408095
fp64_gpu_xla_sqmc_reference_comparison,exact_scope_frozen_controls; epsilon_validity_nomination_then_full_score_flow_grid,full_d10_T2,repaired_permutation,201001,202001,True,"A[7,3]",1.9980871048466877,2.0856918986318718,0.08760479378518404,0.08760479378518404
fp64_gpu_xla_sqmc_reference_comparison,exact_scope_frozen_controls; epsilon_validity_nomination_then_full_score_flow_grid,full_d10_T2,repaired_permutation,201001,202001,True,"A[7,4]",1.8311683462819435,1.6216756650377597,-0.20949268124418374,0.20949268124418374
fp64_gpu_xla_sqmc_reference_comparison,exact_scope_frozen_controls; epsilon_validity_nomination_then_full_score_flow_grid,full_d10_T2,repaired_permutation,201001,202001,True,"A[7,5]",2.7839288827184703,3.07661702258405,0.2926881398655796,0.2926881398655796
fp64_gpu_xla_sqmc_reference_comparison,exact_scope_frozen_controls; epsilon_validity_nomination_then_full_score_flow_grid,full_d10_T2,repaired_permutation,201001,202001,True,"A[7,6]",-1.4510210418033163,-1.5023147295501338,-0.05129368774681753,0.05129368774681753
fp64_gpu_xla_sqmc_reference_comparison,exact_scope_frozen_controls; epsilon_validity_nomination_then_full_score_flow_grid,full_d10_T2,repaired_permutation,201001,202001,True,"A[7,7]",0.8844170501765056,1.1242626475951503,0.23984559741864464,0.23984559741864464
fp64_gpu_xla_sqmc_reference_comparison,exact_scope_frozen_controls; epsilon_validity_nomination_then_full_score_flow_grid,full_d10_T2,repaired_permutation,201001,202001,True,"A[7,8]",-0.1496292006803488,-0.06378092724131362,0.08584827343903517,0.08584827343903517
fp64_gpu_xla_sqmc_reference_comparison,exact_scope_frozen_controls; epsilon_validity_nomination_then_full_score_flow_grid,full_d10_T2,repaired_permutation,201001,202001,True,"A[7,9]",1.3613593256582028,1.303134873033127,-0.05822445262507592,0.05822445262507592
fp64_gpu_xla_sqmc_reference_comparison,exact_scope_frozen_controls; epsilon_validity_nomination_then_full_score_flow_grid,full_d10_T2,repaired_permutation,201001,202001,True,"A[7,10]",0.009050886759979969,0.20389253158064327,0.1948416448206633,0.1948416448206633
fp64_gpu_xla_sqmc_reference_comparison,exact_scope_frozen_controls; epsilon_validity_nomination_then_full_score_flow_grid,full_d10_T2,repaired_permutation,201001,202001,True,"A[8,1]",-0.13002367893392283,-0.18434320997558074,-0.054319531041657904,0.054319531041657904
fp64_gpu_xla_sqmc_reference_comparison,exact_scope_frozen_controls; epsilon_validity_nomination_then_full_score_flow_grid,full_d10_T2,repaired_permutation,201001,202001,True,"A[8,2]",0.03974000695294491,0.13607394999063643,0.09633394303769152,0.09633394303769152
fp64_gpu_xla_sqmc_reference_comparison,exact_scope_frozen_controls; epsilon_validity_nomination_then_full_score_flow_grid,full_d10_T2,repaired_permutation,201001,202001,True,"A[8,3]",0.128496624037787,-0.05809421390906748,-0.1865908379468545,0.1865908379468545
fp64_gpu_xla_sqmc_reference_comparison,exact_scope_frozen_controls; epsilon_validity_nomination_then_full_score_flow_grid,full_d10_T2,repaired_permutation,201001,202001,True,"A[8,4]",0.14646347457122613,0.32706174625747353,0.1805982716862474,0.1805982716862474
fp64_gpu_xla_sqmc_reference_comparison,exact_scope_frozen_controls; epsilon_validity_nomination_then_full_score_flow_grid,full_d10_T2,repaired_permutation,201001,202001,True,"A[8,5]",0.18267787504930538,0.020818216683106905,-0.16185965836619848,0.16185965836619848
fp64_gpu_xla_sqmc_reference_comparison,exact_scope_frozen_controls; epsilon_validity_nomination_then_full_score_flow_grid,full_d10_T2,repaired_permutation,201001,202001,True,"A[8,6]",-0.0865634512416411,0.14533822115106199,0.2319016723927031,0.2319016723927031
fp64_gpu_xla_sqmc_reference_comparison,exact_scope_frozen_controls; epsilon_validity_nomination_then_full_score_flow_grid,full_d10_T2,repaired_permutation,201001,202001,True,"A[8,7]",0.11367271886628325,-0.0012105326237013547,-0.1148832514899846,0.1148832514899846
fp64_gpu_xla_sqmc_reference_comparison,exact_scope_frozen_controls; epsilon_validity_nomination_then_full_score_flow_grid,full_d10_T2,repaired_permutation,201001,202001,True,"A[8,8]",-0.945368569219666,-1.113868413476928,-0.16849984425726205,0.16849984425726205
fp64_gpu_xla_sqmc_reference_comparison,exact_scope_frozen_controls; epsilon_validity_nomination_then_full_score_flow_grid,full_d10_T2,repaired_permutation,201001,202001,True,"A[8,9]",0.07983895614565371,-0.1354235478055399,-0.21526250395119362,0.21526250395119362
fp64_gpu_xla_sqmc_reference_comparison,exact_scope_frozen_controls; epsilon_validity_nomination_then_full_score_flow_grid,full_d10_T2,repaired_permutation,201001,202001,True,"A[8,10]",0.01647071868489078,-0.11567523807077476,-0.13214595675566554,0.13214595675566554
fp64_gpu_xla_sqmc_reference_comparison,exact_scope_frozen_controls; epsilon_validity_nomination_then_full_score_flow_grid,full_d10_T2,repaired_permutation,201001,202001,True,"A[9,1]",0.20482993888429357,0.1644626605924273,-0.04036727829186626,0.04036727829186626
fp64_gpu_xla_sqmc_reference_comparison,exact_scope_frozen_controls; epsilon_validity_nomination_then_full_score_flow_grid,full_d10_T2,repaired_permutation,201001,202001,True,"A[9,2]",-0.02798043832303823,0.1280620070412099,0.15604244536424813,0.15604244536424813
fp64_gpu_xla_sqmc_reference_comparison,exact_scope_frozen_controls; epsilon_validity_nomination_then_full_score_flow_grid,full_d10_T2,repaired_permutation,201001,202001,True,"A[9,3]",-0.2696989652270404,-0.03879870408872388,0.23090026113831652,0.23090026113831652
fp64_gpu_xla_sqmc_reference_comparison,exact_scope_frozen_controls; epsilon_validity_nomination_then_full_score_flow_grid,full_d10_T2,repaired_permutation,201001,202001,True,"A[9,4]",-0.19088541161721645,-0.2142499801479778,-0.023364568530761354,0.023364568530761354
fp64_gpu_xla_sqmc_reference_comparison,exact_scope_frozen_controls; epsilon_validity_nomination_then_full_score_flow_grid,full_d10_T2,repaired_permutation,201001,202001,True,"A[9,5]",-0.35535335908440735,0.028866536594035264,0.3842198956784426,0.3842198956784426
fp64_gpu_xla_sqmc_reference_comparison,exact_scope_frozen_controls; epsilon_validity_nomination_then_full_score_flow_grid,full_d10_T2,repaired_permutation,201001,202001,True,"A[9,6]",0.19813066915608102,-0.019194231840541587,-0.2173249009966226,0.2173249009966226
fp64_gpu_xla_sqmc_reference_comparison,exact_scope_frozen_controls; epsilon_validity_nomination_then_full_score_flow_grid,full_d10_T2,repaired_permutation,201001,202001,True,"A[9,7]",-0.239177999339602,-0.06965359336746824,0.16952440597213375,0.16952440597213375
fp64_gpu_xla_sqmc_reference_comparison,exact_scope_frozen_controls; epsilon_validity_nomination_then_full_score_flow_grid,full_d10_T2,repaired_permutation,201001,202001,True,"A[9,8]",0.04917757427128328,-0.13944955423012004,-0.1886271285014033,0.1886271285014033
fp64_gpu_xla_sqmc_reference_comparison,exact_scope_frozen_controls; epsilon_validity_nomination_then_full_score_flow_grid,full_d10_T2,repaired_permutation,201001,202001,True,"A[9,9]",-1.1254376375860404,-0.8721577052370667,0.2532799323489737,0.2532799323489737
fp64_gpu_xla_sqmc_reference_comparison,exact_scope_frozen_controls; epsilon_validity_nomination_then_full_score_flow_grid,full_d10_T2,repaired_permutation,201001,202001,True,"A[9,10]",0.030500427946176863,-0.22727036121718186,-0.2577707891633587,0.2577707891633587
fp64_gpu_xla_sqmc_reference_comparison,exact_scope_frozen_controls; epsilon_validity_nomination_then_full_score_flow_grid,full_d10_T2,repaired_permutation,201001,202001,True,"A[10,1]",-1.7487300324327681,-1.6311371315470717,0.1175929008856964,0.1175929008856964
fp64_gpu_xla_sqmc_reference_comparison,exact_scope_frozen_controls; epsilon_validity_nomination_then_full_score_flow_grid,full_d10_T2,repaired_permutation,201001,202001,True,"A[10,2]",0.37641283317227353,0.22709052282250447,-0.14932231034976906,0.14932231034976906
fp64_gpu_xla_sqmc_reference_comparison,exact_scope_frozen_controls; epsilon_validity_nomination_then_full_score_flow_grid,full_d10_T2,repaired_permutation,201001,202001,True,"A[10,3]",2.1492110126231876,1.966905644317383,-0.18230536830580468,0.18230536830580468
fp64_gpu_xla_sqmc_reference_comparison,exact_scope_frozen_controls; epsilon_validity_nomination_then_full_score_flow_grid,full_d10_T2,repaired_permutation,201001,202001,True,"A[10,4]",1.930461574672982,1.6826211695643674,-0.24784040510861471,0.24784040510861471
fp64_gpu_xla_sqmc_reference_comparison,exact_scope_frozen_controls; epsilon_validity_nomination_then_full_score_flow_grid,full_d10_T2,repaired_permutation,201001,202001,True,"A[10,5]",2.974957403681122,2.6761540245116966,-0.29880337916942556,0.29880337916942556
fp64_gpu_xla_sqmc_reference_comparison,exact_scope_frozen_controls; epsilon_validity_nomination_then_full_score_flow_grid,full_d10_T2,repaired_permutation,201001,202001,True,"A[10,6]",-1.5579624095325548,-1.277489845982994,0.28047256354956085,0.28047256354956085
fp64_gpu_xla_sqmc_reference_comparison,exact_scope_frozen_controls; epsilon_validity_nomination_then_full_score_flow_grid,full_d10_T2,repaired_permutation,201001,202001,True,"A[10,7]",1.968517859397229,1.851079792877961,-0.11743806651926803,0.11743806651926803
fp64_gpu_xla_sqmc_reference_comparison,exact_scope_frozen_controls; epsilon_validity_nomination_then_full_score_flow_grid,full_d10_T2,repaired_permutation,201001,202001,True,"A[10,8]",-0.18076158688593522,-0.1225737955819268,0.05818779130400842,0.05818779130400842
fp64_gpu_xla_sqmc_reference_comparison,exact_scope_frozen_controls; epsilon_validity_nomination_then_full_score_flow_grid,full_d10_T2,repaired_permutation,201001,202001,True,"A[10,9]",1.456237976442527,1.2708990235577236,-0.1853389528848035,0.1853389528848035
fp64_gpu_xla_sqmc_reference_comparison,exact_scope_frozen_controls; epsilon_validity_nomination_then_full_score_flow_grid,full_d10_T2,repaired_permutation,201001,202001,True,"A[10,10]",-0.947777789316981,-0.8344775884323762,0.1133002008846048,0.1133002008846048
fp64_gpu_xla_sqmc_reference_comparison,exact_scope_frozen_controls; epsilon_validity_nomination_then_full_score_flow_grid,full_d10_T2,repaired_permutation,201001,202001,True,"log_LQ[1,1]",1.1604249884193487,1.3360202606194482,0.17559527220009952,0.17559527220009952
fp64_gpu_xla_sqmc_reference_comparison,exact_scope_frozen_controls; epsilon_validity_nomination_then_full_score_flow_grid,full_d10_T2,repaired_permutation,201001,202001,True,"LQ[2,1]",-1.6342809305399455,-1.208639813710692,0.42564111682925354,0.42564111682925354
fp64_gpu_xla_sqmc_reference_comparison,exact_scope_frozen_controls; epsilon_validity_nomination_then_full_score_flow_grid,full_d10_T2,repaired_permutation,201001,202001,True,"log_LQ[2,2]",-0.6386450083579979,-0.473319303605662,0.16532570475233588,0.16532570475233588
fp64_gpu_xla_sqmc_reference_comparison,exact_scope_frozen_controls; epsilon_validity_nomination_then_full_score_flow_grid,full_d10_T2,repaired_permutation,201001,202001,True,"LQ[3,1]",-2.2064273175155256,-2.264417947733858,-0.057990630218332395,0.057990630218332395
fp64_gpu_xla_sqmc_reference_comparison,exact_scope_frozen_controls; epsilon_validity_nomination_then_full_score_flow_grid,full_d10_T2,repaired_permutation,201001,202001,True,"LQ[3,2]",0.5843362200434306,0.6689470687050026,0.08461084866157209,0.08461084866157209
fp64_gpu_xla_sqmc_reference_comparison,exact_scope_frozen_controls; epsilon_validity_nomination_then_full_score_flow_grid,full_d10_T2,repaired_permutation,201001,202001,True,"log_LQ[3,3]",-0.208563557210624,-0.09598873252737111,0.11257482468325289,0.11257482468325289
fp64_gpu_xla_sqmc_reference_comparison,exact_scope_frozen_controls; epsilon_validity_nomination_then_full_score_flow_grid,full_d10_T2,repaired_permutation,201001,202001,True,"LQ[4,1]",-2.404857961128028,-3.5837398623123797,-1.1788819011843517,1.1788819011843517
fp64_gpu_xla_sqmc_reference_comparison,exact_scope_frozen_controls; epsilon_validity_nomination_then_full_score_flow_grid,full_d10_T2,repaired_permutation,201001,202001,True,"LQ[4,2]",0.5817453337963082,0.9182745799451476,0.3365292461488394,0.3365292461488394
fp64_gpu_xla_sqmc_reference_comparison,exact_scope_frozen_controls; epsilon_validity_nomination_then_full_score_flow_grid,full_d10_T2,repaired_permutation,201001,202001,True,"LQ[4,3]",1.7729523153504338,2.297252061971297,0.524299746620863,0.524299746620863
fp64_gpu_xla_sqmc_reference_comparison,exact_scope_frozen_controls; epsilon_validity_nomination_then_full_score_flow_grid,full_d10_T2,repaired_permutation,201001,202001,True,"log_LQ[4,4]",-0.2551747876793065,0.41482388565093564,0.6699986733302421,0.6699986733302421
fp64_gpu_xla_sqmc_reference_comparison,exact_scope_frozen_controls; epsilon_validity_nomination_then_full_score_flow_grid,full_d10_T2,repaired_permutation,201001,202001,True,"LQ[5,1]",-0.5366956450504217,0.22618395777098943,0.7628796028214111,0.7628796028214111
fp64_gpu_xla_sqmc_reference_comparison,exact_scope_frozen_controls; epsilon_validity_nomination_then_full_score_flow_grid,full_d10_T2,repaired_permutation,201001,202001,True,"LQ[5,2]",0.02365462394093025,-0.3471410546692098,-0.37079567861014007,0.37079567861014007
fp64_gpu_xla_sqmc_reference_comparison,exact_scope_frozen_controls; epsilon_validity_nomination_then_full_score_flow_grid,full_d10_T2,repaired_permutation,201001,202001,True,"LQ[5,3]",1.0357621804690664,0.7273863041829322,-0.3083758762861343,0.3083758762861343
fp64_gpu_xla_sqmc_reference_comparison,exact_scope_frozen_controls; epsilon_validity_nomination_then_full_score_flow_grid,full_d10_T2,repaired_permutation,201001,202001,True,"LQ[5,4]",0.8887520351281037,0.9087558068116504,0.02000377168354661,0.02000377168354661
fp64_gpu_xla_sqmc_reference_comparison,exact_scope_frozen_controls; epsilon_validity_nomination_then_full_score_flow_grid,full_d10_T2,repaired_permutation,201001,202001,True,"log_LQ[5,5]",-0.13394057767215156,-0.29809183064510236,-0.1641512529729508,0.1641512529729508
fp64_gpu_xla_sqmc_reference_comparison,exact_scope_frozen_controls; epsilon_validity_nomination_then_full_score_flow_grid,full_d10_T2,repaired_permutation,201001,202001,True,"LQ[6,1]",1.6956486340289318,1.3834939358292413,-0.31215469819969055,0.31215469819969055
fp64_gpu_xla_sqmc_reference_comparison,exact_scope_frozen_controls; epsilon_validity_nomination_then_full_score_flow_grid,full_d10_T2,repaired_permutation,201001,202001,True,"LQ[6,2]",-0.46516423854204236,-0.16743366941260857,0.2977305691294338,0.2977305691294338
fp64_gpu_xla_sqmc_reference_comparison,exact_scope_frozen_controls; epsilon_validity_nomination_then_full_score_flow_grid,full_d10_T2,repaired_permutation,201001,202001,True,"LQ[6,3]",-1.091350037303425,-0.7860142245915833,0.30533581271184174,0.30533581271184174
fp64_gpu_xla_sqmc_reference_comparison,exact_scope_frozen_controls; epsilon_validity_nomination_then_full_score_flow_grid,full_d10_T2,repaired_permutation,201001,202001,True,"LQ[6,4]",-0.9884428043203441,-0.8917515911141141,0.09669121320623009,0.09669121320623009
fp64_gpu_xla_sqmc_reference_comparison,exact_scope_frozen_controls; epsilon_validity_nomination_then_full_score_flow_grid,full_d10_T2,repaired_permutation,201001,202001,True,"LQ[6,5]",-0.7452267819343596,-0.49860061599172667,0.24662616594263298,0.24662616594263298
fp64_gpu_xla_sqmc_reference_comparison,exact_scope_frozen_controls; epsilon_validity_nomination_then_full_score_flow_grid,full_d10_T2,repaired_permutation,201001,202001,True,"log_LQ[6,6]",-0.5412014505489918,-0.5122733745705758,0.028928075978416068,0.028928075978416068
fp64_gpu_xla_sqmc_reference_comparison,exact_scope_frozen_controls; epsilon_validity_nomination_then_full_score_flow_grid,full_d10_T2,repaired_permutation,201001,202001,True,"LQ[7,1]",1.9261134704554341,2.354947616517835,0.428834146062401,0.428834146062401
fp64_gpu_xla_sqmc_reference_comparison,exact_scope_frozen_controls; epsilon_validity_nomination_then_full_score_flow_grid,full_d10_T2,repaired_permutation,201001,202001,True,"LQ[7,2]",-0.6710099009322407,-0.5067219013742797,0.16428799955796092,0.16428799955796092
fp64_gpu_xla_sqmc_reference_comparison,exact_scope_frozen_controls; epsilon_validity_nomination_then_full_score_flow_grid,full_d10_T2,repaired_permutation,201001,202001,True,"LQ[7,3]",-0.3494967361318082,-0.28395714595998056,0.06553959017182764,0.06553959017182764
fp64_gpu_xla_sqmc_reference_comparison,exact_scope_frozen_controls; epsilon_validity_nomination_then_full_score_flow_grid,full_d10_T2,repaired_permutation,201001,202001,True,"LQ[7,4]",-0.311837454917008,-0.12040474635569104,0.19143270856131694,0.19143270856131694
fp64_gpu_xla_sqmc_reference_comparison,exact_scope_frozen_controls; epsilon_validity_nomination_then_full_score_flow_grid,full_d10_T2,repaired_permutation,201001,202001,True,"LQ[7,5]",1.1805289302383066,0.45358630609161865,-0.726942624146688,0.726942624146688
fp64_gpu_xla_sqmc_reference_comparison,exact_scope_frozen_controls; epsilon_validity_nomination_then_full_score_flow_grid,full_d10_T2,repaired_permutation,201001,202001,True,"LQ[7,6]",0.49808959455553353,0.5740828089029357,0.0759932143474022,0.0759932143474022
fp64_gpu_xla_sqmc_reference_comparison,exact_scope_frozen_controls; epsilon_validity_nomination_then_full_score_flow_grid,full_d10_T2,repaired_permutation,201001,202001,True,"log_LQ[7,7]",0.08444345129268202,-0.06527881916123582,-0.14972227045391784,0.14972227045391784
fp64_gpu_xla_sqmc_reference_comparison,exact_scope_frozen_controls; epsilon_validity_nomination_then_full_score_flow_grid,full_d10_T2,repaired_permutation,201001,202001,True,"LQ[8,1]",0.23223520514382295,0.2885088648647118,0.056273659720888825,0.056273659720888825
fp64_gpu_xla_sqmc_reference_comparison,exact_scope_frozen_controls; epsilon_validity_nomination_then_full_score_flow_grid,full_d10_T2,repaired_permutation,201001,202001,True,"LQ[8,2]",-0.09810939533409348,-0.1967583233822136,-0.09864892804812013,0.09864892804812013
fp64_gpu_xla_sqmc_reference_comparison,exact_scope_frozen_controls; epsilon_validity_nomination_then_full_score_flow_grid,full_d10_T2,repaired_permutation,201001,202001,True,"LQ[8,3]",-0.031100117681431966,0.12730021766864616,0.15840033535007814,0.15840033535007814
fp64_gpu_xla_sqmc_reference_comparison,exact_scope_frozen_controls; epsilon_validity_nomination_then_full_score_flow_grid,full_d10_T2,repaired_permutation,201001,202001,True,"LQ[8,4]",-0.0905916812120991,-0.4174513694119817,-0.3268596881998826,0.3268596881998826
fp64_gpu_xla_sqmc_reference_comparison,exact_scope_frozen_controls; epsilon_validity_nomination_then_full_score_flow_grid,full_d10_T2,repaired_permutation,201001,202001,True,"LQ[8,5]",0.08936060155532534,0.03670665758694941,-0.05265394396837593,0.05265394396837593
fp64_gpu_xla_sqmc_reference_comparison,exact_scope_frozen_controls; epsilon_validity_nomination_then_full_score_flow_grid,full_d10_T2,repaired_permutation,201001,202001,True,"LQ[8,6]",0.03489536370248869,-0.18954389729879018,-0.22443926100127887,0.22443926100127887
fp64_gpu_xla_sqmc_reference_comparison,exact_scope_frozen_controls; epsilon_validity_nomination_then_full_score_flow_grid,full_d10_T2,repaired_permutation,201001,202001,True,"LQ[8,7]",0.20299357525982648,0.21319487831955014,0.010201303059723665,0.010201303059723665
fp64_gpu_xla_sqmc_reference_comparison,exact_scope_frozen_controls; epsilon_validity_nomination_then_full_score_flow_grid,full_d10_T2,repaired_permutation,201001,202001,True,"log_LQ[8,8]",-0.988388572796855,-0.8357694743003617,0.15261909849649324,0.15261909849649324
fp64_gpu_xla_sqmc_reference_comparison,exact_scope_frozen_controls; epsilon_validity_nomination_then_full_score_flow_grid,full_d10_T2,repaired_permutation,201001,202001,True,"LQ[9,1]",-1.998632437470166,-1.97292505867793,0.025707378792235946,0.025707378792235946
fp64_gpu_xla_sqmc_reference_comparison,exact_scope_frozen_controls; epsilon_validity_nomination_then_full_score_flow_grid,full_d10_T2,repaired_permutation,201001,202001,True,"LQ[9,2]",0.5636584732687647,0.43585853908057864,-0.12779993418818608,0.12779993418818608
fp64_gpu_xla_sqmc_reference_comparison,exact_scope_frozen_controls; epsilon_validity_nomination_then_full_score_flow_grid,full_d10_T2,repaired_permutation,201001,202001,True,"LQ[9,3]",1.190583506677017,0.8202489419636579,-0.370334564713359,0.370334564713359
fp64_gpu_xla_sqmc_reference_comparison,exact_scope_frozen_controls; epsilon_validity_nomination_then_full_score_flow_grid,full_d10_T2,repaired_permutation,201001,202001,True,"LQ[9,4]",1.0779425725170695,1.153959721636113,0.07601714911904356,0.07601714911904356
fp64_gpu_xla_sqmc_reference_comparison,exact_scope_frozen_controls; epsilon_validity_nomination_then_full_score_flow_grid,full_d10_T2,repaired_permutation,201001,202001,True,"LQ[9,5]",0.6604696092785991,0.2691344998209799,-0.3913351094576192,0.3913351094576192
fp64_gpu_xla_sqmc_reference_comparison,exact_scope_frozen_controls; epsilon_validity_nomination_then_full_score_flow_grid,full_d10_T2,repaired_permutation,201001,202001,True,"LQ[9,6]",-0.9697232452874001,-0.720662567161674,0.24906067812572608,0.24906067812572608
fp64_gpu_xla_sqmc_reference_comparison,exact_scope_frozen_controls; epsilon_validity_nomination_then_full_score_flow_grid,full_d10_T2,repaired_permutation,201001,202001,True,"LQ[9,7]",-0.5479328392859982,-0.4834228283651638,0.06451001092083442,0.06451001092083442
fp64_gpu_xla_sqmc_reference_comparison,exact_scope_frozen_controls; epsilon_validity_nomination_then_full_score_flow_grid,full_d10_T2,repaired_permutation,201001,202001,True,"LQ[9,8]",-0.21433239634499607,-0.22056752928798193,-0.00623513294298586,0.00623513294298586
fp64_gpu_xla_sqmc_reference_comparison,exact_scope_frozen_controls; epsilon_validity_nomination_then_full_score_flow_grid,full_d10_T2,repaired_permutation,201001,202001,True,"log_LQ[9,9]",-0.47685284814179885,-0.5022003899558083,-0.025347541814009444,0.025347541814009444
fp64_gpu_xla_sqmc_reference_comparison,exact_scope_frozen_controls; epsilon_validity_nomination_then_full_score_flow_grid,full_d10_T2,repaired_permutation,201001,202001,True,"LQ[10,1]",4.062768780999246,3.758484064153164,-0.30428471684608205,0.30428471684608205
fp64_gpu_xla_sqmc_reference_comparison,exact_scope_frozen_controls; epsilon_validity_nomination_then_full_score_flow_grid,full_d10_T2,repaired_permutation,201001,202001,True,"LQ[10,2]",-1.2835986255749678,-0.9340321435167636,0.3495664820582043,0.3495664820582043
fp64_gpu_xla_sqmc_reference_comparison,exact_scope_frozen_controls; epsilon_validity_nomination_then_full_score_flow_grid,full_d10_T2,repaired_permutation,201001,202001,True,"LQ[10,3]",-1.6358862954083686,-1.2847216185073136,0.351164676901055,0.351164676901055
fp64_gpu_xla_sqmc_reference_comparison,exact_scope_frozen_controls; epsilon_validity_nomination_then_full_score_flow_grid,full_d10_T2,repaired_permutation,201001,202001,True,"LQ[10,4]",-1.526351127748982,-0.9460048377487775,0.5803462900002045,0.5803462900002045
fp64_gpu_xla_sqmc_reference_comparison,exact_scope_frozen_controls; epsilon_validity_nomination_then_full_score_flow_grid,full_d10_T2,repaired_permutation,201001,202001,True,"LQ[10,5]",0.3818582041101131,0.5932030697908616,0.21134486568074845,0.21134486568074845
fp64_gpu_xla_sqmc_reference_comparison,exact_scope_frozen_controls; epsilon_validity_nomination_then_full_score_flow_grid,full_d10_T2,repaired_permutation,201001,202001,True,"LQ[10,6]",1.5271278797427765,1.164611238520874,-0.3625166412219025,0.3625166412219025
fp64_gpu_xla_sqmc_reference_comparison,exact_scope_frozen_controls; epsilon_validity_nomination_then_full_score_flow_grid,full_d10_T2,repaired_permutation,201001,202001,True,"LQ[10,7]",2.7481056488092324,2.7022384797344636,-0.04586716907476873,0.04586716907476873
fp64_gpu_xla_sqmc_reference_comparison,exact_scope_frozen_controls; epsilon_validity_nomination_then_full_score_flow_grid,full_d10_T2,repaired_permutation,201001,202001,True,"LQ[10,8]",0.6328675079264996,0.5914303224157884,-0.04143718551071118,0.04143718551071118
fp64_gpu_xla_sqmc_reference_comparison,exact_scope_frozen_controls; epsilon_validity_nomination_then_full_score_flow_grid,full_d10_T2,repaired_permutation,201001,202001,True,"LQ[10,9]",-2.104089251530308,-1.9183763510426042,0.1857129004877036,0.1857129004877036
fp64_gpu_xla_sqmc_reference_comparison,exact_scope_frozen_controls; epsilon_validity_nomination_then_full_score_flow_grid,full_d10_T2,repaired_permutation,201001,202001,True,"log_LQ[10,10]",1.4807298861910445,1.2513747627716278,-0.22935512341941666,0.22935512341941666
fp64_gpu_xla_sqmc_reference_comparison,exact_scope_frozen_controls; epsilon_validity_nomination_then_full_score_flow_grid,full_d10_T2,repaired_permutation,201001,202001,True,log_R_variance,0.745698627970492,0.74878026768091,0.0030816397104179716,0.0030816397104179716
fp64_gpu_xla_sqmc_reference_comparison,exact_scope_frozen_controls; epsilon_validity_nomination_then_full_score_flow_grid,full_d10_T2,repaired_permutation,201001,202001,True,initial_mean_scale,-0.8465975322240216,-1.0459178770694353,-0.19932034484541372,0.19932034484541372
fp64_gpu_xla_sqmc_reference_comparison,exact_scope_frozen_controls; epsilon_validity_nomination_then_full_score_flow_grid,full_d10_T2,repaired_permutation,201001,202002,True,"A[1,1]",-1.8405412628695577,-1.9772560702062987,-0.13671480733674102,0.13671480733674102
fp64_gpu_xla_sqmc_reference_comparison,exact_scope_frozen_controls; epsilon_validity_nomination_then_full_score_flow_grid,full_d10_T2,repaired_permutation,201001,202002,True,"A[1,2]",0.12405711303755015,0.08322683926767643,-0.04083027376987372,0.04083027376987372
fp64_gpu_xla_sqmc_reference_comparison,exact_scope_frozen_controls; epsilon_validity_nomination_then_full_score_flow_grid,full_d10_T2,repaired_permutation,201001,202002,True,"A[1,3]",1.2083689603215206,1.342090399410043,0.1337214390885224,0.1337214390885224
fp64_gpu_xla_sqmc_reference_comparison,exact_scope_frozen_controls; epsilon_validity_nomination_then_full_score_flow_grid,full_d10_T2,repaired_permutation,201001,202002,True,"A[1,4]",0.9039498160966681,0.895663569841616,-0.008286246255052143,0.008286246255052143
fp64_gpu_xla_sqmc_reference_comparison,exact_scope_frozen_controls; epsilon_validity_nomination_then_full_score_flow_grid,full_d10_T2,repaired_permutation,201001,202002,True,"A[1,5]",1.6233540589401598,2.228947471196861,0.605593412256701,0.605593412256701
fp64_gpu_xla_sqmc_reference_comparison,exact_scope_frozen_controls; epsilon_validity_nomination_then_full_score_flow_grid,full_d10_T2,repaired_permutation,201001,202002,True,"A[1,6]",-0.8951698812224791,-0.7800023759074125,0.11516750531506659,0.11516750531506659
fp64_gpu_xla_sqmc_reference_comparison,exact_scope_frozen_controls; epsilon_validity_nomination_then_full_score_flow_grid,full_d10_T2,repaired_permutation,201001,202002,True,"A[1,7]",1.0983795483826784,1.2503208768676342,0.15194132848495578,0.15194132848495578
fp64_gpu_xla_sqmc_reference_comparison,exact_scope_frozen_controls; epsilon_validity_nomination_then_full_score_flow_grid,full_d10_T2,repaired_permutation,201001,202002,True,"A[1,8]",-0.19487576566126597,-0.1043627435142013,0.09051302214706466,0.09051302214706466
fp64_gpu_xla_sqmc_reference_comparison,exact_scope_frozen_controls; epsilon_validity_nomination_then_full_score_flow_grid,full_d10_T2,repaired_permutation,201001,202002,True,"A[1,9]",0.8315412439221966,0.8620584479001092,0.030517203977912577,0.030517203977912577
fp64_gpu_xla_sqmc_reference_comparison,exact_scope_frozen_controls; epsilon_validity_nomination_then_full_score_flow_grid,full_d10_T2,repaired_permutation,201001,202002,True,"A[1,10]",-0.10510141849900892,-0.7825448303380667,-0.6774434118390578,0.6774434118390578
fp64_gpu_xla_sqmc_reference_comparison,exact_scope_frozen_controls; epsilon_validity_nomination_then_full_score_flow_grid,full_d10_T2,repaired_permutation,201001,202002,True,"A[2,1]",0.334244377419867,0.5126111493439661,0.1783667719240991,0.1783667719240991
fp64_gpu_xla_sqmc_reference_comparison,exact_scope_frozen_controls; epsilon_validity_nomination_then_full_score_flow_grid,full_d10_T2,repaired_permutation,201001,202002,True,"A[2,2]",-1.009325865451665,-1.1388226059931386,-0.12949674054147353,0.12949674054147353
fp64_gpu_xla_sqmc_reference_comparison,exact_scope_frozen_controls; epsilon_validity_nomination_then_full_score_flow_grid,full_d10_T2,repaired_permutation,201001,202002,True,"A[2,3]",-0.4740926697431398,-0.577277063495659,-0.1031843937525192,0.1031843937525192
fp64_gpu_xla_sqmc_reference_comparison,exact_scope_frozen_controls; epsilon_validity_nomination_then_full_score_flow_grid,full_d10_T2,repaired_permutation,201001,202002,True,"A[2,4]",-0.3507452514565778,-0.598394445259664,-0.2476491938030862,0.2476491938030862
fp64_gpu_xla_sqmc_reference_comparison,exact_scope_frozen_controls; epsilon_validity_nomination_then_full_score_flow_grid,full_d10_T2,repaired_permutation,201001,202002,True,"A[2,5]",-0.6356039536416009,-0.9845443024110282,-0.34894034876942726,0.34894034876942726
fp64_gpu_xla_sqmc_reference_comparison,exact_scope_frozen_controls; epsilon_validity_nomination_then_full_score_flow_grid,full_d10_T2,repaired_permutation,201001,202002,True,"A[2,6]",0.3502951834202437,0.5600192771348631,0.20972409371461942,0.20972409371461942
fp64_gpu_xla_sqmc_reference_comparison,exact_scope_frozen_controls; epsilon_validity_nomination_then_full_score_flow_grid,full_d10_T2,repaired_permutation,201001,202002,True,"A[2,7]",-0.4296347361027879,-0.470600547883803,-0.040965811781015105,0.040965811781015105
fp64_gpu_xla_sqmc_reference_comparison,exact_scope_frozen_controls; epsilon_validity_nomination_then_full_score_flow_grid,full_d10_T2,repaired_permutation,201001,202002,True,"A[2,8]",0.07446516390295842,0.31798101061384393,0.2435158467108855,0.2435158467108855
fp64_gpu_xla_sqmc_reference_comparison,exact_scope_frozen_controls; epsilon_validity_nomination_then_full_score_flow_grid,full_d10_T2,repaired_permutation,201001,202002,True,"A[2,9]",-0.32411968950971254,-0.3074921569312057,0.016627532578506854,0.016627532578506854
fp64_gpu_xla_sqmc_reference_comparison,exact_scope_frozen_controls; epsilon_validity_nomination_then_full_score_flow_grid,full_d10_T2,repaired_permutation,201001,202002,True,"A[2,10]",0.038075704787584985,0.48635054839774217,0.4482748436101572,0.4482748436101572
fp64_gpu_xla_sqmc_reference_comparison,exact_scope_frozen_controls; epsilon_validity_nomination_then_full_score_flow_grid,full_d10_T2,repaired_permutation,201001,202002,True,"A[3,1]",-0.0973508956488851,-0.38323150733567846,-0.28588061168679335,0.28588061168679335
fp64_gpu_xla_sqmc_reference_comparison,exact_scope_frozen_controls; epsilon_validity_nomination_then_full_score_flow_grid,full_d10_T2,repaired_permutation,201001,202002,True,"A[3,2]",0.05007209635770711,0.30306411100566844,0.25299201464796134,0.25299201464796134
fp64_gpu_xla_sqmc_reference_comparison,exact_scope_frozen_controls; epsilon_validity_nomination_then_full_score_flow_grid,full_d10_T2,repaired_permutation,201001,202002,True,"A[3,3]",-0.8862376853492326,-0.609202859225995,0.2770348261232376,0.2770348261232376
fp64_gpu_xla_sqmc_reference_comparison,exact_scope_frozen_controls; epsilon_validity_nomination_then_full_score_flow_grid,full_d10_T2,repaired_permutation,201001,202002,True,"A[3,4]",0.16606854318272946,0.49169483176947915,0.3256262885867497,0.3256262885867497
fp64_gpu_xla_sqmc_reference_comparison,exact_scope_frozen_controls; epsilon_validity_nomination_then_full_score_flow_grid,full_d10_T2,repaired_permutation,201001,202002,True,"A[3,5]",0.13870366199830464,0.18669142331838173,0.047987761320077094,0.047987761320077094
fp64_gpu_xla_sqmc_reference_comparison,exact_scope_frozen_controls; epsilon_validity_nomination_then_full_score_flow_grid,full_d10_T2,repaired_permutation,201001,202002,True,"A[3,6]",-0.046921523553172806,-0.2193483273909764,-0.1724268038378036,0.1724268038378036
fp64_gpu_xla_sqmc_reference_comparison,exact_scope_frozen_controls; epsilon_validity_nomination_then_full_score_flow_grid,full_d10_T2,repaired_permutation,201001,202002,True,"A[3,7]",0.07793381153520185,0.036077896759750816,-0.04185591477545103,0.04185591477545103
fp64_gpu_xla_sqmc_reference_comparison,exact_scope_frozen_controls; epsilon_validity_nomination_then_full_score_flow_grid,full_d10_T2,repaired_permutation,201001,202002,True,"A[3,8]",0.050505118534347346,0.1650596263074996,0.11455450777315225,0.11455450777315225
fp64_gpu_xla_sqmc_reference_comparison,exact_scope_frozen_controls; epsilon_validity_nomination_then_full_score_flow_grid,full_d10_T2,repaired_permutation,201001,202002,True,"A[3,9]",0.044756981826564735,0.0426330639345025,-0.0021239178920622326,0.0021239178920622326
fp64_gpu_xla_sqmc_reference_comparison,exact_scope_frozen_controls; epsilon_validity_nomination_then_full_score_flow_grid,full_d10_T2,repaired_permutation,201001,202002,True,"A[3,10]",0.06220362058178791,0.35111212565451433,0.2889085050727264,0.2889085050727264
fp64_gpu_xla_sqmc_reference_comparison,exact_scope_frozen_controls; epsilon_validity_nomination_then_full_score_flow_grid,full_d10_T2,repaired_permutation,201001,202002,True,"A[4,1]",-0.12879264023887926,-0.40962549665290937,-0.2808328564140301,0.2808328564140301
fp64_gpu_xla_sqmc_reference_comparison,exact_scope_frozen_controls; epsilon_validity_nomination_then_full_score_flow_grid,full_d10_T2,repaired_permutation,201001,202002,True,"A[4,2]",0.08510133903903572,0.18556308514317957,0.10046174610414385,0.10046174610414385
fp64_gpu_xla_sqmc_reference_comparison,exact_scope_frozen_controls; epsilon_validity_nomination_then_full_score_flow_grid,full_d10_T2,repaired_permutation,201001,202002,True,"A[4,3]",0.046810962329739025,0.14403181669165788,0.09722085436191885,0.09722085436191885
fp64_gpu_xla_sqmc_reference_comparison,exact_scope_frozen_controls; epsilon_validity_nomination_then_full_score_flow_grid,full_d10_T2,repaired_permutation,201001,202002,True,"A[4,4]",-0.7594570487421703,-0.6396591283350722,0.11979792040709814,0.11979792040709814
fp64_gpu_xla_sqmc_reference_comparison,exact_scope_frozen_controls; epsilon_validity_nomination_then_full_score_flow_grid,full_d10_T2,repaired_permutation,201001,202002,True,"A[4,5]",0.10909897052106454,-0.013530414509704158,-0.1226293850307687,0.1226293850307687
fp64_gpu_xla_sqmc_reference_comparison,exact_scope_frozen_controls; epsilon_validity_nomination_then_full_score_flow_grid,full_d10_T2,repaired_permutation,201001,202002,True,"A[4,6]",-0.016286079591655955,-0.13351213079220858,-0.11722605120055263,0.11722605120055263
fp64_gpu_xla_sqmc_reference_comparison,exact_scope_frozen_controls; epsilon_validity_nomination_then_full_score_flow_grid,full_d10_T2,repaired_permutation,201001,202002,True,"A[4,7]",0.051161770698915365,0.06135686172303734,0.010195091024121972,0.010195091024121972
fp64_gpu_xla_sqmc_reference_comparison,exact_scope_frozen_controls; epsilon_validity_nomination_then_full_score_flow_grid,full_d10_T2,repaired_permutation,201001,202002,True,"A[4,8]",0.0806084794867568,0.40778389846890817,0.32717541898215136,0.32717541898215136
fp64_gpu_xla_sqmc_reference_comparison,exact_scope_frozen_controls; epsilon_validity_nomination_then_full_score_flow_grid,full_d10_T2,repaired_permutation,201001,202002,True,"A[4,9]",0.02161959526692292,-0.2373987720437638,-0.2590183673106867,0.2590183673106867
fp64_gpu_xla_sqmc_reference_comparison,exact_scope_frozen_controls; epsilon_validity_nomination_then_full_score_flow_grid,full_d10_T2,repaired_permutation,201001,202002,True,"A[4,10]",0.08782273411889809,0.5998142388482284,0.5119915047293303,0.5119915047293303
fp64_gpu_xla_sqmc_reference_comparison,exact_scope_frozen_controls; epsilon_validity_nomination_then_full_score_flow_grid,full_d10_T2,repaired_permutation,201001,202002,True,"A[5,1]",-1.151631566668114,-0.8077552775262599,0.3438762891418542,0.3438762891418542
fp64_gpu_xla_sqmc_reference_comparison,exact_scope_frozen_controls; epsilon_validity_nomination_then_full_score_flow_grid,full_d10_T2,repaired_permutation,201001,202002,True,"A[5,2]",0.28388815184752636,0.3887556359374723,0.10486748408994595,0.10486748408994595
fp64_gpu_xla_sqmc_reference_comparison,exact_scope_frozen_controls; epsilon_validity_nomination_then_full_score_flow_grid,full_d10_T2,repaired_permutation,201001,202002,True,"A[5,3]",1.3718587659614894,0.7476925625966608,-0.6241662033648285,0.6241662033648285
fp64_gpu_xla_sqmc_reference_comparison,exact_scope_frozen_controls; epsilon_validity_nomination_then_full_score_flow_grid,full_d10_T2,repaired_permutation,201001,202002,True,"A[5,4]",1.3458163698901688,0.8796268314026898,-0.466189538487479,0.466189538487479
fp64_gpu_xla_sqmc_reference_comparison,exact_scope_frozen_controls; epsilon_validity_nomination_then_full_score_flow_grid,full_d10_T2,repaired_permutation,201001,202002,True,"A[5,5]",0.9712638914813987,0.5665243582134079,-0.40473953326799084,0.40473953326799084
fp64_gpu_xla_sqmc_reference_comparison,exact_scope_frozen_controls; epsilon_validity_nomination_then_full_score_flow_grid,full_d10_T2,repaired_permutation,201001,202002,True,"A[5,6]",-0.9858025522388729,-1.0174941530447854,-0.03169160080591249,0.03169160080591249
fp64_gpu_xla_sqmc_reference_comparison,exact_scope_frozen_controls; epsilon_validity_nomination_then_full_score_flow_grid,full_d10_T2,repaired_permutation,201001,202002,True,"A[5,7]",1.268441156469678,0.9508970532538477,-0.3175441032158304,0.3175441032158304
fp64_gpu_xla_sqmc_reference_comparison,exact_scope_frozen_controls; epsilon_validity_nomination_then_full_score_flow_grid,full_d10_T2,repaired_permutation,201001,202002,True,"A[5,8]",-0.05068204747381318,0.1895156434241595,0.24019769089797266,0.24019769089797266
fp64_gpu_xla_sqmc_reference_comparison,exact_scope_frozen_controls; epsilon_validity_nomination_then_full_score_flow_grid,full_d10_T2,repaired_permutation,201001,202002,True,"A[5,9]",0.925576616754821,1.069288695282983,0.14371207852816203,0.14371207852816203
fp64_gpu_xla_sqmc_reference_comparison,exact_scope_frozen_controls; epsilon_validity_nomination_then_full_score_flow_grid,full_d10_T2,repaired_permutation,201001,202002,True,"A[5,10]",0.06201526518792877,0.3397117770658167,0.2776965118778879,0.2776965118778879
fp64_gpu_xla_sqmc_reference_comparison,exact_scope_frozen_controls; epsilon_validity_nomination_then_full_score_flow_grid,full_d10_T2,repaired_permutation,201001,202002,True,"A[6,1]",-0.02854457025664514,-0.057350524920830814,-0.028805954664185673,0.028805954664185673
fp64_gpu_xla_sqmc_reference_comparison,exact_scope_frozen_controls; epsilon_validity_nomination_then_full_score_flow_grid,full_d10_T2,repaired_permutation,201001,202002,True,"A[6,2]",-0.010441762511187794,0.013579608890999406,0.0240213714021872,0.0240213714021872
fp64_gpu_xla_sqmc_reference_comparison,exact_scope_frozen_controls; epsilon_validity_nomination_then_full_score_flow_grid,full_d10_T2,repaired_permutation,201001,202002,True,"A[6,3]",0.052520746578330835,0.2667660414193218,0.21424529484099097,0.21424529484099097
fp64_gpu_xla_sqmc_reference_comparison,exact_scope_frozen_controls; epsilon_validity_nomination_then_full_score_flow_grid,full_d10_T2,repaired_permutation,201001,202002,True,"A[6,4]",-0.0060835699401260435,0.21410736955321763,0.22019093949334367,0.22019093949334367
fp64_gpu_xla_sqmc_reference_comparison,exact_scope_frozen_controls; epsilon_validity_nomination_then_full_score_flow_grid,full_d10_T2,repaired_permutation,201001,202002,True,"A[6,5]",0.053724444644627556,0.12146005378305968,0.06773560913843213,0.06773560913843213
fp64_gpu_xla_sqmc_reference_comparison,exact_scope_frozen_controls; epsilon_validity_nomination_then_full_score_flow_grid,full_d10_T2,repaired_permutation,201001,202002,True,"A[6,6]",-1.0039772680754557,-0.9883773612880435,0.015599906787412188,0.015599906787412188
fp64_gpu_xla_sqmc_reference_comparison,exact_scope_frozen_controls; epsilon_validity_nomination_then_full_score_flow_grid,full_d10_T2,repaired_permutation,201001,202002,True,"A[6,7]",0.04136118332889982,0.04367162971386107,0.002310446384961251,0.002310446384961251
fp64_gpu_xla_sqmc_reference_comparison,exact_scope_frozen_controls; epsilon_validity_nomination_then_full_score_flow_grid,full_d10_T2,repaired_permutation,201001,202002,True,"A[6,8]",-0.03548566383991745,-0.0832604408185757,-0.04777477697865825,0.04777477697865825
fp64_gpu_xla_sqmc_reference_comparison,exact_scope_frozen_controls; epsilon_validity_nomination_then_full_score_flow_grid,full_d10_T2,repaired_permutation,201001,202002,True,"A[6,9]",0.03796036498273575,-0.06478273465752071,-0.10274309964025646,0.10274309964025646
fp64_gpu_xla_sqmc_reference_comparison,exact_scope_frozen_controls; epsilon_validity_nomination_then_full_score_flow_grid,full_d10_T2,repaired_permutation,201001,202002,True,"A[6,10]",-0.03547405466927517,-0.45766532666345405,-0.4221912719941789,0.4221912719941789
fp64_gpu_xla_sqmc_reference_comparison,exact_scope_frozen_controls; epsilon_validity_nomination_then_full_score_flow_grid,full_d10_T2,repaired_permutation,201001,202002,True,"A[7,1]",-1.621285485528584,-1.9500219320335237,-0.3287364465049396,0.3287364465049396
fp64_gpu_xla_sqmc_reference_comparison,exact_scope_frozen_controls; epsilon_validity_nomination_then_full_score_flow_grid,full_d10_T2,repaired_permutation,201001,202002,True,"A[7,2]",0.3586148183232213,0.6079793094770842,0.24936449115386294,0.24936449115386294
fp64_gpu_xla_sqmc_reference_comparison,exact_scope_frozen_controls; epsilon_validity_nomination_then_full_score_flow_grid,full_d10_T2,repaired_permutation,201001,202002,True,"A[7,3]",1.9980871048466877,1.892400867684926,-0.10568623716176173,0.10568623716176173
fp64_gpu_xla_sqmc_reference_comparison,exact_scope_frozen_controls; epsilon_validity_nomination_then_full_score_flow_grid,full_d10_T2,repaired_permutation,201001,202002,True,"A[7,4]",1.8311683462819435,2.025758877088269,0.19459053080632538,0.19459053080632538
fp64_gpu_xla_sqmc_reference_comparison,exact_scope_frozen_controls; epsilon_validity_nomination_then_full_score_flow_grid,full_d10_T2,repaired_permutation,201001,202002,True,"A[7,5]",2.7839288827184703,3.172489403509339,0.38856052079086867,0.38856052079086867
fp64_gpu_xla_sqmc_reference_comparison,exact_scope_frozen_controls; epsilon_validity_nomination_then_full_score_flow_grid,full_d10_T2,repaired_permutation,201001,202002,True,"A[7,6]",-1.4510210418033163,-1.750812052483878,-0.2997910106805617,0.2997910106805617
fp64_gpu_xla_sqmc_reference_comparison,exact_scope_frozen_controls; epsilon_validity_nomination_then_full_score_flow_grid,full_d10_T2,repaired_permutation,201001,202002,True,"A[7,7]",0.8844170501765056,0.832529386450076,-0.05188766372642961,0.05188766372642961
fp64_gpu_xla_sqmc_reference_comparison,exact_scope_frozen_controls; epsilon_validity_nomination_then_full_score_flow_grid,full_d10_T2,repaired_permutation,201001,202002,True,"A[7,8]",-0.1496292006803488,-0.02629302205958689,0.1233361786207619,0.1233361786207619
fp64_gpu_xla_sqmc_reference_comparison,exact_scope_frozen_controls; epsilon_validity_nomination_then_full_score_flow_grid,full_d10_T2,repaired_permutation,201001,202002,True,"A[7,9]",1.3613593256582028,1.1663811679976266,-0.19497815766057625,0.19497815766057625
fp64_gpu_xla_sqmc_reference_comparison,exact_scope_frozen_controls; epsilon_validity_nomination_then_full_score_flow_grid,full_d10_T2,repaired_permutation,201001,202002,True,"A[7,10]",0.009050886759979969,-0.11459655171924338,-0.12364743847922335,0.12364743847922335
fp64_gpu_xla_sqmc_reference_comparison,exact_scope_frozen_controls; epsilon_validity_nomination_then_full_score_flow_grid,full_d10_T2,repaired_permutation,201001,202002,True,"A[8,1]",-0.13002367893392283,0.054684623834342916,0.18470830276826575,0.18470830276826575
fp64_gpu_xla_sqmc_reference_comparison,exact_scope_frozen_controls; epsilon_validity_nomination_then_full_score_flow_grid,full_d10_T2,repaired_permutation,201001,202002,True,"A[8,2]",0.03974000695294491,0.1217726922020737,0.0820326852491288,0.0820326852491288
fp64_gpu_xla_sqmc_reference_comparison,exact_scope_frozen_controls; epsilon_validity_nomination_then_full_score_flow_grid,full_d10_T2,repaired_permutation,201001,202002,True,"A[8,3]",0.128496624037787,0.05974022543922669,-0.06875639859856031,0.06875639859856031
fp64_gpu_xla_sqmc_reference_comparison,exact_scope_frozen_controls; epsilon_validity_nomination_then_full_score_flow_grid,full_d10_T2,repaired_permutation,201001,202002,True,"A[8,4]",0.14646347457122613,0.17402884439014144,0.027565369818915303,0.027565369818915303
fp64_gpu_xla_sqmc_reference_comparison,exact_scope_frozen_controls; epsilon_validity_nomination_then_full_score_flow_grid,full_d10_T2,repaired_permutation,201001,202002,True,"A[8,5]",0.18267787504930538,8.114927502095304e-05,-0.18259672577428443,0.18259672577428443
fp64_gpu_xla_sqmc_reference_comparison,exact_scope_frozen_controls; epsilon_validity_nomination_then_full_score_flow_grid,full_d10_T2,repaired_permutation,201001,202002,True,"A[8,6]",-0.0865634512416411,-0.021319389998346594,0.0652440612432945,0.0652440612432945
fp64_gpu_xla_sqmc_reference_comparison,exact_scope_frozen_controls; epsilon_validity_nomination_then_full_score_flow_grid,full_d10_T2,repaired_permutation,201001,202002,True,"A[8,7]",0.11367271886628325,-0.0636106926339422,-0.17728341150022545,0.17728341150022545
fp64_gpu_xla_sqmc_reference_comparison,exact_scope_frozen_controls; epsilon_validity_nomination_then_full_score_flow_grid,full_d10_T2,repaired_permutation,201001,202002,True,"A[8,8]",-0.945368569219666,-0.9059626638792989,0.03940590534036714,0.03940590534036714
fp64_gpu_xla_sqmc_reference_comparison,exact_scope_frozen_controls; epsilon_validity_nomination_then_full_score_flow_grid,full_d10_T2,repaired_permutation,201001,202002,True,"A[8,9]",0.07983895614565371,-0.10183884841325991,-0.18167780455891364,0.18167780455891364
fp64_gpu_xla_sqmc_reference_comparison,exact_scope_frozen_controls; epsilon_validity_nomination_then_full_score_flow_grid,full_d10_T2,repaired_permutation,201001,202002,True,"A[8,10]",0.01647071868489078,-0.4564984133690164,-0.4729691320539072,0.4729691320539072
fp64_gpu_xla_sqmc_reference_comparison,exact_scope_frozen_controls; epsilon_validity_nomination_then_full_score_flow_grid,full_d10_T2,repaired_permutation,201001,202002,True,"A[9,1]",0.20482993888429357,0.1151908831482078,-0.08963905573608577,0.08963905573608577
fp64_gpu_xla_sqmc_reference_comparison,exact_scope_frozen_controls; epsilon_validity_nomination_then_full_score_flow_grid,full_d10_T2,repaired_permutation,201001,202002,True,"A[9,2]",-0.02798043832303823,0.12769302029407248,0.1556734586171107,0.1556734586171107
fp64_gpu_xla_sqmc_reference_comparison,exact_scope_frozen_controls; epsilon_validity_nomination_then_full_score_flow_grid,full_d10_T2,repaired_permutation,201001,202002,True,"A[9,3]",-0.2696989652270404,-0.34064196072182074,-0.07094299549478034,0.07094299549478034
fp64_gpu_xla_sqmc_reference_comparison,exact_scope_frozen_controls; epsilon_validity_nomination_then_full_score_flow_grid,full_d10_T2,repaired_permutation,201001,202002,True,"A[9,4]",-0.19088541161721645,-0.3528767849598512,-0.16199137334263475,0.16199137334263475
fp64_gpu_xla_sqmc_reference_comparison,exact_scope_frozen_controls; epsilon_validity_nomination_then_full_score_flow_grid,full_d10_T2,repaired_permutation,201001,202002,True,"A[9,5]",-0.35535335908440735,-0.05568364723306107,0.2996697118513463,0.2996697118513463
fp64_gpu_xla_sqmc_reference_comparison,exact_scope_frozen_controls; epsilon_validity_nomination_then_full_score_flow_grid,full_d10_T2,repaired_permutation,201001,202002,True,"A[9,6]",0.19813066915608102,-0.07942366075578366,-0.2775543299118647,0.2775543299118647
fp64_gpu_xla_sqmc_reference_comparison,exact_scope_frozen_controls; epsilon_validity_nomination_then_full_score_flow_grid,full_d10_T2,repaired_permutation,201001,202002,True,"A[9,7]",-0.239177999339602,-0.4728123773040893,-0.23363437796448733,0.23363437796448733
fp64_gpu_xla_sqmc_reference_comparison,exact_scope_frozen_controls; epsilon_validity_nomination_then_full_score_flow_grid,full_d10_T2,repaired_permutation,201001,202002,True,"A[9,8]",0.04917757427128328,-0.11521981366556537,-0.16439738793684866,0.16439738793684866
fp64_gpu_xla_sqmc_reference_comparison,exact_scope_frozen_controls; epsilon_validity_nomination_then_full_score_flow_grid,full_d10_T2,repaired_permutation,201001,202002,True,"A[9,9]",-1.1254376375860404,-2.0829529034417407,-0.9575152658557002,0.9575152658557002
fp64_gpu_xla_sqmc_reference_comparison,exact_scope_frozen_controls; epsilon_validity_nomination_then_full_score_flow_grid,full_d10_T2,repaired_permutation,201001,202002,True,"A[9,10]",0.030500427946176863,0.1755303017650317,0.14502987381885485,0.14502987381885485
fp64_gpu_xla_sqmc_reference_comparison,exact_scope_frozen_controls; epsilon_validity_nomination_then_full_score_flow_grid,full_d10_T2,repaired_permutation,201001,202002,True,"A[10,1]",-1.7487300324327681,-2.020603749568306,-0.2718737171355379,0.2718737171355379
fp64_gpu_xla_sqmc_reference_comparison,exact_scope_frozen_controls; epsilon_validity_nomination_then_full_score_flow_grid,full_d10_T2,repaired_permutation,201001,202002,True,"A[10,2]",0.37641283317227353,0.5761818410763886,0.19976900790411506,0.19976900790411506
fp64_gpu_xla_sqmc_reference_comparison,exact_scope_frozen_controls; epsilon_validity_nomination_then_full_score_flow_grid,full_d10_T2,repaired_permutation,201001,202002,True,"A[10,3]",2.1492110126231876,2.0565654400608535,-0.09264557256233408,0.09264557256233408
fp64_gpu_xla_sqmc_reference_comparison,exact_scope_frozen_controls; epsilon_validity_nomination_then_full_score_flow_grid,full_d10_T2,repaired_permutation,201001,202002,True,"A[10,4]",1.930461574672982,2.087701383596358,0.15723980892337575,0.15723980892337575
fp64_gpu_xla_sqmc_reference_comparison,exact_scope_frozen_controls; epsilon_validity_nomination_then_full_score_flow_grid,full_d10_T2,repaired_permutation,201001,202002,True,"A[10,5]",2.974957403681122,3.3925365356788024,0.41757913199768026,0.41757913199768026
fp64_gpu_xla_sqmc_reference_comparison,exact_scope_frozen_controls; epsilon_validity_nomination_then_full_score_flow_grid,full_d10_T2,repaired_permutation,201001,202002,True,"A[10,6]",-1.5579624095325548,-1.6813179909543599,-0.12335558142180503,0.12335558142180503
fp64_gpu_xla_sqmc_reference_comparison,exact_scope_frozen_controls; epsilon_validity_nomination_then_full_score_flow_grid,full_d10_T2,repaired_permutation,201001,202002,True,"A[10,7]",1.968517859397229,1.9066862857538565,-0.06183157364337255,0.06183157364337255
fp64_gpu_xla_sqmc_reference_comparison,exact_scope_frozen_controls; epsilon_validity_nomination_then_full_score_flow_grid,full_d10_T2,repaired_permutation,201001,202002,True,"A[10,8]",-0.18076158688593522,-0.3222551223439723,-0.14149353545803708,0.14149353545803708
fp64_gpu_xla_sqmc_reference_comparison,exact_scope_frozen_controls; epsilon_validity_nomination_then_full_score_flow_grid,full_d10_T2,repaired_permutation,201001,202002,True,"A[10,9]",1.456237976442527,1.5093123697218225,0.05307439327929542,0.05307439327929542
fp64_gpu_xla_sqmc_reference_comparison,exact_scope_frozen_controls; epsilon_validity_nomination_then_full_score_flow_grid,full_d10_T2,repaired_permutation,201001,202002,True,"A[10,10]",-0.947777789316981,-1.306693683145998,-0.3589158938290171,0.3589158938290171
fp64_gpu_xla_sqmc_reference_comparison,exact_scope_frozen_controls; epsilon_validity_nomination_then_full_score_flow_grid,full_d10_T2,repaired_permutation,201001,202002,True,"log_LQ[1,1]",1.1604249884193487,1.1822789368999085,0.02185394848055977,0.02185394848055977
fp64_gpu_xla_sqmc_reference_comparison,exact_scope_frozen_controls; epsilon_validity_nomination_then_full_score_flow_grid,full_d10_T2,repaired_permutation,201001,202002,True,"LQ[2,1]",-1.6342809305399455,-1.6954480557499174,-0.06116712520997192,0.06116712520997192
fp64_gpu_xla_sqmc_reference_comparison,exact_scope_frozen_controls; epsilon_validity_nomination_then_full_score_flow_grid,full_d10_T2,repaired_permutation,201001,202002,True,"log_LQ[2,2]",-0.6386450083579979,-0.5952385616590568,0.043406446698941115,0.043406446698941115
fp64_gpu_xla_sqmc_reference_comparison,exact_scope_frozen_controls; epsilon_validity_nomination_then_full_score_flow_grid,full_d10_T2,repaired_permutation,201001,202002,True,"LQ[3,1]",-2.2064273175155256,-1.3855005405110568,0.8209267770044688,0.8209267770044688
fp64_gpu_xla_sqmc_reference_comparison,exact_scope_frozen_controls; epsilon_validity_nomination_then_full_score_flow_grid,full_d10_T2,repaired_permutation,201001,202002,True,"LQ[3,2]",0.5843362200434306,0.4807038023414889,-0.10363241770194165,0.10363241770194165
fp64_gpu_xla_sqmc_reference_comparison,exact_scope_frozen_controls; epsilon_validity_nomination_then_full_score_flow_grid,full_d10_T2,repaired_permutation,201001,202002,True,"log_LQ[3,3]",-0.208563557210624,-0.3850533241192713,-0.1764897669086473,0.1764897669086473
fp64_gpu_xla_sqmc_reference_comparison,exact_scope_frozen_controls; epsilon_validity_nomination_then_full_score_flow_grid,full_d10_T2,repaired_permutation,201001,202002,True,"LQ[4,1]",-2.404857961128028,-1.8827576156009769,0.5221003455270512,0.5221003455270512
fp64_gpu_xla_sqmc_reference_comparison,exact_scope_frozen_controls; epsilon_validity_nomination_then_full_score_flow_grid,full_d10_T2,repaired_permutation,201001,202002,True,"LQ[4,2]",0.5817453337963082,0.4440484953950884,-0.13769683840121982,0.13769683840121982
fp64_gpu_xla_sqmc_reference_comparison,exact_scope_frozen_controls; epsilon_validity_nomination_then_full_score_flow_grid,full_d10_T2,repaired_permutation,201001,202002,True,"LQ[4,3]",1.7729523153504338,1.6173752123793461,-0.15557710297108773,0.15557710297108773
fp64_gpu_xla_sqmc_reference_comparison,exact_scope_frozen_controls; epsilon_validity_nomination_then_full_score_flow_grid,full_d10_T2,repaired_permutation,201001,202002,True,"log_LQ[4,4]",-0.2551747876793065,-0.2168655500646814,0.038309237614625125,0.038309237614625125
fp64_gpu_xla_sqmc_reference_comparison,exact_scope_frozen_controls; epsilon_validity_nomination_then_full_score_flow_grid,full_d10_T2,repaired_permutation,201001,202002,True,"LQ[5,1]",-0.5366956450504217,-1.3820830484488518,-0.8453874033984301,0.8453874033984301
fp64_gpu_xla_sqmc_reference_comparison,exact_scope_frozen_controls; epsilon_validity_nomination_then_full_score_flow_grid,full_d10_T2,repaired_permutation,201001,202002,True,"LQ[5,2]",0.02365462394093025,-0.06916471693773285,-0.0928193408786631,0.0928193408786631
fp64_gpu_xla_sqmc_reference_comparison,exact_scope_frozen_controls; epsilon_validity_nomination_then_full_score_flow_grid,full_d10_T2,repaired_permutation,201001,202002,True,"LQ[5,3]",1.0357621804690664,1.9396359977533397,0.9038738172842733,0.9038738172842733
fp64_gpu_xla_sqmc_reference_comparison,exact_scope_frozen_controls; epsilon_validity_nomination_then_full_score_flow_grid,full_d10_T2,repaired_permutation,201001,202002,True,"LQ[5,4]",0.8887520351281037,1.4253080375537812,0.5365560024256775,0.5365560024256775
fp64_gpu_xla_sqmc_reference_comparison,exact_scope_frozen_controls; epsilon_validity_nomination_then_full_score_flow_grid,full_d10_T2,repaired_permutation,201001,202002,True,"log_LQ[5,5]",-0.13394057767215156,0.17909528988226,0.3130358675544116,0.3130358675544116
fp64_gpu_xla_sqmc_reference_comparison,exact_scope_frozen_controls; epsilon_validity_nomination_then_full_score_flow_grid,full_d10_T2,repaired_permutation,201001,202002,True,"LQ[6,1]",1.6956486340289318,1.5301438355585883,-0.1655047984703435,0.1655047984703435
fp64_gpu_xla_sqmc_reference_comparison,exact_scope_frozen_controls; epsilon_validity_nomination_then_full_score_flow_grid,full_d10_T2,repaired_permutation,201001,202002,True,"LQ[6,2]",-0.46516423854204236,-0.32983322625063893,0.13533101229140343,0.13533101229140343
fp64_gpu_xla_sqmc_reference_comparison,exact_scope_frozen_controls; epsilon_validity_nomination_then_full_score_flow_grid,full_d10_T2,repaired_permutation,201001,202002,True,"LQ[6,3]",-1.091350037303425,-1.435003051452926,-0.3436530141495009,0.3436530141495009
fp64_gpu_xla_sqmc_reference_comparison,exact_scope_frozen_controls; epsilon_validity_nomination_then_full_score_flow_grid,full_d10_T2,repaired_permutation,201001,202002,True,"LQ[6,4]",-0.9884428043203441,-1.0755355745044768,-0.08709277018413264,0.08709277018413264
fp64_gpu_xla_sqmc_reference_comparison,exact_scope_frozen_controls; epsilon_validity_nomination_then_full_score_flow_grid,full_d10_T2,repaired_permutation,201001,202002,True,"LQ[6,5]",-0.7452267819343596,-0.6546871517610612,0.09053963017329847,0.09053963017329847
fp64_gpu_xla_sqmc_reference_comparison,exact_scope_frozen_controls; epsilon_validity_nomination_then_full_score_flow_grid,full_d10_T2,repaired_permutation,201001,202002,True,"log_LQ[6,6]",-0.5412014505489918,-0.7274738001749753,-0.1862723496259835,0.1862723496259835
fp64_gpu_xla_sqmc_reference_comparison,exact_scope_frozen_controls; epsilon_validity_nomination_then_full_score_flow_grid,full_d10_T2,repaired_permutation,201001,202002,True,"LQ[7,1]",1.9261134704554341,2.4985581911427635,0.5724447206873293,0.5724447206873293
fp64_gpu_xla_sqmc_reference_comparison,exact_scope_frozen_controls; epsilon_validity_nomination_then_full_score_flow_grid,full_d10_T2,repaired_permutation,201001,202002,True,"LQ[7,2]",-0.6710099009322407,-0.8787243576575687,-0.20771445672532807,0.20771445672532807
fp64_gpu_xla_sqmc_reference_comparison,exact_scope_frozen_controls; epsilon_validity_nomination_then_full_score_flow_grid,full_d10_T2,repaired_permutation,201001,202002,True,"LQ[7,3]",-0.3494967361318082,-0.3843051081906144,-0.034808372058806214,0.034808372058806214
fp64_gpu_xla_sqmc_reference_comparison,exact_scope_frozen_controls; epsilon_validity_nomination_then_full_score_flow_grid,full_d10_T2,repaired_permutation,201001,202002,True,"LQ[7,4]",-0.311837454917008,-0.4246079737747701,-0.11277051885776213,0.11277051885776213
fp64_gpu_xla_sqmc_reference_comparison,exact_scope_frozen_controls; epsilon_validity_nomination_then_full_score_flow_grid,full_d10_T2,repaired_permutation,201001,202002,True,"LQ[7,5]",1.1805289302383066,1.527876922042928,0.3473479918046214,0.3473479918046214
fp64_gpu_xla_sqmc_reference_comparison,exact_scope_frozen_controls; epsilon_validity_nomination_then_full_score_flow_grid,full_d10_T2,repaired_permutation,201001,202002,True,"LQ[7,6]",0.49808959455553353,0.6508676440364713,0.15277804948093782,0.15277804948093782
fp64_gpu_xla_sqmc_reference_comparison,exact_scope_frozen_controls; epsilon_validity_nomination_then_full_score_flow_grid,full_d10_T2,repaired_permutation,201001,202002,True,"log_LQ[7,7]",0.08444345129268202,0.26415938804647227,0.17971593675379025,0.17971593675379025
fp64_gpu_xla_sqmc_reference_comparison,exact_scope_frozen_controls; epsilon_validity_nomination_then_full_score_flow_grid,full_d10_T2,repaired_permutation,201001,202002,True,"LQ[8,1]",0.23223520514382295,0.26356024340740075,0.0313250382635778,0.0313250382635778
fp64_gpu_xla_sqmc_reference_comparison,exact_scope_frozen_controls; epsilon_validity_nomination_then_full_score_flow_grid,full_d10_T2,repaired_permutation,201001,202002,True,"LQ[8,2]",-0.09810939533409348,0.0929176682515288,0.19102706358562227,0.19102706358562227
fp64_gpu_xla_sqmc_reference_comparison,exact_scope_frozen_controls; epsilon_validity_nomination_then_full_score_flow_grid,full_d10_T2,repaired_permutation,201001,202002,True,"LQ[8,3]",-0.031100117681431966,-0.3391775416420436,-0.30807742396061166,0.30807742396061166
fp64_gpu_xla_sqmc_reference_comparison,exact_scope_frozen_controls; epsilon_validity_nomination_then_full_score_flow_grid,full_d10_T2,repaired_permutation,201001,202002,True,"LQ[8,4]",-0.0905916812120991,-0.5509288883757192,-0.4603372071636201,0.4603372071636201
fp64_gpu_xla_sqmc_reference_comparison,exact_scope_frozen_controls; epsilon_validity_nomination_then_full_score_flow_grid,full_d10_T2,repaired_permutation,201001,202002,True,"LQ[8,5]",0.08936060155532534,-0.3354029709949938,-0.4247635725503191,0.4247635725503191
fp64_gpu_xla_sqmc_reference_comparison,exact_scope_frozen_controls; epsilon_validity_nomination_then_full_score_flow_grid,full_d10_T2,repaired_permutation,201001,202002,True,"LQ[8,6]",0.03489536370248869,-0.2824542926325557,-0.3173496563350444,0.3173496563350444
fp64_gpu_xla_sqmc_reference_comparison,exact_scope_frozen_controls; epsilon_validity_nomination_then_full_score_flow_grid,full_d10_T2,repaired_permutation,201001,202002,True,"LQ[8,7]",0.20299357525982648,-0.02414801563593305,-0.22714159089575953,0.22714159089575953
fp64_gpu_xla_sqmc_reference_comparison,exact_scope_frozen_controls; epsilon_validity_nomination_then_full_score_flow_grid,full_d10_T2,repaired_permutation,201001,202002,True,"log_LQ[8,8]",-0.988388572796855,-1.0070200140795345,-0.018631441282679462,0.018631441282679462
fp64_gpu_xla_sqmc_reference_comparison,exact_scope_frozen_controls; epsilon_validity_nomination_then_full_score_flow_grid,full_d10_T2,repaired_permutation,201001,202002,True,"LQ[9,1]",-1.998632437470166,-2.2745986373981384,-0.27596619992797233,0.27596619992797233
fp64_gpu_xla_sqmc_reference_comparison,exact_scope_frozen_controls; epsilon_validity_nomination_then_full_score_flow_grid,full_d10_T2,repaired_permutation,201001,202002,True,"LQ[9,2]",0.5636584732687647,0.5480885600668793,-0.015569913201885388,0.015569913201885388
fp64_gpu_xla_sqmc_reference_comparison,exact_scope_frozen_controls; epsilon_validity_nomination_then_full_score_flow_grid,full_d10_T2,repaired_permutation,201001,202002,True,"LQ[9,3]",1.190583506677017,1.7921764338219637,0.6015929271449467,0.6015929271449467
fp64_gpu_xla_sqmc_reference_comparison,exact_scope_frozen_controls; epsilon_validity_nomination_then_full_score_flow_grid,full_d10_T2,repaired_permutation,201001,202002,True,"LQ[9,4]",1.0779425725170695,1.5247653561152519,0.4468227835981824,0.4468227835981824
fp64_gpu_xla_sqmc_reference_comparison,exact_scope_frozen_controls; epsilon_validity_nomination_then_full_score_flow_grid,full_d10_T2,repaired_permutation,201001,202002,True,"LQ[9,5]",0.6604696092785991,0.6912780402056157,0.030808430927016572,0.030808430927016572
fp64_gpu_xla_sqmc_reference_comparison,exact_scope_frozen_controls; epsilon_validity_nomination_then_full_score_flow_grid,full_d10_T2,repaired_permutation,201001,202002,True,"LQ[9,6]",-0.9697232452874001,-0.8684736043817579,0.10124964090564215,0.10124964090564215
fp64_gpu_xla_sqmc_reference_comparison,exact_scope_frozen_controls; epsilon_validity_nomination_then_full_score_flow_grid,full_d10_T2,repaired_permutation,201001,202002,True,"LQ[9,7]",-0.5479328392859982,-0.03695973465549196,0.5109731046305063,0.5109731046305063
fp64_gpu_xla_sqmc_reference_comparison,exact_scope_frozen_controls; epsilon_validity_nomination_then_full_score_flow_grid,full_d10_T2,repaired_permutation,201001,202002,True,"LQ[9,8]",-0.21433239634499607,-0.19755282595077295,0.01677957039422312,0.01677957039422312
fp64_gpu_xla_sqmc_reference_comparison,exact_scope_frozen_controls; epsilon_validity_nomination_then_full_score_flow_grid,full_d10_T2,repaired_permutation,201001,202002,True,"log_LQ[9,9]",-0.47685284814179885,0.016072155548778166,0.492925003690577,0.492925003690577
fp64_gpu_xla_sqmc_reference_comparison,exact_scope_frozen_controls; epsilon_validity_nomination_then_full_score_flow_grid,full_d10_T2,repaired_permutation,201001,202002,True,"LQ[10,1]",4.062768780999246,4.860792827182269,0.7980240461830235,0.7980240461830235
fp64_gpu_xla_sqmc_reference_comparison,exact_scope_frozen_controls; epsilon_validity_nomination_then_full_score_flow_grid,full_d10_T2,repaired_permutation,201001,202002,True,"LQ[10,2]",-1.2835986255749678,-1.9029339950823625,-0.6193353695073947,0.6193353695073947
fp64_gpu_xla_sqmc_reference_comparison,exact_scope_frozen_controls; epsilon_validity_nomination_then_full_score_flow_grid,full_d10_T2,repaired_permutation,201001,202002,True,"LQ[10,3]",-1.6358862954083686,-1.9314803039236699,-0.29559400851530127,0.29559400851530127
fp64_gpu_xla_sqmc_reference_comparison,exact_scope_frozen_controls; epsilon_validity_nomination_then_full_score_flow_grid,full_d10_T2,repaired_permutation,201001,202002,True,"LQ[10,4]",-1.526351127748982,-1.7940738778220378,-0.2677227500730557,0.2677227500730557
fp64_gpu_xla_sqmc_reference_comparison,exact_scope_frozen_controls; epsilon_validity_nomination_then_full_score_flow_grid,full_d10_T2,repaired_permutation,201001,202002,True,"LQ[10,5]",0.3818582041101131,0.13849488300679014,-0.24336332110332298,0.24336332110332298
fp64_gpu_xla_sqmc_reference_comparison,exact_scope_frozen_controls; epsilon_validity_nomination_then_full_score_flow_grid,full_d10_T2,repaired_permutation,201001,202002,True,"LQ[10,6]",1.5271278797427765,2.4326343747288486,0.905506494986072,0.905506494986072
fp64_gpu_xla_sqmc_reference_comparison,exact_scope_frozen_controls; epsilon_validity_nomination_then_full_score_flow_grid,full_d10_T2,repaired_permutation,201001,202002,True,"LQ[10,7]",2.7481056488092324,2.8522310892654166,0.10412544045618422,0.10412544045618422
fp64_gpu_xla_sqmc_reference_comparison,exact_scope_frozen_controls; epsilon_validity_nomination_then_full_score_flow_grid,full_d10_T2,repaired_permutation,201001,202002,True,"LQ[10,8]",0.6328675079264996,1.3801890332194613,0.7473215252929617,0.7473215252929617
fp64_gpu_xla_sqmc_reference_comparison,exact_scope_frozen_controls; epsilon_validity_nomination_then_full_score_flow_grid,full_d10_T2,repaired_permutation,201001,202002,True,"LQ[10,9]",-2.104089251530308,-2.12492350575052,-0.020834254220212234,0.020834254220212234
fp64_gpu_xla_sqmc_reference_comparison,exact_scope_frozen_controls; epsilon_validity_nomination_then_full_score_flow_grid,full_d10_T2,repaired_permutation,201001,202002,True,"log_LQ[10,10]",1.4807298861910445,1.5888197512519555,0.108089865060911,0.108089865060911
fp64_gpu_xla_sqmc_reference_comparison,exact_scope_frozen_controls; epsilon_validity_nomination_then_full_score_flow_grid,full_d10_T2,repaired_permutation,201001,202002,True,log_R_variance,0.745698627970492,0.8286098155317769,0.0829111875612849,0.0829111875612849
fp64_gpu_xla_sqmc_reference_comparison,exact_scope_frozen_controls; epsilon_validity_nomination_then_full_score_flow_grid,full_d10_T2,repaired_permutation,201001,202002,True,initial_mean_scale,-0.8465975322240216,-0.7143774905605794,0.13222004166344214,0.13222004166344214
fp64_gpu_xla_sqmc_reference_comparison,exact_scope_frozen_controls; epsilon_validity_nomination_then_full_score_flow_grid,full_d10_T2,repaired_permutation,201002,202001,True,"A[1,1]",0.7312515086799218,0.8342865984979182,0.10303508981799636,0.10303508981799636
fp64_gpu_xla_sqmc_reference_comparison,exact_scope_frozen_controls; epsilon_validity_nomination_then_full_score_flow_grid,full_d10_T2,repaired_permutation,201002,202001,True,"A[1,2]",-1.134026720692122,-1.2874152695869148,-0.1533885488947928,0.1533885488947928
fp64_gpu_xla_sqmc_reference_comparison,exact_scope_frozen_controls; epsilon_validity_nomination_then_full_score_flow_grid,full_d10_T2,repaired_permutation,201002,202001,True,"A[1,3]",1.1007499902741107,0.7608482482034765,-0.33990174207063417,0.33990174207063417
fp64_gpu_xla_sqmc_reference_comparison,exact_scope_frozen_controls; epsilon_validity_nomination_then_full_score_flow_grid,full_d10_T2,repaired_permutation,201002,202001,True,"A[1,4]",-0.1635294684215646,-0.44253024011327147,-0.2790007716917069,0.2790007716917069
fp64_gpu_xla_sqmc_reference_comparison,exact_scope_frozen_controls; epsilon_validity_nomination_then_full_score_flow_grid,full_d10_T2,repaired_permutation,201002,202001,True,"A[1,5]",-1.523160339493569,-1.337841654516503,0.18531868497706605,0.18531868497706605
fp64_gpu_xla_sqmc_reference_comparison,exact_scope_frozen_controls; epsilon_validity_nomination_then_full_score_flow_grid,full_d10_T2,repaired_permutation,201002,202001,True,"A[1,6]",0.6393651200679418,0.6504060613170802,0.011040941249138458,0.011040941249138458
fp64_gpu_xla_sqmc_reference_comparison,exact_scope_frozen_controls; epsilon_validity_nomination_then_full_score_flow_grid,full_d10_T2,repaired_permutation,201002,202001,True,"A[1,7]",0.9884282165645788,1.0078164678424981,0.01938825127791932,0.01938825127791932
fp64_gpu_xla_sqmc_reference_comparison,exact_scope_frozen_controls; epsilon_validity_nomination_then_full_score_flow_grid,full_d10_T2,repaired_permutation,201002,202001,True,"A[1,8]",1.6282401428692976,1.601772069141997,-0.026468073727300645,0.026468073727300645
fp64_gpu_xla_sqmc_reference_comparison,exact_scope_frozen_controls; epsilon_validity_nomination_then_full_score_flow_grid,full_d10_T2,repaired_permutation,201002,202001,True,"A[1,9]",5.626785268565081,6.751938131716233,1.1251528631511514,1.1251528631511514
fp64_gpu_xla_sqmc_reference_comparison,exact_scope_frozen_controls; epsilon_validity_nomination_then_full_score_flow_grid,full_d10_T2,repaired_permutation,201002,202001,True,"A[1,10]",-2.2730825336074996,-3.015068982717969,-0.7419864491104695,0.7419864491104695
fp64_gpu_xla_sqmc_reference_comparison,exact_scope_frozen_controls; epsilon_validity_nomination_then_full_score_flow_grid,full_d10_T2,repaired_permutation,201002,202001,True,"A[2,1]",0.03105161477407775,-0.3971742531804837,-0.42822586795456147,0.42822586795456147
fp64_gpu_xla_sqmc_reference_comparison,exact_scope_frozen_controls; epsilon_validity_nomination_then_full_score_flow_grid,full_d10_T2,repaired_permutation,201002,202001,True,"A[2,2]",-0.9902851937189366,-0.9109777985199436,0.07930739519899299,0.07930739519899299
fp64_gpu_xla_sqmc_reference_comparison,exact_scope_frozen_controls; epsilon_validity_nomination_then_full_score_flow_grid,full_d10_T2,repaired_permutation,201002,202001,True,"A[2,3]",0.025419564736536365,-0.06453221412374867,-0.08995177886028503,0.08995177886028503
fp64_gpu_xla_sqmc_reference_comparison,exact_scope_frozen_controls; epsilon_validity_nomination_then_full_score_flow_grid,full_d10_T2,repaired_permutation,201002,202001,True,"A[2,4]",-0.015787818547178353,0.1823165126935038,0.19810433124068216,0.19810433124068216
fp64_gpu_xla_sqmc_reference_comparison,exact_scope_frozen_controls; epsilon_validity_nomination_then_full_score_flow_grid,full_d10_T2,repaired_permutation,201002,202001,True,"A[2,5]",0.0007243707767340957,0.5698873527596874,0.5691629819829533,0.5691629819829533
fp64_gpu_xla_sqmc_reference_comparison,exact_scope_frozen_controls; epsilon_validity_nomination_then_full_score_flow_grid,full_d10_T2,repaired_permutation,201002,202001,True,"A[2,6]",-0.012636766101587094,0.5214794947015208,0.5341162608031078,0.5341162608031078
fp64_gpu_xla_sqmc_reference_comparison,exact_scope_frozen_controls; epsilon_validity_nomination_then_full_score_flow_grid,full_d10_T2,repaired_permutation,201002,202001,True,"A[2,7]",0.028711044512336817,0.2665725776163157,0.2378615331039789,0.2378615331039789
fp64_gpu_xla_sqmc_reference_comparison,exact_scope_frozen_controls; epsilon_validity_nomination_then_full_score_flow_grid,full_d10_T2,repaired_permutation,201002,202001,True,"A[2,8]",-0.010709165902501205,0.09287795455425993,0.10358712045676113,0.10358712045676113
fp64_gpu_xla_sqmc_reference_comparison,exact_scope_frozen_controls; epsilon_validity_nomination_then_full_score_flow_grid,full_d10_T2,repaired_permutation,201002,202001,True,"A[2,9]",0.06488621397927752,-1.077971115979813,-1.1428573299590905,1.1428573299590905
fp64_gpu_xla_sqmc_reference_comparison,exact_scope_frozen_controls; epsilon_validity_nomination_then_full_score_flow_grid,full_d10_T2,repaired_permutation,201002,202001,True,"A[2,10]",-0.041898392985108335,0.13594587817585663,0.17784427116096496,0.17784427116096496
fp64_gpu_xla_sqmc_reference_comparison,exact_scope_frozen_controls; epsilon_validity_nomination_then_full_score_flow_grid,full_d10_T2,repaired_permutation,201002,202001,True,"A[3,1]",0.6254251229137281,0.6011975072233327,-0.024227615690395443,0.024227615690395443
fp64_gpu_xla_sqmc_reference_comparison,exact_scope_frozen_controls; epsilon_validity_nomination_then_full_score_flow_grid,full_d10_T2,repaired_permutation,201002,202001,True,"A[3,2]",-0.4197635352621021,-0.44828963691047385,-0.02852610164837177,0.02852610164837177
fp64_gpu_xla_sqmc_reference_comparison,exact_scope_frozen_controls; epsilon_validity_nomination_then_full_score_flow_grid,full_d10_T2,repaired_permutation,201002,202001,True,"A[3,3]",-0.559170127112457,-0.2577311479081994,0.30143897920425755,0.30143897920425755
fp64_gpu_xla_sqmc_reference_comparison,exact_scope_frozen_controls; epsilon_validity_nomination_then_full_score_flow_grid,full_d10_T2,repaired_permutation,201002,202001,True,"A[3,4]",-0.06211186347064271,-0.38028358604208135,-0.31817172257143866,0.31817172257143866
fp64_gpu_xla_sqmc_reference_comparison,exact_scope_frozen_controls; epsilon_validity_nomination_then_full_score_flow_grid,full_d10_T2,repaired_permutation,201002,202001,True,"A[3,5]",-0.561892891214147,-0.7716827793277636,-0.20978988811361665,0.20978988811361665
fp64_gpu_xla_sqmc_reference_comparison,exact_scope_frozen_controls; epsilon_validity_nomination_then_full_score_flow_grid,full_d10_T2,repaired_permutation,201002,202001,True,"A[3,6]",0.23674281202276254,0.0818918110835999,-0.15485100093916265,0.15485100093916265
fp64_gpu_xla_sqmc_reference_comparison,exact_scope_frozen_controls; epsilon_validity_nomination_then_full_score_flow_grid,full_d10_T2,repaired_permutation,201002,202001,True,"A[3,7]",0.3643272023600196,0.6509512822223058,0.2866240798622862,0.2866240798622862
fp64_gpu_xla_sqmc_reference_comparison,exact_scope_frozen_controls; epsilon_validity_nomination_then_full_score_flow_grid,full_d10_T2,repaired_permutation,201002,202001,True,"A[3,8]",0.6053165224194904,1.0740217368442708,0.4687052144247804,0.4687052144247804
fp64_gpu_xla_sqmc_reference_comparison,exact_scope_frozen_controls; epsilon_validity_nomination_then_full_score_flow_grid,full_d10_T2,repaired_permutation,201002,202001,True,"A[3,9]",2.0804911740092553,3.3981376157806533,1.317646441771398,1.317646441771398
fp64_gpu_xla_sqmc_reference_comparison,exact_scope_frozen_controls; epsilon_validity_nomination_then_full_score_flow_grid,full_d10_T2,repaired_permutation,201002,202001,True,"A[3,10]",-0.8377788441267946,-1.5731842869377346,-0.73540544281094,0.73540544281094
fp64_gpu_xla_sqmc_reference_comparison,exact_scope_frozen_controls; epsilon_validity_nomination_then_full_score_flow_grid,full_d10_T2,repaired_permutation,201002,202001,True,"A[4,1]",-0.7345625873009947,-0.1522369375190547,0.58232564978194,0.58232564978194
fp64_gpu_xla_sqmc_reference_comparison,exact_scope_frozen_controls; epsilon_validity_nomination_then_full_score_flow_grid,full_d10_T2,repaired_permutation,201002,202001,True,"A[4,2]",0.5031972016963718,0.27845659532154243,-0.2247406063748294,0.2247406063748294
fp64_gpu_xla_sqmc_reference_comparison,exact_scope_frozen_controls; epsilon_validity_nomination_then_full_score_flow_grid,full_d10_T2,repaired_permutation,201002,202001,True,"A[4,3]",-0.4915353579033352,-0.29614563148090484,0.19538972642243035,0.19538972642243035
fp64_gpu_xla_sqmc_reference_comparison,exact_scope_frozen_controls; epsilon_validity_nomination_then_full_score_flow_grid,full_d10_T2,repaired_permutation,201002,202001,True,"A[4,4]",-0.8639553483728762,-0.9319151124600802,-0.06795976408720394,0.06795976408720394
fp64_gpu_xla_sqmc_reference_comparison,exact_scope_frozen_controls; epsilon_validity_nomination_then_full_score_flow_grid,full_d10_T2,repaired_permutation,201002,202001,True,"A[4,5]",0.594421946879726,-0.23492553015219997,-0.829347477031926,0.829347477031926
fp64_gpu_xla_sqmc_reference_comparison,exact_scope_frozen_controls; epsilon_validity_nomination_then_full_score_flow_grid,full_d10_T2,repaired_permutation,201002,202001,True,"A[4,6]",-0.22752954966645683,-0.601471366929712,-0.3739418172632552,0.3739418172632552
fp64_gpu_xla_sqmc_reference_comparison,exact_scope_frozen_controls; epsilon_validity_nomination_then_full_score_flow_grid,full_d10_T2,repaired_permutation,201002,202001,True,"A[4,7]",-0.4443664308832553,-0.640309196693453,-0.1959427658101977,0.1959427658101977
fp64_gpu_xla_sqmc_reference_comparison,exact_scope_frozen_controls; epsilon_validity_nomination_then_full_score_flow_grid,full_d10_T2,repaired_permutation,201002,202001,True,"A[4,8]",-0.6330744464310756,0.06274155968358341,0.695816006114659,0.695816006114659
fp64_gpu_xla_sqmc_reference_comparison,exact_scope_frozen_controls; epsilon_validity_nomination_then_full_score_flow_grid,full_d10_T2,repaired_permutation,201002,202001,True,"A[4,9]",-2.3516563954741354,-0.5005734971382596,1.8510828983358758,1.8510828983358758
fp64_gpu_xla_sqmc_reference_comparison,exact_scope_frozen_controls; epsilon_validity_nomination_then_full_score_flow_grid,full_d10_T2,repaired_permutation,201002,202001,True,"A[4,10]",0.9712013340288347,0.4053537148761831,-0.5658476191526516,0.5658476191526516
fp64_gpu_xla_sqmc_reference_comparison,exact_scope_frozen_controls; epsilon_validity_nomination_then_full_score_flow_grid,full_d10_T2,repaired_permutation,201002,202001,True,"A[5,1]",-0.3369411373365674,-0.8952460029482318,-0.5583048656116644,0.5583048656116644
fp64_gpu_xla_sqmc_reference_comparison,exact_scope_frozen_controls; epsilon_validity_nomination_then_full_score_flow_grid,full_d10_T2,repaired_permutation,201002,202001,True,"A[5,2]",0.203190604437217,0.7372547667227969,0.5340641622855798,0.5340641622855798
fp64_gpu_xla_sqmc_reference_comparison,exact_scope_frozen_controls; epsilon_validity_nomination_then_full_score_flow_grid,full_d10_T2,repaired_permutation,201002,202001,True,"A[5,3]",-0.19312563149290843,-0.5055449809061029,-0.3124193494131945,0.3124193494131945
fp64_gpu_xla_sqmc_reference_comparison,exact_scope_frozen_controls; epsilon_validity_nomination_then_full_score_flow_grid,full_d10_T2,repaired_permutation,201002,202001,True,"A[5,4]",-0.029190325564111875,-0.04464011240721377,-0.015449786843101897,0.015449786843101897
fp64_gpu_xla_sqmc_reference_comparison,exact_scope_frozen_controls; epsilon_validity_nomination_then_full_score_flow_grid,full_d10_T2,repaired_permutation,201002,202001,True,"A[5,5]",-0.531728068733793,0.3642020212398386,0.8959300899736315,0.8959300899736315
fp64_gpu_xla_sqmc_reference_comparison,exact_scope_frozen_controls; epsilon_validity_nomination_then_full_score_flow_grid,full_d10_T2,repaired_permutation,201002,202001,True,"A[5,6]",-0.2252756709429521,0.17548677894446618,0.40076244988741827,0.40076244988741827
fp64_gpu_xla_sqmc_reference_comparison,exact_scope_frozen_controls; epsilon_validity_nomination_then_full_score_flow_grid,full_d10_T2,repaired_permutation,201002,202001,True,"A[5,7]",-0.16805086642022032,0.07569273280324106,0.2437435992234614,0.2437435992234614
fp64_gpu_xla_sqmc_reference_comparison,exact_scope_frozen_controls; epsilon_validity_nomination_then_full_score_flow_grid,full_d10_T2,repaired_permutation,201002,202001,True,"A[5,8]",-0.4694135725392166,-1.3739785785122924,-0.9045650059730759,0.9045650059730759
fp64_gpu_xla_sqmc_reference_comparison,exact_scope_frozen_controls; epsilon_validity_nomination_then_full_score_flow_grid,full_d10_T2,repaired_permutation,201002,202001,True,"A[5,9]",-1.303654398695853,-3.079415912733181,-1.775761514037328,1.775761514037328
fp64_gpu_xla_sqmc_reference_comparison,exact_scope_frozen_controls; epsilon_validity_nomination_then_full_score_flow_grid,full_d10_T2,repaired_permutation,201002,202001,True,"A[5,10]",0.48566513703063274,1.2207781114234417,0.735112974392809,0.735112974392809
fp64_gpu_xla_sqmc_reference_comparison,exact_scope_frozen_controls; epsilon_validity_nomination_then_full_score_flow_grid,full_d10_T2,repaired_permutation,201002,202001,True,"A[6,1]",0.5531154842897016,0.7721299193272637,0.21901443503756213,0.21901443503756213
fp64_gpu_xla_sqmc_reference_comparison,exact_scope_frozen_controls; epsilon_validity_nomination_then_full_score_flow_grid,full_d10_T2,repaired_permutation,201002,202001,True,"A[6,2]",-0.35833410877018795,-0.19957045156553582,0.15876365720465213,0.15876365720465213
fp64_gpu_xla_sqmc_reference_comparison,exact_scope_frozen_controls; epsilon_validity_nomination_then_full_score_flow_grid,full_d10_T2,repaired_permutation,201002,202001,True,"A[6,3]",0.34581298345285155,0.34739649076216517,0.0015835073093136143,0.0015835073093136143
fp64_gpu_xla_sqmc_reference_comparison,exact_scope_frozen_controls; epsilon_validity_nomination_then_full_score_flow_grid,full_d10_T2,repaired_permutation,201002,202001,True,"A[6,4]",-0.021039322087962276,-0.46019620737223405,-0.43915688528427177,0.43915688528427177
fp64_gpu_xla_sqmc_reference_comparison,exact_scope_frozen_controls; epsilon_validity_nomination_then_full_score_flow_grid,full_d10_T2,repaired_permutation,201002,202001,True,"A[6,5]",-0.5648831210660903,-0.5069372085317032,0.05794591253438708,0.05794591253438708
fp64_gpu_xla_sqmc_reference_comparison,exact_scope_frozen_controls; epsilon_validity_nomination_then_full_score_flow_grid,full_d10_T2,repaired_permutation,201002,202001,True,"A[6,6]",-0.7035989149413433,-0.9897759805263275,-0.28617706558498424,0.28617706558498424
fp64_gpu_xla_sqmc_reference_comparison,exact_scope_frozen_controls; epsilon_validity_nomination_then_full_score_flow_grid,full_d10_T2,repaired_permutation,201002,202001,True,"A[6,7]",0.30709587051325926,0.44800956637338185,0.1409136958601226,0.1409136958601226
fp64_gpu_xla_sqmc_reference_comparison,exact_scope_frozen_controls; epsilon_validity_nomination_then_full_score_flow_grid,full_d10_T2,repaired_permutation,201002,202001,True,"A[6,8]",0.6031172277434557,0.9329069488032473,0.32978972105979165,0.32978972105979165
fp64_gpu_xla_sqmc_reference_comparison,exact_scope_frozen_controls; epsilon_validity_nomination_then_full_score_flow_grid,full_d10_T2,repaired_permutation,201002,202001,True,"A[6,9]",1.9265044307099535,3.377261873380955,1.4507574426710015,1.4507574426710015
fp64_gpu_xla_sqmc_reference_comparison,exact_scope_frozen_controls; epsilon_validity_nomination_then_full_score_flow_grid,full_d10_T2,repaired_permutation,201002,202001,True,"A[6,10]",-0.7593469144983636,-1.3992688292324194,-0.6399219147340558,0.6399219147340558
fp64_gpu_xla_sqmc_reference_comparison,exact_scope_frozen_controls; epsilon_validity_nomination_then_full_score_flow_grid,full_d10_T2,repaired_permutation,201002,202001,True,"A[7,1]",0.16852945039449574,0.04375631526323907,-0.12477313513125667,0.12477313513125667
fp64_gpu_xla_sqmc_reference_comparison,exact_scope_frozen_controls; epsilon_validity_nomination_then_full_score_flow_grid,full_d10_T2,repaired_permutation,201002,202001,True,"A[7,2]",-0.112512586760323,0.06798945245873046,0.18050203921905345,0.18050203921905345
fp64_gpu_xla_sqmc_reference_comparison,exact_scope_frozen_controls; epsilon_validity_nomination_then_full_score_flow_grid,full_d10_T2,repaired_permutation,201002,202001,True,"A[7,3]",0.10964572990164437,0.2681358776703547,0.15849014776871032,0.15849014776871032
fp64_gpu_xla_sqmc_reference_comparison,exact_scope_frozen_controls; epsilon_validity_nomination_then_full_score_flow_grid,full_d10_T2,repaired_permutation,201002,202001,True,"A[7,4]",-0.015534552118650534,-0.27181745088902376,-0.25628289877037325,0.25628289877037325
fp64_gpu_xla_sqmc_reference_comparison,exact_scope_frozen_controls; epsilon_validity_nomination_then_full_score_flow_grid,full_d10_T2,repaired_permutation,201002,202001,True,"A[7,5]",-0.15654018970454656,0.019119081655994352,0.1756592713605409,0.1756592713605409
fp64_gpu_xla_sqmc_reference_comparison,exact_scope_frozen_controls; epsilon_validity_nomination_then_full_score_flow_grid,full_d10_T2,repaired_permutation,201002,202001,True,"A[7,6]",0.0663245537225399,0.09514562603412918,0.028821072311589285,0.028821072311589285
fp64_gpu_xla_sqmc_reference_comparison,exact_scope_frozen_controls; epsilon_validity_nomination_then_full_score_flow_grid,full_d10_T2,repaired_permutation,201002,202001,True,"A[7,7]",-0.8571511387444378,-0.8264679823469674,0.030683156397470435,0.030683156397470435
fp64_gpu_xla_sqmc_reference_comparison,exact_scope_frozen_controls; epsilon_validity_nomination_then_full_score_flow_grid,full_d10_T2,repaired_permutation,201002,202001,True,"A[7,8]",0.17106009296689326,0.5964605479467078,0.4254004549798145,0.4254004549798145
fp64_gpu_xla_sqmc_reference_comparison,exact_scope_frozen_controls; epsilon_validity_nomination_then_full_score_flow_grid,full_d10_T2,repaired_permutation,201002,202001,True,"A[7,9]",0.5820243649359071,0.9499814902382112,0.36795712530230407,0.36795712530230407
fp64_gpu_xla_sqmc_reference_comparison,exact_scope_frozen_controls; epsilon_validity_nomination_then_full_score_flow_grid,full_d10_T2,repaired_permutation,201002,202001,True,"A[7,10]",-0.23216711270449616,-0.33194949713067506,-0.0997823844261789,0.0997823844261789
fp64_gpu_xla_sqmc_reference_comparison,exact_scope_frozen_controls; epsilon_validity_nomination_then_full_score_flow_grid,full_d10_T2,repaired_permutation,201002,202001,True,"A[8,1]",1.7353548066345492,1.1856399254684795,-0.5497148811660697,0.5497148811660697
fp64_gpu_xla_sqmc_reference_comparison,exact_scope_frozen_controls; epsilon_validity_nomination_then_full_score_flow_grid,full_d10_T2,repaired_permutation,201002,202001,True,"A[8,2]",-1.146658505220239,-0.6069758884184214,0.5396826168018175,0.5396826168018175
fp64_gpu_xla_sqmc_reference_comparison,exact_scope_frozen_controls; epsilon_validity_nomination_then_full_score_flow_grid,full_d10_T2,repaired_permutation,201002,202001,True,"A[8,3]",1.111521510651809,0.886621092250471,-0.224900418401338,0.224900418401338
fp64_gpu_xla_sqmc_reference_comparison,exact_scope_frozen_controls; epsilon_validity_nomination_then_full_score_flow_grid,full_d10_T2,repaired_permutation,201002,202001,True,"A[8,4]",-0.1281900518917811,-0.2732495880706761,-0.14505953617889503,0.14505953617889503
fp64_gpu_xla_sqmc_reference_comparison,exact_scope_frozen_controls; epsilon_validity_nomination_then_full_score_flow_grid,full_d10_T2,repaired_permutation,201002,202001,True,"A[8,5]",-1.6436168351434204,-1.260620374330378,0.3829964608130423,0.3829964608130423
fp64_gpu_xla_sqmc_reference_comparison,exact_scope_frozen_controls; epsilon_validity_nomination_then_full_score_flow_grid,full_d10_T2,repaired_permutation,201002,202001,True,"A[8,6]",0.7160276169284643,0.36828698842821306,-0.3477406285002512,0.3477406285002512
fp64_gpu_xla_sqmc_reference_comparison,exact_scope_frozen_controls; epsilon_validity_nomination_then_full_score_flow_grid,full_d10_T2,repaired_permutation,201002,202001,True,"A[8,7]",0.9951195936096543,1.3355928938618424,0.34047330025218814,0.34047330025218814
fp64_gpu_xla_sqmc_reference_comparison,exact_scope_frozen_controls; epsilon_validity_nomination_then_full_score_flow_grid,full_d10_T2,repaired_permutation,201002,202001,True,"A[8,8]",0.8041375972733842,0.7163675408105312,-0.08777005646285296,0.08777005646285296
fp64_gpu_xla_sqmc_reference_comparison,exact_scope_frozen_controls; epsilon_validity_nomination_then_full_score_flow_grid,full_d10_T2,repaired_permutation,201002,202001,True,"A[8,9]",5.877913107425604,5.754296253706647,-0.12361685371895703,0.12361685371895703
fp64_gpu_xla_sqmc_reference_comparison,exact_scope_frozen_controls; epsilon_validity_nomination_then_full_score_flow_grid,full_d10_T2,repaired_permutation,201002,202001,True,"A[8,10]",-2.3519829478562935,-2.479887067061166,-0.12790411920487266,0.12790411920487266
fp64_gpu_xla_sqmc_reference_comparison,exact_scope_frozen_controls; epsilon_validity_nomination_then_full_score_flow_grid,full_d10_T2,repaired_permutation,201002,202001,True,"A[9,1]",0.48238143573450964,0.6801320639805586,0.19775062824604894,0.19775062824604894
fp64_gpu_xla_sqmc_reference_comparison,exact_scope_frozen_controls; epsilon_validity_nomination_then_full_score_flow_grid,full_d10_T2,repaired_permutation,201002,202001,True,"A[9,2]",-0.2774390773171912,-0.5890268249428736,-0.3115877476256824,0.3115877476256824
fp64_gpu_xla_sqmc_reference_comparison,exact_scope_frozen_controls; epsilon_validity_nomination_then_full_score_flow_grid,full_d10_T2,repaired_permutation,201002,202001,True,"A[9,3]",0.26181344093393993,0.2855806160274978,0.023767175093557857,0.023767175093557857
fp64_gpu_xla_sqmc_reference_comparison,exact_scope_frozen_controls; epsilon_validity_nomination_then_full_score_flow_grid,full_d10_T2,repaired_permutation,201002,202001,True,"A[9,4]",0.07958030681123095,0.1856499186783277,0.10606961186709675,0.10606961186709675
fp64_gpu_xla_sqmc_reference_comparison,exact_scope_frozen_controls; epsilon_validity_nomination_then_full_score_flow_grid,full_d10_T2,repaired_permutation,201002,202001,True,"A[9,5]",-0.712946573941716,-0.8933538326330499,-0.1804072586913339,0.1804072586913339
fp64_gpu_xla_sqmc_reference_comparison,exact_scope_frozen_controls; epsilon_validity_nomination_then_full_score_flow_grid,full_d10_T2,repaired_permutation,201002,202001,True,"A[9,6]",0.392141747288317,-0.43497928627134835,-0.8271210335596654,0.8271210335596654
fp64_gpu_xla_sqmc_reference_comparison,exact_scope_frozen_controls; epsilon_validity_nomination_then_full_score_flow_grid,full_d10_T2,repaired_permutation,201002,202001,True,"A[9,7]",0.22540956849963456,-0.2713704885411605,-0.4967800570407951,0.4967800570407951
fp64_gpu_xla_sqmc_reference_comparison,exact_scope_frozen_controls; epsilon_validity_nomination_then_full_score_flow_grid,full_d10_T2,repaired_permutation,201002,202001,True,"A[9,8]",0.7915825653728665,1.130809759819824,0.33922719444695737,0.33922719444695737
fp64_gpu_xla_sqmc_reference_comparison,exact_scope_frozen_controls; epsilon_validity_nomination_then_full_score_flow_grid,full_d10_T2,repaired_permutation,201002,202001,True,"A[9,9]",1.0879411043054996,1.2104452208191496,0.12250411651365001,0.12250411651365001
fp64_gpu_xla_sqmc_reference_comparison,exact_scope_frozen_controls; epsilon_validity_nomination_then_full_score_flow_grid,full_d10_T2,repaired_permutation,201002,202001,True,"A[9,10]",-0.7254506627165145,-0.7333894285399585,-0.007938765823443994,0.007938765823443994
fp64_gpu_xla_sqmc_reference_comparison,exact_scope_frozen_controls; epsilon_validity_nomination_then_full_score_flow_grid,full_d10_T2,repaired_permutation,201002,202001,True,"A[10,1]",-1.4703028027989913,-1.0235877171553698,0.4467150856436215,0.4467150856436215
fp64_gpu_xla_sqmc_reference_comparison,exact_scope_frozen_controls; epsilon_validity_nomination_then_full_score_flow_grid,full_d10_T2,repaired_permutation,201002,202001,True,"A[10,2]",0.9787230791304222,0.6610050932162328,-0.3177179859141894,0.3177179859141894
fp64_gpu_xla_sqmc_reference_comparison,exact_scope_frozen_controls; epsilon_validity_nomination_then_full_score_flow_grid,full_d10_T2,repaired_permutation,201002,202001,True,"A[10,3]",-0.9506704994673285,-0.6308209263887639,0.31984957307856465,0.31984957307856465
fp64_gpu_xla_sqmc_reference_comparison,exact_scope_frozen_controls; epsilon_validity_nomination_then_full_score_flow_grid,full_d10_T2,repaired_permutation,201002,202001,True,"A[10,4]",0.12846236901356278,0.31009780532817505,0.18163543631461226,0.18163543631461226
fp64_gpu_xla_sqmc_reference_comparison,exact_scope_frozen_controls; epsilon_validity_nomination_then_full_score_flow_grid,full_d10_T2,repaired_permutation,201002,202001,True,"A[10,5]",1.3553059419829165,0.6950186830653857,-0.6602872589175308,0.6602872589175308
fp64_gpu_xla_sqmc_reference_comparison,exact_scope_frozen_controls; epsilon_validity_nomination_then_full_score_flow_grid,full_d10_T2,repaired_permutation,201002,202001,True,"A[10,6]",-0.5769258811164317,-0.3026804609205364,0.2742454201958953,0.2742454201958953
fp64_gpu_xla_sqmc_reference_comparison,exact_scope_frozen_controls; epsilon_validity_nomination_then_full_score_flow_grid,full_d10_T2,repaired_permutation,201002,202001,True,"A[10,7]",-0.8591109619900291,-0.7289711943135497,0.1301397676764794,0.1301397676764794
fp64_gpu_xla_sqmc_reference_comparison,exact_scope_frozen_controls; epsilon_validity_nomination_then_full_score_flow_grid,full_d10_T2,repaired_permutation,201002,202001,True,"A[10,8]",-1.448651640235066,-1.0472745363679943,0.4013771038670717,0.4013771038670717
fp64_gpu_xla_sqmc_reference_comparison,exact_scope_frozen_controls; epsilon_validity_nomination_then_full_score_flow_grid,full_d10_T2,repaired_permutation,201002,202001,True,"A[10,9]",-4.956423352442867,-4.522470674221283,0.43395267822158434,0.43395267822158434
fp64_gpu_xla_sqmc_reference_comparison,exact_scope_frozen_controls; epsilon_validity_nomination_then_full_score_flow_grid,full_d10_T2,repaired_permutation,201002,202001,True,"A[10,10]",1.062547900188041,1.237046141361542,0.174498241173501,0.174498241173501
fp64_gpu_xla_sqmc_reference_comparison,exact_scope_frozen_controls; epsilon_validity_nomination_then_full_score_flow_grid,full_d10_T2,repaired_permutation,201002,202001,True,"log_LQ[1,1]",0.8563964796406058,0.9520716355666693,0.09567515592606346,0.09567515592606346
fp64_gpu_xla_sqmc_reference_comparison,exact_scope_frozen_controls; epsilon_validity_nomination_then_full_score_flow_grid,full_d10_T2,repaired_permutation,201002,202001,True,"LQ[2,1]",0.5045991758865005,1.3101978791237716,0.8055987032372711,0.8055987032372711
fp64_gpu_xla_sqmc_reference_comparison,exact_scope_frozen_controls; epsilon_validity_nomination_then_full_score_flow_grid,full_d10_T2,repaired_permutation,201002,202001,True,"log_LQ[2,2]",-0.7298691258082188,-0.9917658666930503,-0.2618967408848315,0.2618967408848315
fp64_gpu_xla_sqmc_reference_comparison,exact_scope_frozen_controls; epsilon_validity_nomination_then_full_score_flow_grid,full_d10_T2,repaired_permutation,201002,202001,True,"LQ[3,1]",1.3580551816274582,1.6516665782358217,0.29361139660836355,0.29361139660836355
fp64_gpu_xla_sqmc_reference_comparison,exact_scope_frozen_controls; epsilon_validity_nomination_then_full_score_flow_grid,full_d10_T2,repaired_permutation,201002,202001,True,"LQ[3,2]",0.13785106431993824,0.7673698090087598,0.6295187446888216,0.6295187446888216
fp64_gpu_xla_sqmc_reference_comparison,exact_scope_frozen_controls; epsilon_validity_nomination_then_full_score_flow_grid,full_d10_T2,repaired_permutation,201002,202001,True,"log_LQ[3,3]",-0.6548207685774989,-0.8202589287938364,-0.1654381602163375,0.1654381602163375
fp64_gpu_xla_sqmc_reference_comparison,exact_scope_frozen_controls; epsilon_validity_nomination_then_full_score_flow_grid,full_d10_T2,repaired_permutation,201002,202001,True,"LQ[4,1]",-2.0624609907536398,-2.596496257025106,-0.534035266271466,0.534035266271466
fp64_gpu_xla_sqmc_reference_comparison,exact_scope_frozen_controls; epsilon_validity_nomination_then_full_score_flow_grid,full_d10_T2,repaired_permutation,201002,202001,True,"LQ[4,2]",-0.4612787427683815,0.14004051402919615,0.6013192567975776,0.6013192567975776
fp64_gpu_xla_sqmc_reference_comparison,exact_scope_frozen_controls; epsilon_validity_nomination_then_full_score_flow_grid,full_d10_T2,repaired_permutation,201002,202001,True,"LQ[4,3]",-0.6076619798693106,-0.8532221250268761,-0.24556014515756552,0.24556014515756552
fp64_gpu_xla_sqmc_reference_comparison,exact_scope_frozen_controls; epsilon_validity_nomination_then_full_score_flow_grid,full_d10_T2,repaired_permutation,201002,202001,True,"log_LQ[4,4]",-0.38047693801323973,-0.4355431987169978,-0.055066260703758085,0.055066260703758085
fp64_gpu_xla_sqmc_reference_comparison,exact_scope_frozen_controls; epsilon_validity_nomination_then_full_score_flow_grid,full_d10_T2,repaired_permutation,201002,202001,True,"LQ[5,1]",-0.2529346671738611,-0.11775670133888988,0.13517796583497121,0.13517796583497121
fp64_gpu_xla_sqmc_reference_comparison,exact_scope_frozen_controls; epsilon_validity_nomination_then_full_score_flow_grid,full_d10_T2,repaired_permutation,201002,202001,True,"LQ[5,2]",0.3696061839551842,-0.9523650062232686,-1.3219711901784528,1.3219711901784528
fp64_gpu_xla_sqmc_reference_comparison,exact_scope_frozen_controls; epsilon_validity_nomination_then_full_score_flow_grid,full_d10_T2,repaired_permutation,201002,202001,True,"LQ[5,3]",-0.23435686387279125,0.2254277487542885,0.45978461262707976,0.45978461262707976
fp64_gpu_xla_sqmc_reference_comparison,exact_scope_frozen_controls; epsilon_validity_nomination_then_full_score_flow_grid,full_d10_T2,repaired_permutation,201002,202001,True,"LQ[5,4]",-0.09237229223627566,1.1120425649227896,1.2044148571590654,1.2044148571590654
fp64_gpu_xla_sqmc_reference_comparison,exact_scope_frozen_controls; epsilon_validity_nomination_then_full_score_flow_grid,full_d10_T2,repaired_permutation,201002,202001,True,"log_LQ[5,5]",-0.7124758311884026,-1.3509667780859556,-0.6384909468975529,0.6384909468975529
fp64_gpu_xla_sqmc_reference_comparison,exact_scope_frozen_controls; epsilon_validity_nomination_then_full_score_flow_grid,full_d10_T2,repaired_permutation,201002,202001,True,"LQ[6,1]",1.2270166282940251,0.6352100331219013,-0.5918065951721239,0.5918065951721239
fp64_gpu_xla_sqmc_reference_comparison,exact_scope_frozen_controls; epsilon_validity_nomination_then_full_score_flow_grid,full_d10_T2,repaired_permutation,201002,202001,True,"LQ[6,2]",-0.007302482010661936,-0.4073886355045429,-0.400086153493881,0.400086153493881
fp64_gpu_xla_sqmc_reference_comparison,exact_scope_frozen_controls; epsilon_validity_nomination_then_full_score_flow_grid,full_d10_T2,repaired_permutation,201002,202001,True,"LQ[6,3]",0.4745323155252654,0.5826959965702179,0.10816368104495244,0.10816368104495244
fp64_gpu_xla_sqmc_reference_comparison,exact_scope_frozen_controls; epsilon_validity_nomination_then_full_score_flow_grid,full_d10_T2,repaired_permutation,201002,202001,True,"LQ[6,4]",-0.5624907068122629,0.3248916996949214,0.8873824065071843,0.8873824065071843
fp64_gpu_xla_sqmc_reference_comparison,exact_scope_frozen_controls; epsilon_validity_nomination_then_full_score_flow_grid,full_d10_T2,repaired_permutation,201002,202001,True,"LQ[6,5]",-0.21000220959353194,-0.423282743307635,-0.21328053371410305,0.21328053371410305
fp64_gpu_xla_sqmc_reference_comparison,exact_scope_frozen_controls; epsilon_validity_nomination_then_full_score_flow_grid,full_d10_T2,repaired_permutation,201002,202001,True,"log_LQ[6,6]",-0.7560662705712876,-0.3257769331392795,0.4302893374320081,0.4302893374320081
fp64_gpu_xla_sqmc_reference_comparison,exact_scope_frozen_controls; epsilon_validity_nomination_then_full_score_flow_grid,full_d10_T2,repaired_permutation,201002,202001,True,"LQ[7,1]",0.14015171257657694,-0.04474381704494915,-0.18489552962152608,0.18489552962152608
fp64_gpu_xla_sqmc_reference_comparison,exact_scope_frozen_controls; epsilon_validity_nomination_then_full_score_flow_grid,full_d10_T2,repaired_permutation,201002,202001,True,"LQ[7,2]",-0.06346458849758439,-0.42668200919437926,-0.36321742069679486,0.36321742069679486
fp64_gpu_xla_sqmc_reference_comparison,exact_scope_frozen_controls; epsilon_validity_nomination_then_full_score_flow_grid,full_d10_T2,repaired_permutation,201002,202001,True,"LQ[7,3]",0.06694141177826747,-0.4580772390883746,-0.5250186508666421,0.5250186508666421
fp64_gpu_xla_sqmc_reference_comparison,exact_scope_frozen_controls; epsilon_validity_nomination_then_full_score_flow_grid,full_d10_T2,repaired_permutation,201002,202001,True,"LQ[7,4]",0.020796028010029784,0.490475376656929,0.4696793486468992,0.4696793486468992
fp64_gpu_xla_sqmc_reference_comparison,exact_scope_frozen_controls; epsilon_validity_nomination_then_full_score_flow_grid,full_d10_T2,repaired_permutation,201002,202001,True,"LQ[7,5]",-0.19169586369714367,-0.43562931214620965,-0.24393344844906598,0.24393344844906598
fp64_gpu_xla_sqmc_reference_comparison,exact_scope_frozen_controls; epsilon_validity_nomination_then_full_score_flow_grid,full_d10_T2,repaired_permutation,201002,202001,True,"LQ[7,6]",0.10303158406422219,0.16421069105397257,0.061179106989750376,0.061179106989750376
fp64_gpu_xla_sqmc_reference_comparison,exact_scope_frozen_controls; epsilon_validity_nomination_then_full_score_flow_grid,full_d10_T2,repaired_permutation,201002,202001,True,"log_LQ[7,7]",-0.930947611946091,-0.799711609908579,0.13123600203751196,0.13123600203751196
fp64_gpu_xla_sqmc_reference_comparison,exact_scope_frozen_controls; epsilon_validity_nomination_then_full_score_flow_grid,full_d10_T2,repaired_permutation,201002,202001,True,"LQ[8,1]",4.14202004873389,4.398818206929025,0.2567981581951351,0.2567981581951351
fp64_gpu_xla_sqmc_reference_comparison,exact_scope_frozen_controls; epsilon_validity_nomination_then_full_score_flow_grid,full_d10_T2,repaired_permutation,201002,202001,True,"LQ[8,2]",0.3374304344756481,0.20390436003925538,-0.1335260744363927,0.1335260744363927
fp64_gpu_xla_sqmc_reference_comparison,exact_scope_frozen_controls; epsilon_validity_nomination_then_full_score_flow_grid,full_d10_T2,repaired_permutation,201002,202001,True,"LQ[8,3]",1.4539093136809205,0.8560195687782094,-0.5978897449027111,0.5978897449027111
fp64_gpu_xla_sqmc_reference_comparison,exact_scope_frozen_controls; epsilon_validity_nomination_then_full_score_flow_grid,full_d10_T2,repaired_permutation,201002,202001,True,"LQ[8,4]",-2.0391425394563996,-2.4535035262238782,-0.4143609867674787,0.4143609867674787
fp64_gpu_xla_sqmc_reference_comparison,exact_scope_frozen_controls; epsilon_validity_nomination_then_full_score_flow_grid,full_d10_T2,repaired_permutation,201002,202001,True,"LQ[8,5]",-0.4564378834957353,0.355415936953199,0.8118538204489343,0.8118538204489343
fp64_gpu_xla_sqmc_reference_comparison,exact_scope_frozen_controls; epsilon_validity_nomination_then_full_score_flow_grid,full_d10_T2,repaired_permutation,201002,202001,True,"LQ[8,6]",1.4012897738729566,1.8548184798419864,0.45352870596902983,0.45352870596902983
fp64_gpu_xla_sqmc_reference_comparison,exact_scope_frozen_controls; epsilon_validity_nomination_then_full_score_flow_grid,full_d10_T2,repaired_permutation,201002,202001,True,"LQ[8,7]",0.17133946603383868,-0.2918540009635332,-0.46319346699737185,0.46319346699737185
fp64_gpu_xla_sqmc_reference_comparison,exact_scope_frozen_controls; epsilon_validity_nomination_then_full_score_flow_grid,full_d10_T2,repaired_permutation,201002,202001,True,"log_LQ[8,8]",1.1682691458042875,0.9607162269177759,-0.20755291888651162,0.20755291888651162
fp64_gpu_xla_sqmc_reference_comparison,exact_scope_frozen_controls; epsilon_validity_nomination_then_full_score_flow_grid,full_d10_T2,repaired_permutation,201002,202001,True,"LQ[9,1]",-0.8701468888141831,-1.7607549783320633,-0.8906080895178802,0.8906080895178802
fp64_gpu_xla_sqmc_reference_comparison,exact_scope_frozen_controls; epsilon_validity_nomination_then_full_score_flow_grid,full_d10_T2,repaired_permutation,201002,202001,True,"LQ[9,2]",-1.179946421866115,-0.46246225956681336,0.7174841622993018,0.7174841622993018
fp64_gpu_xla_sqmc_reference_comparison,exact_scope_frozen_controls; epsilon_validity_nomination_then_full_score_flow_grid,full_d10_T2,repaired_permutation,201002,202001,True,"LQ[9,3]",0.07857091780600708,-0.22770496681381067,-0.30627588461981775,0.30627588461981775
fp64_gpu_xla_sqmc_reference_comparison,exact_scope_frozen_controls; epsilon_validity_nomination_then_full_score_flow_grid,full_d10_T2,repaired_permutation,201002,202001,True,"LQ[9,4]",1.1854879450792555,0.8098558540129849,-0.3756320910662706,0.3756320910662706
fp64_gpu_xla_sqmc_reference_comparison,exact_scope_frozen_controls; epsilon_validity_nomination_then_full_score_flow_grid,full_d10_T2,repaired_permutation,201002,202001,True,"LQ[9,5]",-1.3453460679438387,0.06667138502183037,1.412017452965669,1.412017452965669
fp64_gpu_xla_sqmc_reference_comparison,exact_scope_frozen_controls; epsilon_validity_nomination_then_full_score_flow_grid,full_d10_T2,repaired_permutation,201002,202001,True,"LQ[9,6]",-0.1470504728998937,0.31177506513045006,0.45882553803034376,0.45882553803034376
fp64_gpu_xla_sqmc_reference_comparison,exact_scope_frozen_controls; epsilon_validity_nomination_then_full_score_flow_grid,full_d10_T2,repaired_permutation,201002,202001,True,"LQ[9,7]",0.8830205655057888,1.3365953634933425,0.45357479798755374,0.45357479798755374
fp64_gpu_xla_sqmc_reference_comparison,exact_scope_frozen_controls; epsilon_validity_nomination_then_full_score_flow_grid,full_d10_T2,repaired_permutation,201002,202001,True,"LQ[9,8]",-0.95797538856101,-1.8478694497569679,-0.8898940611959578,0.8898940611959578
fp64_gpu_xla_sqmc_reference_comparison,exact_scope_frozen_controls; epsilon_validity_nomination_then_full_score_flow_grid,full_d10_T2,repaired_permutation,201002,202001,True,"log_LQ[9,9]",1.9285394163212866,0.8354392520747576,-1.093100164246529,1.093100164246529
fp64_gpu_xla_sqmc_reference_comparison,exact_scope_frozen_controls; epsilon_validity_nomination_then_full_score_flow_grid,full_d10_T2,repaired_permutation,201002,202001,True,"LQ[10,1]",-3.28562907683044,-2.720123624445827,0.5655054523846128,0.5655054523846128
fp64_gpu_xla_sqmc_reference_comparison,exact_scope_frozen_controls; epsilon_validity_nomination_then_full_score_flow_grid,full_d10_T2,repaired_permutation,201002,202001,True,"LQ[10,2]",-0.26811043499851167,-0.4419178960723383,-0.1738074610738266,0.1738074610738266
fp64_gpu_xla_sqmc_reference_comparison,exact_scope_frozen_controls; epsilon_validity_nomination_then_full_score_flow_grid,full_d10_T2,repaired_permutation,201002,202001,True,"LQ[10,3]",-1.1385895005226696,-1.1882349564754229,-0.04964545595275327,0.04964545595275327
fp64_gpu_xla_sqmc_reference_comparison,exact_scope_frozen_controls; epsilon_validity_nomination_then_full_score_flow_grid,full_d10_T2,repaired_permutation,201002,202001,True,"LQ[10,4]",1.5490022120701177,1.383501640640234,-0.16550057142988361,0.16550057142988361
fp64_gpu_xla_sqmc_reference_comparison,exact_scope_frozen_controls; epsilon_validity_nomination_then_full_score_flow_grid,full_d10_T2,repaired_permutation,201002,202001,True,"LQ[10,5]",0.5020017481922647,0.4855776857926756,-0.016424062399589157,0.016424062399589157
fp64_gpu_xla_sqmc_reference_comparison,exact_scope_frozen_controls; epsilon_validity_nomination_then_full_score_flow_grid,full_d10_T2,repaired_permutation,201002,202001,True,"LQ[10,6]",-1.1927786832382359,-1.3322653559963025,-0.1394866727580666,0.1394866727580666
fp64_gpu_xla_sqmc_reference_comparison,exact_scope_frozen_controls; epsilon_validity_nomination_then_full_score_flow_grid,full_d10_T2,repaired_permutation,201002,202001,True,"LQ[10,7]",-0.1358277232949584,-0.40803430111603434,-0.27220657782107593,0.27220657782107593
fp64_gpu_xla_sqmc_reference_comparison,exact_scope_frozen_controls; epsilon_validity_nomination_then_full_score_flow_grid,full_d10_T2,repaired_permutation,201002,202001,True,"LQ[10,8]",-3.7501656622458874,-3.6306929506586028,0.11947271158728467,0.11947271158728467
fp64_gpu_xla_sqmc_reference_comparison,exact_scope_frozen_controls; epsilon_validity_nomination_then_full_score_flow_grid,full_d10_T2,repaired_permutation,201002,202001,True,"LQ[10,9]",0.058337349303251185,0.9575659511613694,0.8992286018581183,0.8992286018581183
fp64_gpu_xla_sqmc_reference_comparison,exact_scope_frozen_controls; epsilon_validity_nomination_then_full_score_flow_grid,full_d10_T2,repaired_permutation,201002,202001,True,"log_LQ[10,10]",0.5508828589102073,0.4255924964812848,-0.1252903624289225,0.1252903624289225
fp64_gpu_xla_sqmc_reference_comparison,exact_scope_frozen_controls; epsilon_validity_nomination_then_full_score_flow_grid,full_d10_T2,repaired_permutation,201002,202001,True,log_R_variance,-0.0150185033758042,0.007036037667030676,0.022054541042834875,0.022054541042834875
fp64_gpu_xla_sqmc_reference_comparison,exact_scope_frozen_controls; epsilon_validity_nomination_then_full_score_flow_grid,full_d10_T2,repaired_permutation,201002,202001,True,initial_mean_scale,0.7989855460525579,0.76606434898517,-0.03292119706738794,0.03292119706738794
fp64_gpu_xla_sqmc_reference_comparison,exact_scope_frozen_controls; epsilon_validity_nomination_then_full_score_flow_grid,full_d10_T2,repaired_permutation,201002,202002,True,"A[1,1]",0.7312515086799218,0.8792083807197593,0.14795687203983743,0.14795687203983743
fp64_gpu_xla_sqmc_reference_comparison,exact_scope_frozen_controls; epsilon_validity_nomination_then_full_score_flow_grid,full_d10_T2,repaired_permutation,201002,202002,True,"A[1,2]",-1.134026720692122,-1.0099074415174725,0.12411927917464949,0.12411927917464949
fp64_gpu_xla_sqmc_reference_comparison,exact_scope_frozen_controls; epsilon_validity_nomination_then_full_score_flow_grid,full_d10_T2,repaired_permutation,201002,202002,True,"A[1,3]",1.1007499902741107,0.8472568775343914,-0.2534931127397193,0.2534931127397193
fp64_gpu_xla_sqmc_reference_comparison,exact_scope_frozen_controls; epsilon_validity_nomination_then_full_score_flow_grid,full_d10_T2,repaired_permutation,201002,202002,True,"A[1,4]",-0.1635294684215646,-0.7910546369852589,-0.6275251685636943,0.6275251685636943
fp64_gpu_xla_sqmc_reference_comparison,exact_scope_frozen_controls; epsilon_validity_nomination_then_full_score_flow_grid,full_d10_T2,repaired_permutation,201002,202002,True,"A[1,5]",-1.523160339493569,-1.795668295453551,-0.2725079559599819,0.2725079559599819
fp64_gpu_xla_sqmc_reference_comparison,exact_scope_frozen_controls; epsilon_validity_nomination_then_full_score_flow_grid,full_d10_T2,repaired_permutation,201002,202002,True,"A[1,6]",0.6393651200679418,0.8550384963106884,0.21567337624274663,0.21567337624274663
fp64_gpu_xla_sqmc_reference_comparison,exact_scope_frozen_controls; epsilon_validity_nomination_then_full_score_flow_grid,full_d10_T2,repaired_permutation,201002,202002,True,"A[1,7]",0.9884282165645788,1.5619613030647321,0.5735330865001533,0.5735330865001533
fp64_gpu_xla_sqmc_reference_comparison,exact_scope_frozen_controls; epsilon_validity_nomination_then_full_score_flow_grid,full_d10_T2,repaired_permutation,201002,202002,True,"A[1,8]",1.6282401428692976,1.2398751766369398,-0.38836496623235783,0.38836496623235783
fp64_gpu_xla_sqmc_reference_comparison,exact_scope_frozen_controls; epsilon_validity_nomination_then_full_score_flow_grid,full_d10_T2,repaired_permutation,201002,202002,True,"A[1,9]",5.626785268565081,5.3061083424683915,-0.32067692609668974,0.32067692609668974
fp64_gpu_xla_sqmc_reference_comparison,exact_scope_frozen_controls; epsilon_validity_nomination_then_full_score_flow_grid,full_d10_T2,repaired_permutation,201002,202002,True,"A[1,10]",-2.2730825336074996,-2.6745156714133307,-0.4014331378058311,0.4014331378058311
fp64_gpu_xla_sqmc_reference_comparison,exact_scope_frozen_controls; epsilon_validity_nomination_then_full_score_flow_grid,full_d10_T2,repaired_permutation,201002,202002,True,"A[2,1]",0.03105161477407775,-0.08751562368979984,-0.1185672384638776,0.1185672384638776
fp64_gpu_xla_sqmc_reference_comparison,exact_scope_frozen_controls; epsilon_validity_nomination_then_full_score_flow_grid,full_d10_T2,repaired_permutation,201002,202002,True,"A[2,2]",-0.9902851937189366,-0.5195286362151104,0.4707565575038263,0.4707565575038263
fp64_gpu_xla_sqmc_reference_comparison,exact_scope_frozen_controls; epsilon_validity_nomination_then_full_score_flow_grid,full_d10_T2,repaired_permutation,201002,202002,True,"A[2,3]",0.025419564736536365,-0.38104978989391003,-0.4064693546304464,0.4064693546304464
fp64_gpu_xla_sqmc_reference_comparison,exact_scope_frozen_controls; epsilon_validity_nomination_then_full_score_flow_grid,full_d10_T2,repaired_permutation,201002,202002,True,"A[2,4]",-0.015787818547178353,-0.5812830669752573,-0.565495248428079,0.565495248428079
fp64_gpu_xla_sqmc_reference_comparison,exact_scope_frozen_controls; epsilon_validity_nomination_then_full_score_flow_grid,full_d10_T2,repaired_permutation,201002,202002,True,"A[2,5]",0.0007243707767340957,-0.20085711099321604,-0.20158148176995014,0.20158148176995014
fp64_gpu_xla_sqmc_reference_comparison,exact_scope_frozen_controls; epsilon_validity_nomination_then_full_score_flow_grid,full_d10_T2,repaired_permutation,201002,202002,True,"A[2,6]",-0.012636766101587094,0.21748247086011332,0.23011923696170042,0.23011923696170042
fp64_gpu_xla_sqmc_reference_comparison,exact_scope_frozen_controls; epsilon_validity_nomination_then_full_score_flow_grid,full_d10_T2,repaired_permutation,201002,202002,True,"A[2,7]",0.028711044512336817,0.40477124210398124,0.37606019759164444,0.37606019759164444
fp64_gpu_xla_sqmc_reference_comparison,exact_scope_frozen_controls; epsilon_validity_nomination_then_full_score_flow_grid,full_d10_T2,repaired_permutation,201002,202002,True,"A[2,8]",-0.010709165902501205,-0.49701591988221167,-0.48630675397971046,0.48630675397971046
fp64_gpu_xla_sqmc_reference_comparison,exact_scope_frozen_controls; epsilon_validity_nomination_then_full_score_flow_grid,full_d10_T2,repaired_permutation,201002,202002,True,"A[2,9]",0.06488621397927752,-0.15493554010828436,-0.21982175408756188,0.21982175408756188
fp64_gpu_xla_sqmc_reference_comparison,exact_scope_frozen_controls; epsilon_validity_nomination_then_full_score_flow_grid,full_d10_T2,repaired_permutation,201002,202002,True,"A[2,10]",-0.041898392985108335,-0.3303449810248446,-0.2884465880397363,0.2884465880397363
fp64_gpu_xla_sqmc_reference_comparison,exact_scope_frozen_controls; epsilon_validity_nomination_then_full_score_flow_grid,full_d10_T2,repaired_permutation,201002,202002,True,"A[3,1]",0.6254251229137281,0.703598171914102,0.07817304900037392,0.07817304900037392
fp64_gpu_xla_sqmc_reference_comparison,exact_scope_frozen_controls; epsilon_validity_nomination_then_full_score_flow_grid,full_d10_T2,repaired_permutation,201002,202002,True,"A[3,2]",-0.4197635352621021,-0.7825830585615718,-0.36281952329946976,0.36281952329946976
fp64_gpu_xla_sqmc_reference_comparison,exact_scope_frozen_controls; epsilon_validity_nomination_then_full_score_flow_grid,full_d10_T2,repaired_permutation,201002,202002,True,"A[3,3]",-0.559170127112457,-0.4528489872023588,0.10632113991009817,0.10632113991009817
fp64_gpu_xla_sqmc_reference_comparison,exact_scope_frozen_controls; epsilon_validity_nomination_then_full_score_flow_grid,full_d10_T2,repaired_permutation,201002,202002,True,"A[3,4]",-0.06211186347064271,0.04991644759118727,0.11202831106182998,0.11202831106182998
fp64_gpu_xla_sqmc_reference_comparison,exact_scope_frozen_controls; epsilon_validity_nomination_then_full_score_flow_grid,full_d10_T2,repaired_permutation,201002,202002,True,"A[3,5]",-0.561892891214147,-0.7070115017548282,-0.1451186105406812,0.1451186105406812
fp64_gpu_xla_sqmc_reference_comparison,exact_scope_frozen_controls; epsilon_validity_nomination_then_full_score_flow_grid,full_d10_T2,repaired_permutation,201002,202002,True,"A[3,6]",0.23674281202276254,0.3373062528276349,0.10056344080487234,0.10056344080487234
fp64_gpu_xla_sqmc_reference_comparison,exact_scope_frozen_controls; epsilon_validity_nomination_then_full_score_flow_grid,full_d10_T2,repaired_permutation,201002,202002,True,"A[3,7]",0.3643272023600196,0.44216534206778213,0.07783813970776254,0.07783813970776254
fp64_gpu_xla_sqmc_reference_comparison,exact_scope_frozen_controls; epsilon_validity_nomination_then_full_score_flow_grid,full_d10_T2,repaired_permutation,201002,202002,True,"A[3,8]",0.6053165224194904,0.6719008637739354,0.06658434135444502,0.06658434135444502
fp64_gpu_xla_sqmc_reference_comparison,exact_scope_frozen_controls; epsilon_validity_nomination_then_full_score_flow_grid,full_d10_T2,repaired_permutation,201002,202002,True,"A[3,9]",2.0804911740092553,2.4236568603143853,0.34316568630513,0.34316568630513
fp64_gpu_xla_sqmc_reference_comparison,exact_scope_frozen_controls; epsilon_validity_nomination_then_full_score_flow_grid,full_d10_T2,repaired_permutation,201002,202002,True,"A[3,10]",-0.8377788441267946,-1.1094075125121836,-0.271628668385389,0.271628668385389
fp64_gpu_xla_sqmc_reference_comparison,exact_scope_frozen_controls; epsilon_validity_nomination_then_full_score_flow_grid,full_d10_T2,repaired_permutation,201002,202002,True,"A[4,1]",-0.7345625873009947,-0.6792993583574636,0.055263228943531084,0.055263228943531084
fp64_gpu_xla_sqmc_reference_comparison,exact_scope_frozen_controls; epsilon_validity_nomination_then_full_score_flow_grid,full_d10_T2,repaired_permutation,201002,202002,True,"A[4,2]",0.5031972016963718,-0.37849478648364027,-0.881691988180012,0.881691988180012
fp64_gpu_xla_sqmc_reference_comparison,exact_scope_frozen_controls; epsilon_validity_nomination_then_full_score_flow_grid,full_d10_T2,repaired_permutation,201002,202002,True,"A[4,3]",-0.4915353579033352,0.04762537775343503,0.5391607356567703,0.5391607356567703
fp64_gpu_xla_sqmc_reference_comparison,exact_scope_frozen_controls; epsilon_validity_nomination_then_full_score_flow_grid,full_d10_T2,repaired_permutation,201002,202002,True,"A[4,4]",-0.8639553483728762,0.10501198106700749,0.9689673294398837,0.9689673294398837
fp64_gpu_xla_sqmc_reference_comparison,exact_scope_frozen_controls; epsilon_validity_nomination_then_full_score_flow_grid,full_d10_T2,repaired_permutation,201002,202002,True,"A[4,5]",0.594421946879726,0.6056427880737323,0.011220841194006237,0.011220841194006237
fp64_gpu_xla_sqmc_reference_comparison,exact_scope_frozen_controls; epsilon_validity_nomination_then_full_score_flow_grid,full_d10_T2,repaired_permutation,201002,202002,True,"A[4,6]",-0.22752954966645683,-0.40626472779452566,-0.17873517812806883,0.17873517812806883
fp64_gpu_xla_sqmc_reference_comparison,exact_scope_frozen_controls; epsilon_validity_nomination_then_full_score_flow_grid,full_d10_T2,repaired_permutation,201002,202002,True,"A[4,7]",-0.4443664308832553,-1.3203391558406294,-0.8759727249573741,0.8759727249573741
fp64_gpu_xla_sqmc_reference_comparison,exact_scope_frozen_controls; epsilon_validity_nomination_then_full_score_flow_grid,full_d10_T2,repaired_permutation,201002,202002,True,"A[4,8]",-0.6330744464310756,-0.27000621016132503,0.36306823626975054,0.36306823626975054
fp64_gpu_xla_sqmc_reference_comparison,exact_scope_frozen_controls; epsilon_validity_nomination_then_full_score_flow_grid,full_d10_T2,repaired_permutation,201002,202002,True,"A[4,9]",-2.3516563954741354,-1.2071168944020112,1.1445395010721242,1.1445395010721242
fp64_gpu_xla_sqmc_reference_comparison,exact_scope_frozen_controls; epsilon_validity_nomination_then_full_score_flow_grid,full_d10_T2,repaired_permutation,201002,202002,True,"A[4,10]",0.9712013340288347,1.2882113349298727,0.31701000090103804,0.31701000090103804
fp64_gpu_xla_sqmc_reference_comparison,exact_scope_frozen_controls; epsilon_validity_nomination_then_full_score_flow_grid,full_d10_T2,repaired_permutation,201002,202002,True,"A[5,1]",-0.3369411373365674,-0.17455732400620766,0.16238381333035973,0.16238381333035973
fp64_gpu_xla_sqmc_reference_comparison,exact_scope_frozen_controls; epsilon_validity_nomination_then_full_score_flow_grid,full_d10_T2,repaired_permutation,201002,202002,True,"A[5,2]",0.203190604437217,0.20716991011811067,0.003979305680893663,0.003979305680893663
fp64_gpu_xla_sqmc_reference_comparison,exact_scope_frozen_controls; epsilon_validity_nomination_then_full_score_flow_grid,full_d10_T2,repaired_permutation,201002,202002,True,"A[5,3]",-0.19312563149290843,-0.11502789448188111,0.07809773701102732,0.07809773701102732
fp64_gpu_xla_sqmc_reference_comparison,exact_scope_frozen_controls; epsilon_validity_nomination_then_full_score_flow_grid,full_d10_T2,repaired_permutation,201002,202002,True,"A[5,4]",-0.029190325564111875,-0.053065376874822046,-0.02387505131071017,0.02387505131071017
fp64_gpu_xla_sqmc_reference_comparison,exact_scope_frozen_controls; epsilon_validity_nomination_then_full_score_flow_grid,full_d10_T2,repaired_permutation,201002,202002,True,"A[5,5]",-0.531728068733793,-0.34069361217482247,0.1910344565589705,0.1910344565589705
fp64_gpu_xla_sqmc_reference_comparison,exact_scope_frozen_controls; epsilon_validity_nomination_then_full_score_flow_grid,full_d10_T2,repaired_permutation,201002,202002,True,"A[5,6]",-0.2252756709429521,-0.39720100965283445,-0.17192533870988236,0.17192533870988236
fp64_gpu_xla_sqmc_reference_comparison,exact_scope_frozen_controls; epsilon_validity_nomination_then_full_score_flow_grid,full_d10_T2,repaired_permutation,201002,202002,True,"A[5,7]",-0.16805086642022032,-0.366181737842744,-0.19813087142252367,0.19813087142252367
fp64_gpu_xla_sqmc_reference_comparison,exact_scope_frozen_controls; epsilon_validity_nomination_then_full_score_flow_grid,full_d10_T2,repaired_permutation,201002,202002,True,"A[5,8]",-0.4694135725392166,-0.5221913328463541,-0.05277776030713749,0.05277776030713749
fp64_gpu_xla_sqmc_reference_comparison,exact_scope_frozen_controls; epsilon_validity_nomination_then_full_score_flow_grid,full_d10_T2,repaired_permutation,201002,202002,True,"A[5,9]",-1.303654398695853,-0.9256061366797311,0.37804826201612196,0.37804826201612196
fp64_gpu_xla_sqmc_reference_comparison,exact_scope_frozen_controls; epsilon_validity_nomination_then_full_score_flow_grid,full_d10_T2,repaired_permutation,201002,202002,True,"A[5,10]",0.48566513703063274,0.43871188301964714,-0.0469532540109856,0.0469532540109856
fp64_gpu_xla_sqmc_reference_comparison,exact_scope_frozen_controls; epsilon_validity_nomination_then_full_score_flow_grid,full_d10_T2,repaired_permutation,201002,202002,True,"A[6,1]",0.5531154842897016,0.31448824306774853,-0.23862724122195306,0.23862724122195306
fp64_gpu_xla_sqmc_reference_comparison,exact_scope_frozen_controls; epsilon_validity_nomination_then_full_score_flow_grid,full_d10_T2,repaired_permutation,201002,202002,True,"A[6,2]",-0.35833410877018795,-0.006469624239812857,0.3518644845303751,0.3518644845303751
fp64_gpu_xla_sqmc_reference_comparison,exact_scope_frozen_controls; epsilon_validity_nomination_then_full_score_flow_grid,full_d10_T2,repaired_permutation,201002,202002,True,"A[6,3]",0.34581298345285155,0.124633824299681,-0.22117915915317055,0.22117915915317055
fp64_gpu_xla_sqmc_reference_comparison,exact_scope_frozen_controls; epsilon_validity_nomination_then_full_score_flow_grid,full_d10_T2,repaired_permutation,201002,202002,True,"A[6,4]",-0.021039322087962276,-0.3185242337183861,-0.29748491163042384,0.29748491163042384
fp64_gpu_xla_sqmc_reference_comparison,exact_scope_frozen_controls; epsilon_validity_nomination_then_full_score_flow_grid,full_d10_T2,repaired_permutation,201002,202002,True,"A[6,5]",-0.5648831210660903,-0.6106107129115047,-0.04572759184541442,0.04572759184541442
fp64_gpu_xla_sqmc_reference_comparison,exact_scope_frozen_controls; epsilon_validity_nomination_then_full_score_flow_grid,full_d10_T2,repaired_permutation,201002,202002,True,"A[6,6]",-0.7035989149413433,-0.1024024214705182,0.6011964934708252,0.6011964934708252
fp64_gpu_xla_sqmc_reference_comparison,exact_scope_frozen_controls; epsilon_validity_nomination_then_full_score_flow_grid,full_d10_T2,repaired_permutation,201002,202002,True,"A[6,7]",0.30709587051325926,0.6143171740705746,0.30722130355731536,0.30722130355731536
fp64_gpu_xla_sqmc_reference_comparison,exact_scope_frozen_controls; epsilon_validity_nomination_then_full_score_flow_grid,full_d10_T2,repaired_permutation,201002,202002,True,"A[6,8]",0.6031172277434557,0.14041389539961013,-0.46270333234384553,0.46270333234384553
fp64_gpu_xla_sqmc_reference_comparison,exact_scope_frozen_controls; epsilon_validity_nomination_then_full_score_flow_grid,full_d10_T2,repaired_permutation,201002,202002,True,"A[6,9]",1.9265044307099535,1.1266112504793335,-0.79989318023062,0.79989318023062
fp64_gpu_xla_sqmc_reference_comparison,exact_scope_frozen_controls; epsilon_validity_nomination_then_full_score_flow_grid,full_d10_T2,repaired_permutation,201002,202002,True,"A[6,10]",-0.7593469144983636,-0.6215772072391347,0.13776970725922888,0.13776970725922888
fp64_gpu_xla_sqmc_reference_comparison,exact_scope_frozen_controls; epsilon_validity_nomination_then_full_score_flow_grid,full_d10_T2,repaired_permutation,201002,202002,True,"A[7,1]",0.16852945039449574,-0.3064295862102865,-0.4749590366047822,0.4749590366047822
fp64_gpu_xla_sqmc_reference_comparison,exact_scope_frozen_controls; epsilon_validity_nomination_then_full_score_flow_grid,full_d10_T2,repaired_permutation,201002,202002,True,"A[7,2]",-0.112512586760323,0.44749772741722427,0.5600103141775472,0.5600103141775472
fp64_gpu_xla_sqmc_reference_comparison,exact_scope_frozen_controls; epsilon_validity_nomination_then_full_score_flow_grid,full_d10_T2,repaired_permutation,201002,202002,True,"A[7,3]",0.10964572990164437,-0.37092369462197794,-0.4805694245236223,0.4805694245236223
fp64_gpu_xla_sqmc_reference_comparison,exact_scope_frozen_controls; epsilon_validity_nomination_then_full_score_flow_grid,full_d10_T2,repaired_permutation,201002,202002,True,"A[7,4]",-0.015534552118650534,-0.6042166869544583,-0.5886821348358078,0.5886821348358078
fp64_gpu_xla_sqmc_reference_comparison,exact_scope_frozen_controls; epsilon_validity_nomination_then_full_score_flow_grid,full_d10_T2,repaired_permutation,201002,202002,True,"A[7,5]",-0.15654018970454656,-0.028344398853403938,0.12819579085114263,0.12819579085114263
fp64_gpu_xla_sqmc_reference_comparison,exact_scope_frozen_controls; epsilon_validity_nomination_then_full_score_flow_grid,full_d10_T2,repaired_permutation,201002,202002,True,"A[7,6]",0.0663245537225399,0.16809017497239287,0.10176562124985297,0.10176562124985297
fp64_gpu_xla_sqmc_reference_comparison,exact_scope_frozen_controls; epsilon_validity_nomination_then_full_score_flow_grid,full_d10_T2,repaired_permutation,201002,202002,True,"A[7,7]",-0.8571511387444378,-0.7317638362892525,0.12538730245518537,0.12538730245518537
fp64_gpu_xla_sqmc_reference_comparison,exact_scope_frozen_controls; epsilon_validity_nomination_then_full_score_flow_grid,full_d10_T2,repaired_permutation,201002,202002,True,"A[7,8]",0.17106009296689326,-0.6676633058444215,-0.8387233988113147,0.8387233988113147
fp64_gpu_xla_sqmc_reference_comparison,exact_scope_frozen_controls; epsilon_validity_nomination_then_full_score_flow_grid,full_d10_T2,repaired_permutation,201002,202002,True,"A[7,9]",0.5820243649359071,-1.0705778432919288,-1.652602208227836,1.652602208227836
fp64_gpu_xla_sqmc_reference_comparison,exact_scope_frozen_controls; epsilon_validity_nomination_then_full_score_flow_grid,full_d10_T2,repaired_permutation,201002,202002,True,"A[7,10]",-0.23216711270449616,0.16833448609913942,0.40050159880363556,0.40050159880363556
fp64_gpu_xla_sqmc_reference_comparison,exact_scope_frozen_controls; epsilon_validity_nomination_then_full_score_flow_grid,full_d10_T2,repaired_permutation,201002,202002,True,"A[8,1]",1.7353548066345492,1.566611202431331,-0.1687436042032182,0.1687436042032182
fp64_gpu_xla_sqmc_reference_comparison,exact_scope_frozen_controls; epsilon_validity_nomination_then_full_score_flow_grid,full_d10_T2,repaired_permutation,201002,202002,True,"A[8,2]",-1.146658505220239,-1.2235532219598197,-0.07689471673958082,0.07689471673958082
fp64_gpu_xla_sqmc_reference_comparison,exact_scope_frozen_controls; epsilon_validity_nomination_then_full_score_flow_grid,full_d10_T2,repaired_permutation,201002,202002,True,"A[8,3]",1.111521510651809,0.9082525252259245,-0.20326898542588456,0.20326898542588456
fp64_gpu_xla_sqmc_reference_comparison,exact_scope_frozen_controls; epsilon_validity_nomination_then_full_score_flow_grid,full_d10_T2,repaired_permutation,201002,202002,True,"A[8,4]",-0.1281900518917811,-0.5377331095376716,-0.4095430576458905,0.4095430576458905
fp64_gpu_xla_sqmc_reference_comparison,exact_scope_frozen_controls; epsilon_validity_nomination_then_full_score_flow_grid,full_d10_T2,repaired_permutation,201002,202002,True,"A[8,5]",-1.6436168351434204,-1.8575920809410391,-0.21397524579761873,0.21397524579761873
fp64_gpu_xla_sqmc_reference_comparison,exact_scope_frozen_controls; epsilon_validity_nomination_then_full_score_flow_grid,full_d10_T2,repaired_permutation,201002,202002,True,"A[8,6]",0.7160276169284643,0.6989050550068717,-0.01712256192159256,0.01712256192159256
fp64_gpu_xla_sqmc_reference_comparison,exact_scope_frozen_controls; epsilon_validity_nomination_then_full_score_flow_grid,full_d10_T2,repaired_permutation,201002,202002,True,"A[8,7]",0.9951195936096543,1.3227949501892127,0.3276753565795584,0.3276753565795584
fp64_gpu_xla_sqmc_reference_comparison,exact_scope_frozen_controls; epsilon_validity_nomination_then_full_score_flow_grid,full_d10_T2,repaired_permutation,201002,202002,True,"A[8,8]",0.8041375972733842,1.0253380635812412,0.22120046630785706,0.22120046630785706
fp64_gpu_xla_sqmc_reference_comparison,exact_scope_frozen_controls; epsilon_validity_nomination_then_full_score_flow_grid,full_d10_T2,repaired_permutation,201002,202002,True,"A[8,9]",5.877913107425604,5.639219995518147,-0.23869311190745712,0.23869311190745712
fp64_gpu_xla_sqmc_reference_comparison,exact_scope_frozen_controls; epsilon_validity_nomination_then_full_score_flow_grid,full_d10_T2,repaired_permutation,201002,202002,True,"A[8,10]",-2.3519829478562935,-2.8513556151882407,-0.4993726673319472,0.4993726673319472
fp64_gpu_xla_sqmc_reference_comparison,exact_scope_frozen_controls; epsilon_validity_nomination_then_full_score_flow_grid,full_d10_T2,repaired_permutation,201002,202002,True,"A[9,1]",0.48238143573450964,0.41115481169162144,-0.07122662404288821,0.07122662404288821
fp64_gpu_xla_sqmc_reference_comparison,exact_scope_frozen_controls; epsilon_validity_nomination_then_full_score_flow_grid,full_d10_T2,repaired_permutation,201002,202002,True,"A[9,2]",-0.2774390773171912,-1.503098521448532,-1.2256594441313409,1.2256594441313409
fp64_gpu_xla_sqmc_reference_comparison,exact_scope_frozen_controls; epsilon_validity_nomination_then_full_score_flow_grid,full_d10_T2,repaired_permutation,201002,202002,True,"A[9,3]",0.26181344093393993,0.5101477484287011,0.2483343074947612,0.2483343074947612
fp64_gpu_xla_sqmc_reference_comparison,exact_scope_frozen_controls; epsilon_validity_nomination_then_full_score_flow_grid,full_d10_T2,repaired_permutation,201002,202002,True,"A[9,4]",0.07958030681123095,0.8832847114333975,0.8037044046221665,0.8037044046221665
fp64_gpu_xla_sqmc_reference_comparison,exact_scope_frozen_controls; epsilon_validity_nomination_then_full_score_flow_grid,full_d10_T2,repaired_permutation,201002,202002,True,"A[9,5]",-0.712946573941716,-0.8739514380472759,-0.16100486410555992,0.16100486410555992
fp64_gpu_xla_sqmc_reference_comparison,exact_scope_frozen_controls; epsilon_validity_nomination_then_full_score_flow_grid,full_d10_T2,repaired_permutation,201002,202002,True,"A[9,6]",0.392141747288317,0.6305137639852688,0.2383720166969518,0.2383720166969518
fp64_gpu_xla_sqmc_reference_comparison,exact_scope_frozen_controls; epsilon_validity_nomination_then_full_score_flow_grid,full_d10_T2,repaired_permutation,201002,202002,True,"A[9,7]",0.22540956849963456,-0.23773831115310462,-0.4631478796527392,0.4631478796527392
fp64_gpu_xla_sqmc_reference_comparison,exact_scope_frozen_controls; epsilon_validity_nomination_then_full_score_flow_grid,full_d10_T2,repaired_permutation,201002,202002,True,"A[9,8]",0.7915825653728665,1.5762753090270498,0.7846927436541833,0.7846927436541833
fp64_gpu_xla_sqmc_reference_comparison,exact_scope_frozen_controls; epsilon_validity_nomination_then_full_score_flow_grid,full_d10_T2,repaired_permutation,201002,202002,True,"A[9,9]",1.0879411043054996,2.721597353713907,1.6336562494084075,1.6336562494084075
fp64_gpu_xla_sqmc_reference_comparison,exact_scope_frozen_controls; epsilon_validity_nomination_then_full_score_flow_grid,full_d10_T2,repaired_permutation,201002,202002,True,"A[9,10]",-0.7254506627165145,-0.4524833700288804,0.2729672926876341,0.2729672926876341
fp64_gpu_xla_sqmc_reference_comparison,exact_scope_frozen_controls; epsilon_validity_nomination_then_full_score_flow_grid,full_d10_T2,repaired_permutation,201002,202002,True,"A[10,1]",-1.4703028027989913,-1.2547692407882878,0.2155335620107035,0.2155335620107035
fp64_gpu_xla_sqmc_reference_comparison,exact_scope_frozen_controls; epsilon_validity_nomination_then_full_score_flow_grid,full_d10_T2,repaired_permutation,201002,202002,True,"A[10,2]",0.9787230791304222,0.5150850627605364,-0.4636380163698858,0.4636380163698858
fp64_gpu_xla_sqmc_reference_comparison,exact_scope_frozen_controls; epsilon_validity_nomination_then_full_score_flow_grid,full_d10_T2,repaired_permutation,201002,202002,True,"A[10,3]",-0.9506704994673285,-0.6466277471646533,0.3040427523026752,0.3040427523026752
fp64_gpu_xla_sqmc_reference_comparison,exact_scope_frozen_controls; epsilon_validity_nomination_then_full_score_flow_grid,full_d10_T2,repaired_permutation,201002,202002,True,"A[10,4]",0.12846236901356278,0.8199397212915808,0.691477352278018,0.691477352278018
fp64_gpu_xla_sqmc_reference_comparison,exact_scope_frozen_controls; epsilon_validity_nomination_then_full_score_flow_grid,full_d10_T2,repaired_permutation,201002,202002,True,"A[10,5]",1.3553059419829165,1.4981444416599103,0.1428384996769938,0.1428384996769938
fp64_gpu_xla_sqmc_reference_comparison,exact_scope_frozen_controls; epsilon_validity_nomination_then_full_score_flow_grid,full_d10_T2,repaired_permutation,201002,202002,True,"A[10,6]",-0.5769258811164317,-0.7896845755265153,-0.21275869441008355,0.21275869441008355
fp64_gpu_xla_sqmc_reference_comparison,exact_scope_frozen_controls; epsilon_validity_nomination_then_full_score_flow_grid,full_d10_T2,repaired_permutation,201002,202002,True,"A[10,7]",-0.8591109619900291,-1.600723801143405,-0.741612839153376,0.741612839153376
fp64_gpu_xla_sqmc_reference_comparison,exact_scope_frozen_controls; epsilon_validity_nomination_then_full_score_flow_grid,full_d10_T2,repaired_permutation,201002,202002,True,"A[10,8]",-1.448651640235066,-1.2156843992119257,0.23296724102314026,0.23296724102314026
fp64_gpu_xla_sqmc_reference_comparison,exact_scope_frozen_controls; epsilon_validity_nomination_then_full_score_flow_grid,full_d10_T2,repaired_permutation,201002,202002,True,"A[10,9]",-4.956423352442867,-3.8145686530427554,1.1418546994001115,1.1418546994001115
fp64_gpu_xla_sqmc_reference_comparison,exact_scope_frozen_controls; epsilon_validity_nomination_then_full_score_flow_grid,full_d10_T2,repaired_permutation,201002,202002,True,"A[10,10]",1.062547900188041,1.58870795826815,0.5261600580801091,0.5261600580801091
fp64_gpu_xla_sqmc_reference_comparison,exact_scope_frozen_controls; epsilon_validity_nomination_then_full_score_flow_grid,full_d10_T2,repaired_permutation,201002,202002,True,"log_LQ[1,1]",0.8563964796406058,0.9909160332548692,0.13451955361426338,0.13451955361426338
fp64_gpu_xla_sqmc_reference_comparison,exact_scope_frozen_controls; epsilon_validity_nomination_then_full_score_flow_grid,full_d10_T2,repaired_permutation,201002,202002,True,"LQ[2,1]",0.5045991758865005,-0.1945516821979202,-0.6991508580844207,0.6991508580844207
fp64_gpu_xla_sqmc_reference_comparison,exact_scope_frozen_controls; epsilon_validity_nomination_then_full_score_flow_grid,full_d10_T2,repaired_permutation,201002,202002,True,"log_LQ[2,2]",-0.7298691258082188,-1.1686480223748452,-0.4387788965666264,0.4387788965666264
fp64_gpu_xla_sqmc_reference_comparison,exact_scope_frozen_controls; epsilon_validity_nomination_then_full_score_flow_grid,full_d10_T2,repaired_permutation,201002,202002,True,"LQ[3,1]",1.3580551816274582,1.6341838381025005,0.27612865647504226,0.27612865647504226
fp64_gpu_xla_sqmc_reference_comparison,exact_scope_frozen_controls; epsilon_validity_nomination_then_full_score_flow_grid,full_d10_T2,repaired_permutation,201002,202002,True,"LQ[3,2]",0.13785106431993824,1.2148397566843192,1.076988692364381,1.076988692364381
fp64_gpu_xla_sqmc_reference_comparison,exact_scope_frozen_controls; epsilon_validity_nomination_then_full_score_flow_grid,full_d10_T2,repaired_permutation,201002,202002,True,"log_LQ[3,3]",-0.6548207685774989,-0.6396418026884368,0.01517896588906209,0.01517896588906209
fp64_gpu_xla_sqmc_reference_comparison,exact_scope_frozen_controls; epsilon_validity_nomination_then_full_score_flow_grid,full_d10_T2,repaired_permutation,201002,202002,True,"LQ[4,1]",-2.0624609907536398,-1.178739087706532,0.8837219030471077,0.8837219030471077
fp64_gpu_xla_sqmc_reference_comparison,exact_scope_frozen_controls; epsilon_validity_nomination_then_full_score_flow_grid,full_d10_T2,repaired_permutation,201002,202002,True,"LQ[4,2]",-0.4612787427683815,0.9627161040466872,1.4239948468150687,1.4239948468150687
fp64_gpu_xla_sqmc_reference_comparison,exact_scope_frozen_controls; epsilon_validity_nomination_then_full_score_flow_grid,full_d10_T2,repaired_permutation,201002,202002,True,"LQ[4,3]",-0.6076619798693106,-0.9893682143534641,-0.38170623448415353,0.38170623448415353
fp64_gpu_xla_sqmc_reference_comparison,exact_scope_frozen_controls; epsilon_validity_nomination_then_full_score_flow_grid,full_d10_T2,repaired_permutation,201002,202002,True,"log_LQ[4,4]",-0.38047693801323973,-1.110128926665542,-0.7296519886523023,0.7296519886523023
fp64_gpu_xla_sqmc_reference_comparison,exact_scope_frozen_controls; epsilon_validity_nomination_then_full_score_flow_grid,full_d10_T2,repaired_permutation,201002,202002,True,"LQ[5,1]",-0.2529346671738611,-0.41752998250997664,-0.16459531533611554,0.16459531533611554
fp64_gpu_xla_sqmc_reference_comparison,exact_scope_frozen_controls; epsilon_validity_nomination_then_full_score_flow_grid,full_d10_T2,repaired_permutation,201002,202002,True,"LQ[5,2]",0.3696061839551842,-0.1423263076469566,-0.5119324916021408,0.5119324916021408
fp64_gpu_xla_sqmc_reference_comparison,exact_scope_frozen_controls; epsilon_validity_nomination_then_full_score_flow_grid,full_d10_T2,repaired_permutation,201002,202002,True,"LQ[5,3]",-0.23435686387279125,-0.24756555416005105,-0.013208690287259794,0.013208690287259794
fp64_gpu_xla_sqmc_reference_comparison,exact_scope_frozen_controls; epsilon_validity_nomination_then_full_score_flow_grid,full_d10_T2,repaired_permutation,201002,202002,True,"LQ[5,4]",-0.09237229223627566,-0.20429841153341735,-0.11192611929714169,0.11192611929714169
fp64_gpu_xla_sqmc_reference_comparison,exact_scope_frozen_controls; epsilon_validity_nomination_then_full_score_flow_grid,full_d10_T2,repaired_permutation,201002,202002,True,"log_LQ[5,5]",-0.7124758311884026,-0.7125678326210209,-9.200143261822724e-05,9.200143261822724e-05
fp64_gpu_xla_sqmc_reference_comparison,exact_scope_frozen_controls; epsilon_validity_nomination_then_full_score_flow_grid,full_d10_T2,repaired_permutation,201002,202002,True,"LQ[6,1]",1.2270166282940251,1.165524397856763,-0.06149223043726204,0.06149223043726204
fp64_gpu_xla_sqmc_reference_comparison,exact_scope_frozen_controls; epsilon_validity_nomination_then_full_score_flow_grid,full_d10_T2,repaired_permutation,201002,202002,True,"LQ[6,2]",-0.007302482010661936,-0.45831213669462867,-0.45100965468396675,0.45100965468396675
fp64_gpu_xla_sqmc_reference_comparison,exact_scope_frozen_controls; epsilon_validity_nomination_then_full_score_flow_grid,full_d10_T2,repaired_permutation,201002,202002,True,"LQ[6,3]",0.4745323155252654,1.0424807451681166,0.5679484296428512,0.5679484296428512
fp64_gpu_xla_sqmc_reference_comparison,exact_scope_frozen_controls; epsilon_validity_nomination_then_full_score_flow_grid,full_d10_T2,repaired_permutation,201002,202002,True,"LQ[6,4]",-0.5624907068122629,-0.0605109357673671,0.5019797710448958,0.5019797710448958
fp64_gpu_xla_sqmc_reference_comparison,exact_scope_frozen_controls; epsilon_validity_nomination_then_full_score_flow_grid,full_d10_T2,repaired_permutation,201002,202002,True,"LQ[6,5]",-0.21000220959353194,0.01142539421427441,0.22142760380780635,0.22142760380780635
fp64_gpu_xla_sqmc_reference_comparison,exact_scope_frozen_controls; epsilon_validity_nomination_then_full_score_flow_grid,full_d10_T2,repaired_permutation,201002,202002,True,"log_LQ[6,6]",-0.7560662705712876,-1.1366229150045424,-0.38055664443325476,0.38055664443325476
fp64_gpu_xla_sqmc_reference_comparison,exact_scope_frozen_controls; epsilon_validity_nomination_then_full_score_flow_grid,full_d10_T2,repaired_permutation,201002,202002,True,"LQ[7,1]",0.14015171257657694,-0.6147661596664914,-0.7549178722430683,0.7549178722430683
fp64_gpu_xla_sqmc_reference_comparison,exact_scope_frozen_controls; epsilon_validity_nomination_then_full_score_flow_grid,full_d10_T2,repaired_permutation,201002,202002,True,"LQ[7,2]",-0.06346458849758439,-1.4748000397722003,-1.411335451274616,1.411335451274616
fp64_gpu_xla_sqmc_reference_comparison,exact_scope_frozen_controls; epsilon_validity_nomination_then_full_score_flow_grid,full_d10_T2,repaired_permutation,201002,202002,True,"LQ[7,3]",0.06694141177826747,0.7389069305079794,0.6719655187297119,0.6719655187297119
fp64_gpu_xla_sqmc_reference_comparison,exact_scope_frozen_controls; epsilon_validity_nomination_then_full_score_flow_grid,full_d10_T2,repaired_permutation,201002,202002,True,"LQ[7,4]",0.020796028010029784,1.8395741266756636,1.8187780986656337,1.8187780986656337
fp64_gpu_xla_sqmc_reference_comparison,exact_scope_frozen_controls; epsilon_validity_nomination_then_full_score_flow_grid,full_d10_T2,repaired_permutation,201002,202002,True,"LQ[7,5]",-0.19169586369714367,-0.1979908256940409,-0.006294961996897219,0.006294961996897219
fp64_gpu_xla_sqmc_reference_comparison,exact_scope_frozen_controls; epsilon_validity_nomination_then_full_score_flow_grid,full_d10_T2,repaired_permutation,201002,202002,True,"LQ[7,6]",0.10303158406422219,-1.3097117238095743,-1.4127433078737965,1.4127433078737965
fp64_gpu_xla_sqmc_reference_comparison,exact_scope_frozen_controls; epsilon_validity_nomination_then_full_score_flow_grid,full_d10_T2,repaired_permutation,201002,202002,True,"log_LQ[7,7]",-0.930947611946091,-1.6097974111938855,-0.6788497992477945,0.6788497992477945
fp64_gpu_xla_sqmc_reference_comparison,exact_scope_frozen_controls; epsilon_validity_nomination_then_full_score_flow_grid,full_d10_T2,repaired_permutation,201002,202002,True,"LQ[8,1]",4.14202004873389,4.500811415241641,0.35879136650775045,0.35879136650775045
fp64_gpu_xla_sqmc_reference_comparison,exact_scope_frozen_controls; epsilon_validity_nomination_then_full_score_flow_grid,full_d10_T2,repaired_permutation,201002,202002,True,"LQ[8,2]",0.3374304344756481,1.349773839642922,1.012343405167274,1.012343405167274
fp64_gpu_xla_sqmc_reference_comparison,exact_scope_frozen_controls; epsilon_validity_nomination_then_full_score_flow_grid,full_d10_T2,repaired_permutation,201002,202002,True,"LQ[8,3]",1.4539093136809205,1.17788618376145,-0.2760231299194704,0.2760231299194704
fp64_gpu_xla_sqmc_reference_comparison,exact_scope_frozen_controls; epsilon_validity_nomination_then_full_score_flow_grid,full_d10_T2,repaired_permutation,201002,202002,True,"LQ[8,4]",-2.0391425394563996,-2.513832738036859,-0.47469019858045947,0.47469019858045947
fp64_gpu_xla_sqmc_reference_comparison,exact_scope_frozen_controls; epsilon_validity_nomination_then_full_score_flow_grid,full_d10_T2,repaired_permutation,201002,202002,True,"LQ[8,5]",-0.4564378834957353,-0.4535619681663744,0.0028759153293608786,0.0028759153293608786
fp64_gpu_xla_sqmc_reference_comparison,exact_scope_frozen_controls; epsilon_validity_nomination_then_full_score_flow_grid,full_d10_T2,repaired_permutation,201002,202002,True,"LQ[8,6]",1.4012897738729566,1.9187815354750413,0.5174917616020847,0.5174917616020847
fp64_gpu_xla_sqmc_reference_comparison,exact_scope_frozen_controls; epsilon_validity_nomination_then_full_score_flow_grid,full_d10_T2,repaired_permutation,201002,202002,True,"LQ[8,7]",0.17133946603383868,1.0517632934468364,0.8804238274129977,0.8804238274129977
fp64_gpu_xla_sqmc_reference_comparison,exact_scope_frozen_controls; epsilon_validity_nomination_then_full_score_flow_grid,full_d10_T2,repaired_permutation,201002,202002,True,"log_LQ[8,8]",1.1682691458042875,1.0994763715383207,-0.06879277426596686,0.06879277426596686
fp64_gpu_xla_sqmc_reference_comparison,exact_scope_frozen_controls; epsilon_validity_nomination_then_full_score_flow_grid,full_d10_T2,repaired_permutation,201002,202002,True,"LQ[9,1]",-0.8701468888141831,-0.06966082823848652,0.8004860605756966,0.8004860605756966
fp64_gpu_xla_sqmc_reference_comparison,exact_scope_frozen_controls; epsilon_validity_nomination_then_full_score_flow_grid,full_d10_T2,repaired_permutation,201002,202002,True,"LQ[9,2]",-1.179946421866115,1.0659036751745383,2.2458500970406536,2.2458500970406536
fp64_gpu_xla_sqmc_reference_comparison,exact_scope_frozen_controls; epsilon_validity_nomination_then_full_score_flow_grid,full_d10_T2,repaired_permutation,201002,202002,True,"LQ[9,3]",0.07857091780600708,-0.29426469986203113,-0.3728356176680382,0.3728356176680382
fp64_gpu_xla_sqmc_reference_comparison,exact_scope_frozen_controls; epsilon_validity_nomination_then_full_score_flow_grid,full_d10_T2,repaired_permutation,201002,202002,True,"LQ[9,4]",1.1854879450792555,-1.1760437009044582,-2.361531645983714,2.361531645983714
fp64_gpu_xla_sqmc_reference_comparison,exact_scope_frozen_controls; epsilon_validity_nomination_then_full_score_flow_grid,full_d10_T2,repaired_permutation,201002,202002,True,"LQ[9,5]",-1.3453460679438387,-1.3749823244294763,-0.029636256485637613,0.029636256485637613
fp64_gpu_xla_sqmc_reference_comparison,exact_scope_frozen_controls; epsilon_validity_nomination_then_full_score_flow_grid,full_d10_T2,repaired_permutation,201002,202002,True,"LQ[9,6]",-0.1470504728998937,-0.029878396228402493,0.11717207667149121,0.11717207667149121
fp64_gpu_xla_sqmc_reference_comparison,exact_scope_frozen_controls; epsilon_validity_nomination_then_full_score_flow_grid,full_d10_T2,repaired_permutation,201002,202002,True,"LQ[9,7]",0.8830205655057888,2.604376100926058,1.7213555354202692,1.7213555354202692
fp64_gpu_xla_sqmc_reference_comparison,exact_scope_frozen_controls; epsilon_validity_nomination_then_full_score_flow_grid,full_d10_T2,repaired_permutation,201002,202002,True,"LQ[9,8]",-0.95797538856101,-1.2583235762566067,-0.3003481876955967,0.3003481876955967
fp64_gpu_xla_sqmc_reference_comparison,exact_scope_frozen_controls; epsilon_validity_nomination_then_full_score_flow_grid,full_d10_T2,repaired_permutation,201002,202002,True,"log_LQ[9,9]",1.9285394163212866,0.7537761959120317,-1.1747632204092548,1.1747632204092548
fp64_gpu_xla_sqmc_reference_comparison,exact_scope_frozen_controls; epsilon_validity_nomination_then_full_score_flow_grid,full_d10_T2,repaired_permutation,201002,202002,True,"LQ[10,1]",-3.28562907683044,-3.1916972906801946,0.09393178615024533,0.09393178615024533
fp64_gpu_xla_sqmc_reference_comparison,exact_scope_frozen_controls; epsilon_validity_nomination_then_full_score_flow_grid,full_d10_T2,repaired_permutation,201002,202002,True,"LQ[10,2]",-0.26811043499851167,-0.4323297010092153,-0.16421926601070364,0.16421926601070364
fp64_gpu_xla_sqmc_reference_comparison,exact_scope_frozen_controls; epsilon_validity_nomination_then_full_score_flow_grid,full_d10_T2,repaired_permutation,201002,202002,True,"LQ[10,3]",-1.1385895005226696,-0.9650510889279207,0.17353841159474892,0.17353841159474892
fp64_gpu_xla_sqmc_reference_comparison,exact_scope_frozen_controls; epsilon_validity_nomination_then_full_score_flow_grid,full_d10_T2,repaired_permutation,201002,202002,True,"LQ[10,4]",1.5490022120701177,0.8489954400559163,-0.7000067720142014,0.7000067720142014
fp64_gpu_xla_sqmc_reference_comparison,exact_scope_frozen_controls; epsilon_validity_nomination_then_full_score_flow_grid,full_d10_T2,repaired_permutation,201002,202002,True,"LQ[10,5]",0.5020017481922647,0.10322716533255598,-0.39877458285970874,0.39877458285970874
fp64_gpu_xla_sqmc_reference_comparison,exact_scope_frozen_controls; epsilon_validity_nomination_then_full_score_flow_grid,full_d10_T2,repaired_permutation,201002,202002,True,"LQ[10,6]",-1.1927786832382359,-0.8880825882982413,0.3046960949399946,0.3046960949399946
fp64_gpu_xla_sqmc_reference_comparison,exact_scope_frozen_controls; epsilon_validity_nomination_then_full_score_flow_grid,full_d10_T2,repaired_permutation,201002,202002,True,"LQ[10,7]",-0.1358277232949584,0.1891067661220011,0.3249344894169595,0.3249344894169595
fp64_gpu_xla_sqmc_reference_comparison,exact_scope_frozen_controls; epsilon_validity_nomination_then_full_score_flow_grid,full_d10_T2,repaired_permutation,201002,202002,True,"LQ[10,8]",-3.7501656622458874,-3.483589305364268,0.2665763568816195,0.2665763568816195
fp64_gpu_xla_sqmc_reference_comparison,exact_scope_frozen_controls; epsilon_validity_nomination_then_full_score_flow_grid,full_d10_T2,repaired_permutation,201002,202002,True,"LQ[10,9]",0.058337349303251185,-0.8473123715172222,-0.9056497208204733,0.9056497208204733
fp64_gpu_xla_sqmc_reference_comparison,exact_scope_frozen_controls; epsilon_validity_nomination_then_full_score_flow_grid,full_d10_T2,repaired_permutation,201002,202002,True,"log_LQ[10,10]",0.5508828589102073,0.22408685393200628,-0.326796004978201,0.326796004978201
fp64_gpu_xla_sqmc_reference_comparison,exact_scope_frozen_controls; epsilon_validity_nomination_then_full_score_flow_grid,full_d10_T2,repaired_permutation,201002,202002,True,log_R_variance,-0.0150185033758042,0.3348161221444542,0.3498346255202584,0.3498346255202584
fp64_gpu_xla_sqmc_reference_comparison,exact_scope_frozen_controls; epsilon_validity_nomination_then_full_score_flow_grid,full_d10_T2,repaired_permutation,201002,202002,True,initial_mean_scale,0.7989855460525579,0.7797113110323933,-0.019274235020164565,0.019274235020164565
fp64_gpu_xla_sqmc_reference_comparison,exact_scope_frozen_controls; epsilon_validity_nomination_then_full_score_flow_grid,full_d10_T2,repaired_permutation_ablation,201001,202001,True,"A[1,1]",-1.8405412628695577,-1.740039504842852,0.10050175802670558,0.10050175802670558
fp64_gpu_xla_sqmc_reference_comparison,exact_scope_frozen_controls; epsilon_validity_nomination_then_full_score_flow_grid,full_d10_T2,repaired_permutation_ablation,201001,202001,True,"A[1,2]",0.12405711303755015,-0.2112620206037374,-0.3353191336412875,0.3353191336412875
fp64_gpu_xla_sqmc_reference_comparison,exact_scope_frozen_controls; epsilon_validity_nomination_then_full_score_flow_grid,full_d10_T2,repaired_permutation_ablation,201001,202001,True,"A[1,3]",1.2083689603215206,0.904572364789269,-0.3037965955322517,0.3037965955322517
fp64_gpu_xla_sqmc_reference_comparison,exact_scope_frozen_controls; epsilon_validity_nomination_then_full_score_flow_grid,full_d10_T2,repaired_permutation_ablation,201001,202001,True,"A[1,4]",0.9039498160966681,1.3621586936659904,0.45820887756932227,0.45820887756932227
fp64_gpu_xla_sqmc_reference_comparison,exact_scope_frozen_controls; epsilon_validity_nomination_then_full_score_flow_grid,full_d10_T2,repaired_permutation_ablation,201001,202001,True,"A[1,5]",1.6233540589401598,0.7941736890625801,-0.8291803698775797,0.8291803698775797
fp64_gpu_xla_sqmc_reference_comparison,exact_scope_frozen_controls; epsilon_validity_nomination_then_full_score_flow_grid,full_d10_T2,repaired_permutation_ablation,201001,202001,True,"A[1,6]",-0.8951698812224791,-0.3545896379445437,0.5405802432779354,0.5405802432779354
fp64_gpu_xla_sqmc_reference_comparison,exact_scope_frozen_controls; epsilon_validity_nomination_then_full_score_flow_grid,full_d10_T2,repaired_permutation_ablation,201001,202001,True,"A[1,7]",1.0983795483826784,0.6865511975104639,-0.4118283508722145,0.4118283508722145
fp64_gpu_xla_sqmc_reference_comparison,exact_scope_frozen_controls; epsilon_validity_nomination_then_full_score_flow_grid,full_d10_T2,repaired_permutation_ablation,201001,202001,True,"A[1,8]",-0.19487576566126597,-0.2051257983019062,-0.010250032640640228,0.010250032640640228
fp64_gpu_xla_sqmc_reference_comparison,exact_scope_frozen_controls; epsilon_validity_nomination_then_full_score_flow_grid,full_d10_T2,repaired_permutation_ablation,201001,202001,True,"A[1,9]",0.8315412439221966,0.6335165953924606,-0.198024648529736,0.198024648529736
fp64_gpu_xla_sqmc_reference_comparison,exact_scope_frozen_controls; epsilon_validity_nomination_then_full_score_flow_grid,full_d10_T2,repaired_permutation_ablation,201001,202001,True,"A[1,10]",-0.10510141849900892,0.3234404763142142,0.42854189481322313,0.42854189481322313
fp64_gpu_xla_sqmc_reference_comparison,exact_scope_frozen_controls; epsilon_validity_nomination_then_full_score_flow_grid,full_d10_T2,repaired_permutation_ablation,201001,202001,True,"A[2,1]",0.334244377419867,0.03875295562714026,-0.29549142179272675,0.29549142179272675
fp64_gpu_xla_sqmc_reference_comparison,exact_scope_frozen_controls; epsilon_validity_nomination_then_full_score_flow_grid,full_d10_T2,repaired_permutation_ablation,201001,202001,True,"A[2,2]",-1.009325865451665,-1.216138726238624,-0.20681286078695904,0.20681286078695904
fp64_gpu_xla_sqmc_reference_comparison,exact_scope_frozen_controls; epsilon_validity_nomination_then_full_score_flow_grid,full_d10_T2,repaired_permutation_ablation,201001,202001,True,"A[2,3]",-0.4740926697431398,-0.5514337882788021,-0.07734111853566228,0.07734111853566228
fp64_gpu_xla_sqmc_reference_comparison,exact_scope_frozen_controls; epsilon_validity_nomination_then_full_score_flow_grid,full_d10_T2,repaired_permutation_ablation,201001,202001,True,"A[2,4]",-0.3507452514565778,-0.5195109192971252,-0.16876566784054742,0.16876566784054742
fp64_gpu_xla_sqmc_reference_comparison,exact_scope_frozen_controls; epsilon_validity_nomination_then_full_score_flow_grid,full_d10_T2,repaired_permutation_ablation,201001,202001,True,"A[2,5]",-0.6356039536416009,-0.071991303401782,0.5636126502398189,0.5636126502398189
fp64_gpu_xla_sqmc_reference_comparison,exact_scope_frozen_controls; epsilon_validity_nomination_then_full_score_flow_grid,full_d10_T2,repaired_permutation_ablation,201001,202001,True,"A[2,6]",0.3502951834202437,0.10754736447317709,-0.2427478189470666,0.2427478189470666
fp64_gpu_xla_sqmc_reference_comparison,exact_scope_frozen_controls; epsilon_validity_nomination_then_full_score_flow_grid,full_d10_T2,repaired_permutation_ablation,201001,202001,True,"A[2,7]",-0.4296347361027879,-0.36791570728550016,0.06171902881728775,0.06171902881728775
fp64_gpu_xla_sqmc_reference_comparison,exact_scope_frozen_controls; epsilon_validity_nomination_then_full_score_flow_grid,full_d10_T2,repaired_permutation_ablation,201001,202001,True,"A[2,8]",0.07446516390295842,0.12187482912431521,0.0474096652213568,0.0474096652213568
fp64_gpu_xla_sqmc_reference_comparison,exact_scope_frozen_controls; epsilon_validity_nomination_then_full_score_flow_grid,full_d10_T2,repaired_permutation_ablation,201001,202001,True,"A[2,9]",-0.32411968950971254,0.006870373873196403,0.33099006338290893,0.33099006338290893
fp64_gpu_xla_sqmc_reference_comparison,exact_scope_frozen_controls; epsilon_validity_nomination_then_full_score_flow_grid,full_d10_T2,repaired_permutation_ablation,201001,202001,True,"A[2,10]",0.038075704787584985,-0.07198760109161179,-0.11006330587919677,0.11006330587919677
fp64_gpu_xla_sqmc_reference_comparison,exact_scope_frozen_controls; epsilon_validity_nomination_then_full_score_flow_grid,full_d10_T2,repaired_permutation_ablation,201001,202001,True,"A[3,1]",-0.0973508956488851,-0.20868753746719804,-0.11133664181831293,0.11133664181831293
fp64_gpu_xla_sqmc_reference_comparison,exact_scope_frozen_controls; epsilon_validity_nomination_then_full_score_flow_grid,full_d10_T2,repaired_permutation_ablation,201001,202001,True,"A[3,2]",0.05007209635770711,-0.12266532727945167,-0.17273742363715877,0.17273742363715877
fp64_gpu_xla_sqmc_reference_comparison,exact_scope_frozen_controls; epsilon_validity_nomination_then_full_score_flow_grid,full_d10_T2,repaired_permutation_ablation,201001,202001,True,"A[3,3]",-0.8862376853492326,-0.9346625380376378,-0.04842485268840513,0.04842485268840513
fp64_gpu_xla_sqmc_reference_comparison,exact_scope_frozen_controls; epsilon_validity_nomination_then_full_score_flow_grid,full_d10_T2,repaired_permutation_ablation,201001,202001,True,"A[3,4]",0.16606854318272946,-0.18173079504696066,-0.3477993382296901,0.3477993382296901
fp64_gpu_xla_sqmc_reference_comparison,exact_scope_frozen_controls; epsilon_validity_nomination_then_full_score_flow_grid,full_d10_T2,repaired_permutation_ablation,201001,202001,True,"A[3,5]",0.13870366199830464,0.4022644961950307,0.26356083419672605,0.26356083419672605
fp64_gpu_xla_sqmc_reference_comparison,exact_scope_frozen_controls; epsilon_validity_nomination_then_full_score_flow_grid,full_d10_T2,repaired_permutation_ablation,201001,202001,True,"A[3,6]",-0.046921523553172806,-0.2658738426350964,-0.21895231908192359,0.21895231908192359
fp64_gpu_xla_sqmc_reference_comparison,exact_scope_frozen_controls; epsilon_validity_nomination_then_full_score_flow_grid,full_d10_T2,repaired_permutation_ablation,201001,202001,True,"A[3,7]",0.07793381153520185,0.3480350472914451,0.27010123575624323,0.27010123575624323
fp64_gpu_xla_sqmc_reference_comparison,exact_scope_frozen_controls; epsilon_validity_nomination_then_full_score_flow_grid,full_d10_T2,repaired_permutation_ablation,201001,202001,True,"A[3,8]",0.050505118534347346,-0.15084218108106007,-0.20134729961540743,0.20134729961540743
fp64_gpu_xla_sqmc_reference_comparison,exact_scope_frozen_controls; epsilon_validity_nomination_then_full_score_flow_grid,full_d10_T2,repaired_permutation_ablation,201001,202001,True,"A[3,9]",0.044756981826564735,0.31096892161911294,0.2662119397925482,0.2662119397925482
fp64_gpu_xla_sqmc_reference_comparison,exact_scope_frozen_controls; epsilon_validity_nomination_then_full_score_flow_grid,full_d10_T2,repaired_permutation_ablation,201001,202001,True,"A[3,10]",0.06220362058178791,-0.22830952814263347,-0.29051314872442136,0.29051314872442136
fp64_gpu_xla_sqmc_reference_comparison,exact_scope_frozen_controls; epsilon_validity_nomination_then_full_score_flow_grid,full_d10_T2,repaired_permutation_ablation,201001,202001,True,"A[4,1]",-0.12879264023887926,-0.0389751650356267,0.08981747520325256,0.08981747520325256
fp64_gpu_xla_sqmc_reference_comparison,exact_scope_frozen_controls; epsilon_validity_nomination_then_full_score_flow_grid,full_d10_T2,repaired_permutation_ablation,201001,202001,True,"A[4,2]",0.08510133903903572,-0.004300422590483077,-0.0894017616295188,0.0894017616295188
fp64_gpu_xla_sqmc_reference_comparison,exact_scope_frozen_controls; epsilon_validity_nomination_then_full_score_flow_grid,full_d10_T2,repaired_permutation_ablation,201001,202001,True,"A[4,3]",0.046810962329739025,0.2187665293445915,0.17195556701485248,0.17195556701485248
fp64_gpu_xla_sqmc_reference_comparison,exact_scope_frozen_controls; epsilon_validity_nomination_then_full_score_flow_grid,full_d10_T2,repaired_permutation_ablation,201001,202001,True,"A[4,4]",-0.7594570487421703,-0.9569192226751633,-0.19746217393299292,0.19746217393299292
fp64_gpu_xla_sqmc_reference_comparison,exact_scope_frozen_controls; epsilon_validity_nomination_then_full_score_flow_grid,full_d10_T2,repaired_permutation_ablation,201001,202001,True,"A[4,5]",0.10909897052106454,0.923299006686755,0.8142000361656905,0.8142000361656905
fp64_gpu_xla_sqmc_reference_comparison,exact_scope_frozen_controls; epsilon_validity_nomination_then_full_score_flow_grid,full_d10_T2,repaired_permutation_ablation,201001,202001,True,"A[4,6]",-0.016286079591655955,-0.46703795505636436,-0.4507518754647084,0.4507518754647084
fp64_gpu_xla_sqmc_reference_comparison,exact_scope_frozen_controls; epsilon_validity_nomination_then_full_score_flow_grid,full_d10_T2,repaired_permutation_ablation,201001,202001,True,"A[4,7]",0.051161770698915365,0.5018206996691564,0.45065892897024107,0.45065892897024107
fp64_gpu_xla_sqmc_reference_comparison,exact_scope_frozen_controls; epsilon_validity_nomination_then_full_score_flow_grid,full_d10_T2,repaired_permutation_ablation,201001,202001,True,"A[4,8]",0.0806084794867568,0.20619659851094074,0.12558811902418393,0.12558811902418393
fp64_gpu_xla_sqmc_reference_comparison,exact_scope_frozen_controls; epsilon_validity_nomination_then_full_score_flow_grid,full_d10_T2,repaired_permutation_ablation,201001,202001,True,"A[4,9]",0.02161959526692292,0.41970633601015495,0.398086740743232,0.398086740743232
fp64_gpu_xla_sqmc_reference_comparison,exact_scope_frozen_controls; epsilon_validity_nomination_then_full_score_flow_grid,full_d10_T2,repaired_permutation_ablation,201001,202001,True,"A[4,10]",0.08782273411889809,-0.34873060622436874,-0.4365533403432668,0.4365533403432668
fp64_gpu_xla_sqmc_reference_comparison,exact_scope_frozen_controls; epsilon_validity_nomination_then_full_score_flow_grid,full_d10_T2,repaired_permutation_ablation,201001,202001,True,"A[5,1]",-1.151631566668114,-1.097805442378181,0.053826124289933164,0.053826124289933164
fp64_gpu_xla_sqmc_reference_comparison,exact_scope_frozen_controls; epsilon_validity_nomination_then_full_score_flow_grid,full_d10_T2,repaired_permutation_ablation,201001,202001,True,"A[5,2]",0.28388815184752636,0.3872090120622637,0.10332086021473735,0.10332086021473735
fp64_gpu_xla_sqmc_reference_comparison,exact_scope_frozen_controls; epsilon_validity_nomination_then_full_score_flow_grid,full_d10_T2,repaired_permutation_ablation,201001,202001,True,"A[5,3]",1.3718587659614894,1.2271077410859696,-0.14475102487551972,0.14475102487551972
fp64_gpu_xla_sqmc_reference_comparison,exact_scope_frozen_controls; epsilon_validity_nomination_then_full_score_flow_grid,full_d10_T2,repaired_permutation_ablation,201001,202001,True,"A[5,4]",1.3458163698901688,0.9921821713899363,-0.3536341985002326,0.3536341985002326
fp64_gpu_xla_sqmc_reference_comparison,exact_scope_frozen_controls; epsilon_validity_nomination_then_full_score_flow_grid,full_d10_T2,repaired_permutation_ablation,201001,202001,True,"A[5,5]",0.9712638914813987,1.0109812611922984,0.039717369710899675,0.039717369710899675
fp64_gpu_xla_sqmc_reference_comparison,exact_scope_frozen_controls; epsilon_validity_nomination_then_full_score_flow_grid,full_d10_T2,repaired_permutation_ablation,201001,202001,True,"A[5,6]",-0.9858025522388729,-1.0822713450081203,-0.09646879276924736,0.09646879276924736
fp64_gpu_xla_sqmc_reference_comparison,exact_scope_frozen_controls; epsilon_validity_nomination_then_full_score_flow_grid,full_d10_T2,repaired_permutation_ablation,201001,202001,True,"A[5,7]",1.268441156469678,1.5013684708682231,0.23292731439854508,0.23292731439854508
fp64_gpu_xla_sqmc_reference_comparison,exact_scope_frozen_controls; epsilon_validity_nomination_then_full_score_flow_grid,full_d10_T2,repaired_permutation_ablation,201001,202001,True,"A[5,8]",-0.05068204747381318,-0.056004609285578905,-0.0053225618117657275,0.0053225618117657275
fp64_gpu_xla_sqmc_reference_comparison,exact_scope_frozen_controls; epsilon_validity_nomination_then_full_score_flow_grid,full_d10_T2,repaired_permutation_ablation,201001,202001,True,"A[5,9]",0.925576616754821,0.9508049632014495,0.025228346446628525,0.025228346446628525
fp64_gpu_xla_sqmc_reference_comparison,exact_scope_frozen_controls; epsilon_validity_nomination_then_full_score_flow_grid,full_d10_T2,repaired_permutation_ablation,201001,202001,True,"A[5,10]",0.06201526518792877,-0.012079907130373602,-0.07409517231830237,0.07409517231830237
fp64_gpu_xla_sqmc_reference_comparison,exact_scope_frozen_controls; epsilon_validity_nomination_then_full_score_flow_grid,full_d10_T2,repaired_permutation_ablation,201001,202001,True,"A[6,1]",-0.02854457025664514,0.07949537617507485,0.10803994643171999,0.10803994643171999
fp64_gpu_xla_sqmc_reference_comparison,exact_scope_frozen_controls; epsilon_validity_nomination_then_full_score_flow_grid,full_d10_T2,repaired_permutation_ablation,201001,202001,True,"A[6,2]",-0.010441762511187794,-0.08239127352459663,-0.07194951101340884,0.07194951101340884
fp64_gpu_xla_sqmc_reference_comparison,exact_scope_frozen_controls; epsilon_validity_nomination_then_full_score_flow_grid,full_d10_T2,repaired_permutation_ablation,201001,202001,True,"A[6,3]",0.052520746578330835,0.101758310959015,0.04923756438068416,0.04923756438068416
fp64_gpu_xla_sqmc_reference_comparison,exact_scope_frozen_controls; epsilon_validity_nomination_then_full_score_flow_grid,full_d10_T2,repaired_permutation_ablation,201001,202001,True,"A[6,4]",-0.0060835699401260435,0.17765574478102808,0.18373931472115412,0.18373931472115412
fp64_gpu_xla_sqmc_reference_comparison,exact_scope_frozen_controls; epsilon_validity_nomination_then_full_score_flow_grid,full_d10_T2,repaired_permutation_ablation,201001,202001,True,"A[6,5]",0.053724444644627556,-0.08914516045474508,-0.14286960509937263,0.14286960509937263
fp64_gpu_xla_sqmc_reference_comparison,exact_scope_frozen_controls; epsilon_validity_nomination_then_full_score_flow_grid,full_d10_T2,repaired_permutation_ablation,201001,202001,True,"A[6,6]",-1.0039772680754557,-0.9520758534399077,0.05190141463554798,0.05190141463554798
fp64_gpu_xla_sqmc_reference_comparison,exact_scope_frozen_controls; epsilon_validity_nomination_then_full_score_flow_grid,full_d10_T2,repaired_permutation_ablation,201001,202001,True,"A[6,7]",0.04136118332889982,0.012482734561086228,-0.02887844876781359,0.02887844876781359
fp64_gpu_xla_sqmc_reference_comparison,exact_scope_frozen_controls; epsilon_validity_nomination_then_full_score_flow_grid,full_d10_T2,repaired_permutation_ablation,201001,202001,True,"A[6,8]",-0.03548566383991745,0.1515469837570746,0.18703264759699204,0.18703264759699204
fp64_gpu_xla_sqmc_reference_comparison,exact_scope_frozen_controls; epsilon_validity_nomination_then_full_score_flow_grid,full_d10_T2,repaired_permutation_ablation,201001,202001,True,"A[6,9]",0.03796036498273575,-0.05198376493416468,-0.08994412991690043,0.08994412991690043
fp64_gpu_xla_sqmc_reference_comparison,exact_scope_frozen_controls; epsilon_validity_nomination_then_full_score_flow_grid,full_d10_T2,repaired_permutation_ablation,201001,202001,True,"A[6,10]",-0.03547405466927517,0.19322879949444627,0.22870285416372144,0.22870285416372144
fp64_gpu_xla_sqmc_reference_comparison,exact_scope_frozen_controls; epsilon_validity_nomination_then_full_score_flow_grid,full_d10_T2,repaired_permutation_ablation,201001,202001,True,"A[7,1]",-1.621285485528584,-1.5491742997246938,0.07211118580389031,0.07211118580389031
fp64_gpu_xla_sqmc_reference_comparison,exact_scope_frozen_controls; epsilon_validity_nomination_then_full_score_flow_grid,full_d10_T2,repaired_permutation_ablation,201001,202001,True,"A[7,2]",0.3586148183232213,0.11437892732741405,-0.24423589099580723,0.24423589099580723
fp64_gpu_xla_sqmc_reference_comparison,exact_scope_frozen_controls; epsilon_validity_nomination_then_full_score_flow_grid,full_d10_T2,repaired_permutation_ablation,201001,202001,True,"A[7,3]",1.9980871048466877,2.1133716932353677,0.11528458838867994,0.11528458838867994
fp64_gpu_xla_sqmc_reference_comparison,exact_scope_frozen_controls; epsilon_validity_nomination_then_full_score_flow_grid,full_d10_T2,repaired_permutation_ablation,201001,202001,True,"A[7,4]",1.8311683462819435,1.6574472836718697,-0.1737210626100738,0.1737210626100738
fp64_gpu_xla_sqmc_reference_comparison,exact_scope_frozen_controls; epsilon_validity_nomination_then_full_score_flow_grid,full_d10_T2,repaired_permutation_ablation,201001,202001,True,"A[7,5]",2.7839288827184703,3.0684051917080954,0.28447630898962517,0.28447630898962517
fp64_gpu_xla_sqmc_reference_comparison,exact_scope_frozen_controls; epsilon_validity_nomination_then_full_score_flow_grid,full_d10_T2,repaired_permutation_ablation,201001,202001,True,"A[7,6]",-1.4510210418033163,-1.5237004918629748,-0.07267945005965859,0.07267945005965859
fp64_gpu_xla_sqmc_reference_comparison,exact_scope_frozen_controls; epsilon_validity_nomination_then_full_score_flow_grid,full_d10_T2,repaired_permutation_ablation,201001,202001,True,"A[7,7]",0.8844170501765056,1.1238766047205226,0.23945955454401702,0.23945955454401702
fp64_gpu_xla_sqmc_reference_comparison,exact_scope_frozen_controls; epsilon_validity_nomination_then_full_score_flow_grid,full_d10_T2,repaired_permutation_ablation,201001,202001,True,"A[7,8]",-0.1496292006803488,-0.0702149453275461,0.07941425535280269,0.07941425535280269
fp64_gpu_xla_sqmc_reference_comparison,exact_scope_frozen_controls; epsilon_validity_nomination_then_full_score_flow_grid,full_d10_T2,repaired_permutation_ablation,201001,202001,True,"A[7,9]",1.3613593256582028,1.33688096257502,-0.024478363083182852,0.024478363083182852
fp64_gpu_xla_sqmc_reference_comparison,exact_scope_frozen_controls; epsilon_validity_nomination_then_full_score_flow_grid,full_d10_T2,repaired_permutation_ablation,201001,202001,True,"A[7,10]",0.009050886759979969,0.2074597516160733,0.19840886485609333,0.19840886485609333
fp64_gpu_xla_sqmc_reference_comparison,exact_scope_frozen_controls; epsilon_validity_nomination_then_full_score_flow_grid,full_d10_T2,repaired_permutation_ablation,201001,202001,True,"A[8,1]",-0.13002367893392283,-0.18144967559341801,-0.05142599665949518,0.05142599665949518
fp64_gpu_xla_sqmc_reference_comparison,exact_scope_frozen_controls; epsilon_validity_nomination_then_full_score_flow_grid,full_d10_T2,repaired_permutation_ablation,201001,202001,True,"A[8,2]",0.03974000695294491,0.13497425105500221,0.0952342441020573,0.0952342441020573
fp64_gpu_xla_sqmc_reference_comparison,exact_scope_frozen_controls; epsilon_validity_nomination_then_full_score_flow_grid,full_d10_T2,repaired_permutation_ablation,201001,202001,True,"A[8,3]",0.128496624037787,-0.06153489717408254,-0.19003152121186953,0.19003152121186953
fp64_gpu_xla_sqmc_reference_comparison,exact_scope_frozen_controls; epsilon_validity_nomination_then_full_score_flow_grid,full_d10_T2,repaired_permutation_ablation,201001,202001,True,"A[8,4]",0.14646347457122613,0.330249086829159,0.18378561225793286,0.18378561225793286
fp64_gpu_xla_sqmc_reference_comparison,exact_scope_frozen_controls; epsilon_validity_nomination_then_full_score_flow_grid,full_d10_T2,repaired_permutation_ablation,201001,202001,True,"A[8,5]",0.18267787504930538,0.009898026762268669,-0.1727798482870367,0.1727798482870367
fp64_gpu_xla_sqmc_reference_comparison,exact_scope_frozen_controls; epsilon_validity_nomination_then_full_score_flow_grid,full_d10_T2,repaired_permutation_ablation,201001,202001,True,"A[8,6]",-0.0865634512416411,0.13521390488214288,0.22177735612378396,0.22177735612378396
fp64_gpu_xla_sqmc_reference_comparison,exact_scope_frozen_controls; epsilon_validity_nomination_then_full_score_flow_grid,full_d10_T2,repaired_permutation_ablation,201001,202001,True,"A[8,7]",0.11367271886628325,0.002289067762452246,-0.111383651103831,0.111383651103831
fp64_gpu_xla_sqmc_reference_comparison,exact_scope_frozen_controls; epsilon_validity_nomination_then_full_score_flow_grid,full_d10_T2,repaired_permutation_ablation,201001,202001,True,"A[8,8]",-0.945368569219666,-1.0930949496693212,-0.14772638044965514,0.14772638044965514
fp64_gpu_xla_sqmc_reference_comparison,exact_scope_frozen_controls; epsilon_validity_nomination_then_full_score_flow_grid,full_d10_T2,repaired_permutation_ablation,201001,202001,True,"A[8,9]",0.07983895614565371,-0.12680896974441183,-0.20664792589006553,0.20664792589006553
fp64_gpu_xla_sqmc_reference_comparison,exact_scope_frozen_controls; epsilon_validity_nomination_then_full_score_flow_grid,full_d10_T2,repaired_permutation_ablation,201001,202001,True,"A[8,10]",0.01647071868489078,-0.07887800361207153,-0.09534872229696231,0.09534872229696231
fp64_gpu_xla_sqmc_reference_comparison,exact_scope_frozen_controls; epsilon_validity_nomination_then_full_score_flow_grid,full_d10_T2,repaired_permutation_ablation,201001,202001,True,"A[9,1]",0.20482993888429357,0.14119825378114037,-0.0636316851031532,0.0636316851031532
fp64_gpu_xla_sqmc_reference_comparison,exact_scope_frozen_controls; epsilon_validity_nomination_then_full_score_flow_grid,full_d10_T2,repaired_permutation_ablation,201001,202001,True,"A[9,2]",-0.02798043832303823,0.13470441366319796,0.1626848519862362,0.1626848519862362
fp64_gpu_xla_sqmc_reference_comparison,exact_scope_frozen_controls; epsilon_validity_nomination_then_full_score_flow_grid,full_d10_T2,repaired_permutation_ablation,201001,202001,True,"A[9,3]",-0.2696989652270404,-0.06268180294536185,0.20701716228167855,0.20701716228167855
fp64_gpu_xla_sqmc_reference_comparison,exact_scope_frozen_controls; epsilon_validity_nomination_then_full_score_flow_grid,full_d10_T2,repaired_permutation_ablation,201001,202001,True,"A[9,4]",-0.19088541161721645,-0.20198246633158679,-0.011097054714370336,0.011097054714370336
fp64_gpu_xla_sqmc_reference_comparison,exact_scope_frozen_controls; epsilon_validity_nomination_then_full_score_flow_grid,full_d10_T2,repaired_permutation_ablation,201001,202001,True,"A[9,5]",-0.35535335908440735,0.02475604587865332,0.38010940496306067,0.38010940496306067
fp64_gpu_xla_sqmc_reference_comparison,exact_scope_frozen_controls; epsilon_validity_nomination_then_full_score_flow_grid,full_d10_T2,repaired_permutation_ablation,201001,202001,True,"A[9,6]",0.19813066915608102,-0.0437495037394664,-0.24188017289554742,0.24188017289554742
fp64_gpu_xla_sqmc_reference_comparison,exact_scope_frozen_controls; epsilon_validity_nomination_then_full_score_flow_grid,full_d10_T2,repaired_permutation_ablation,201001,202001,True,"A[9,7]",-0.239177999339602,-0.049711069381897066,0.18946692995770492,0.18946692995770492
fp64_gpu_xla_sqmc_reference_comparison,exact_scope_frozen_controls; epsilon_validity_nomination_then_full_score_flow_grid,full_d10_T2,repaired_permutation_ablation,201001,202001,True,"A[9,8]",0.04917757427128328,-0.12963979515793944,-0.17881736942922272,0.17881736942922272
fp64_gpu_xla_sqmc_reference_comparison,exact_scope_frozen_controls; epsilon_validity_nomination_then_full_score_flow_grid,full_d10_T2,repaired_permutation_ablation,201001,202001,True,"A[9,9]",-1.1254376375860404,-0.8893551255351922,0.23608251205084818,0.23608251205084818
fp64_gpu_xla_sqmc_reference_comparison,exact_scope_frozen_controls; epsilon_validity_nomination_then_full_score_flow_grid,full_d10_T2,repaired_permutation_ablation,201001,202001,True,"A[9,10]",0.030500427946176863,-0.21341979337996558,-0.24392022132614244,0.24392022132614244
fp64_gpu_xla_sqmc_reference_comparison,exact_scope_frozen_controls; epsilon_validity_nomination_then_full_score_flow_grid,full_d10_T2,repaired_permutation_ablation,201001,202001,True,"A[10,1]",-1.7487300324327681,-1.5836900305838277,0.1650400018489404,0.1650400018489404
fp64_gpu_xla_sqmc_reference_comparison,exact_scope_frozen_controls; epsilon_validity_nomination_then_full_score_flow_grid,full_d10_T2,repaired_permutation_ablation,201001,202001,True,"A[10,2]",0.37641283317227353,0.19209755513468618,-0.18431527803758735,0.18431527803758735
fp64_gpu_xla_sqmc_reference_comparison,exact_scope_frozen_controls; epsilon_validity_nomination_then_full_score_flow_grid,full_d10_T2,repaired_permutation_ablation,201001,202001,True,"A[10,3]",2.1492110126231876,1.9935093640564598,-0.15570164856672775,0.15570164856672775
fp64_gpu_xla_sqmc_reference_comparison,exact_scope_frozen_controls; epsilon_validity_nomination_then_full_score_flow_grid,full_d10_T2,repaired_permutation_ablation,201001,202001,True,"A[10,4]",1.930461574672982,1.6604462483452587,-0.2700153263277234,0.2700153263277234
fp64_gpu_xla_sqmc_reference_comparison,exact_scope_frozen_controls; epsilon_validity_nomination_then_full_score_flow_grid,full_d10_T2,repaired_permutation_ablation,201001,202001,True,"A[10,5]",2.974957403681122,2.6474690298183963,-0.3274883738627259,0.3274883738627259
fp64_gpu_xla_sqmc_reference_comparison,exact_scope_frozen_controls; epsilon_validity_nomination_then_full_score_flow_grid,full_d10_T2,repaired_permutation_ablation,201001,202001,True,"A[10,6]",-1.5579624095325548,-1.270899025030762,0.2870633845017929,0.2870633845017929
fp64_gpu_xla_sqmc_reference_comparison,exact_scope_frozen_controls; epsilon_validity_nomination_then_full_score_flow_grid,full_d10_T2,repaired_permutation_ablation,201001,202001,True,"A[10,7]",1.968517859397229,1.8341120285976906,-0.13440583079953838,0.13440583079953838
fp64_gpu_xla_sqmc_reference_comparison,exact_scope_frozen_controls; epsilon_validity_nomination_then_full_score_flow_grid,full_d10_T2,repaired_permutation_ablation,201001,202001,True,"A[10,8]",-0.18076158688593522,-0.11932383841987676,0.061437748466058456,0.061437748466058456
fp64_gpu_xla_sqmc_reference_comparison,exact_scope_frozen_controls; epsilon_validity_nomination_then_full_score_flow_grid,full_d10_T2,repaired_permutation_ablation,201001,202001,True,"A[10,9]",1.456237976442527,1.288259629331465,-0.16797834711106208,0.16797834711106208
fp64_gpu_xla_sqmc_reference_comparison,exact_scope_frozen_controls; epsilon_validity_nomination_then_full_score_flow_grid,full_d10_T2,repaired_permutation_ablation,201001,202001,True,"A[10,10]",-0.947777789316981,-0.8267843120143182,0.12099347730266274,0.12099347730266274
fp64_gpu_xla_sqmc_reference_comparison,exact_scope_frozen_controls; epsilon_validity_nomination_then_full_score_flow_grid,full_d10_T2,repaired_permutation_ablation,201001,202001,True,"log_LQ[1,1]",1.1604249884193487,1.2842741855874962,0.12384919716814746,0.12384919716814746
fp64_gpu_xla_sqmc_reference_comparison,exact_scope_frozen_controls; epsilon_validity_nomination_then_full_score_flow_grid,full_d10_T2,repaired_permutation_ablation,201001,202001,True,"LQ[2,1]",-1.6342809305399455,-1.1301633045669004,0.5041176259730451,0.5041176259730451
fp64_gpu_xla_sqmc_reference_comparison,exact_scope_frozen_controls; epsilon_validity_nomination_then_full_score_flow_grid,full_d10_T2,repaired_permutation_ablation,201001,202001,True,"log_LQ[2,2]",-0.6386450083579979,-0.48892625368777226,0.1497187546702256,0.1497187546702256
fp64_gpu_xla_sqmc_reference_comparison,exact_scope_frozen_controls; epsilon_validity_nomination_then_full_score_flow_grid,full_d10_T2,repaired_permutation_ablation,201001,202001,True,"LQ[3,1]",-2.2064273175155256,-2.3070785366336937,-0.1006512191181681,0.1006512191181681
fp64_gpu_xla_sqmc_reference_comparison,exact_scope_frozen_controls; epsilon_validity_nomination_then_full_score_flow_grid,full_d10_T2,repaired_permutation_ablation,201001,202001,True,"LQ[3,2]",0.5843362200434306,0.6701722422113253,0.08583602216789477,0.08583602216789477
fp64_gpu_xla_sqmc_reference_comparison,exact_scope_frozen_controls; epsilon_validity_nomination_then_full_score_flow_grid,full_d10_T2,repaired_permutation_ablation,201001,202001,True,"log_LQ[3,3]",-0.208563557210624,-0.10432411985330331,0.10423943735732069,0.10423943735732069
fp64_gpu_xla_sqmc_reference_comparison,exact_scope_frozen_controls; epsilon_validity_nomination_then_full_score_flow_grid,full_d10_T2,repaired_permutation_ablation,201001,202001,True,"LQ[4,1]",-2.404857961128028,-3.5658169229424495,-1.1609589618144214,1.1609589618144214
fp64_gpu_xla_sqmc_reference_comparison,exact_scope_frozen_controls; epsilon_validity_nomination_then_full_score_flow_grid,full_d10_T2,repaired_permutation_ablation,201001,202001,True,"LQ[4,2]",0.5817453337963082,0.9167774061310019,0.3350320723346937,0.3350320723346937
fp64_gpu_xla_sqmc_reference_comparison,exact_scope_frozen_controls; epsilon_validity_nomination_then_full_score_flow_grid,full_d10_T2,repaired_permutation_ablation,201001,202001,True,"LQ[4,3]",1.7729523153504338,2.323452125619646,0.550499810269212,0.550499810269212
fp64_gpu_xla_sqmc_reference_comparison,exact_scope_frozen_controls; epsilon_validity_nomination_then_full_score_flow_grid,full_d10_T2,repaired_permutation_ablation,201001,202001,True,"log_LQ[4,4]",-0.2551747876793065,0.4162145113260006,0.6713892990053072,0.6713892990053072
fp64_gpu_xla_sqmc_reference_comparison,exact_scope_frozen_controls; epsilon_validity_nomination_then_full_score_flow_grid,full_d10_T2,repaired_permutation_ablation,201001,202001,True,"LQ[5,1]",-0.5366956450504217,0.25723360523081196,0.7939292502812336,0.7939292502812336
fp64_gpu_xla_sqmc_reference_comparison,exact_scope_frozen_controls; epsilon_validity_nomination_then_full_score_flow_grid,full_d10_T2,repaired_permutation_ablation,201001,202001,True,"LQ[5,2]",0.02365462394093025,-0.37061964045183043,-0.3942742643927607,0.3942742643927607
fp64_gpu_xla_sqmc_reference_comparison,exact_scope_frozen_controls; epsilon_validity_nomination_then_full_score_flow_grid,full_d10_T2,repaired_permutation_ablation,201001,202001,True,"LQ[5,3]",1.0357621804690664,0.7532153276220008,-0.2825468528470656,0.2825468528470656
fp64_gpu_xla_sqmc_reference_comparison,exact_scope_frozen_controls; epsilon_validity_nomination_then_full_score_flow_grid,full_d10_T2,repaired_permutation_ablation,201001,202001,True,"LQ[5,4]",0.8887520351281037,0.8747428146182967,-0.014009220509807019,0.014009220509807019
fp64_gpu_xla_sqmc_reference_comparison,exact_scope_frozen_controls; epsilon_validity_nomination_then_full_score_flow_grid,full_d10_T2,repaired_permutation_ablation,201001,202001,True,"log_LQ[5,5]",-0.13394057767215156,-0.2867372228961713,-0.15279664522401976,0.15279664522401976
fp64_gpu_xla_sqmc_reference_comparison,exact_scope_frozen_controls; epsilon_validity_nomination_then_full_score_flow_grid,full_d10_T2,repaired_permutation_ablation,201001,202001,True,"LQ[6,1]",1.6956486340289318,1.3216447091728412,-0.3740039248560907,0.3740039248560907
fp64_gpu_xla_sqmc_reference_comparison,exact_scope_frozen_controls; epsilon_validity_nomination_then_full_score_flow_grid,full_d10_T2,repaired_permutation_ablation,201001,202001,True,"LQ[6,2]",-0.46516423854204236,-0.1519581064028661,0.31320613213917625,0.31320613213917625
fp64_gpu_xla_sqmc_reference_comparison,exact_scope_frozen_controls; epsilon_validity_nomination_then_full_score_flow_grid,full_d10_T2,repaired_permutation_ablation,201001,202001,True,"LQ[6,3]",-1.091350037303425,-0.8265824635230336,0.2647675737803915,0.2647675737803915
fp64_gpu_xla_sqmc_reference_comparison,exact_scope_frozen_controls; epsilon_validity_nomination_then_full_score_flow_grid,full_d10_T2,repaired_permutation_ablation,201001,202001,True,"LQ[6,4]",-0.9884428043203441,-0.9399589616403571,0.048483842679987066,0.048483842679987066
fp64_gpu_xla_sqmc_reference_comparison,exact_scope_frozen_controls; epsilon_validity_nomination_then_full_score_flow_grid,full_d10_T2,repaired_permutation_ablation,201001,202001,True,"LQ[6,5]",-0.7452267819343596,-0.4886456943241543,0.25658108761020537,0.25658108761020537
fp64_gpu_xla_sqmc_reference_comparison,exact_scope_frozen_controls; epsilon_validity_nomination_then_full_score_flow_grid,full_d10_T2,repaired_permutation_ablation,201001,202001,True,"log_LQ[6,6]",-0.5412014505489918,-0.5280767917727951,0.01312465877619673,0.01312465877619673
fp64_gpu_xla_sqmc_reference_comparison,exact_scope_frozen_controls; epsilon_validity_nomination_then_full_score_flow_grid,full_d10_T2,repaired_permutation_ablation,201001,202001,True,"LQ[7,1]",1.9261134704554341,2.257139052637579,0.33102558218214506,0.33102558218214506
fp64_gpu_xla_sqmc_reference_comparison,exact_scope_frozen_controls; epsilon_validity_nomination_then_full_score_flow_grid,full_d10_T2,repaired_permutation_ablation,201001,202001,True,"LQ[7,2]",-0.6710099009322407,-0.48375500168604735,0.18725489924619332,0.18725489924619332
fp64_gpu_xla_sqmc_reference_comparison,exact_scope_frozen_controls; epsilon_validity_nomination_then_full_score_flow_grid,full_d10_T2,repaired_permutation_ablation,201001,202001,True,"LQ[7,3]",-0.3494967361318082,-0.37660805452306345,-0.027111318391255246,0.027111318391255246
fp64_gpu_xla_sqmc_reference_comparison,exact_scope_frozen_controls; epsilon_validity_nomination_then_full_score_flow_grid,full_d10_T2,repaired_permutation_ablation,201001,202001,True,"LQ[7,4]",-0.311837454917008,-0.16941270273630132,0.14242475218070666,0.14242475218070666
fp64_gpu_xla_sqmc_reference_comparison,exact_scope_frozen_controls; epsilon_validity_nomination_then_full_score_flow_grid,full_d10_T2,repaired_permutation_ablation,201001,202001,True,"LQ[7,5]",1.1805289302383066,0.5233646665807221,-0.6571642636575845,0.6571642636575845
fp64_gpu_xla_sqmc_reference_comparison,exact_scope_frozen_controls; epsilon_validity_nomination_then_full_score_flow_grid,full_d10_T2,repaired_permutation_ablation,201001,202001,True,"LQ[7,6]",0.49808959455553353,0.5753560014942127,0.0772664069386792,0.0772664069386792
fp64_gpu_xla_sqmc_reference_comparison,exact_scope_frozen_controls; epsilon_validity_nomination_then_full_score_flow_grid,full_d10_T2,repaired_permutation_ablation,201001,202001,True,"log_LQ[7,7]",0.08444345129268202,-0.057206903329655945,-0.14165035462233797,0.14165035462233797
fp64_gpu_xla_sqmc_reference_comparison,exact_scope_frozen_controls; epsilon_validity_nomination_then_full_score_flow_grid,full_d10_T2,repaired_permutation_ablation,201001,202001,True,"LQ[8,1]",0.23223520514382295,0.3054805842744451,0.07324537913062212,0.07324537913062212
fp64_gpu_xla_sqmc_reference_comparison,exact_scope_frozen_controls; epsilon_validity_nomination_then_full_score_flow_grid,full_d10_T2,repaired_permutation_ablation,201001,202001,True,"LQ[8,2]",-0.09810939533409348,-0.25520585276828456,-0.1570964574341911,0.1570964574341911
fp64_gpu_xla_sqmc_reference_comparison,exact_scope_frozen_controls; epsilon_validity_nomination_then_full_score_flow_grid,full_d10_T2,repaired_permutation_ablation,201001,202001,True,"LQ[8,3]",-0.031100117681431966,0.1256350730511085,0.15673519073254047,0.15673519073254047
fp64_gpu_xla_sqmc_reference_comparison,exact_scope_frozen_controls; epsilon_validity_nomination_then_full_score_flow_grid,full_d10_T2,repaired_permutation_ablation,201001,202001,True,"LQ[8,4]",-0.0905916812120991,-0.4436957188113299,-0.3531040375992308,0.3531040375992308
fp64_gpu_xla_sqmc_reference_comparison,exact_scope_frozen_controls; epsilon_validity_nomination_then_full_score_flow_grid,full_d10_T2,repaired_permutation_ablation,201001,202001,True,"LQ[8,5]",0.08936060155532534,0.006254076893570673,-0.08310652466175467,0.08310652466175467
fp64_gpu_xla_sqmc_reference_comparison,exact_scope_frozen_controls; epsilon_validity_nomination_then_full_score_flow_grid,full_d10_T2,repaired_permutation_ablation,201001,202001,True,"LQ[8,6]",0.03489536370248869,-0.16524713051429402,-0.2001424942167827,0.2001424942167827
fp64_gpu_xla_sqmc_reference_comparison,exact_scope_frozen_controls; epsilon_validity_nomination_then_full_score_flow_grid,full_d10_T2,repaired_permutation_ablation,201001,202001,True,"LQ[8,7]",0.20299357525982648,0.1813105847701167,-0.021682990489709786,0.021682990489709786
fp64_gpu_xla_sqmc_reference_comparison,exact_scope_frozen_controls; epsilon_validity_nomination_then_full_score_flow_grid,full_d10_T2,repaired_permutation_ablation,201001,202001,True,"log_LQ[8,8]",-0.988388572796855,-0.8468645727290561,0.14152400006779886,0.14152400006779886
fp64_gpu_xla_sqmc_reference_comparison,exact_scope_frozen_controls; epsilon_validity_nomination_then_full_score_flow_grid,full_d10_T2,repaired_permutation_ablation,201001,202001,True,"LQ[9,1]",-1.998632437470166,-1.9472541658819182,0.051378271588247815,0.051378271588247815
fp64_gpu_xla_sqmc_reference_comparison,exact_scope_frozen_controls; epsilon_validity_nomination_then_full_score_flow_grid,full_d10_T2,repaired_permutation_ablation,201001,202001,True,"LQ[9,2]",0.5636584732687647,0.44231091892546603,-0.12134755434329869,0.12134755434329869
fp64_gpu_xla_sqmc_reference_comparison,exact_scope_frozen_controls; epsilon_validity_nomination_then_full_score_flow_grid,full_d10_T2,repaired_permutation_ablation,201001,202001,True,"LQ[9,3]",1.190583506677017,0.9303819975406443,-0.26020150913637263,0.26020150913637263
fp64_gpu_xla_sqmc_reference_comparison,exact_scope_frozen_controls; epsilon_validity_nomination_then_full_score_flow_grid,full_d10_T2,repaired_permutation_ablation,201001,202001,True,"LQ[9,4]",1.0779425725170695,1.1755419058321535,0.09759933331508397,0.09759933331508397
fp64_gpu_xla_sqmc_reference_comparison,exact_scope_frozen_controls; epsilon_validity_nomination_then_full_score_flow_grid,full_d10_T2,repaired_permutation_ablation,201001,202001,True,"LQ[9,5]",0.6604696092785991,0.2740492946887224,-0.3864203145898767,0.3864203145898767
fp64_gpu_xla_sqmc_reference_comparison,exact_scope_frozen_controls; epsilon_validity_nomination_then_full_score_flow_grid,full_d10_T2,repaired_permutation_ablation,201001,202001,True,"LQ[9,6]",-0.9697232452874001,-0.7019603570695248,0.2677628882178753,0.2677628882178753
fp64_gpu_xla_sqmc_reference_comparison,exact_scope_frozen_controls; epsilon_validity_nomination_then_full_score_flow_grid,full_d10_T2,repaired_permutation_ablation,201001,202001,True,"LQ[9,7]",-0.5479328392859982,-0.5259751589422761,0.02195768034372214,0.02195768034372214
fp64_gpu_xla_sqmc_reference_comparison,exact_scope_frozen_controls; epsilon_validity_nomination_then_full_score_flow_grid,full_d10_T2,repaired_permutation_ablation,201001,202001,True,"LQ[9,8]",-0.21433239634499607,-0.21802794521259364,-0.00369554886759757,0.00369554886759757
fp64_gpu_xla_sqmc_reference_comparison,exact_scope_frozen_controls; epsilon_validity_nomination_then_full_score_flow_grid,full_d10_T2,repaired_permutation_ablation,201001,202001,True,"log_LQ[9,9]",-0.47685284814179885,-0.4721221845856197,0.004730663556179127,0.004730663556179127
fp64_gpu_xla_sqmc_reference_comparison,exact_scope_frozen_controls; epsilon_validity_nomination_then_full_score_flow_grid,full_d10_T2,repaired_permutation_ablation,201001,202001,True,"LQ[10,1]",4.062768780999246,3.615046416051025,-0.4477223649482207,0.4477223649482207
fp64_gpu_xla_sqmc_reference_comparison,exact_scope_frozen_controls; epsilon_validity_nomination_then_full_score_flow_grid,full_d10_T2,repaired_permutation_ablation,201001,202001,True,"LQ[10,2]",-1.2835986255749678,-0.8869986659101924,0.39659995966477546,0.39659995966477546
fp64_gpu_xla_sqmc_reference_comparison,exact_scope_frozen_controls; epsilon_validity_nomination_then_full_score_flow_grid,full_d10_T2,repaired_permutation_ablation,201001,202001,True,"LQ[10,3]",-1.6358862954083686,-1.405347221255312,0.23053907415305663,0.23053907415305663
fp64_gpu_xla_sqmc_reference_comparison,exact_scope_frozen_controls; epsilon_validity_nomination_then_full_score_flow_grid,full_d10_T2,repaired_permutation_ablation,201001,202001,True,"LQ[10,4]",-1.526351127748982,-0.9425561141952417,0.5837950135537404,0.5837950135537404
fp64_gpu_xla_sqmc_reference_comparison,exact_scope_frozen_controls; epsilon_validity_nomination_then_full_score_flow_grid,full_d10_T2,repaired_permutation_ablation,201001,202001,True,"LQ[10,5]",0.3818582041101131,0.5741753773655921,0.19231717325547898,0.19231717325547898
fp64_gpu_xla_sqmc_reference_comparison,exact_scope_frozen_controls; epsilon_validity_nomination_then_full_score_flow_grid,full_d10_T2,repaired_permutation_ablation,201001,202001,True,"LQ[10,6]",1.5271278797427765,1.1797929737794757,-0.34733490596330086,0.34733490596330086
fp64_gpu_xla_sqmc_reference_comparison,exact_scope_frozen_controls; epsilon_validity_nomination_then_full_score_flow_grid,full_d10_T2,repaired_permutation_ablation,201001,202001,True,"LQ[10,7]",2.7481056488092324,2.7292382031365716,-0.018867445672660743,0.018867445672660743
fp64_gpu_xla_sqmc_reference_comparison,exact_scope_frozen_controls; epsilon_validity_nomination_then_full_score_flow_grid,full_d10_T2,repaired_permutation_ablation,201001,202001,True,"LQ[10,8]",0.6328675079264996,0.5891127017035233,-0.04375480622297634,0.04375480622297634
fp64_gpu_xla_sqmc_reference_comparison,exact_scope_frozen_controls; epsilon_validity_nomination_then_full_score_flow_grid,full_d10_T2,repaired_permutation_ablation,201001,202001,True,"LQ[10,9]",-2.104089251530308,-1.9233628720385245,0.18072637949178327,0.18072637949178327
fp64_gpu_xla_sqmc_reference_comparison,exact_scope_frozen_controls; epsilon_validity_nomination_then_full_score_flow_grid,full_d10_T2,repaired_permutation_ablation,201001,202001,True,"log_LQ[10,10]",1.4807298861910445,1.255204467858097,-0.2255254183329476,0.2255254183329476
fp64_gpu_xla_sqmc_reference_comparison,exact_scope_frozen_controls; epsilon_validity_nomination_then_full_score_flow_grid,full_d10_T2,repaired_permutation_ablation,201001,202001,True,log_R_variance,0.745698627970492,0.7490308014634885,0.0033321734929965263,0.0033321734929965263
fp64_gpu_xla_sqmc_reference_comparison,exact_scope_frozen_controls; epsilon_validity_nomination_then_full_score_flow_grid,full_d10_T2,repaired_permutation_ablation,201001,202001,True,initial_mean_scale,-0.8465975322240216,-1.0571003811143198,-0.21050284889029824,0.21050284889029824
fp64_gpu_xla_sqmc_reference_comparison,exact_scope_frozen_controls; epsilon_validity_nomination_then_full_score_flow_grid,full_d10_T2,repaired_permutation_ablation,201001,202002,True,"A[1,1]",-1.8405412628695577,-1.9797674872611375,-0.13922622439157983,0.13922622439157983
fp64_gpu_xla_sqmc_reference_comparison,exact_scope_frozen_controls; epsilon_validity_nomination_then_full_score_flow_grid,full_d10_T2,repaired_permutation_ablation,201001,202002,True,"A[1,2]",0.12405711303755015,0.08190021843958145,-0.0421568945979687,0.0421568945979687
fp64_gpu_xla_sqmc_reference_comparison,exact_scope_frozen_controls; epsilon_validity_nomination_then_full_score_flow_grid,full_d10_T2,repaired_permutation_ablation,201001,202002,True,"A[1,3]",1.2083689603215206,1.346981873786301,0.13861291346478044,0.13861291346478044
fp64_gpu_xla_sqmc_reference_comparison,exact_scope_frozen_controls; epsilon_validity_nomination_then_full_score_flow_grid,full_d10_T2,repaired_permutation_ablation,201001,202002,True,"A[1,4]",0.9039498160966681,0.8950534012839368,-0.00889641481273129,0.00889641481273129
fp64_gpu_xla_sqmc_reference_comparison,exact_scope_frozen_controls; epsilon_validity_nomination_then_full_score_flow_grid,full_d10_T2,repaired_permutation_ablation,201001,202002,True,"A[1,5]",1.6233540589401598,2.2314765878473057,0.6081225289071459,0.6081225289071459
fp64_gpu_xla_sqmc_reference_comparison,exact_scope_frozen_controls; epsilon_validity_nomination_then_full_score_flow_grid,full_d10_T2,repaired_permutation_ablation,201001,202002,True,"A[1,6]",-0.8951698812224791,-0.7896333413913396,0.10553653983113953,0.10553653983113953
fp64_gpu_xla_sqmc_reference_comparison,exact_scope_frozen_controls; epsilon_validity_nomination_then_full_score_flow_grid,full_d10_T2,repaired_permutation_ablation,201001,202002,True,"A[1,7]",1.0983795483826784,1.259177029265105,0.16079748088242662,0.16079748088242662
fp64_gpu_xla_sqmc_reference_comparison,exact_scope_frozen_controls; epsilon_validity_nomination_then_full_score_flow_grid,full_d10_T2,repaired_permutation_ablation,201001,202002,True,"A[1,8]",-0.19487576566126597,-0.09570165865868804,0.09917410700257792,0.09917410700257792
fp64_gpu_xla_sqmc_reference_comparison,exact_scope_frozen_controls; epsilon_validity_nomination_then_full_score_flow_grid,full_d10_T2,repaired_permutation_ablation,201001,202002,True,"A[1,9]",0.8315412439221966,0.8639828086049297,0.03244156468273307,0.03244156468273307
fp64_gpu_xla_sqmc_reference_comparison,exact_scope_frozen_controls; epsilon_validity_nomination_then_full_score_flow_grid,full_d10_T2,repaired_permutation_ablation,201001,202002,True,"A[1,10]",-0.10510141849900892,-0.7954085023982037,-0.6903070838991948,0.6903070838991948
fp64_gpu_xla_sqmc_reference_comparison,exact_scope_frozen_controls; epsilon_validity_nomination_then_full_score_flow_grid,full_d10_T2,repaired_permutation_ablation,201001,202002,True,"A[2,1]",0.334244377419867,0.5131803101479674,0.17893593272810038,0.17893593272810038
fp64_gpu_xla_sqmc_reference_comparison,exact_scope_frozen_controls; epsilon_validity_nomination_then_full_score_flow_grid,full_d10_T2,repaired_permutation_ablation,201001,202002,True,"A[2,2]",-1.009325865451665,-1.1346456520901533,-0.1253197866384883,0.1253197866384883
fp64_gpu_xla_sqmc_reference_comparison,exact_scope_frozen_controls; epsilon_validity_nomination_then_full_score_flow_grid,full_d10_T2,repaired_permutation_ablation,201001,202002,True,"A[2,3]",-0.4740926697431398,-0.5738343095414544,-0.09974163979831463,0.09974163979831463
fp64_gpu_xla_sqmc_reference_comparison,exact_scope_frozen_controls; epsilon_validity_nomination_then_full_score_flow_grid,full_d10_T2,repaired_permutation_ablation,201001,202002,True,"A[2,4]",-0.3507452514565778,-0.5926660905723508,-0.24192083911577295,0.24192083911577295
fp64_gpu_xla_sqmc_reference_comparison,exact_scope_frozen_controls; epsilon_validity_nomination_then_full_score_flow_grid,full_d10_T2,repaired_permutation_ablation,201001,202002,True,"A[2,5]",-0.6356039536416009,-0.9810579822850317,-0.3454540286434308,0.3454540286434308
fp64_gpu_xla_sqmc_reference_comparison,exact_scope_frozen_controls; epsilon_validity_nomination_then_full_score_flow_grid,full_d10_T2,repaired_permutation_ablation,201001,202002,True,"A[2,6]",0.3502951834202437,0.5656111395299659,0.2153159561097222,0.2153159561097222
fp64_gpu_xla_sqmc_reference_comparison,exact_scope_frozen_controls; epsilon_validity_nomination_then_full_score_flow_grid,full_d10_T2,repaired_permutation_ablation,201001,202002,True,"A[2,7]",-0.4296347361027879,-0.46825880545287146,-0.038624069350083556,0.038624069350083556
fp64_gpu_xla_sqmc_reference_comparison,exact_scope_frozen_controls; epsilon_validity_nomination_then_full_score_flow_grid,full_d10_T2,repaired_permutation_ablation,201001,202002,True,"A[2,8]",0.07446516390295842,0.31414498144453024,0.2396798175415718,0.2396798175415718
fp64_gpu_xla_sqmc_reference_comparison,exact_scope_frozen_controls; epsilon_validity_nomination_then_full_score_flow_grid,full_d10_T2,repaired_permutation_ablation,201001,202002,True,"A[2,9]",-0.32411968950971254,-0.3061967814680433,0.01792290804166924,0.01792290804166924
fp64_gpu_xla_sqmc_reference_comparison,exact_scope_frozen_controls; epsilon_validity_nomination_then_full_score_flow_grid,full_d10_T2,repaired_permutation_ablation,201001,202002,True,"A[2,10]",0.038075704787584985,0.4893594670197645,0.45128376223217953,0.45128376223217953
fp64_gpu_xla_sqmc_reference_comparison,exact_scope_frozen_controls; epsilon_validity_nomination_then_full_score_flow_grid,full_d10_T2,repaired_permutation_ablation,201001,202002,True,"A[3,1]",-0.0973508956488851,-0.38332542197681274,-0.28597452632792764,0.28597452632792764
fp64_gpu_xla_sqmc_reference_comparison,exact_scope_frozen_controls; epsilon_validity_nomination_then_full_score_flow_grid,full_d10_T2,repaired_permutation_ablation,201001,202002,True,"A[3,2]",0.05007209635770711,0.3043702340447083,0.2542981376870012,0.2542981376870012
fp64_gpu_xla_sqmc_reference_comparison,exact_scope_frozen_controls; epsilon_validity_nomination_then_full_score_flow_grid,full_d10_T2,repaired_permutation_ablation,201001,202002,True,"A[3,3]",-0.8862376853492326,-0.6139319418741809,0.27230574347505176,0.27230574347505176
fp64_gpu_xla_sqmc_reference_comparison,exact_scope_frozen_controls; epsilon_validity_nomination_then_full_score_flow_grid,full_d10_T2,repaired_permutation_ablation,201001,202002,True,"A[3,4]",0.16606854318272946,0.4907694712757613,0.32470092809303186,0.32470092809303186
fp64_gpu_xla_sqmc_reference_comparison,exact_scope_frozen_controls; epsilon_validity_nomination_then_full_score_flow_grid,full_d10_T2,repaired_permutation_ablation,201001,202002,True,"A[3,5]",0.13870366199830464,0.18316844475899174,0.044464782760687105,0.044464782760687105
fp64_gpu_xla_sqmc_reference_comparison,exact_scope_frozen_controls; epsilon_validity_nomination_then_full_score_flow_grid,full_d10_T2,repaired_permutation_ablation,201001,202002,True,"A[3,6]",-0.046921523553172806,-0.21645861249719295,-0.16953708894402014,0.16953708894402014
fp64_gpu_xla_sqmc_reference_comparison,exact_scope_frozen_controls; epsilon_validity_nomination_then_full_score_flow_grid,full_d10_T2,repaired_permutation_ablation,201001,202002,True,"A[3,7]",0.07793381153520185,0.02960628475715188,-0.04832752677804997,0.04832752677804997
fp64_gpu_xla_sqmc_reference_comparison,exact_scope_frozen_controls; epsilon_validity_nomination_then_full_score_flow_grid,full_d10_T2,repaired_permutation_ablation,201001,202002,True,"A[3,8]",0.050505118534347346,0.16558965083545601,0.11508453230110867,0.11508453230110867
fp64_gpu_xla_sqmc_reference_comparison,exact_scope_frozen_controls; epsilon_validity_nomination_then_full_score_flow_grid,full_d10_T2,repaired_permutation_ablation,201001,202002,True,"A[3,9]",0.044756981826564735,0.037114460739660515,-0.007642521086904219,0.007642521086904219
fp64_gpu_xla_sqmc_reference_comparison,exact_scope_frozen_controls; epsilon_validity_nomination_then_full_score_flow_grid,full_d10_T2,repaired_permutation_ablation,201001,202002,True,"A[3,10]",0.06220362058178791,0.3541402534799073,0.2919366328981194,0.2919366328981194
fp64_gpu_xla_sqmc_reference_comparison,exact_scope_frozen_controls; epsilon_validity_nomination_then_full_score_flow_grid,full_d10_T2,repaired_permutation_ablation,201001,202002,True,"A[4,1]",-0.12879264023887926,-0.40564125686333496,-0.2768486166244557,0.2768486166244557
fp64_gpu_xla_sqmc_reference_comparison,exact_scope_frozen_controls; epsilon_validity_nomination_then_full_score_flow_grid,full_d10_T2,repaired_permutation_ablation,201001,202002,True,"A[4,2]",0.08510133903903572,0.19187164983306612,0.1067703107940304,0.1067703107940304
fp64_gpu_xla_sqmc_reference_comparison,exact_scope_frozen_controls; epsilon_validity_nomination_then_full_score_flow_grid,full_d10_T2,repaired_permutation_ablation,201001,202002,True,"A[4,3]",0.046810962329739025,0.13966052377663307,0.09284956144689405,0.09284956144689405
fp64_gpu_xla_sqmc_reference_comparison,exact_scope_frozen_controls; epsilon_validity_nomination_then_full_score_flow_grid,full_d10_T2,repaired_permutation_ablation,201001,202002,True,"A[4,4]",-0.7594570487421703,-0.6366444686956009,0.12281258004656948,0.12281258004656948
fp64_gpu_xla_sqmc_reference_comparison,exact_scope_frozen_controls; epsilon_validity_nomination_then_full_score_flow_grid,full_d10_T2,repaired_permutation_ablation,201001,202002,True,"A[4,5]",0.10909897052106454,-0.010900940743668652,-0.1199999112647332,0.1199999112647332
fp64_gpu_xla_sqmc_reference_comparison,exact_scope_frozen_controls; epsilon_validity_nomination_then_full_score_flow_grid,full_d10_T2,repaired_permutation_ablation,201001,202002,True,"A[4,6]",-0.016286079591655955,-0.13025337566705542,-0.11396729607539946,0.11396729607539946
fp64_gpu_xla_sqmc_reference_comparison,exact_scope_frozen_controls; epsilon_validity_nomination_then_full_score_flow_grid,full_d10_T2,repaired_permutation_ablation,201001,202002,True,"A[4,7]",0.051161770698915365,0.05771873877626843,0.006556968077353065,0.006556968077353065
fp64_gpu_xla_sqmc_reference_comparison,exact_scope_frozen_controls; epsilon_validity_nomination_then_full_score_flow_grid,full_d10_T2,repaired_permutation_ablation,201001,202002,True,"A[4,8]",0.0806084794867568,0.3989101330982602,0.31830165361150337,0.31830165361150337
fp64_gpu_xla_sqmc_reference_comparison,exact_scope_frozen_controls; epsilon_validity_nomination_then_full_score_flow_grid,full_d10_T2,repaired_permutation_ablation,201001,202002,True,"A[4,9]",0.02161959526692292,-0.2345257395330671,-0.25614533479999,0.25614533479999
fp64_gpu_xla_sqmc_reference_comparison,exact_scope_frozen_controls; epsilon_validity_nomination_then_full_score_flow_grid,full_d10_T2,repaired_permutation_ablation,201001,202002,True,"A[4,10]",0.08782273411889809,0.6068919244758451,0.519069190356947,0.519069190356947
fp64_gpu_xla_sqmc_reference_comparison,exact_scope_frozen_controls; epsilon_validity_nomination_then_full_score_flow_grid,full_d10_T2,repaired_permutation_ablation,201001,202002,True,"A[5,1]",-1.151631566668114,-0.8063039800610384,0.34532758660707563,0.34532758660707563
fp64_gpu_xla_sqmc_reference_comparison,exact_scope_frozen_controls; epsilon_validity_nomination_then_full_score_flow_grid,full_d10_T2,repaired_permutation_ablation,201001,202002,True,"A[5,2]",0.28388815184752636,0.3824512386581041,0.09856308681057774,0.09856308681057774
fp64_gpu_xla_sqmc_reference_comparison,exact_scope_frozen_controls; epsilon_validity_nomination_then_full_score_flow_grid,full_d10_T2,repaired_permutation_ablation,201001,202002,True,"A[5,3]",1.3718587659614894,0.7417023354586824,-0.630156430502807,0.630156430502807
fp64_gpu_xla_sqmc_reference_comparison,exact_scope_frozen_controls; epsilon_validity_nomination_then_full_score_flow_grid,full_d10_T2,repaired_permutation_ablation,201001,202002,True,"A[5,4]",1.3458163698901688,0.8793292254925754,-0.4664871443975934,0.4664871443975934
fp64_gpu_xla_sqmc_reference_comparison,exact_scope_frozen_controls; epsilon_validity_nomination_then_full_score_flow_grid,full_d10_T2,repaired_permutation_ablation,201001,202002,True,"A[5,5]",0.9712638914813987,0.5616568553963448,-0.4096070360850539,0.4096070360850539
fp64_gpu_xla_sqmc_reference_comparison,exact_scope_frozen_controls; epsilon_validity_nomination_then_full_score_flow_grid,full_d10_T2,repaired_permutation_ablation,201001,202002,True,"A[5,6]",-0.9858025522388729,-1.0165371173304532,-0.030734565091580235,0.030734565091580235
fp64_gpu_xla_sqmc_reference_comparison,exact_scope_frozen_controls; epsilon_validity_nomination_then_full_score_flow_grid,full_d10_T2,repaired_permutation_ablation,201001,202002,True,"A[5,7]",1.268441156469678,0.9431942553750354,-0.3252469010946426,0.3252469010946426
fp64_gpu_xla_sqmc_reference_comparison,exact_scope_frozen_controls; epsilon_validity_nomination_then_full_score_flow_grid,full_d10_T2,repaired_permutation_ablation,201001,202002,True,"A[5,8]",-0.05068204747381318,0.19102365681061495,0.2417057042844281,0.2417057042844281
fp64_gpu_xla_sqmc_reference_comparison,exact_scope_frozen_controls; epsilon_validity_nomination_then_full_score_flow_grid,full_d10_T2,repaired_permutation_ablation,201001,202002,True,"A[5,9]",0.925576616754821,1.0680109607196728,0.14243434396485188,0.14243434396485188
fp64_gpu_xla_sqmc_reference_comparison,exact_scope_frozen_controls; epsilon_validity_nomination_then_full_score_flow_grid,full_d10_T2,repaired_permutation_ablation,201001,202002,True,"A[5,10]",0.06201526518792877,0.3430220485411055,0.28100678335317675,0.28100678335317675
fp64_gpu_xla_sqmc_reference_comparison,exact_scope_frozen_controls; epsilon_validity_nomination_then_full_score_flow_grid,full_d10_T2,repaired_permutation_ablation,201001,202002,True,"A[6,1]",-0.02854457025664514,-0.06214808926895654,-0.0336035190123114,0.0336035190123114
fp64_gpu_xla_sqmc_reference_comparison,exact_scope_frozen_controls; epsilon_validity_nomination_then_full_score_flow_grid,full_d10_T2,repaired_permutation_ablation,201001,202002,True,"A[6,2]",-0.010441762511187794,0.019976731235470835,0.03041849374665863,0.03041849374665863
fp64_gpu_xla_sqmc_reference_comparison,exact_scope_frozen_controls; epsilon_validity_nomination_then_full_score_flow_grid,full_d10_T2,repaired_permutation_ablation,201001,202002,True,"A[6,3]",0.052520746578330835,0.27222306255223927,0.21970231597390844,0.21970231597390844
fp64_gpu_xla_sqmc_reference_comparison,exact_scope_frozen_controls; epsilon_validity_nomination_then_full_score_flow_grid,full_d10_T2,repaired_permutation_ablation,201001,202002,True,"A[6,4]",-0.0060835699401260435,0.21675207471837576,0.2228356446585018,0.2228356446585018
fp64_gpu_xla_sqmc_reference_comparison,exact_scope_frozen_controls; epsilon_validity_nomination_then_full_score_flow_grid,full_d10_T2,repaired_permutation_ablation,201001,202002,True,"A[6,5]",0.053724444644627556,0.1257407421581287,0.07201629751350114,0.07201629751350114
fp64_gpu_xla_sqmc_reference_comparison,exact_scope_frozen_controls; epsilon_validity_nomination_then_full_score_flow_grid,full_d10_T2,repaired_permutation_ablation,201001,202002,True,"A[6,6]",-1.0039772680754557,-0.9966458259929472,0.007331442082508577,0.007331442082508577
fp64_gpu_xla_sqmc_reference_comparison,exact_scope_frozen_controls; epsilon_validity_nomination_then_full_score_flow_grid,full_d10_T2,repaired_permutation_ablation,201001,202002,True,"A[6,7]",0.04136118332889982,0.0488128125612588,0.0074516292323589806,0.0074516292323589806
fp64_gpu_xla_sqmc_reference_comparison,exact_scope_frozen_controls; epsilon_validity_nomination_then_full_score_flow_grid,full_d10_T2,repaired_permutation_ablation,201001,202002,True,"A[6,8]",-0.03548566383991745,-0.08423930274961955,-0.0487536389097021,0.0487536389097021
fp64_gpu_xla_sqmc_reference_comparison,exact_scope_frozen_controls; epsilon_validity_nomination_then_full_score_flow_grid,full_d10_T2,repaired_permutation_ablation,201001,202002,True,"A[6,9]",0.03796036498273575,-0.05743701159790082,-0.09539737658063657,0.09539737658063657
fp64_gpu_xla_sqmc_reference_comparison,exact_scope_frozen_controls; epsilon_validity_nomination_then_full_score_flow_grid,full_d10_T2,repaired_permutation_ablation,201001,202002,True,"A[6,10]",-0.03547405466927517,-0.46070331901550277,-0.4252292643462276,0.4252292643462276
fp64_gpu_xla_sqmc_reference_comparison,exact_scope_frozen_controls; epsilon_validity_nomination_then_full_score_flow_grid,full_d10_T2,repaired_permutation_ablation,201001,202002,True,"A[7,1]",-1.621285485528584,-1.9588959456866943,-0.33761046015811025,0.33761046015811025
fp64_gpu_xla_sqmc_reference_comparison,exact_scope_frozen_controls; epsilon_validity_nomination_then_full_score_flow_grid,full_d10_T2,repaired_permutation_ablation,201001,202002,True,"A[7,2]",0.3586148183232213,0.6020336616103625,0.24341884328714125,0.24341884328714125
fp64_gpu_xla_sqmc_reference_comparison,exact_scope_frozen_controls; epsilon_validity_nomination_then_full_score_flow_grid,full_d10_T2,repaired_permutation_ablation,201001,202002,True,"A[7,3]",1.9980871048466877,1.891628399521097,-0.10645870532559076,0.10645870532559076
fp64_gpu_xla_sqmc_reference_comparison,exact_scope_frozen_controls; epsilon_validity_nomination_then_full_score_flow_grid,full_d10_T2,repaired_permutation_ablation,201001,202002,True,"A[7,4]",1.8311683462819435,2.026570833596936,0.19540248731499243,0.19540248731499243
fp64_gpu_xla_sqmc_reference_comparison,exact_scope_frozen_controls; epsilon_validity_nomination_then_full_score_flow_grid,full_d10_T2,repaired_permutation_ablation,201001,202002,True,"A[7,5]",2.7839288827184703,3.1712965399831714,0.3873676572647011,0.3873676572647011
fp64_gpu_xla_sqmc_reference_comparison,exact_scope_frozen_controls; epsilon_validity_nomination_then_full_score_flow_grid,full_d10_T2,repaired_permutation_ablation,201001,202002,True,"A[7,6]",-1.4510210418033163,-1.7529071672354517,-0.30188612543213544,0.30188612543213544
fp64_gpu_xla_sqmc_reference_comparison,exact_scope_frozen_controls; epsilon_validity_nomination_then_full_score_flow_grid,full_d10_T2,repaired_permutation_ablation,201001,202002,True,"A[7,7]",0.8844170501765056,0.8295433471714757,-0.05487370300502992,0.05487370300502992
fp64_gpu_xla_sqmc_reference_comparison,exact_scope_frozen_controls; epsilon_validity_nomination_then_full_score_flow_grid,full_d10_T2,repaired_permutation_ablation,201001,202002,True,"A[7,8]",-0.1496292006803488,-0.01565086658284312,0.13397833409750567,0.13397833409750567
fp64_gpu_xla_sqmc_reference_comparison,exact_scope_frozen_controls; epsilon_validity_nomination_then_full_score_flow_grid,full_d10_T2,repaired_permutation_ablation,201001,202002,True,"A[7,9]",1.3613593256582028,1.1642843884998935,-0.19707493715830937,0.19707493715830937
fp64_gpu_xla_sqmc_reference_comparison,exact_scope_frozen_controls; epsilon_validity_nomination_then_full_score_flow_grid,full_d10_T2,repaired_permutation_ablation,201001,202002,True,"A[7,10]",0.009050886759979969,-0.12028441846569973,-0.1293353052256797,0.1293353052256797
fp64_gpu_xla_sqmc_reference_comparison,exact_scope_frozen_controls; epsilon_validity_nomination_then_full_score_flow_grid,full_d10_T2,repaired_permutation_ablation,201001,202002,True,"A[8,1]",-0.13002367893392283,0.054129177829964625,0.18415285676388746,0.18415285676388746
fp64_gpu_xla_sqmc_reference_comparison,exact_scope_frozen_controls; epsilon_validity_nomination_then_full_score_flow_grid,full_d10_T2,repaired_permutation_ablation,201001,202002,True,"A[8,2]",0.03974000695294491,0.12568926463260438,0.08594925767965947,0.08594925767965947
fp64_gpu_xla_sqmc_reference_comparison,exact_scope_frozen_controls; epsilon_validity_nomination_then_full_score_flow_grid,full_d10_T2,repaired_permutation_ablation,201001,202002,True,"A[8,3]",0.128496624037787,0.06052616418991291,-0.06797045984787409,0.06797045984787409
fp64_gpu_xla_sqmc_reference_comparison,exact_scope_frozen_controls; epsilon_validity_nomination_then_full_score_flow_grid,full_d10_T2,repaired_permutation_ablation,201001,202002,True,"A[8,4]",0.14646347457122613,0.17734994749606436,0.030886472924838232,0.030886472924838232
fp64_gpu_xla_sqmc_reference_comparison,exact_scope_frozen_controls; epsilon_validity_nomination_then_full_score_flow_grid,full_d10_T2,repaired_permutation_ablation,201001,202002,True,"A[8,5]",0.18267787504930538,0.001093029086220887,-0.1815848459630845,0.1815848459630845
fp64_gpu_xla_sqmc_reference_comparison,exact_scope_frozen_controls; epsilon_validity_nomination_then_full_score_flow_grid,full_d10_T2,repaired_permutation_ablation,201001,202002,True,"A[8,6]",-0.0865634512416411,-0.023508037783357527,0.06305541345828357,0.06305541345828357
fp64_gpu_xla_sqmc_reference_comparison,exact_scope_frozen_controls; epsilon_validity_nomination_then_full_score_flow_grid,full_d10_T2,repaired_permutation_ablation,201001,202002,True,"A[8,7]",0.11367271886628325,-0.060280755269801756,-0.173953474136085,0.173953474136085
fp64_gpu_xla_sqmc_reference_comparison,exact_scope_frozen_controls; epsilon_validity_nomination_then_full_score_flow_grid,full_d10_T2,repaired_permutation_ablation,201001,202002,True,"A[8,8]",-0.945368569219666,-0.9070233222656019,0.03834524695406416,0.03834524695406416
fp64_gpu_xla_sqmc_reference_comparison,exact_scope_frozen_controls; epsilon_validity_nomination_then_full_score_flow_grid,full_d10_T2,repaired_permutation_ablation,201001,202002,True,"A[8,9]",0.07983895614565371,-0.09830124470924168,-0.1781402008548954,0.1781402008548954
fp64_gpu_xla_sqmc_reference_comparison,exact_scope_frozen_controls; epsilon_validity_nomination_then_full_score_flow_grid,full_d10_T2,repaired_permutation_ablation,201001,202002,True,"A[8,10]",0.01647071868489078,-0.4534629750506657,-0.4699336937355565,0.4699336937355565
fp64_gpu_xla_sqmc_reference_comparison,exact_scope_frozen_controls; epsilon_validity_nomination_then_full_score_flow_grid,full_d10_T2,repaired_permutation_ablation,201001,202002,True,"A[9,1]",0.20482993888429357,0.11594756492844938,-0.0888823739558442,0.0888823739558442
fp64_gpu_xla_sqmc_reference_comparison,exact_scope_frozen_controls; epsilon_validity_nomination_then_full_score_flow_grid,full_d10_T2,repaired_permutation_ablation,201001,202002,True,"A[9,2]",-0.02798043832303823,0.12358343599726997,0.1515638743203082,0.1515638743203082
fp64_gpu_xla_sqmc_reference_comparison,exact_scope_frozen_controls; epsilon_validity_nomination_then_full_score_flow_grid,full_d10_T2,repaired_permutation_ablation,201001,202002,True,"A[9,3]",-0.2696989652270404,-0.34666648446506265,-0.07696751923802225,0.07696751923802225
fp64_gpu_xla_sqmc_reference_comparison,exact_scope_frozen_controls; epsilon_validity_nomination_then_full_score_flow_grid,full_d10_T2,repaired_permutation_ablation,201001,202002,True,"A[9,4]",-0.19088541161721645,-0.3540524717276484,-0.16316706011043197,0.16316706011043197
fp64_gpu_xla_sqmc_reference_comparison,exact_scope_frozen_controls; epsilon_validity_nomination_then_full_score_flow_grid,full_d10_T2,repaired_permutation_ablation,201001,202002,True,"A[9,5]",-0.35535335908440735,-0.05857664245371952,0.29677671663068783,0.29677671663068783
fp64_gpu_xla_sqmc_reference_comparison,exact_scope_frozen_controls; epsilon_validity_nomination_then_full_score_flow_grid,full_d10_T2,repaired_permutation_ablation,201001,202002,True,"A[9,6]",0.19813066915608102,-0.07622780883382602,-0.27435847798990703,0.27435847798990703
fp64_gpu_xla_sqmc_reference_comparison,exact_scope_frozen_controls; epsilon_validity_nomination_then_full_score_flow_grid,full_d10_T2,repaired_permutation_ablation,201001,202002,True,"A[9,7]",-0.239177999339602,-0.4818409026421815,-0.2426629033025795,0.2426629033025795
fp64_gpu_xla_sqmc_reference_comparison,exact_scope_frozen_controls; epsilon_validity_nomination_then_full_score_flow_grid,full_d10_T2,repaired_permutation_ablation,201001,202002,True,"A[9,8]",0.04917757427128328,-0.11329760482336328,-0.16247517909464657,0.16247517909464657
fp64_gpu_xla_sqmc_reference_comparison,exact_scope_frozen_controls; epsilon_validity_nomination_then_full_score_flow_grid,full_d10_T2,repaired_permutation_ablation,201001,202002,True,"A[9,9]",-1.1254376375860404,-2.0857531144183743,-0.9603154768323339,0.9603154768323339
fp64_gpu_xla_sqmc_reference_comparison,exact_scope_frozen_controls; epsilon_validity_nomination_then_full_score_flow_grid,full_d10_T2,repaired_permutation_ablation,201001,202002,True,"A[9,10]",0.030500427946176863,0.1766662554653533,0.14616582751917645,0.14616582751917645
fp64_gpu_xla_sqmc_reference_comparison,exact_scope_frozen_controls; epsilon_validity_nomination_then_full_score_flow_grid,full_d10_T2,repaired_permutation_ablation,201001,202002,True,"A[10,1]",-1.7487300324327681,-2.024831287580751,-0.2761012551479829,0.2761012551479829
fp64_gpu_xla_sqmc_reference_comparison,exact_scope_frozen_controls; epsilon_validity_nomination_then_full_score_flow_grid,full_d10_T2,repaired_permutation_ablation,201001,202002,True,"A[10,2]",0.37641283317227353,0.5743743840805443,0.19796155090827078,0.19796155090827078
fp64_gpu_xla_sqmc_reference_comparison,exact_scope_frozen_controls; epsilon_validity_nomination_then_full_score_flow_grid,full_d10_T2,repaired_permutation_ablation,201001,202002,True,"A[10,3]",2.1492110126231876,2.058736641670382,-0.09047437095280575,0.09047437095280575
fp64_gpu_xla_sqmc_reference_comparison,exact_scope_frozen_controls; epsilon_validity_nomination_then_full_score_flow_grid,full_d10_T2,repaired_permutation_ablation,201001,202002,True,"A[10,4]",1.930461574672982,2.084199085981131,0.15373751130814894,0.15373751130814894
fp64_gpu_xla_sqmc_reference_comparison,exact_scope_frozen_controls; epsilon_validity_nomination_then_full_score_flow_grid,full_d10_T2,repaired_permutation_ablation,201001,202002,True,"A[10,5]",2.974957403681122,3.395149042846369,0.42019163916524693,0.42019163916524693
fp64_gpu_xla_sqmc_reference_comparison,exact_scope_frozen_controls; epsilon_validity_nomination_then_full_score_flow_grid,full_d10_T2,repaired_permutation_ablation,201001,202002,True,"A[10,6]",-1.5579624095325548,-1.688799771321236,-0.1308373617886811,0.1308373617886811
fp64_gpu_xla_sqmc_reference_comparison,exact_scope_frozen_controls; epsilon_validity_nomination_then_full_score_flow_grid,full_d10_T2,repaired_permutation_ablation,201001,202002,True,"A[10,7]",1.968517859397229,1.9162854369238662,-0.052232422473362794,0.052232422473362794
fp64_gpu_xla_sqmc_reference_comparison,exact_scope_frozen_controls; epsilon_validity_nomination_then_full_score_flow_grid,full_d10_T2,repaired_permutation_ablation,201001,202002,True,"A[10,8]",-0.18076158688593522,-0.31394663606775963,-0.13318504918182442,0.13318504918182442
fp64_gpu_xla_sqmc_reference_comparison,exact_scope_frozen_controls; epsilon_validity_nomination_then_full_score_flow_grid,full_d10_T2,repaired_permutation_ablation,201001,202002,True,"A[10,9]",1.456237976442527,1.5081687095653504,0.05193073312282337,0.05193073312282337
fp64_gpu_xla_sqmc_reference_comparison,exact_scope_frozen_controls; epsilon_validity_nomination_then_full_score_flow_grid,full_d10_T2,repaired_permutation_ablation,201001,202002,True,"A[10,10]",-0.947777789316981,-1.3203840258875745,-0.37260623657059355,0.37260623657059355
fp64_gpu_xla_sqmc_reference_comparison,exact_scope_frozen_controls; epsilon_validity_nomination_then_full_score_flow_grid,full_d10_T2,repaired_permutation_ablation,201001,202002,True,"log_LQ[1,1]",1.1604249884193487,1.179595128862898,0.019170140443549366,0.019170140443549366
fp64_gpu_xla_sqmc_reference_comparison,exact_scope_frozen_controls; epsilon_validity_nomination_then_full_score_flow_grid,full_d10_T2,repaired_permutation_ablation,201001,202002,True,"LQ[2,1]",-1.6342809305399455,-1.6909537553441725,-0.05667282480422697,0.05667282480422697
fp64_gpu_xla_sqmc_reference_comparison,exact_scope_frozen_controls; epsilon_validity_nomination_then_full_score_flow_grid,full_d10_T2,repaired_permutation_ablation,201001,202002,True,"log_LQ[2,2]",-0.6386450083579979,-0.6015118305911129,0.03713317776688496,0.03713317776688496
fp64_gpu_xla_sqmc_reference_comparison,exact_scope_frozen_controls; epsilon_validity_nomination_then_full_score_flow_grid,full_d10_T2,repaired_permutation_ablation,201001,202002,True,"LQ[3,1]",-2.2064273175155256,-1.3820967023501929,0.8243306151653327,0.8243306151653327
fp64_gpu_xla_sqmc_reference_comparison,exact_scope_frozen_controls; epsilon_validity_nomination_then_full_score_flow_grid,full_d10_T2,repaired_permutation_ablation,201001,202002,True,"LQ[3,2]",0.5843362200434306,0.4807183715132646,-0.10361784853016598,0.10361784853016598
fp64_gpu_xla_sqmc_reference_comparison,exact_scope_frozen_controls; epsilon_validity_nomination_then_full_score_flow_grid,full_d10_T2,repaired_permutation_ablation,201001,202002,True,"log_LQ[3,3]",-0.208563557210624,-0.38524053140999465,-0.17667697419937065,0.17667697419937065
fp64_gpu_xla_sqmc_reference_comparison,exact_scope_frozen_controls; epsilon_validity_nomination_then_full_score_flow_grid,full_d10_T2,repaired_permutation_ablation,201001,202002,True,"LQ[4,1]",-2.404857961128028,-1.8766944249384037,0.5281635361896244,0.5281635361896244
fp64_gpu_xla_sqmc_reference_comparison,exact_scope_frozen_controls; epsilon_validity_nomination_then_full_score_flow_grid,full_d10_T2,repaired_permutation_ablation,201001,202002,True,"LQ[4,2]",0.5817453337963082,0.4419625238887578,-0.13978280990755043,0.13978280990755043
fp64_gpu_xla_sqmc_reference_comparison,exact_scope_frozen_controls; epsilon_validity_nomination_then_full_score_flow_grid,full_d10_T2,repaired_permutation_ablation,201001,202002,True,"LQ[4,3]",1.7729523153504338,1.6079557283673136,-0.16499658698312025,0.16499658698312025
fp64_gpu_xla_sqmc_reference_comparison,exact_scope_frozen_controls; epsilon_validity_nomination_then_full_score_flow_grid,full_d10_T2,repaired_permutation_ablation,201001,202002,True,"log_LQ[4,4]",-0.2551747876793065,-0.21439285095072363,0.04078193672858288,0.04078193672858288
fp64_gpu_xla_sqmc_reference_comparison,exact_scope_frozen_controls; epsilon_validity_nomination_then_full_score_flow_grid,full_d10_T2,repaired_permutation_ablation,201001,202002,True,"LQ[5,1]",-0.5366956450504217,-1.3832470090988471,-0.8465513640484255,0.8465513640484255
fp64_gpu_xla_sqmc_reference_comparison,exact_scope_frozen_controls; epsilon_validity_nomination_then_full_score_flow_grid,full_d10_T2,repaired_permutation_ablation,201001,202002,True,"LQ[5,2]",0.02365462394093025,-0.06556792391071009,-0.08922254785164034,0.08922254785164034
fp64_gpu_xla_sqmc_reference_comparison,exact_scope_frozen_controls; epsilon_validity_nomination_then_full_score_flow_grid,full_d10_T2,repaired_permutation_ablation,201001,202002,True,"LQ[5,3]",1.0357621804690664,1.9484983585775342,0.9127361781084677,0.9127361781084677
fp64_gpu_xla_sqmc_reference_comparison,exact_scope_frozen_controls; epsilon_validity_nomination_then_full_score_flow_grid,full_d10_T2,repaired_permutation_ablation,201001,202002,True,"LQ[5,4]",0.8887520351281037,1.4162775302209512,0.5275254950928474,0.5275254950928474
fp64_gpu_xla_sqmc_reference_comparison,exact_scope_frozen_controls; epsilon_validity_nomination_then_full_score_flow_grid,full_d10_T2,repaired_permutation_ablation,201001,202002,True,"log_LQ[5,5]",-0.13394057767215156,0.1831087436181347,0.3170493212902863,0.3170493212902863
fp64_gpu_xla_sqmc_reference_comparison,exact_scope_frozen_controls; epsilon_validity_nomination_then_full_score_flow_grid,full_d10_T2,repaired_permutation_ablation,201001,202002,True,"LQ[6,1]",1.6956486340289318,1.5396948925459577,-0.15595374148297414,0.15595374148297414
fp64_gpu_xla_sqmc_reference_comparison,exact_scope_frozen_controls; epsilon_validity_nomination_then_full_score_flow_grid,full_d10_T2,repaired_permutation_ablation,201001,202002,True,"LQ[6,2]",-0.46516423854204236,-0.32593227864456265,0.13923195989747972,0.13923195989747972
fp64_gpu_xla_sqmc_reference_comparison,exact_scope_frozen_controls; epsilon_validity_nomination_then_full_score_flow_grid,full_d10_T2,repaired_permutation_ablation,201001,202002,True,"LQ[6,3]",-1.091350037303425,-1.4464344946335852,-0.35508445733016014,0.35508445733016014
fp64_gpu_xla_sqmc_reference_comparison,exact_scope_frozen_controls; epsilon_validity_nomination_then_full_score_flow_grid,full_d10_T2,repaired_permutation_ablation,201001,202002,True,"LQ[6,4]",-0.9884428043203441,-1.0674429227711015,-0.07900011845075738,0.07900011845075738
fp64_gpu_xla_sqmc_reference_comparison,exact_scope_frozen_controls; epsilon_validity_nomination_then_full_score_flow_grid,full_d10_T2,repaired_permutation_ablation,201001,202002,True,"LQ[6,5]",-0.7452267819343596,-0.659797985106566,0.0854287968277937,0.0854287968277937
fp64_gpu_xla_sqmc_reference_comparison,exact_scope_frozen_controls; epsilon_validity_nomination_then_full_score_flow_grid,full_d10_T2,repaired_permutation_ablation,201001,202002,True,"log_LQ[6,6]",-0.5412014505489918,-0.7240121423926925,-0.1828106918437007,0.1828106918437007
fp64_gpu_xla_sqmc_reference_comparison,exact_scope_frozen_controls; epsilon_validity_nomination_then_full_score_flow_grid,full_d10_T2,repaired_permutation_ablation,201001,202002,True,"LQ[7,1]",1.9261134704554341,2.4925325632538233,0.5664190927983892,0.5664190927983892
fp64_gpu_xla_sqmc_reference_comparison,exact_scope_frozen_controls; epsilon_validity_nomination_then_full_score_flow_grid,full_d10_T2,repaired_permutation_ablation,201001,202002,True,"LQ[7,2]",-0.6710099009322407,-0.8719636952777368,-0.2009537943454961,0.2009537943454961
fp64_gpu_xla_sqmc_reference_comparison,exact_scope_frozen_controls; epsilon_validity_nomination_then_full_score_flow_grid,full_d10_T2,repaired_permutation_ablation,201001,202002,True,"LQ[7,3]",-0.3494967361318082,-0.3733433141898695,-0.023846578058061285,0.023846578058061285
fp64_gpu_xla_sqmc_reference_comparison,exact_scope_frozen_controls; epsilon_validity_nomination_then_full_score_flow_grid,full_d10_T2,repaired_permutation_ablation,201001,202002,True,"LQ[7,4]",-0.311837454917008,-0.42508119527721344,-0.11324374036020546,0.11324374036020546
fp64_gpu_xla_sqmc_reference_comparison,exact_scope_frozen_controls; epsilon_validity_nomination_then_full_score_flow_grid,full_d10_T2,repaired_permutation_ablation,201001,202002,True,"LQ[7,5]",1.1805289302383066,1.5266299128238912,0.3461009825855845,0.3461009825855845
fp64_gpu_xla_sqmc_reference_comparison,exact_scope_frozen_controls; epsilon_validity_nomination_then_full_score_flow_grid,full_d10_T2,repaired_permutation_ablation,201001,202002,True,"LQ[7,6]",0.49808959455553353,0.6553436626068367,0.1572540680513032,0.1572540680513032
fp64_gpu_xla_sqmc_reference_comparison,exact_scope_frozen_controls; epsilon_validity_nomination_then_full_score_flow_grid,full_d10_T2,repaired_permutation_ablation,201001,202002,True,"log_LQ[7,7]",0.08444345129268202,0.25932750231558027,0.17488405102289825,0.17488405102289825
fp64_gpu_xla_sqmc_reference_comparison,exact_scope_frozen_controls; epsilon_validity_nomination_then_full_score_flow_grid,full_d10_T2,repaired_permutation_ablation,201001,202002,True,"LQ[8,1]",0.23223520514382295,0.2585232385979877,0.02628803345416475,0.02628803345416475
fp64_gpu_xla_sqmc_reference_comparison,exact_scope_frozen_controls; epsilon_validity_nomination_then_full_score_flow_grid,full_d10_T2,repaired_permutation_ablation,201001,202002,True,"LQ[8,2]",-0.09810939533409348,0.0923164033699031,0.19042579870399656,0.19042579870399656
fp64_gpu_xla_sqmc_reference_comparison,exact_scope_frozen_controls; epsilon_validity_nomination_then_full_score_flow_grid,full_d10_T2,repaired_permutation_ablation,201001,202002,True,"LQ[8,3]",-0.031100117681431966,-0.33303789278589835,-0.3019377751044664,0.3019377751044664
fp64_gpu_xla_sqmc_reference_comparison,exact_scope_frozen_controls; epsilon_validity_nomination_then_full_score_flow_grid,full_d10_T2,repaired_permutation_ablation,201001,202002,True,"LQ[8,4]",-0.0905916812120991,-0.5456804263762544,-0.45508874516415526,0.45508874516415526
fp64_gpu_xla_sqmc_reference_comparison,exact_scope_frozen_controls; epsilon_validity_nomination_then_full_score_flow_grid,full_d10_T2,repaired_permutation_ablation,201001,202002,True,"LQ[8,5]",0.08936060155532534,-0.3339923799038962,-0.4233529814592215,0.4233529814592215
fp64_gpu_xla_sqmc_reference_comparison,exact_scope_frozen_controls; epsilon_validity_nomination_then_full_score_flow_grid,full_d10_T2,repaired_permutation_ablation,201001,202002,True,"LQ[8,6]",0.03489536370248869,-0.2832562137378064,-0.3181515774402951,0.3181515774402951
fp64_gpu_xla_sqmc_reference_comparison,exact_scope_frozen_controls; epsilon_validity_nomination_then_full_score_flow_grid,full_d10_T2,repaired_permutation_ablation,201001,202002,True,"LQ[8,7]",0.20299357525982648,-0.026224010059838543,-0.22921758531966502,0.22921758531966502
fp64_gpu_xla_sqmc_reference_comparison,exact_scope_frozen_controls; epsilon_validity_nomination_then_full_score_flow_grid,full_d10_T2,repaired_permutation_ablation,201001,202002,True,"log_LQ[8,8]",-0.988388572796855,-1.007664719650954,-0.019276146854099063,0.019276146854099063
fp64_gpu_xla_sqmc_reference_comparison,exact_scope_frozen_controls; epsilon_validity_nomination_then_full_score_flow_grid,full_d10_T2,repaired_permutation_ablation,201001,202002,True,"LQ[9,1]",-1.998632437470166,-2.273871877571007,-0.2752394401008411,0.2752394401008411
fp64_gpu_xla_sqmc_reference_comparison,exact_scope_frozen_controls; epsilon_validity_nomination_then_full_score_flow_grid,full_d10_T2,repaired_permutation_ablation,201001,202002,True,"LQ[9,2]",0.5636584732687647,0.5404563106158623,-0.023202162652902425,0.023202162652902425
fp64_gpu_xla_sqmc_reference_comparison,exact_scope_frozen_controls; epsilon_validity_nomination_then_full_score_flow_grid,full_d10_T2,repaired_permutation_ablation,201001,202002,True,"LQ[9,3]",1.190583506677017,1.7997082676965663,0.6091247610195494,0.6091247610195494
fp64_gpu_xla_sqmc_reference_comparison,exact_scope_frozen_controls; epsilon_validity_nomination_then_full_score_flow_grid,full_d10_T2,repaired_permutation_ablation,201001,202002,True,"LQ[9,4]",1.0779425725170695,1.5127371024343534,0.43479452991728396,0.43479452991728396
fp64_gpu_xla_sqmc_reference_comparison,exact_scope_frozen_controls; epsilon_validity_nomination_then_full_score_flow_grid,full_d10_T2,repaired_permutation_ablation,201001,202002,True,"LQ[9,5]",0.6604696092785991,0.7010809202907656,0.04061131101216653,0.04061131101216653
fp64_gpu_xla_sqmc_reference_comparison,exact_scope_frozen_controls; epsilon_validity_nomination_then_full_score_flow_grid,full_d10_T2,repaired_permutation_ablation,201001,202002,True,"LQ[9,6]",-0.9697232452874001,-0.8748602384480808,0.09486300683931925,0.09486300683931925
fp64_gpu_xla_sqmc_reference_comparison,exact_scope_frozen_controls; epsilon_validity_nomination_then_full_score_flow_grid,full_d10_T2,repaired_permutation_ablation,201001,202002,True,"LQ[9,7]",-0.5479328392859982,-0.031673356705125055,0.5162594825808732,0.5162594825808732
fp64_gpu_xla_sqmc_reference_comparison,exact_scope_frozen_controls; epsilon_validity_nomination_then_full_score_flow_grid,full_d10_T2,repaired_permutation_ablation,201001,202002,True,"LQ[9,8]",-0.21433239634499607,-0.19380302732485855,0.020529369020137522,0.020529369020137522
fp64_gpu_xla_sqmc_reference_comparison,exact_scope_frozen_controls; epsilon_validity_nomination_then_full_score_flow_grid,full_d10_T2,repaired_permutation_ablation,201001,202002,True,"log_LQ[9,9]",-0.47685284814179885,0.01874184232512144,0.4955946904669203,0.4955946904669203
fp64_gpu_xla_sqmc_reference_comparison,exact_scope_frozen_controls; epsilon_validity_nomination_then_full_score_flow_grid,full_d10_T2,repaired_permutation_ablation,201001,202002,True,"LQ[10,1]",4.062768780999246,4.871038429793181,0.8082696487939351,0.8082696487939351
fp64_gpu_xla_sqmc_reference_comparison,exact_scope_frozen_controls; epsilon_validity_nomination_then_full_score_flow_grid,full_d10_T2,repaired_permutation_ablation,201001,202002,True,"LQ[10,2]",-1.2835986255749678,-1.8921879782776523,-0.6085893527026844,0.6085893527026844
fp64_gpu_xla_sqmc_reference_comparison,exact_scope_frozen_controls; epsilon_validity_nomination_then_full_score_flow_grid,full_d10_T2,repaired_permutation_ablation,201001,202002,True,"LQ[10,3]",-1.6358862954083686,-1.9273264616087893,-0.2914401662004207,0.2914401662004207
fp64_gpu_xla_sqmc_reference_comparison,exact_scope_frozen_controls; epsilon_validity_nomination_then_full_score_flow_grid,full_d10_T2,repaired_permutation_ablation,201001,202002,True,"LQ[10,4]",-1.526351127748982,-1.7872954305236461,-0.26094430277466407,0.26094430277466407
fp64_gpu_xla_sqmc_reference_comparison,exact_scope_frozen_controls; epsilon_validity_nomination_then_full_score_flow_grid,full_d10_T2,repaired_permutation_ablation,201001,202002,True,"LQ[10,5]",0.3818582041101131,0.13383861027990496,-0.24801959383020816,0.24801959383020816
fp64_gpu_xla_sqmc_reference_comparison,exact_scope_frozen_controls; epsilon_validity_nomination_then_full_score_flow_grid,full_d10_T2,repaired_permutation_ablation,201001,202002,True,"LQ[10,6]",1.5271278797427765,2.4352617270234145,0.908133847280638,0.908133847280638
fp64_gpu_xla_sqmc_reference_comparison,exact_scope_frozen_controls; epsilon_validity_nomination_then_full_score_flow_grid,full_d10_T2,repaired_permutation_ablation,201001,202002,True,"LQ[10,7]",2.7481056488092324,2.856270139323582,0.10816449051434951,0.10816449051434951
fp64_gpu_xla_sqmc_reference_comparison,exact_scope_frozen_controls; epsilon_validity_nomination_then_full_score_flow_grid,full_d10_T2,repaired_permutation_ablation,201001,202002,True,"LQ[10,8]",0.6328675079264996,1.3672499105107352,0.7343824025842356,0.7343824025842356
fp64_gpu_xla_sqmc_reference_comparison,exact_scope_frozen_controls; epsilon_validity_nomination_then_full_score_flow_grid,full_d10_T2,repaired_permutation_ablation,201001,202002,True,"LQ[10,9]",-2.104089251530308,-2.125646308888794,-0.02155705735848601,0.02155705735848601
fp64_gpu_xla_sqmc_reference_comparison,exact_scope_frozen_controls; epsilon_validity_nomination_then_full_score_flow_grid,full_d10_T2,repaired_permutation_ablation,201001,202002,True,"log_LQ[10,10]",1.4807298861910445,1.595063483618788,0.11433359742774352,0.11433359742774352
fp64_gpu_xla_sqmc_reference_comparison,exact_scope_frozen_controls; epsilon_validity_nomination_then_full_score_flow_grid,full_d10_T2,repaired_permutation_ablation,201001,202002,True,log_R_variance,0.745698627970492,0.8331423122515802,0.08744368428108817,0.08744368428108817
fp64_gpu_xla_sqmc_reference_comparison,exact_scope_frozen_controls; epsilon_validity_nomination_then_full_score_flow_grid,full_d10_T2,repaired_permutation_ablation,201001,202002,True,initial_mean_scale,-0.8465975322240216,-0.7144996351445716,0.13209789707944997,0.13209789707944997
fp64_gpu_xla_sqmc_reference_comparison,exact_scope_frozen_controls; epsilon_validity_nomination_then_full_score_flow_grid,full_d10_T2,repaired_permutation_ablation,201002,202001,True,"A[1,1]",0.7312515086799218,0.830736982035617,0.09948547335569513,0.09948547335569513
fp64_gpu_xla_sqmc_reference_comparison,exact_scope_frozen_controls; epsilon_validity_nomination_then_full_score_flow_grid,full_d10_T2,repaired_permutation_ablation,201002,202001,True,"A[1,2]",-1.134026720692122,-1.2848175282741785,-0.15079080758205654,0.15079080758205654
fp64_gpu_xla_sqmc_reference_comparison,exact_scope_frozen_controls; epsilon_validity_nomination_then_full_score_flow_grid,full_d10_T2,repaired_permutation_ablation,201002,202001,True,"A[1,3]",1.1007499902741107,0.7466535734774369,-0.3540964167966738,0.3540964167966738
fp64_gpu_xla_sqmc_reference_comparison,exact_scope_frozen_controls; epsilon_validity_nomination_then_full_score_flow_grid,full_d10_T2,repaired_permutation_ablation,201002,202001,True,"A[1,4]",-0.1635294684215646,-0.43558931795979994,-0.27205984953823537,0.27205984953823537
fp64_gpu_xla_sqmc_reference_comparison,exact_scope_frozen_controls; epsilon_validity_nomination_then_full_score_flow_grid,full_d10_T2,repaired_permutation_ablation,201002,202001,True,"A[1,5]",-1.523160339493569,-1.3344903666749202,0.18866997281864895,0.18866997281864895
fp64_gpu_xla_sqmc_reference_comparison,exact_scope_frozen_controls; epsilon_validity_nomination_then_full_score_flow_grid,full_d10_T2,repaired_permutation_ablation,201002,202001,True,"A[1,6]",0.6393651200679418,0.6399892698689913,0.0006241498010495228,0.0006241498010495228
fp64_gpu_xla_sqmc_reference_comparison,exact_scope_frozen_controls; epsilon_validity_nomination_then_full_score_flow_grid,full_d10_T2,repaired_permutation_ablation,201002,202001,True,"A[1,7]",0.9884282165645788,1.0130830293233481,0.02465481275876935,0.02465481275876935
fp64_gpu_xla_sqmc_reference_comparison,exact_scope_frozen_controls; epsilon_validity_nomination_then_full_score_flow_grid,full_d10_T2,repaired_permutation_ablation,201002,202001,True,"A[1,8]",1.6282401428692976,1.6221007379561942,-0.006139404913103386,0.006139404913103386
fp64_gpu_xla_sqmc_reference_comparison,exact_scope_frozen_controls; epsilon_validity_nomination_then_full_score_flow_grid,full_d10_T2,repaired_permutation_ablation,201002,202001,True,"A[1,9]",5.626785268565081,6.731337906971567,1.1045526384064859,1.1045526384064859
fp64_gpu_xla_sqmc_reference_comparison,exact_scope_frozen_controls; epsilon_validity_nomination_then_full_score_flow_grid,full_d10_T2,repaired_permutation_ablation,201002,202001,True,"A[1,10]",-2.2730825336074996,-3.0137174875309114,-0.7406349539234118,0.7406349539234118
fp64_gpu_xla_sqmc_reference_comparison,exact_scope_frozen_controls; epsilon_validity_nomination_then_full_score_flow_grid,full_d10_T2,repaired_permutation_ablation,201002,202001,True,"A[2,1]",0.03105161477407775,-0.40066912735061144,-0.4317207421246892,0.4317207421246892
fp64_gpu_xla_sqmc_reference_comparison,exact_scope_frozen_controls; epsilon_validity_nomination_then_full_score_flow_grid,full_d10_T2,repaired_permutation_ablation,201002,202001,True,"A[2,2]",-0.9902851937189366,-0.9124063470411645,0.07787884667777212,0.07787884667777212
fp64_gpu_xla_sqmc_reference_comparison,exact_scope_frozen_controls; epsilon_validity_nomination_then_full_score_flow_grid,full_d10_T2,repaired_permutation_ablation,201002,202001,True,"A[2,3]",0.025419564736536365,-0.06678134994341056,-0.09220091467994693,0.09220091467994693
fp64_gpu_xla_sqmc_reference_comparison,exact_scope_frozen_controls; epsilon_validity_nomination_then_full_score_flow_grid,full_d10_T2,repaired_permutation_ablation,201002,202001,True,"A[2,4]",-0.015787818547178353,0.1727671024416477,0.18855492098882604,0.18855492098882604
fp64_gpu_xla_sqmc_reference_comparison,exact_scope_frozen_controls; epsilon_validity_nomination_then_full_score_flow_grid,full_d10_T2,repaired_permutation_ablation,201002,202001,True,"A[2,5]",0.0007243707767340957,0.5600661152206556,0.5593417444439215,0.5593417444439215
fp64_gpu_xla_sqmc_reference_comparison,exact_scope_frozen_controls; epsilon_validity_nomination_then_full_score_flow_grid,full_d10_T2,repaired_permutation_ablation,201002,202001,True,"A[2,6]",-0.012636766101587094,0.5239809029379012,0.5366176690394884,0.5366176690394884
fp64_gpu_xla_sqmc_reference_comparison,exact_scope_frozen_controls; epsilon_validity_nomination_then_full_score_flow_grid,full_d10_T2,repaired_permutation_ablation,201002,202001,True,"A[2,7]",0.028711044512336817,0.2547853182358802,0.22607427372354338,0.22607427372354338
fp64_gpu_xla_sqmc_reference_comparison,exact_scope_frozen_controls; epsilon_validity_nomination_then_full_score_flow_grid,full_d10_T2,repaired_permutation_ablation,201002,202001,True,"A[2,8]",-0.010709165902501205,0.09245945484470727,0.10316862074720848,0.10316862074720848
fp64_gpu_xla_sqmc_reference_comparison,exact_scope_frozen_controls; epsilon_validity_nomination_then_full_score_flow_grid,full_d10_T2,repaired_permutation_ablation,201002,202001,True,"A[2,9]",0.06488621397927752,-1.072761573296642,-1.1376477872759194,1.1376477872759194
fp64_gpu_xla_sqmc_reference_comparison,exact_scope_frozen_controls; epsilon_validity_nomination_then_full_score_flow_grid,full_d10_T2,repaired_permutation_ablation,201002,202001,True,"A[2,10]",-0.041898392985108335,0.14842381525385284,0.19032220823896118,0.19032220823896118
fp64_gpu_xla_sqmc_reference_comparison,exact_scope_frozen_controls; epsilon_validity_nomination_then_full_score_flow_grid,full_d10_T2,repaired_permutation_ablation,201002,202001,True,"A[3,1]",0.6254251229137281,0.5986271449859939,-0.026797977927734196,0.026797977927734196
fp64_gpu_xla_sqmc_reference_comparison,exact_scope_frozen_controls; epsilon_validity_nomination_then_full_score_flow_grid,full_d10_T2,repaired_permutation_ablation,201002,202001,True,"A[3,2]",-0.4197635352621021,-0.44088284120527005,-0.021119305943167965,0.021119305943167965
fp64_gpu_xla_sqmc_reference_comparison,exact_scope_frozen_controls; epsilon_validity_nomination_then_full_score_flow_grid,full_d10_T2,repaired_permutation_ablation,201002,202001,True,"A[3,3]",-0.559170127112457,-0.25227944764873755,0.3068906794637194,0.3068906794637194
fp64_gpu_xla_sqmc_reference_comparison,exact_scope_frozen_controls; epsilon_validity_nomination_then_full_score_flow_grid,full_d10_T2,repaired_permutation_ablation,201002,202001,True,"A[3,4]",-0.06211186347064271,-0.3794953728817061,-0.3173835094110634,0.3173835094110634
fp64_gpu_xla_sqmc_reference_comparison,exact_scope_frozen_controls; epsilon_validity_nomination_then_full_score_flow_grid,full_d10_T2,repaired_permutation_ablation,201002,202001,True,"A[3,5]",-0.561892891214147,-0.7783522655116579,-0.21645937429751094,0.21645937429751094
fp64_gpu_xla_sqmc_reference_comparison,exact_scope_frozen_controls; epsilon_validity_nomination_then_full_score_flow_grid,full_d10_T2,repaired_permutation_ablation,201002,202001,True,"A[3,6]",0.23674281202276254,0.07882095304928952,-0.15792185897347302,0.15792185897347302
fp64_gpu_xla_sqmc_reference_comparison,exact_scope_frozen_controls; epsilon_validity_nomination_then_full_score_flow_grid,full_d10_T2,repaired_permutation_ablation,201002,202001,True,"A[3,7]",0.3643272023600196,0.639983116858363,0.27565591449834337,0.27565591449834337
fp64_gpu_xla_sqmc_reference_comparison,exact_scope_frozen_controls; epsilon_validity_nomination_then_full_score_flow_grid,full_d10_T2,repaired_permutation_ablation,201002,202001,True,"A[3,8]",0.6053165224194904,1.0795057383203566,0.47418921590086616,0.47418921590086616
fp64_gpu_xla_sqmc_reference_comparison,exact_scope_frozen_controls; epsilon_validity_nomination_then_full_score_flow_grid,full_d10_T2,repaired_permutation_ablation,201002,202001,True,"A[3,9]",2.0804911740092553,3.3851278975040837,1.3046367234948284,1.3046367234948284
fp64_gpu_xla_sqmc_reference_comparison,exact_scope_frozen_controls; epsilon_validity_nomination_then_full_score_flow_grid,full_d10_T2,repaired_permutation_ablation,201002,202001,True,"A[3,10]",-0.8377788441267946,-1.5631080402396784,-0.7253291961128838,0.7253291961128838
fp64_gpu_xla_sqmc_reference_comparison,exact_scope_frozen_controls; epsilon_validity_nomination_then_full_score_flow_grid,full_d10_T2,repaired_permutation_ablation,201002,202001,True,"A[4,1]",-0.7345625873009947,-0.16274224411779636,0.5718203431831983,0.5718203431831983
fp64_gpu_xla_sqmc_reference_comparison,exact_scope_frozen_controls; epsilon_validity_nomination_then_full_score_flow_grid,full_d10_T2,repaired_permutation_ablation,201002,202001,True,"A[4,2]",0.5031972016963718,0.2785044983381786,-0.22469270335819325,0.22469270335819325
fp64_gpu_xla_sqmc_reference_comparison,exact_scope_frozen_controls; epsilon_validity_nomination_then_full_score_flow_grid,full_d10_T2,repaired_permutation_ablation,201002,202001,True,"A[4,3]",-0.4915353579033352,-0.29935351950425554,0.19218183839907965,0.19218183839907965
fp64_gpu_xla_sqmc_reference_comparison,exact_scope_frozen_controls; epsilon_validity_nomination_then_full_score_flow_grid,full_d10_T2,repaired_permutation_ablation,201002,202001,True,"A[4,4]",-0.8639553483728762,-0.9152026963337127,-0.05124734796083641,0.05124734796083641
fp64_gpu_xla_sqmc_reference_comparison,exact_scope_frozen_controls; epsilon_validity_nomination_then_full_score_flow_grid,full_d10_T2,repaired_permutation_ablation,201002,202001,True,"A[4,5]",0.594421946879726,-0.21666938590722473,-0.8110913327869508,0.8110913327869508
fp64_gpu_xla_sqmc_reference_comparison,exact_scope_frozen_controls; epsilon_validity_nomination_then_full_score_flow_grid,full_d10_T2,repaired_permutation_ablation,201002,202001,True,"A[4,6]",-0.22752954966645683,-0.595969962283289,-0.3684404126168322,0.3684404126168322
fp64_gpu_xla_sqmc_reference_comparison,exact_scope_frozen_controls; epsilon_validity_nomination_then_full_score_flow_grid,full_d10_T2,repaired_permutation_ablation,201002,202001,True,"A[4,7]",-0.4443664308832553,-0.6323266926518372,-0.18796026176858188,0.18796026176858188
fp64_gpu_xla_sqmc_reference_comparison,exact_scope_frozen_controls; epsilon_validity_nomination_then_full_score_flow_grid,full_d10_T2,repaired_permutation_ablation,201002,202001,True,"A[4,8]",-0.6330744464310756,0.03567453002992871,0.6687489764610043,0.6687489764610043
fp64_gpu_xla_sqmc_reference_comparison,exact_scope_frozen_controls; epsilon_validity_nomination_then_full_score_flow_grid,full_d10_T2,repaired_permutation_ablation,201002,202001,True,"A[4,9]",-2.3516563954741354,-0.5309213681152336,1.8207350273589018,1.8207350273589018
fp64_gpu_xla_sqmc_reference_comparison,exact_scope_frozen_controls; epsilon_validity_nomination_then_full_score_flow_grid,full_d10_T2,repaired_permutation_ablation,201002,202001,True,"A[4,10]",0.9712013340288347,0.4156874021208051,-0.5555139319080296,0.5555139319080296
fp64_gpu_xla_sqmc_reference_comparison,exact_scope_frozen_controls; epsilon_validity_nomination_then_full_score_flow_grid,full_d10_T2,repaired_permutation_ablation,201002,202001,True,"A[5,1]",-0.3369411373365674,-0.8853979058529133,-0.548456768516346,0.548456768516346
fp64_gpu_xla_sqmc_reference_comparison,exact_scope_frozen_controls; epsilon_validity_nomination_then_full_score_flow_grid,full_d10_T2,repaired_permutation_ablation,201002,202001,True,"A[5,2]",0.203190604437217,0.7311500071456386,0.5279594027084216,0.5279594027084216
fp64_gpu_xla_sqmc_reference_comparison,exact_scope_frozen_controls; epsilon_validity_nomination_then_full_score_flow_grid,full_d10_T2,repaired_permutation_ablation,201002,202001,True,"A[5,3]",-0.19312563149290843,-0.5115146724939859,-0.31838904100107746,0.31838904100107746
fp64_gpu_xla_sqmc_reference_comparison,exact_scope_frozen_controls; epsilon_validity_nomination_then_full_score_flow_grid,full_d10_T2,repaired_permutation_ablation,201002,202001,True,"A[5,4]",-0.029190325564111875,-0.04694809673003436,-0.017757771165922486,0.017757771165922486
fp64_gpu_xla_sqmc_reference_comparison,exact_scope_frozen_controls; epsilon_validity_nomination_then_full_score_flow_grid,full_d10_T2,repaired_permutation_ablation,201002,202001,True,"A[5,5]",-0.531728068733793,0.354437262371537,0.8861653311053299,0.8861653311053299
fp64_gpu_xla_sqmc_reference_comparison,exact_scope_frozen_controls; epsilon_validity_nomination_then_full_score_flow_grid,full_d10_T2,repaired_permutation_ablation,201002,202001,True,"A[5,6]",-0.2252756709429521,0.18133041527117777,0.40660608621412986,0.40660608621412986
fp64_gpu_xla_sqmc_reference_comparison,exact_scope_frozen_controls; epsilon_validity_nomination_then_full_score_flow_grid,full_d10_T2,repaired_permutation_ablation,201002,202001,True,"A[5,7]",-0.16805086642022032,0.06967027947038727,0.2377211458906076,0.2377211458906076
fp64_gpu_xla_sqmc_reference_comparison,exact_scope_frozen_controls; epsilon_validity_nomination_then_full_score_flow_grid,full_d10_T2,repaired_permutation_ablation,201002,202001,True,"A[5,8]",-0.4694135725392166,-1.3659144631470894,-0.8965008906078729,0.8965008906078729
fp64_gpu_xla_sqmc_reference_comparison,exact_scope_frozen_controls; epsilon_validity_nomination_then_full_score_flow_grid,full_d10_T2,repaired_permutation_ablation,201002,202001,True,"A[5,9]",-1.303654398695853,-3.054354030452447,-1.7506996317565937,1.7506996317565937
fp64_gpu_xla_sqmc_reference_comparison,exact_scope_frozen_controls; epsilon_validity_nomination_then_full_score_flow_grid,full_d10_T2,repaired_permutation_ablation,201002,202001,True,"A[5,10]",0.48566513703063274,1.2093216931607205,0.7236565561300877,0.7236565561300877
fp64_gpu_xla_sqmc_reference_comparison,exact_scope_frozen_controls; epsilon_validity_nomination_then_full_score_flow_grid,full_d10_T2,repaired_permutation_ablation,201002,202001,True,"A[6,1]",0.5531154842897016,0.7672712040952447,0.21415571980554315,0.21415571980554315
fp64_gpu_xla_sqmc_reference_comparison,exact_scope_frozen_controls; epsilon_validity_nomination_then_full_score_flow_grid,full_d10_T2,repaired_permutation_ablation,201002,202001,True,"A[6,2]",-0.35833410877018795,-0.19673652253779378,0.16159758623239417,0.16159758623239417
fp64_gpu_xla_sqmc_reference_comparison,exact_scope_frozen_controls; epsilon_validity_nomination_then_full_score_flow_grid,full_d10_T2,repaired_permutation_ablation,201002,202001,True,"A[6,3]",0.34581298345285155,0.3358438167651653,-0.00996916668768627,0.00996916668768627
fp64_gpu_xla_sqmc_reference_comparison,exact_scope_frozen_controls; epsilon_validity_nomination_then_full_score_flow_grid,full_d10_T2,repaired_permutation_ablation,201002,202001,True,"A[6,4]",-0.021039322087962276,-0.4472642991555163,-0.426224977067554,0.426224977067554
fp64_gpu_xla_sqmc_reference_comparison,exact_scope_frozen_controls; epsilon_validity_nomination_then_full_score_flow_grid,full_d10_T2,repaired_permutation_ablation,201002,202001,True,"A[6,5]",-0.5648831210660903,-0.5112119394250432,0.053671181641047117,0.053671181641047117
fp64_gpu_xla_sqmc_reference_comparison,exact_scope_frozen_controls; epsilon_validity_nomination_then_full_score_flow_grid,full_d10_T2,repaired_permutation_ablation,201002,202001,True,"A[6,6]",-0.7035989149413433,-0.9943384763797929,-0.2907395614384496,0.2907395614384496
fp64_gpu_xla_sqmc_reference_comparison,exact_scope_frozen_controls; epsilon_validity_nomination_then_full_score_flow_grid,full_d10_T2,repaired_permutation_ablation,201002,202001,True,"A[6,7]",0.30709587051325926,0.4444545721717652,0.13735870165850594,0.13735870165850594
fp64_gpu_xla_sqmc_reference_comparison,exact_scope_frozen_controls; epsilon_validity_nomination_then_full_score_flow_grid,full_d10_T2,repaired_permutation_ablation,201002,202001,True,"A[6,8]",0.6031172277434557,0.9349761037794357,0.3318588760359801,0.3318588760359801
fp64_gpu_xla_sqmc_reference_comparison,exact_scope_frozen_controls; epsilon_validity_nomination_then_full_score_flow_grid,full_d10_T2,repaired_permutation_ablation,201002,202001,True,"A[6,9]",1.9265044307099535,3.3535977385477915,1.427093307837838,1.427093307837838
fp64_gpu_xla_sqmc_reference_comparison,exact_scope_frozen_controls; epsilon_validity_nomination_then_full_score_flow_grid,full_d10_T2,repaired_permutation_ablation,201002,202001,True,"A[6,10]",-0.7593469144983636,-1.3903985619955344,-0.6310516474971708,0.6310516474971708
fp64_gpu_xla_sqmc_reference_comparison,exact_scope_frozen_controls; epsilon_validity_nomination_then_full_score_flow_grid,full_d10_T2,repaired_permutation_ablation,201002,202001,True,"A[7,1]",0.16852945039449574,0.059801736677700966,-0.10872771371679477,0.10872771371679477
fp64_gpu_xla_sqmc_reference_comparison,exact_scope_frozen_controls; epsilon_validity_nomination_then_full_score_flow_grid,full_d10_T2,repaired_permutation_ablation,201002,202001,True,"A[7,2]",-0.112512586760323,0.06790185864382824,0.18041444540415125,0.18041444540415125
fp64_gpu_xla_sqmc_reference_comparison,exact_scope_frozen_controls; epsilon_validity_nomination_then_full_score_flow_grid,full_d10_T2,repaired_permutation_ablation,201002,202001,True,"A[7,3]",0.10964572990164437,0.2697058908020945,0.16006016090045014,0.16006016090045014
fp64_gpu_xla_sqmc_reference_comparison,exact_scope_frozen_controls; epsilon_validity_nomination_then_full_score_flow_grid,full_d10_T2,repaired_permutation_ablation,201002,202001,True,"A[7,4]",-0.015534552118650534,-0.27137273075367085,-0.25583817863502034,0.25583817863502034
fp64_gpu_xla_sqmc_reference_comparison,exact_scope_frozen_controls; epsilon_validity_nomination_then_full_score_flow_grid,full_d10_T2,repaired_permutation_ablation,201002,202001,True,"A[7,5]",-0.15654018970454656,0.012694287023158612,0.16923447672770517,0.16923447672770517
fp64_gpu_xla_sqmc_reference_comparison,exact_scope_frozen_controls; epsilon_validity_nomination_then_full_score_flow_grid,full_d10_T2,repaired_permutation_ablation,201002,202001,True,"A[7,6]",0.0663245537225399,0.09959524646721543,0.033270692744675534,0.033270692744675534
fp64_gpu_xla_sqmc_reference_comparison,exact_scope_frozen_controls; epsilon_validity_nomination_then_full_score_flow_grid,full_d10_T2,repaired_permutation_ablation,201002,202001,True,"A[7,7]",-0.8571511387444378,-0.8148877733527381,0.042263365391699725,0.042263365391699725
fp64_gpu_xla_sqmc_reference_comparison,exact_scope_frozen_controls; epsilon_validity_nomination_then_full_score_flow_grid,full_d10_T2,repaired_permutation_ablation,201002,202001,True,"A[7,8]",0.17106009296689326,0.6033895980541247,0.43232950508723145,0.43232950508723145
fp64_gpu_xla_sqmc_reference_comparison,exact_scope_frozen_controls; epsilon_validity_nomination_then_full_score_flow_grid,full_d10_T2,repaired_permutation_ablation,201002,202001,True,"A[7,9]",0.5820243649359071,0.9605465837406048,0.3785222188046976,0.3785222188046976
fp64_gpu_xla_sqmc_reference_comparison,exact_scope_frozen_controls; epsilon_validity_nomination_then_full_score_flow_grid,full_d10_T2,repaired_permutation_ablation,201002,202001,True,"A[7,10]",-0.23216711270449616,-0.33495819367288254,-0.10279108096838638,0.10279108096838638
fp64_gpu_xla_sqmc_reference_comparison,exact_scope_frozen_controls; epsilon_validity_nomination_then_full_score_flow_grid,full_d10_T2,repaired_permutation_ablation,201002,202001,True,"A[8,1]",1.7353548066345492,1.1793327068265504,-0.5560220998079988,0.5560220998079988
fp64_gpu_xla_sqmc_reference_comparison,exact_scope_frozen_controls; epsilon_validity_nomination_then_full_score_flow_grid,full_d10_T2,repaired_permutation_ablation,201002,202001,True,"A[8,2]",-1.146658505220239,-0.61045427969998,0.5362042255202589,0.5362042255202589
fp64_gpu_xla_sqmc_reference_comparison,exact_scope_frozen_controls; epsilon_validity_nomination_then_full_score_flow_grid,full_d10_T2,repaired_permutation_ablation,201002,202001,True,"A[8,3]",1.111521510651809,0.8747728131295277,-0.23674869752228134,0.23674869752228134
fp64_gpu_xla_sqmc_reference_comparison,exact_scope_frozen_controls; epsilon_validity_nomination_then_full_score_flow_grid,full_d10_T2,repaired_permutation_ablation,201002,202001,True,"A[8,4]",-0.1281900518917811,-0.28325336248984534,-0.15506331059806425,0.15506331059806425
fp64_gpu_xla_sqmc_reference_comparison,exact_scope_frozen_controls; epsilon_validity_nomination_then_full_score_flow_grid,full_d10_T2,repaired_permutation_ablation,201002,202001,True,"A[8,5]",-1.6436168351434204,-1.265678160579935,0.3779386745634854,0.3779386745634854
fp64_gpu_xla_sqmc_reference_comparison,exact_scope_frozen_controls; epsilon_validity_nomination_then_full_score_flow_grid,full_d10_T2,repaired_permutation_ablation,201002,202001,True,"A[8,6]",0.7160276169284643,0.37660064756290346,-0.3394269693655608,0.3394269693655608
fp64_gpu_xla_sqmc_reference_comparison,exact_scope_frozen_controls; epsilon_validity_nomination_then_full_score_flow_grid,full_d10_T2,repaired_permutation_ablation,201002,202001,True,"A[8,7]",0.9951195936096543,1.326093666646783,0.3309740730371288,0.3309740730371288
fp64_gpu_xla_sqmc_reference_comparison,exact_scope_frozen_controls; epsilon_validity_nomination_then_full_score_flow_grid,full_d10_T2,repaired_permutation_ablation,201002,202001,True,"A[8,8]",0.8041375972733842,0.7436056223421748,-0.06053197493120943,0.06053197493120943
fp64_gpu_xla_sqmc_reference_comparison,exact_scope_frozen_controls; epsilon_validity_nomination_then_full_score_flow_grid,full_d10_T2,repaired_permutation_ablation,201002,202001,True,"A[8,9]",5.877913107425604,5.724517288436951,-0.15339581898865262,0.15339581898865262
fp64_gpu_xla_sqmc_reference_comparison,exact_scope_frozen_controls; epsilon_validity_nomination_then_full_score_flow_grid,full_d10_T2,repaired_permutation_ablation,201002,202001,True,"A[8,10]",-2.3519829478562935,-2.4643726176328773,-0.11238966977658382,0.11238966977658382
fp64_gpu_xla_sqmc_reference_comparison,exact_scope_frozen_controls; epsilon_validity_nomination_then_full_score_flow_grid,full_d10_T2,repaired_permutation_ablation,201002,202001,True,"A[9,1]",0.48238143573450964,0.6866748585804864,0.20429342284597674,0.20429342284597674
fp64_gpu_xla_sqmc_reference_comparison,exact_scope_frozen_controls; epsilon_validity_nomination_then_full_score_flow_grid,full_d10_T2,repaired_permutation_ablation,201002,202001,True,"A[9,2]",-0.2774390773171912,-0.6035694228669738,-0.3261303455497826,0.3261303455497826
fp64_gpu_xla_sqmc_reference_comparison,exact_scope_frozen_controls; epsilon_validity_nomination_then_full_score_flow_grid,full_d10_T2,repaired_permutation_ablation,201002,202001,True,"A[9,3]",0.26181344093393993,0.30770626273585316,0.04589282180191323,0.04589282180191323
fp64_gpu_xla_sqmc_reference_comparison,exact_scope_frozen_controls; epsilon_validity_nomination_then_full_score_flow_grid,full_d10_T2,repaired_permutation_ablation,201002,202001,True,"A[9,4]",0.07958030681123095,0.19056736641800037,0.11098705960676943,0.11098705960676943
fp64_gpu_xla_sqmc_reference_comparison,exact_scope_frozen_controls; epsilon_validity_nomination_then_full_score_flow_grid,full_d10_T2,repaired_permutation_ablation,201002,202001,True,"A[9,5]",-0.712946573941716,-0.8886488144406766,-0.17570224049896055,0.17570224049896055
fp64_gpu_xla_sqmc_reference_comparison,exact_scope_frozen_controls; epsilon_validity_nomination_then_full_score_flow_grid,full_d10_T2,repaired_permutation_ablation,201002,202001,True,"A[9,6]",0.392141747288317,-0.43843881160692116,-0.8305805588952382,0.8305805588952382
fp64_gpu_xla_sqmc_reference_comparison,exact_scope_frozen_controls; epsilon_validity_nomination_then_full_score_flow_grid,full_d10_T2,repaired_permutation_ablation,201002,202001,True,"A[9,7]",0.22540956849963456,-0.2643707469946393,-0.48978031549427387,0.48978031549427387
fp64_gpu_xla_sqmc_reference_comparison,exact_scope_frozen_controls; epsilon_validity_nomination_then_full_score_flow_grid,full_d10_T2,repaired_permutation_ablation,201002,202001,True,"A[9,8]",0.7915825653728665,1.1295488081548266,0.3379662427819601,0.3379662427819601
fp64_gpu_xla_sqmc_reference_comparison,exact_scope_frozen_controls; epsilon_validity_nomination_then_full_score_flow_grid,full_d10_T2,repaired_permutation_ablation,201002,202001,True,"A[9,9]",1.0879411043054996,1.2186203458878824,0.13067924158238275,0.13067924158238275
fp64_gpu_xla_sqmc_reference_comparison,exact_scope_frozen_controls; epsilon_validity_nomination_then_full_score_flow_grid,full_d10_T2,repaired_permutation_ablation,201002,202001,True,"A[9,10]",-0.7254506627165145,-0.7356313137998887,-0.010180651083374181,0.010180651083374181
fp64_gpu_xla_sqmc_reference_comparison,exact_scope_frozen_controls; epsilon_validity_nomination_then_full_score_flow_grid,full_d10_T2,repaired_permutation_ablation,201002,202001,True,"A[10,1]",-1.4703028027989913,-1.0220368340803831,0.44826596871860813,0.44826596871860813
fp64_gpu_xla_sqmc_reference_comparison,exact_scope_frozen_controls; epsilon_validity_nomination_then_full_score_flow_grid,full_d10_T2,repaired_permutation_ablation,201002,202001,True,"A[10,2]",0.9787230791304222,0.6629588329589021,-0.3157642461715201,0.3157642461715201
fp64_gpu_xla_sqmc_reference_comparison,exact_scope_frozen_controls; epsilon_validity_nomination_then_full_score_flow_grid,full_d10_T2,repaired_permutation_ablation,201002,202001,True,"A[10,3]",-0.9506704994673285,-0.625991529819026,0.32467896964830256,0.32467896964830256
fp64_gpu_xla_sqmc_reference_comparison,exact_scope_frozen_controls; epsilon_validity_nomination_then_full_score_flow_grid,full_d10_T2,repaired_permutation_ablation,201002,202001,True,"A[10,4]",0.12846236901356278,0.3097113822457809,0.1812490132322181,0.1812490132322181
fp64_gpu_xla_sqmc_reference_comparison,exact_scope_frozen_controls; epsilon_validity_nomination_then_full_score_flow_grid,full_d10_T2,repaired_permutation_ablation,201002,202001,True,"A[10,5]",1.3553059419829165,0.7000740737454487,-0.6552318682374678,0.6552318682374678
fp64_gpu_xla_sqmc_reference_comparison,exact_scope_frozen_controls; epsilon_validity_nomination_then_full_score_flow_grid,full_d10_T2,repaired_permutation_ablation,201002,202001,True,"A[10,6]",-0.5769258811164317,-0.3046732983109134,0.27225258280551834,0.27225258280551834
fp64_gpu_xla_sqmc_reference_comparison,exact_scope_frozen_controls; epsilon_validity_nomination_then_full_score_flow_grid,full_d10_T2,repaired_permutation_ablation,201002,202001,True,"A[10,7]",-0.8591109619900291,-0.7317976605425784,0.12731330144745068,0.12731330144745068
fp64_gpu_xla_sqmc_reference_comparison,exact_scope_frozen_controls; epsilon_validity_nomination_then_full_score_flow_grid,full_d10_T2,repaired_permutation_ablation,201002,202001,True,"A[10,8]",-1.448651640235066,-1.0639779161678429,0.3846737240672231,0.3846737240672231
fp64_gpu_xla_sqmc_reference_comparison,exact_scope_frozen_controls; epsilon_validity_nomination_then_full_score_flow_grid,full_d10_T2,repaired_permutation_ablation,201002,202001,True,"A[10,9]",-4.956423352442867,-4.52448012903843,0.4319432234044367,0.4319432234044367
fp64_gpu_xla_sqmc_reference_comparison,exact_scope_frozen_controls; epsilon_validity_nomination_then_full_score_flow_grid,full_d10_T2,repaired_permutation_ablation,201002,202001,True,"A[10,10]",1.062547900188041,1.2442140029418096,0.1816661027537687,0.1816661027537687
fp64_gpu_xla_sqmc_reference_comparison,exact_scope_frozen_controls; epsilon_validity_nomination_then_full_score_flow_grid,full_d10_T2,repaired_permutation_ablation,201002,202001,True,"log_LQ[1,1]",0.8563964796406058,0.9587622705965216,0.1023657909559158,0.1023657909559158
fp64_gpu_xla_sqmc_reference_comparison,exact_scope_frozen_controls; epsilon_validity_nomination_then_full_score_flow_grid,full_d10_T2,repaired_permutation_ablation,201002,202001,True,"LQ[2,1]",0.5045991758865005,1.2993345589955116,0.7947353831090112,0.7947353831090112
fp64_gpu_xla_sqmc_reference_comparison,exact_scope_frozen_controls; epsilon_validity_nomination_then_full_score_flow_grid,full_d10_T2,repaired_permutation_ablation,201002,202001,True,"log_LQ[2,2]",-0.7298691258082188,-0.9872165735763971,-0.2573474477681783,0.2573474477681783
fp64_gpu_xla_sqmc_reference_comparison,exact_scope_frozen_controls; epsilon_validity_nomination_then_full_score_flow_grid,full_d10_T2,repaired_permutation_ablation,201002,202001,True,"LQ[3,1]",1.3580551816274582,1.6756067616252652,0.31755157999780703,0.31755157999780703
fp64_gpu_xla_sqmc_reference_comparison,exact_scope_frozen_controls; epsilon_validity_nomination_then_full_score_flow_grid,full_d10_T2,repaired_permutation_ablation,201002,202001,True,"LQ[3,2]",0.13785106431993824,0.7643031401432483,0.6264520758233101,0.6264520758233101
fp64_gpu_xla_sqmc_reference_comparison,exact_scope_frozen_controls; epsilon_validity_nomination_then_full_score_flow_grid,full_d10_T2,repaired_permutation_ablation,201002,202001,True,"log_LQ[3,3]",-0.6548207685774989,-0.8235917346691778,-0.16877096609167885,0.16877096609167885
fp64_gpu_xla_sqmc_reference_comparison,exact_scope_frozen_controls; epsilon_validity_nomination_then_full_score_flow_grid,full_d10_T2,repaired_permutation_ablation,201002,202001,True,"LQ[4,1]",-2.0624609907536398,-2.576817526396181,-0.5143565356425412,0.5143565356425412
fp64_gpu_xla_sqmc_reference_comparison,exact_scope_frozen_controls; epsilon_validity_nomination_then_full_score_flow_grid,full_d10_T2,repaired_permutation_ablation,201002,202001,True,"LQ[4,2]",-0.4612787427683815,0.11870485427843547,0.579983597046817,0.579983597046817
fp64_gpu_xla_sqmc_reference_comparison,exact_scope_frozen_controls; epsilon_validity_nomination_then_full_score_flow_grid,full_d10_T2,repaired_permutation_ablation,201002,202001,True,"LQ[4,3]",-0.6076619798693106,-0.842489007107282,-0.23482702723797144,0.23482702723797144
fp64_gpu_xla_sqmc_reference_comparison,exact_scope_frozen_controls; epsilon_validity_nomination_then_full_score_flow_grid,full_d10_T2,repaired_permutation_ablation,201002,202001,True,"log_LQ[4,4]",-0.38047693801323973,-0.4481098186352476,-0.0676328806220079,0.0676328806220079
fp64_gpu_xla_sqmc_reference_comparison,exact_scope_frozen_controls; epsilon_validity_nomination_then_full_score_flow_grid,full_d10_T2,repaired_permutation_ablation,201002,202001,True,"LQ[5,1]",-0.2529346671738611,-0.12760831163135516,0.12532635554250593,0.12532635554250593
fp64_gpu_xla_sqmc_reference_comparison,exact_scope_frozen_controls; epsilon_validity_nomination_then_full_score_flow_grid,full_d10_T2,repaired_permutation_ablation,201002,202001,True,"LQ[5,2]",0.3696061839551842,-0.9416445644745228,-1.311250748429707,1.311250748429707
fp64_gpu_xla_sqmc_reference_comparison,exact_scope_frozen_controls; epsilon_validity_nomination_then_full_score_flow_grid,full_d10_T2,repaired_permutation_ablation,201002,202001,True,"LQ[5,3]",-0.23435686387279125,0.25413410516268753,0.4884909690354788,0.4884909690354788
fp64_gpu_xla_sqmc_reference_comparison,exact_scope_frozen_controls; epsilon_validity_nomination_then_full_score_flow_grid,full_d10_T2,repaired_permutation_ablation,201002,202001,True,"LQ[5,4]",-0.09237229223627566,1.1000117221564643,1.19238401439274,1.19238401439274
fp64_gpu_xla_sqmc_reference_comparison,exact_scope_frozen_controls; epsilon_validity_nomination_then_full_score_flow_grid,full_d10_T2,repaired_permutation_ablation,201002,202001,True,"log_LQ[5,5]",-0.7124758311884026,-1.3523384114399968,-0.6398625802515941,0.6398625802515941
fp64_gpu_xla_sqmc_reference_comparison,exact_scope_frozen_controls; epsilon_validity_nomination_then_full_score_flow_grid,full_d10_T2,repaired_permutation_ablation,201002,202001,True,"LQ[6,1]",1.2270166282940251,0.6514738598236024,-0.5755427684704227,0.5755427684704227
fp64_gpu_xla_sqmc_reference_comparison,exact_scope_frozen_controls; epsilon_validity_nomination_then_full_score_flow_grid,full_d10_T2,repaired_permutation_ablation,201002,202001,True,"LQ[6,2]",-0.007302482010661936,-0.4006967388017819,-0.39339425679112,0.39339425679112
fp64_gpu_xla_sqmc_reference_comparison,exact_scope_frozen_controls; epsilon_validity_nomination_then_full_score_flow_grid,full_d10_T2,repaired_permutation_ablation,201002,202001,True,"LQ[6,3]",0.4745323155252654,0.5834177487248031,0.1088854331995377,0.1088854331995377
fp64_gpu_xla_sqmc_reference_comparison,exact_scope_frozen_controls; epsilon_validity_nomination_then_full_score_flow_grid,full_d10_T2,repaired_permutation_ablation,201002,202001,True,"LQ[6,4]",-0.5624907068122629,0.3188078580448689,0.8812985648571318,0.8812985648571318
fp64_gpu_xla_sqmc_reference_comparison,exact_scope_frozen_controls; epsilon_validity_nomination_then_full_score_flow_grid,full_d10_T2,repaired_permutation_ablation,201002,202001,True,"LQ[6,5]",-0.21000220959353194,-0.4135260315994501,-0.20352382200591818,0.20352382200591818
fp64_gpu_xla_sqmc_reference_comparison,exact_scope_frozen_controls; epsilon_validity_nomination_then_full_score_flow_grid,full_d10_T2,repaired_permutation_ablation,201002,202001,True,"log_LQ[6,6]",-0.7560662705712876,-0.32388364195592145,0.43218262861536616,0.43218262861536616
fp64_gpu_xla_sqmc_reference_comparison,exact_scope_frozen_controls; epsilon_validity_nomination_then_full_score_flow_grid,full_d10_T2,repaired_permutation_ablation,201002,202001,True,"LQ[7,1]",0.14015171257657694,-0.05919170708668117,-0.1993434196632581,0.1993434196632581
fp64_gpu_xla_sqmc_reference_comparison,exact_scope_frozen_controls; epsilon_validity_nomination_then_full_score_flow_grid,full_d10_T2,repaired_permutation_ablation,201002,202001,True,"LQ[7,2]",-0.06346458849758439,-0.43612562593839255,-0.37266103744080814,0.37266103744080814
fp64_gpu_xla_sqmc_reference_comparison,exact_scope_frozen_controls; epsilon_validity_nomination_then_full_score_flow_grid,full_d10_T2,repaired_permutation_ablation,201002,202001,True,"LQ[7,3]",0.06694141177826747,-0.4420754117751118,-0.5090168235533793,0.5090168235533793
fp64_gpu_xla_sqmc_reference_comparison,exact_scope_frozen_controls; epsilon_validity_nomination_then_full_score_flow_grid,full_d10_T2,repaired_permutation_ablation,201002,202001,True,"LQ[7,4]",0.020796028010029784,0.4943096419761734,0.4735136139661436,0.4735136139661436
fp64_gpu_xla_sqmc_reference_comparison,exact_scope_frozen_controls; epsilon_validity_nomination_then_full_score_flow_grid,full_d10_T2,repaired_permutation_ablation,201002,202001,True,"LQ[7,5]",-0.19169586369714367,-0.4295941473729839,-0.23789828367584023,0.23789828367584023
fp64_gpu_xla_sqmc_reference_comparison,exact_scope_frozen_controls; epsilon_validity_nomination_then_full_score_flow_grid,full_d10_T2,repaired_permutation_ablation,201002,202001,True,"LQ[7,6]",0.10303158406422219,0.16476883169514306,0.061737247630920866,0.061737247630920866
fp64_gpu_xla_sqmc_reference_comparison,exact_scope_frozen_controls; epsilon_validity_nomination_then_full_score_flow_grid,full_d10_T2,repaired_permutation_ablation,201002,202001,True,"log_LQ[7,7]",-0.930947611946091,-0.793862275142758,0.137085336803333,0.137085336803333
fp64_gpu_xla_sqmc_reference_comparison,exact_scope_frozen_controls; epsilon_validity_nomination_then_full_score_flow_grid,full_d10_T2,repaired_permutation_ablation,201002,202001,True,"LQ[8,1]",4.14202004873389,4.389675149108,0.24765510037410987,0.24765510037410987
fp64_gpu_xla_sqmc_reference_comparison,exact_scope_frozen_controls; epsilon_validity_nomination_then_full_score_flow_grid,full_d10_T2,repaired_permutation_ablation,201002,202001,True,"LQ[8,2]",0.3374304344756481,0.24668388968967148,-0.0907465447859766,0.0907465447859766
fp64_gpu_xla_sqmc_reference_comparison,exact_scope_frozen_controls; epsilon_validity_nomination_then_full_score_flow_grid,full_d10_T2,repaired_permutation_ablation,201002,202001,True,"LQ[8,3]",1.4539093136809205,0.8720078701956099,-0.5819014434853106,0.5819014434853106
fp64_gpu_xla_sqmc_reference_comparison,exact_scope_frozen_controls; epsilon_validity_nomination_then_full_score_flow_grid,full_d10_T2,repaired_permutation_ablation,201002,202001,True,"LQ[8,4]",-2.0391425394563996,-2.428379902539472,-0.38923736308307255,0.38923736308307255
fp64_gpu_xla_sqmc_reference_comparison,exact_scope_frozen_controls; epsilon_validity_nomination_then_full_score_flow_grid,full_d10_T2,repaired_permutation_ablation,201002,202001,True,"LQ[8,5]",-0.4564378834957353,0.33715968939667623,0.7935975728924115,0.7935975728924115
fp64_gpu_xla_sqmc_reference_comparison,exact_scope_frozen_controls; epsilon_validity_nomination_then_full_score_flow_grid,full_d10_T2,repaired_permutation_ablation,201002,202001,True,"LQ[8,6]",1.4012897738729566,1.8345476824948799,0.43325790862192326,0.43325790862192326
fp64_gpu_xla_sqmc_reference_comparison,exact_scope_frozen_controls; epsilon_validity_nomination_then_full_score_flow_grid,full_d10_T2,repaired_permutation_ablation,201002,202001,True,"LQ[8,7]",0.17133946603383868,-0.31123562217965495,-0.4825750882134936,0.4825750882134936
fp64_gpu_xla_sqmc_reference_comparison,exact_scope_frozen_controls; epsilon_validity_nomination_then_full_score_flow_grid,full_d10_T2,repaired_permutation_ablation,201002,202001,True,"log_LQ[8,8]",1.1682691458042875,0.9509426757557647,-0.2173264700485228,0.2173264700485228
fp64_gpu_xla_sqmc_reference_comparison,exact_scope_frozen_controls; epsilon_validity_nomination_then_full_score_flow_grid,full_d10_T2,repaired_permutation_ablation,201002,202001,True,"LQ[9,1]",-0.8701468888141831,-1.765559402273331,-0.8954125134591479,0.8954125134591479
fp64_gpu_xla_sqmc_reference_comparison,exact_scope_frozen_controls; epsilon_validity_nomination_then_full_score_flow_grid,full_d10_T2,repaired_permutation_ablation,201002,202001,True,"LQ[9,2]",-1.179946421866115,-0.46312377760374973,0.7168226442623653,0.7168226442623653
fp64_gpu_xla_sqmc_reference_comparison,exact_scope_frozen_controls; epsilon_validity_nomination_then_full_score_flow_grid,full_d10_T2,repaired_permutation_ablation,201002,202001,True,"LQ[9,3]",0.07857091780600708,-0.2656623475867911,-0.3442332653927982,0.3442332653927982
fp64_gpu_xla_sqmc_reference_comparison,exact_scope_frozen_controls; epsilon_validity_nomination_then_full_score_flow_grid,full_d10_T2,repaired_permutation_ablation,201002,202001,True,"LQ[9,4]",1.1854879450792555,0.7973392631839161,-0.38814868189533935,0.38814868189533935
fp64_gpu_xla_sqmc_reference_comparison,exact_scope_frozen_controls; epsilon_validity_nomination_then_full_score_flow_grid,full_d10_T2,repaired_permutation_ablation,201002,202001,True,"LQ[9,5]",-1.3453460679438387,0.053340095013196254,1.398686162957035,1.398686162957035
fp64_gpu_xla_sqmc_reference_comparison,exact_scope_frozen_controls; epsilon_validity_nomination_then_full_score_flow_grid,full_d10_T2,repaired_permutation_ablation,201002,202001,True,"LQ[9,6]",-0.1470504728998937,0.30005526350148953,0.44710573640138324,0.44710573640138324
fp64_gpu_xla_sqmc_reference_comparison,exact_scope_frozen_controls; epsilon_validity_nomination_then_full_score_flow_grid,full_d10_T2,repaired_permutation_ablation,201002,202001,True,"LQ[9,7]",0.8830205655057888,1.36897130935989,0.4859507438541013,0.4859507438541013
fp64_gpu_xla_sqmc_reference_comparison,exact_scope_frozen_controls; epsilon_validity_nomination_then_full_score_flow_grid,full_d10_T2,repaired_permutation_ablation,201002,202001,True,"LQ[9,8]",-0.95797538856101,-1.845080387652926,-0.887104999091916,0.887104999091916
fp64_gpu_xla_sqmc_reference_comparison,exact_scope_frozen_controls; epsilon_validity_nomination_then_full_score_flow_grid,full_d10_T2,repaired_permutation_ablation,201002,202001,True,"log_LQ[9,9]",1.9285394163212866,0.8544033261210735,-1.074136090200213,1.074136090200213
fp64_gpu_xla_sqmc_reference_comparison,exact_scope_frozen_controls; epsilon_validity_nomination_then_full_score_flow_grid,full_d10_T2,repaired_permutation_ablation,201002,202001,True,"LQ[10,1]",-3.28562907683044,-2.7445930337272504,0.5410360431031895,0.5410360431031895
fp64_gpu_xla_sqmc_reference_comparison,exact_scope_frozen_controls; epsilon_validity_nomination_then_full_score_flow_grid,full_d10_T2,repaired_permutation_ablation,201002,202001,True,"LQ[10,2]",-0.26811043499851167,-0.4428996847897227,-0.17478924979121102,0.17478924979121102
fp64_gpu_xla_sqmc_reference_comparison,exact_scope_frozen_controls; epsilon_validity_nomination_then_full_score_flow_grid,full_d10_T2,repaired_permutation_ablation,201002,202001,True,"LQ[10,3]",-1.1385895005226696,-1.1998165045937794,-0.061227004071109814,0.061227004071109814
fp64_gpu_xla_sqmc_reference_comparison,exact_scope_frozen_controls; epsilon_validity_nomination_then_full_score_flow_grid,full_d10_T2,repaired_permutation_ablation,201002,202001,True,"LQ[10,4]",1.5490022120701177,1.3613094564420143,-0.1876927556281034,0.1876927556281034
fp64_gpu_xla_sqmc_reference_comparison,exact_scope_frozen_controls; epsilon_validity_nomination_then_full_score_flow_grid,full_d10_T2,repaired_permutation_ablation,201002,202001,True,"LQ[10,5]",0.5020017481922647,0.4810534393490824,-0.02094830884318233,0.02094830884318233
fp64_gpu_xla_sqmc_reference_comparison,exact_scope_frozen_controls; epsilon_validity_nomination_then_full_score_flow_grid,full_d10_T2,repaired_permutation_ablation,201002,202001,True,"LQ[10,6]",-1.1927786832382359,-1.3316182532071321,-0.13883956996889624,0.13883956996889624
fp64_gpu_xla_sqmc_reference_comparison,exact_scope_frozen_controls; epsilon_validity_nomination_then_full_score_flow_grid,full_d10_T2,repaired_permutation_ablation,201002,202001,True,"LQ[10,7]",-0.1358277232949584,-0.38371809354621816,-0.24789037025125976,0.24789037025125976
fp64_gpu_xla_sqmc_reference_comparison,exact_scope_frozen_controls; epsilon_validity_nomination_then_full_score_flow_grid,full_d10_T2,repaired_permutation_ablation,201002,202001,True,"LQ[10,8]",-3.7501656622458874,-3.618948265629004,0.13121739661688325,0.13121739661688325
fp64_gpu_xla_sqmc_reference_comparison,exact_scope_frozen_controls; epsilon_validity_nomination_then_full_score_flow_grid,full_d10_T2,repaired_permutation_ablation,201002,202001,True,"LQ[10,9]",0.058337349303251185,0.9637107496695423,0.9053734003662911,0.9053734003662911
fp64_gpu_xla_sqmc_reference_comparison,exact_scope_frozen_controls; epsilon_validity_nomination_then_full_score_flow_grid,full_d10_T2,repaired_permutation_ablation,201002,202001,True,"log_LQ[10,10]",0.5508828589102073,0.42911314125533445,-0.12176971765487282,0.12176971765487282
fp64_gpu_xla_sqmc_reference_comparison,exact_scope_frozen_controls; epsilon_validity_nomination_then_full_score_flow_grid,full_d10_T2,repaired_permutation_ablation,201002,202001,True,log_R_variance,-0.0150185033758042,0.0016114190142356155,0.016629922390039815,0.016629922390039815
fp64_gpu_xla_sqmc_reference_comparison,exact_scope_frozen_controls; epsilon_validity_nomination_then_full_score_flow_grid,full_d10_T2,repaired_permutation_ablation,201002,202001,True,initial_mean_scale,0.7989855460525579,0.765426133236323,-0.03355941281623487,0.03355941281623487
fp64_gpu_xla_sqmc_reference_comparison,exact_scope_frozen_controls; epsilon_validity_nomination_then_full_score_flow_grid,full_d10_T2,repaired_permutation_ablation,201002,202002,True,"A[1,1]",0.7312515086799218,0.8707915505710753,0.13954004189115343,0.13954004189115343
fp64_gpu_xla_sqmc_reference_comparison,exact_scope_frozen_controls; epsilon_validity_nomination_then_full_score_flow_grid,full_d10_T2,repaired_permutation_ablation,201002,202002,True,"A[1,2]",-1.134026720692122,-1.0151201777393029,0.1189065429528191,0.1189065429528191
fp64_gpu_xla_sqmc_reference_comparison,exact_scope_frozen_controls; epsilon_validity_nomination_then_full_score_flow_grid,full_d10_T2,repaired_permutation_ablation,201002,202002,True,"A[1,3]",1.1007499902741107,0.8476055660689772,-0.2531444242051335,0.2531444242051335
fp64_gpu_xla_sqmc_reference_comparison,exact_scope_frozen_controls; epsilon_validity_nomination_then_full_score_flow_grid,full_d10_T2,repaired_permutation_ablation,201002,202002,True,"A[1,4]",-0.1635294684215646,-0.7908034662976957,-0.6272739978761311,0.6272739978761311
fp64_gpu_xla_sqmc_reference_comparison,exact_scope_frozen_controls; epsilon_validity_nomination_then_full_score_flow_grid,full_d10_T2,repaired_permutation_ablation,201002,202002,True,"A[1,5]",-1.523160339493569,-1.7909618266147165,-0.2678014871211474,0.2678014871211474
fp64_gpu_xla_sqmc_reference_comparison,exact_scope_frozen_controls; epsilon_validity_nomination_then_full_score_flow_grid,full_d10_T2,repaired_permutation_ablation,201002,202002,True,"A[1,6]",0.6393651200679418,0.8617649338106276,0.2223998137426858,0.2223998137426858
fp64_gpu_xla_sqmc_reference_comparison,exact_scope_frozen_controls; epsilon_validity_nomination_then_full_score_flow_grid,full_d10_T2,repaired_permutation_ablation,201002,202002,True,"A[1,7]",0.9884282165645788,1.579045313421327,0.5906170968567481,0.5906170968567481
fp64_gpu_xla_sqmc_reference_comparison,exact_scope_frozen_controls; epsilon_validity_nomination_then_full_score_flow_grid,full_d10_T2,repaired_permutation_ablation,201002,202002,True,"A[1,8]",1.6282401428692976,1.249594076859776,-0.37864606600952166,0.37864606600952166
fp64_gpu_xla_sqmc_reference_comparison,exact_scope_frozen_controls; epsilon_validity_nomination_then_full_score_flow_grid,full_d10_T2,repaired_permutation_ablation,201002,202002,True,"A[1,9]",5.626785268565081,5.3079743054425625,-0.31881096312251866,0.31881096312251866
fp64_gpu_xla_sqmc_reference_comparison,exact_scope_frozen_controls; epsilon_validity_nomination_then_full_score_flow_grid,full_d10_T2,repaired_permutation_ablation,201002,202002,True,"A[1,10]",-2.2730825336074996,-2.6795644164743804,-0.4064818828668808,0.4064818828668808
fp64_gpu_xla_sqmc_reference_comparison,exact_scope_frozen_controls; epsilon_validity_nomination_then_full_score_flow_grid,full_d10_T2,repaired_permutation_ablation,201002,202002,True,"A[2,1]",0.03105161477407775,-0.09354666806652756,-0.12459828284060531,0.12459828284060531
fp64_gpu_xla_sqmc_reference_comparison,exact_scope_frozen_controls; epsilon_validity_nomination_then_full_score_flow_grid,full_d10_T2,repaired_permutation_ablation,201002,202002,True,"A[2,2]",-0.9902851937189366,-0.5223827660212276,0.46790242769770907,0.46790242769770907
fp64_gpu_xla_sqmc_reference_comparison,exact_scope_frozen_controls; epsilon_validity_nomination_then_full_score_flow_grid,full_d10_T2,repaired_permutation_ablation,201002,202002,True,"A[2,3]",0.025419564736536365,-0.38582163389575486,-0.41124119863229125,0.41124119863229125
fp64_gpu_xla_sqmc_reference_comparison,exact_scope_frozen_controls; epsilon_validity_nomination_then_full_score_flow_grid,full_d10_T2,repaired_permutation_ablation,201002,202002,True,"A[2,4]",-0.015787818547178353,-0.5757546001480128,-0.5599667816008345,0.5599667816008345
fp64_gpu_xla_sqmc_reference_comparison,exact_scope_frozen_controls; epsilon_validity_nomination_then_full_score_flow_grid,full_d10_T2,repaired_permutation_ablation,201002,202002,True,"A[2,5]",0.0007243707767340957,-0.195959583803293,-0.1966839545800271,0.1966839545800271
fp64_gpu_xla_sqmc_reference_comparison,exact_scope_frozen_controls; epsilon_validity_nomination_then_full_score_flow_grid,full_d10_T2,repaired_permutation_ablation,201002,202002,True,"A[2,6]",-0.012636766101587094,0.21963012814235844,0.23226689424394553,0.23226689424394553
fp64_gpu_xla_sqmc_reference_comparison,exact_scope_frozen_controls; epsilon_validity_nomination_then_full_score_flow_grid,full_d10_T2,repaired_permutation_ablation,201002,202002,True,"A[2,7]",0.028711044512336817,0.40659006245516,0.3778790179428232,0.3778790179428232
fp64_gpu_xla_sqmc_reference_comparison,exact_scope_frozen_controls; epsilon_validity_nomination_then_full_score_flow_grid,full_d10_T2,repaired_permutation_ablation,201002,202002,True,"A[2,8]",-0.010709165902501205,-0.5022006848373466,-0.4914915189348454,0.4914915189348454
fp64_gpu_xla_sqmc_reference_comparison,exact_scope_frozen_controls; epsilon_validity_nomination_then_full_score_flow_grid,full_d10_T2,repaired_permutation_ablation,201002,202002,True,"A[2,9]",0.06488621397927752,-0.16102251817563584,-0.22590873215491336,0.22590873215491336
fp64_gpu_xla_sqmc_reference_comparison,exact_scope_frozen_controls; epsilon_validity_nomination_then_full_score_flow_grid,full_d10_T2,repaired_permutation_ablation,201002,202002,True,"A[2,10]",-0.041898392985108335,-0.32422521460438175,-0.2823268216192734,0.2823268216192734
fp64_gpu_xla_sqmc_reference_comparison,exact_scope_frozen_controls; epsilon_validity_nomination_then_full_score_flow_grid,full_d10_T2,repaired_permutation_ablation,201002,202002,True,"A[3,1]",0.6254251229137281,0.7001694361975568,0.07474431328382869,0.07474431328382869
fp64_gpu_xla_sqmc_reference_comparison,exact_scope_frozen_controls; epsilon_validity_nomination_then_full_score_flow_grid,full_d10_T2,repaired_permutation_ablation,201002,202002,True,"A[3,2]",-0.4197635352621021,-0.7859956483895144,-0.36623211312741233,0.36623211312741233
fp64_gpu_xla_sqmc_reference_comparison,exact_scope_frozen_controls; epsilon_validity_nomination_then_full_score_flow_grid,full_d10_T2,repaired_permutation_ablation,201002,202002,True,"A[3,3]",-0.559170127112457,-0.45291491779161686,0.1062552093208401,0.1062552093208401
fp64_gpu_xla_sqmc_reference_comparison,exact_scope_frozen_controls; epsilon_validity_nomination_then_full_score_flow_grid,full_d10_T2,repaired_permutation_ablation,201002,202002,True,"A[3,4]",-0.06211186347064271,0.04721884144906363,0.10933070491970634,0.10933070491970634
fp64_gpu_xla_sqmc_reference_comparison,exact_scope_frozen_controls; epsilon_validity_nomination_then_full_score_flow_grid,full_d10_T2,repaired_permutation_ablation,201002,202002,True,"A[3,5]",-0.561892891214147,-0.7017951475649393,-0.13990225635079234,0.13990225635079234
fp64_gpu_xla_sqmc_reference_comparison,exact_scope_frozen_controls; epsilon_validity_nomination_then_full_score_flow_grid,full_d10_T2,repaired_permutation_ablation,201002,202002,True,"A[3,6]",0.23674281202276254,0.3390888557646812,0.10234604374191864,0.10234604374191864
fp64_gpu_xla_sqmc_reference_comparison,exact_scope_frozen_controls; epsilon_validity_nomination_then_full_score_flow_grid,full_d10_T2,repaired_permutation_ablation,201002,202002,True,"A[3,7]",0.3643272023600196,0.4372277167021382,0.07290051434211864,0.07290051434211864
fp64_gpu_xla_sqmc_reference_comparison,exact_scope_frozen_controls; epsilon_validity_nomination_then_full_score_flow_grid,full_d10_T2,repaired_permutation_ablation,201002,202002,True,"A[3,8]",0.6053165224194904,0.673370760848284,0.06805423842879355,0.06805423842879355
fp64_gpu_xla_sqmc_reference_comparison,exact_scope_frozen_controls; epsilon_validity_nomination_then_full_score_flow_grid,full_d10_T2,repaired_permutation_ablation,201002,202002,True,"A[3,9]",2.0804911740092553,2.411210473069512,0.33071929906025677,0.33071929906025677
fp64_gpu_xla_sqmc_reference_comparison,exact_scope_frozen_controls; epsilon_validity_nomination_then_full_score_flow_grid,full_d10_T2,repaired_permutation_ablation,201002,202002,True,"A[3,10]",-0.8377788441267946,-1.1051269654016622,-0.2673481212748676,0.2673481212748676
fp64_gpu_xla_sqmc_reference_comparison,exact_scope_frozen_controls; epsilon_validity_nomination_then_full_score_flow_grid,full_d10_T2,repaired_permutation_ablation,201002,202002,True,"A[4,1]",-0.7345625873009947,-0.663240969088384,0.07132161821261063,0.07132161821261063
fp64_gpu_xla_sqmc_reference_comparison,exact_scope_frozen_controls; epsilon_validity_nomination_then_full_score_flow_grid,full_d10_T2,repaired_permutation_ablation,201002,202002,True,"A[4,2]",0.5031972016963718,-0.37845331318783704,-0.8816505148842089,0.8816505148842089
fp64_gpu_xla_sqmc_reference_comparison,exact_scope_frozen_controls; epsilon_validity_nomination_then_full_score_flow_grid,full_d10_T2,repaired_permutation_ablation,201002,202002,True,"A[4,3]",-0.4915353579033352,0.049526430204018285,0.5410617881073535,0.5410617881073535
fp64_gpu_xla_sqmc_reference_comparison,exact_scope_frozen_controls; epsilon_validity_nomination_then_full_score_flow_grid,full_d10_T2,repaired_permutation_ablation,201002,202002,True,"A[4,4]",-0.8639553483728762,0.10449924379233222,0.9684545921652085,0.9684545921652085
fp64_gpu_xla_sqmc_reference_comparison,exact_scope_frozen_controls; epsilon_validity_nomination_then_full_score_flow_grid,full_d10_T2,repaired_permutation_ablation,201002,202002,True,"A[4,5]",0.594421946879726,0.5999521185007415,0.005530171621015434,0.005530171621015434
fp64_gpu_xla_sqmc_reference_comparison,exact_scope_frozen_controls; epsilon_validity_nomination_then_full_score_flow_grid,full_d10_T2,repaired_permutation_ablation,201002,202002,True,"A[4,6]",-0.22752954966645683,-0.40642045350531786,-0.17889090383886103,0.17889090383886103
fp64_gpu_xla_sqmc_reference_comparison,exact_scope_frozen_controls; epsilon_validity_nomination_then_full_score_flow_grid,full_d10_T2,repaired_permutation_ablation,201002,202002,True,"A[4,7]",-0.4443664308832553,-1.3204306149489042,-0.8760641840656489,0.8760641840656489
fp64_gpu_xla_sqmc_reference_comparison,exact_scope_frozen_controls; epsilon_validity_nomination_then_full_score_flow_grid,full_d10_T2,repaired_permutation_ablation,201002,202002,True,"A[4,8]",-0.6330744464310756,-0.26788784731600257,0.365186599115073,0.365186599115073
fp64_gpu_xla_sqmc_reference_comparison,exact_scope_frozen_controls; epsilon_validity_nomination_then_full_score_flow_grid,full_d10_T2,repaired_permutation_ablation,201002,202002,True,"A[4,9]",-2.3516563954741354,-1.1817157983738644,1.169940597100271,1.169940597100271
fp64_gpu_xla_sqmc_reference_comparison,exact_scope_frozen_controls; epsilon_validity_nomination_then_full_score_flow_grid,full_d10_T2,repaired_permutation_ablation,201002,202002,True,"A[4,10]",0.9712013340288347,1.2811643679541354,0.30996303392530067,0.30996303392530067
fp64_gpu_xla_sqmc_reference_comparison,exact_scope_frozen_controls; epsilon_validity_nomination_then_full_score_flow_grid,full_d10_T2,repaired_permutation_ablation,201002,202002,True,"A[5,1]",-0.3369411373365674,-0.17782038983512025,0.15912074750144714,0.15912074750144714
fp64_gpu_xla_sqmc_reference_comparison,exact_scope_frozen_controls; epsilon_validity_nomination_then_full_score_flow_grid,full_d10_T2,repaired_permutation_ablation,201002,202002,True,"A[5,2]",0.203190604437217,0.2085839910354879,0.005393386598270877,0.005393386598270877
fp64_gpu_xla_sqmc_reference_comparison,exact_scope_frozen_controls; epsilon_validity_nomination_then_full_score_flow_grid,full_d10_T2,repaired_permutation_ablation,201002,202002,True,"A[5,3]",-0.19312563149290843,-0.11251943458008906,0.08060619691281937,0.08060619691281937
fp64_gpu_xla_sqmc_reference_comparison,exact_scope_frozen_controls; epsilon_validity_nomination_then_full_score_flow_grid,full_d10_T2,repaired_permutation_ablation,201002,202002,True,"A[5,4]",-0.029190325564111875,-0.05103674717176379,-0.021846421607651916,0.021846421607651916
fp64_gpu_xla_sqmc_reference_comparison,exact_scope_frozen_controls; epsilon_validity_nomination_then_full_score_flow_grid,full_d10_T2,repaired_permutation_ablation,201002,202002,True,"A[5,5]",-0.531728068733793,-0.34265474601515117,0.1890733227186418,0.1890733227186418
fp64_gpu_xla_sqmc_reference_comparison,exact_scope_frozen_controls; epsilon_validity_nomination_then_full_score_flow_grid,full_d10_T2,repaired_permutation_ablation,201002,202002,True,"A[5,6]",-0.2252756709429521,-0.39993099012393996,-0.17465531918098787,0.17465531918098787
fp64_gpu_xla_sqmc_reference_comparison,exact_scope_frozen_controls; epsilon_validity_nomination_then_full_score_flow_grid,full_d10_T2,repaired_permutation_ablation,201002,202002,True,"A[5,7]",-0.16805086642022032,-0.36503859918021675,-0.19698773275999643,0.19698773275999643
fp64_gpu_xla_sqmc_reference_comparison,exact_scope_frozen_controls; epsilon_validity_nomination_then_full_score_flow_grid,full_d10_T2,repaired_permutation_ablation,201002,202002,True,"A[5,8]",-0.4694135725392166,-0.5205504964703542,-0.05113692393113761,0.05113692393113761
fp64_gpu_xla_sqmc_reference_comparison,exact_scope_frozen_controls; epsilon_validity_nomination_then_full_score_flow_grid,full_d10_T2,repaired_permutation_ablation,201002,202002,True,"A[5,9]",-1.303654398695853,-0.9240966379778485,0.3795577607180046,0.3795577607180046
fp64_gpu_xla_sqmc_reference_comparison,exact_scope_frozen_controls; epsilon_validity_nomination_then_full_score_flow_grid,full_d10_T2,repaired_permutation_ablation,201002,202002,True,"A[5,10]",0.48566513703063274,0.43788233956543887,-0.04778279746519387,0.04778279746519387
fp64_gpu_xla_sqmc_reference_comparison,exact_scope_frozen_controls; epsilon_validity_nomination_then_full_score_flow_grid,full_d10_T2,repaired_permutation_ablation,201002,202002,True,"A[6,1]",0.5531154842897016,0.31064431887930044,-0.24247116541040115,0.24247116541040115
fp64_gpu_xla_sqmc_reference_comparison,exact_scope_frozen_controls; epsilon_validity_nomination_then_full_score_flow_grid,full_d10_T2,repaired_permutation_ablation,201002,202002,True,"A[6,2]",-0.35833410877018795,-0.004734014535650338,0.35360009423453764,0.35360009423453764
fp64_gpu_xla_sqmc_reference_comparison,exact_scope_frozen_controls; epsilon_validity_nomination_then_full_score_flow_grid,full_d10_T2,repaired_permutation_ablation,201002,202002,True,"A[6,3]",0.34581298345285155,0.12310408368929132,-0.22270889976356023,0.22270889976356023
fp64_gpu_xla_sqmc_reference_comparison,exact_scope_frozen_controls; epsilon_validity_nomination_then_full_score_flow_grid,full_d10_T2,repaired_permutation_ablation,201002,202002,True,"A[6,4]",-0.021039322087962276,-0.317478030415972,-0.2964387083280097,0.2964387083280097
fp64_gpu_xla_sqmc_reference_comparison,exact_scope_frozen_controls; epsilon_validity_nomination_then_full_score_flow_grid,full_d10_T2,repaired_permutation_ablation,201002,202002,True,"A[6,5]",-0.5648831210660903,-0.6028631237968824,-0.03798000273079216,0.03798000273079216
fp64_gpu_xla_sqmc_reference_comparison,exact_scope_frozen_controls; epsilon_validity_nomination_then_full_score_flow_grid,full_d10_T2,repaired_permutation_ablation,201002,202002,True,"A[6,6]",-0.7035989149413433,-0.09860084744107361,0.6049980675002697,0.6049980675002697
fp64_gpu_xla_sqmc_reference_comparison,exact_scope_frozen_controls; epsilon_validity_nomination_then_full_score_flow_grid,full_d10_T2,repaired_permutation_ablation,201002,202002,True,"A[6,7]",0.30709587051325926,0.6242370230237986,0.3171411525105393,0.3171411525105393
fp64_gpu_xla_sqmc_reference_comparison,exact_scope_frozen_controls; epsilon_validity_nomination_then_full_score_flow_grid,full_d10_T2,repaired_permutation_ablation,201002,202002,True,"A[6,8]",0.6031172277434557,0.13638535169187962,-0.46673187605157607,0.46673187605157607
fp64_gpu_xla_sqmc_reference_comparison,exact_scope_frozen_controls; epsilon_validity_nomination_then_full_score_flow_grid,full_d10_T2,repaired_permutation_ablation,201002,202002,True,"A[6,9]",1.9265044307099535,1.117476109568824,-0.8090283211411295,0.8090283211411295
fp64_gpu_xla_sqmc_reference_comparison,exact_scope_frozen_controls; epsilon_validity_nomination_then_full_score_flow_grid,full_d10_T2,repaired_permutation_ablation,201002,202002,True,"A[6,10]",-0.7593469144983636,-0.624064605738281,0.13528230876008251,0.13528230876008251
fp64_gpu_xla_sqmc_reference_comparison,exact_scope_frozen_controls; epsilon_validity_nomination_then_full_score_flow_grid,full_d10_T2,repaired_permutation_ablation,201002,202002,True,"A[7,1]",0.16852945039449574,-0.3134770266198035,-0.4820064770142992,0.4820064770142992
fp64_gpu_xla_sqmc_reference_comparison,exact_scope_frozen_controls; epsilon_validity_nomination_then_full_score_flow_grid,full_d10_T2,repaired_permutation_ablation,201002,202002,True,"A[7,2]",-0.112512586760323,0.44344942589221703,0.55596201265254,0.55596201265254
fp64_gpu_xla_sqmc_reference_comparison,exact_scope_frozen_controls; epsilon_validity_nomination_then_full_score_flow_grid,full_d10_T2,repaired_permutation_ablation,201002,202002,True,"A[7,3]",0.10964572990164437,-0.3726590870679003,-0.48230481696954464,0.48230481696954464
fp64_gpu_xla_sqmc_reference_comparison,exact_scope_frozen_controls; epsilon_validity_nomination_then_full_score_flow_grid,full_d10_T2,repaired_permutation_ablation,201002,202002,True,"A[7,4]",-0.015534552118650534,-0.6011307002406533,-0.5855961481220028,0.5855961481220028
fp64_gpu_xla_sqmc_reference_comparison,exact_scope_frozen_controls; epsilon_validity_nomination_then_full_score_flow_grid,full_d10_T2,repaired_permutation_ablation,201002,202002,True,"A[7,5]",-0.15654018970454656,-0.021669701631648497,0.13487048807289806,0.13487048807289806
fp64_gpu_xla_sqmc_reference_comparison,exact_scope_frozen_controls; epsilon_validity_nomination_then_full_score_flow_grid,full_d10_T2,repaired_permutation_ablation,201002,202002,True,"A[7,6]",0.0663245537225399,0.17203229286304664,0.10570773914050674,0.10570773914050674
fp64_gpu_xla_sqmc_reference_comparison,exact_scope_frozen_controls; epsilon_validity_nomination_then_full_score_flow_grid,full_d10_T2,repaired_permutation_ablation,201002,202002,True,"A[7,7]",-0.8571511387444378,-0.7311205041579332,0.12603063458650465,0.12603063458650465
fp64_gpu_xla_sqmc_reference_comparison,exact_scope_frozen_controls; epsilon_validity_nomination_then_full_score_flow_grid,full_d10_T2,repaired_permutation_ablation,201002,202002,True,"A[7,8]",0.17106009296689326,-0.6668906976300142,-0.8379507905969075,0.8379507905969075
fp64_gpu_xla_sqmc_reference_comparison,exact_scope_frozen_controls; epsilon_validity_nomination_then_full_score_flow_grid,full_d10_T2,repaired_permutation_ablation,201002,202002,True,"A[7,9]",0.5820243649359071,-1.0821561536916902,-1.6641805186275973,1.6641805186275973
fp64_gpu_xla_sqmc_reference_comparison,exact_scope_frozen_controls; epsilon_validity_nomination_then_full_score_flow_grid,full_d10_T2,repaired_permutation_ablation,201002,202002,True,"A[7,10]",-0.23216711270449616,0.168406099944708,0.4005732126492042,0.4005732126492042
fp64_gpu_xla_sqmc_reference_comparison,exact_scope_frozen_controls; epsilon_validity_nomination_then_full_score_flow_grid,full_d10_T2,repaired_permutation_ablation,201002,202002,True,"A[8,1]",1.7353548066345492,1.5610673370066341,-0.17428746962791508,0.17428746962791508
fp64_gpu_xla_sqmc_reference_comparison,exact_scope_frozen_controls; epsilon_validity_nomination_then_full_score_flow_grid,full_d10_T2,repaired_permutation_ablation,201002,202002,True,"A[8,2]",-1.146658505220239,-1.2269058795069376,-0.0802473742866987,0.0802473742866987
fp64_gpu_xla_sqmc_reference_comparison,exact_scope_frozen_controls; epsilon_validity_nomination_then_full_score_flow_grid,full_d10_T2,repaired_permutation_ablation,201002,202002,True,"A[8,3]",1.111521510651809,0.9092790111933859,-0.2022424994584231,0.2022424994584231
fp64_gpu_xla_sqmc_reference_comparison,exact_scope_frozen_controls; epsilon_validity_nomination_then_full_score_flow_grid,full_d10_T2,repaired_permutation_ablation,201002,202002,True,"A[8,4]",-0.1281900518917811,-0.5420546331767147,-0.41386458128493353,0.41386458128493353
fp64_gpu_xla_sqmc_reference_comparison,exact_scope_frozen_controls; epsilon_validity_nomination_then_full_score_flow_grid,full_d10_T2,repaired_permutation_ablation,201002,202002,True,"A[8,5]",-1.6436168351434204,-1.8559985368705916,-0.2123817017271712,0.2123817017271712
fp64_gpu_xla_sqmc_reference_comparison,exact_scope_frozen_controls; epsilon_validity_nomination_then_full_score_flow_grid,full_d10_T2,repaired_permutation_ablation,201002,202002,True,"A[8,6]",0.7160276169284643,0.7013321150826186,-0.014695501845845671,0.014695501845845671
fp64_gpu_xla_sqmc_reference_comparison,exact_scope_frozen_controls; epsilon_validity_nomination_then_full_score_flow_grid,full_d10_T2,repaired_permutation_ablation,201002,202002,True,"A[8,7]",0.9951195936096543,1.3281840779066205,0.3330644842969662,0.3330644842969662
fp64_gpu_xla_sqmc_reference_comparison,exact_scope_frozen_controls; epsilon_validity_nomination_then_full_score_flow_grid,full_d10_T2,repaired_permutation_ablation,201002,202002,True,"A[8,8]",0.8041375972733842,1.0308493543813115,0.22671175710792735,0.22671175710792735
fp64_gpu_xla_sqmc_reference_comparison,exact_scope_frozen_controls; epsilon_validity_nomination_then_full_score_flow_grid,full_d10_T2,repaired_permutation_ablation,201002,202002,True,"A[8,9]",5.877913107425604,5.633007433665512,-0.2449056737600923,0.2449056737600923
fp64_gpu_xla_sqmc_reference_comparison,exact_scope_frozen_controls; epsilon_validity_nomination_then_full_score_flow_grid,full_d10_T2,repaired_permutation_ablation,201002,202002,True,"A[8,10]",-2.3519829478562935,-2.853504063712571,-0.5015211158562773,0.5015211158562773
fp64_gpu_xla_sqmc_reference_comparison,exact_scope_frozen_controls; epsilon_validity_nomination_then_full_score_flow_grid,full_d10_T2,repaired_permutation_ablation,201002,202002,True,"A[9,1]",0.48238143573450964,0.41433733345870616,-0.06804410227580349,0.06804410227580349
fp64_gpu_xla_sqmc_reference_comparison,exact_scope_frozen_controls; epsilon_validity_nomination_then_full_score_flow_grid,full_d10_T2,repaired_permutation_ablation,201002,202002,True,"A[9,2]",-0.2774390773171912,-1.5092732201232555,-1.2318341428060644,1.2318341428060644
fp64_gpu_xla_sqmc_reference_comparison,exact_scope_frozen_controls; epsilon_validity_nomination_then_full_score_flow_grid,full_d10_T2,repaired_permutation_ablation,201002,202002,True,"A[9,3]",0.26181344093393993,0.5073709627456766,0.24555752181173668,0.24555752181173668
fp64_gpu_xla_sqmc_reference_comparison,exact_scope_frozen_controls; epsilon_validity_nomination_then_full_score_flow_grid,full_d10_T2,repaired_permutation_ablation,201002,202002,True,"A[9,4]",0.07958030681123095,0.88175101126509,0.8021707044538591,0.8021707044538591
fp64_gpu_xla_sqmc_reference_comparison,exact_scope_frozen_controls; epsilon_validity_nomination_then_full_score_flow_grid,full_d10_T2,repaired_permutation_ablation,201002,202002,True,"A[9,5]",-0.712946573941716,-0.8783774784699037,-0.16543090452818765,0.16543090452818765
fp64_gpu_xla_sqmc_reference_comparison,exact_scope_frozen_controls; epsilon_validity_nomination_then_full_score_flow_grid,full_d10_T2,repaired_permutation_ablation,201002,202002,True,"A[9,6]",0.392141747288317,0.6376991575677046,0.24555741027938754,0.24555741027938754
fp64_gpu_xla_sqmc_reference_comparison,exact_scope_frozen_controls; epsilon_validity_nomination_then_full_score_flow_grid,full_d10_T2,repaired_permutation_ablation,201002,202002,True,"A[9,7]",0.22540956849963456,-0.24731087514360217,-0.47272044364323673,0.47272044364323673
fp64_gpu_xla_sqmc_reference_comparison,exact_scope_frozen_controls; epsilon_validity_nomination_then_full_score_flow_grid,full_d10_T2,repaired_permutation_ablation,201002,202002,True,"A[9,8]",0.7915825653728665,1.5787632860918532,0.7871807207189867,0.7871807207189867
fp64_gpu_xla_sqmc_reference_comparison,exact_scope_frozen_controls; epsilon_validity_nomination_then_full_score_flow_grid,full_d10_T2,repaired_permutation_ablation,201002,202002,True,"A[9,9]",1.0879411043054996,2.7353622713106684,1.6474211670051688,1.6474211670051688
fp64_gpu_xla_sqmc_reference_comparison,exact_scope_frozen_controls; epsilon_validity_nomination_then_full_score_flow_grid,full_d10_T2,repaired_permutation_ablation,201002,202002,True,"A[9,10]",-0.7254506627165145,-0.45407006042194364,0.27138060229457084,0.27138060229457084
fp64_gpu_xla_sqmc_reference_comparison,exact_scope_frozen_controls; epsilon_validity_nomination_then_full_score_flow_grid,full_d10_T2,repaired_permutation_ablation,201002,202002,True,"A[10,1]",-1.4703028027989913,-1.2558222289788914,0.21448057382009988,0.21448057382009988
fp64_gpu_xla_sqmc_reference_comparison,exact_scope_frozen_controls; epsilon_validity_nomination_then_full_score_flow_grid,full_d10_T2,repaired_permutation_ablation,201002,202002,True,"A[10,2]",0.9787230791304222,0.5185352077805359,-0.46018787134988637,0.46018787134988637
fp64_gpu_xla_sqmc_reference_comparison,exact_scope_frozen_controls; epsilon_validity_nomination_then_full_score_flow_grid,full_d10_T2,repaired_permutation_ablation,201002,202002,True,"A[10,3]",-0.9506704994673285,-0.6407526710892404,0.3099178283780881,0.3099178283780881
fp64_gpu_xla_sqmc_reference_comparison,exact_scope_frozen_controls; epsilon_validity_nomination_then_full_score_flow_grid,full_d10_T2,repaired_permutation_ablation,201002,202002,True,"A[10,4]",0.12846236901356278,0.8309097516252948,0.702447382611732,0.702447382611732
fp64_gpu_xla_sqmc_reference_comparison,exact_scope_frozen_controls; epsilon_validity_nomination_then_full_score_flow_grid,full_d10_T2,repaired_permutation_ablation,201002,202002,True,"A[10,5]",1.3553059419829165,1.4917831193381454,0.1364771773552289,0.1364771773552289
fp64_gpu_xla_sqmc_reference_comparison,exact_scope_frozen_controls; epsilon_validity_nomination_then_full_score_flow_grid,full_d10_T2,repaired_permutation_ablation,201002,202002,True,"A[10,6]",-0.5769258811164317,-0.7962549040114606,-0.21932902289502887,0.21932902289502887
fp64_gpu_xla_sqmc_reference_comparison,exact_scope_frozen_controls; epsilon_validity_nomination_then_full_score_flow_grid,full_d10_T2,repaired_permutation_ablation,201002,202002,True,"A[10,7]",-0.8591109619900291,-1.6107275365190812,-0.7516165745290521,0.7516165745290521
fp64_gpu_xla_sqmc_reference_comparison,exact_scope_frozen_controls; epsilon_validity_nomination_then_full_score_flow_grid,full_d10_T2,repaired_permutation_ablation,201002,202002,True,"A[10,8]",-1.448651640235066,-1.2228728288795423,0.2257788113555237,0.2257788113555237
fp64_gpu_xla_sqmc_reference_comparison,exact_scope_frozen_controls; epsilon_validity_nomination_then_full_score_flow_grid,full_d10_T2,repaired_permutation_ablation,201002,202002,True,"A[10,9]",-4.956423352442867,-3.815630263067545,1.1407930893753218,1.1407930893753218
fp64_gpu_xla_sqmc_reference_comparison,exact_scope_frozen_controls; epsilon_validity_nomination_then_full_score_flow_grid,full_d10_T2,repaired_permutation_ablation,201002,202002,True,"A[10,10]",1.062547900188041,1.596279122654475,0.5337312224664341,0.5337312224664341
fp64_gpu_xla_sqmc_reference_comparison,exact_scope_frozen_controls; epsilon_validity_nomination_then_full_score_flow_grid,full_d10_T2,repaired_permutation_ablation,201002,202002,True,"log_LQ[1,1]",0.8563964796406058,0.9937412981651175,0.13734481852451164,0.13734481852451164
fp64_gpu_xla_sqmc_reference_comparison,exact_scope_frozen_controls; epsilon_validity_nomination_then_full_score_flow_grid,full_d10_T2,repaired_permutation_ablation,201002,202002,True,"LQ[2,1]",0.5045991758865005,-0.18738120523624258,-0.6919803811227431,0.6919803811227431
fp64_gpu_xla_sqmc_reference_comparison,exact_scope_frozen_controls; epsilon_validity_nomination_then_full_score_flow_grid,full_d10_T2,repaired_permutation_ablation,201002,202002,True,"log_LQ[2,2]",-0.7298691258082188,-1.1652390093970724,-0.43536988358885353,0.43536988358885353
fp64_gpu_xla_sqmc_reference_comparison,exact_scope_frozen_controls; epsilon_validity_nomination_then_full_score_flow_grid,full_d10_T2,repaired_permutation_ablation,201002,202002,True,"LQ[3,1]",1.3580551816274582,1.6371371505785866,0.27908196895112836,0.27908196895112836
fp64_gpu_xla_sqmc_reference_comparison,exact_scope_frozen_controls; epsilon_validity_nomination_then_full_score_flow_grid,full_d10_T2,repaired_permutation_ablation,201002,202002,True,"LQ[3,2]",0.13785106431993824,1.2138157627962702,1.075964698476332,1.075964698476332
fp64_gpu_xla_sqmc_reference_comparison,exact_scope_frozen_controls; epsilon_validity_nomination_then_full_score_flow_grid,full_d10_T2,repaired_permutation_ablation,201002,202002,True,"log_LQ[3,3]",-0.6548207685774989,-0.6339576957595747,0.02086307281792421,0.02086307281792421
fp64_gpu_xla_sqmc_reference_comparison,exact_scope_frozen_controls; epsilon_validity_nomination_then_full_score_flow_grid,full_d10_T2,repaired_permutation_ablation,201002,202002,True,"LQ[4,1]",-2.0624609907536398,-1.1886335428003845,0.8738274479532553,0.8738274479532553
fp64_gpu_xla_sqmc_reference_comparison,exact_scope_frozen_controls; epsilon_validity_nomination_then_full_score_flow_grid,full_d10_T2,repaired_permutation_ablation,201002,202002,True,"LQ[4,2]",-0.4612787427683815,0.9554756373771202,1.4167543801455016,1.4167543801455016
fp64_gpu_xla_sqmc_reference_comparison,exact_scope_frozen_controls; epsilon_validity_nomination_then_full_score_flow_grid,full_d10_T2,repaired_permutation_ablation,201002,202002,True,"LQ[4,3]",-0.6076619798693106,-0.9900898031720096,-0.382427823302699,0.382427823302699
fp64_gpu_xla_sqmc_reference_comparison,exact_scope_frozen_controls; epsilon_validity_nomination_then_full_score_flow_grid,full_d10_T2,repaired_permutation_ablation,201002,202002,True,"log_LQ[4,4]",-0.38047693801323973,-1.0985115295243606,-0.7180345915111208,0.7180345915111208
fp64_gpu_xla_sqmc_reference_comparison,exact_scope_frozen_controls; epsilon_validity_nomination_then_full_score_flow_grid,full_d10_T2,repaired_permutation_ablation,201002,202002,True,"LQ[5,1]",-0.2529346671738611,-0.41449654998140883,-0.16156188280754774,0.16156188280754774
fp64_gpu_xla_sqmc_reference_comparison,exact_scope_frozen_controls; epsilon_validity_nomination_then_full_score_flow_grid,full_d10_T2,repaired_permutation_ablation,201002,202002,True,"LQ[5,2]",0.3696061839551842,-0.13279455016545566,-0.5024007341206398,0.5024007341206398
fp64_gpu_xla_sqmc_reference_comparison,exact_scope_frozen_controls; epsilon_validity_nomination_then_full_score_flow_grid,full_d10_T2,repaired_permutation_ablation,201002,202002,True,"LQ[5,3]",-0.23435686387279125,-0.25051930748518214,-0.016162443612390887,0.016162443612390887
fp64_gpu_xla_sqmc_reference_comparison,exact_scope_frozen_controls; epsilon_validity_nomination_then_full_score_flow_grid,full_d10_T2,repaired_permutation_ablation,201002,202002,True,"LQ[5,4]",-0.09237229223627566,-0.20026788516272712,-0.10789559292645146,0.10789559292645146
fp64_gpu_xla_sqmc_reference_comparison,exact_scope_frozen_controls; epsilon_validity_nomination_then_full_score_flow_grid,full_d10_T2,repaired_permutation_ablation,201002,202002,True,"log_LQ[5,5]",-0.7124758311884026,-0.7144299091302798,-0.001954077941877186,0.001954077941877186
fp64_gpu_xla_sqmc_reference_comparison,exact_scope_frozen_controls; epsilon_validity_nomination_then_full_score_flow_grid,full_d10_T2,repaired_permutation_ablation,201002,202002,True,"LQ[6,1]",1.2270166282940251,1.1598447861280032,-0.0671718421660219,0.0671718421660219
fp64_gpu_xla_sqmc_reference_comparison,exact_scope_frozen_controls; epsilon_validity_nomination_then_full_score_flow_grid,full_d10_T2,repaired_permutation_ablation,201002,202002,True,"LQ[6,2]",-0.007302482010661936,-0.46860522891262046,-0.46130274690195855,0.46130274690195855
fp64_gpu_xla_sqmc_reference_comparison,exact_scope_frozen_controls; epsilon_validity_nomination_then_full_score_flow_grid,full_d10_T2,repaired_permutation_ablation,201002,202002,True,"LQ[6,3]",0.4745323155252654,1.0295477687578862,0.5550154532326208,0.5550154532326208
fp64_gpu_xla_sqmc_reference_comparison,exact_scope_frozen_controls; epsilon_validity_nomination_then_full_score_flow_grid,full_d10_T2,repaired_permutation_ablation,201002,202002,True,"LQ[6,4]",-0.5624907068122629,-0.04756574438224659,0.5149249624300163,0.5149249624300163
fp64_gpu_xla_sqmc_reference_comparison,exact_scope_frozen_controls; epsilon_validity_nomination_then_full_score_flow_grid,full_d10_T2,repaired_permutation_ablation,201002,202002,True,"LQ[6,5]",-0.21000220959353194,0.007011224160736462,0.2170134337542684,0.2170134337542684
fp64_gpu_xla_sqmc_reference_comparison,exact_scope_frozen_controls; epsilon_validity_nomination_then_full_score_flow_grid,full_d10_T2,repaired_permutation_ablation,201002,202002,True,"log_LQ[6,6]",-0.7560662705712876,-1.1405314201884797,-0.38446514961719214,0.38446514961719214
fp64_gpu_xla_sqmc_reference_comparison,exact_scope_frozen_controls; epsilon_validity_nomination_then_full_score_flow_grid,full_d10_T2,repaired_permutation_ablation,201002,202002,True,"LQ[7,1]",0.14015171257657694,-0.6136825822888767,-0.7538342948654537,0.7538342948654537
fp64_gpu_xla_sqmc_reference_comparison,exact_scope_frozen_controls; epsilon_validity_nomination_then_full_score_flow_grid,full_d10_T2,repaired_permutation_ablation,201002,202002,True,"LQ[7,2]",-0.06346458849758439,-1.470935023142124,-1.4074704346445397,1.4074704346445397
fp64_gpu_xla_sqmc_reference_comparison,exact_scope_frozen_controls; epsilon_validity_nomination_then_full_score_flow_grid,full_d10_T2,repaired_permutation_ablation,201002,202002,True,"LQ[7,3]",0.06694141177826747,0.7380285753557778,0.6710871635775103,0.6710871635775103
fp64_gpu_xla_sqmc_reference_comparison,exact_scope_frozen_controls; epsilon_validity_nomination_then_full_score_flow_grid,full_d10_T2,repaired_permutation_ablation,201002,202002,True,"LQ[7,4]",0.020796028010029784,1.8274594884221278,1.806663460412098,1.806663460412098
fp64_gpu_xla_sqmc_reference_comparison,exact_scope_frozen_controls; epsilon_validity_nomination_then_full_score_flow_grid,full_d10_T2,repaired_permutation_ablation,201002,202002,True,"LQ[7,5]",-0.19169586369714367,-0.21064980356083812,-0.018953939863694452,0.018953939863694452
fp64_gpu_xla_sqmc_reference_comparison,exact_scope_frozen_controls; epsilon_validity_nomination_then_full_score_flow_grid,full_d10_T2,repaired_permutation_ablation,201002,202002,True,"LQ[7,6]",0.10303158406422219,-1.321887702489666,-1.4249192865538882,1.4249192865538882
fp64_gpu_xla_sqmc_reference_comparison,exact_scope_frozen_controls; epsilon_validity_nomination_then_full_score_flow_grid,full_d10_T2,repaired_permutation_ablation,201002,202002,True,"log_LQ[7,7]",-0.930947611946091,-1.6100607957928577,-0.6791131838467667,0.6791131838467667
fp64_gpu_xla_sqmc_reference_comparison,exact_scope_frozen_controls; epsilon_validity_nomination_then_full_score_flow_grid,full_d10_T2,repaired_permutation_ablation,201002,202002,True,"LQ[8,1]",4.14202004873389,4.509889575502751,0.3678695267688603,0.3678695267688603
fp64_gpu_xla_sqmc_reference_comparison,exact_scope_frozen_controls; epsilon_validity_nomination_then_full_score_flow_grid,full_d10_T2,repaired_permutation_ablation,201002,202002,True,"LQ[8,2]",0.3374304344756481,1.3536598852353796,1.0162294507597316,1.0162294507597316
fp64_gpu_xla_sqmc_reference_comparison,exact_scope_frozen_controls; epsilon_validity_nomination_then_full_score_flow_grid,full_d10_T2,repaired_permutation_ablation,201002,202002,True,"LQ[8,3]",1.4539093136809205,1.1782231242476686,-0.27568618943325185,0.27568618943325185
fp64_gpu_xla_sqmc_reference_comparison,exact_scope_frozen_controls; epsilon_validity_nomination_then_full_score_flow_grid,full_d10_T2,repaired_permutation_ablation,201002,202002,True,"LQ[8,4]",-2.0391425394563996,-2.519915163141545,-0.4807726236851453,0.4807726236851453
fp64_gpu_xla_sqmc_reference_comparison,exact_scope_frozen_controls; epsilon_validity_nomination_then_full_score_flow_grid,full_d10_T2,repaired_permutation_ablation,201002,202002,True,"LQ[8,5]",-0.4564378834957353,-0.46020117054527804,-0.003763287049542763,0.003763287049542763
fp64_gpu_xla_sqmc_reference_comparison,exact_scope_frozen_controls; epsilon_validity_nomination_then_full_score_flow_grid,full_d10_T2,repaired_permutation_ablation,201002,202002,True,"LQ[8,6]",1.4012897738729566,1.9163315177822224,0.5150417439092658,0.5150417439092658
fp64_gpu_xla_sqmc_reference_comparison,exact_scope_frozen_controls; epsilon_validity_nomination_then_full_score_flow_grid,full_d10_T2,repaired_permutation_ablation,201002,202002,True,"LQ[8,7]",0.17133946603383868,1.060369742854607,0.8890302768207684,0.8890302768207684
fp64_gpu_xla_sqmc_reference_comparison,exact_scope_frozen_controls; epsilon_validity_nomination_then_full_score_flow_grid,full_d10_T2,repaired_permutation_ablation,201002,202002,True,"log_LQ[8,8]",1.1682691458042875,1.092951835480576,-0.07531731032371147,0.07531731032371147
fp64_gpu_xla_sqmc_reference_comparison,exact_scope_frozen_controls; epsilon_validity_nomination_then_full_score_flow_grid,full_d10_T2,repaired_permutation_ablation,201002,202002,True,"LQ[9,1]",-0.8701468888141831,-0.05313250693886418,0.8170143818753189,0.8170143818753189
fp64_gpu_xla_sqmc_reference_comparison,exact_scope_frozen_controls; epsilon_validity_nomination_then_full_score_flow_grid,full_d10_T2,repaired_permutation_ablation,201002,202002,True,"LQ[9,2]",-1.179946421866115,1.063126726072504,2.243073147938619,2.243073147938619
fp64_gpu_xla_sqmc_reference_comparison,exact_scope_frozen_controls; epsilon_validity_nomination_then_full_score_flow_grid,full_d10_T2,repaired_permutation_ablation,201002,202002,True,"LQ[9,3]",0.07857091780600708,-0.2822692828809022,-0.36084020068690925,0.36084020068690925
fp64_gpu_xla_sqmc_reference_comparison,exact_scope_frozen_controls; epsilon_validity_nomination_then_full_score_flow_grid,full_d10_T2,repaired_permutation_ablation,201002,202002,True,"LQ[9,4]",1.1854879450792555,-1.1739471829096018,-2.3594351279888572,2.3594351279888572
fp64_gpu_xla_sqmc_reference_comparison,exact_scope_frozen_controls; epsilon_validity_nomination_then_full_score_flow_grid,full_d10_T2,repaired_permutation_ablation,201002,202002,True,"LQ[9,5]",-1.3453460679438387,-1.3734461795513873,-0.02810011160754855,0.02810011160754855
fp64_gpu_xla_sqmc_reference_comparison,exact_scope_frozen_controls; epsilon_validity_nomination_then_full_score_flow_grid,full_d10_T2,repaired_permutation_ablation,201002,202002,True,"LQ[9,6]",-0.1470504728998937,-0.036535252827708975,0.11051522007218473,0.11051522007218473
fp64_gpu_xla_sqmc_reference_comparison,exact_scope_frozen_controls; epsilon_validity_nomination_then_full_score_flow_grid,full_d10_T2,repaired_permutation_ablation,201002,202002,True,"LQ[9,7]",0.8830205655057888,2.6051921416067323,1.7221715761009435,1.7221715761009435
fp64_gpu_xla_sqmc_reference_comparison,exact_scope_frozen_controls; epsilon_validity_nomination_then_full_score_flow_grid,full_d10_T2,repaired_permutation_ablation,201002,202002,True,"LQ[9,8]",-0.95797538856101,-1.2492301401807382,-0.29125475161972814,0.29125475161972814
fp64_gpu_xla_sqmc_reference_comparison,exact_scope_frozen_controls; epsilon_validity_nomination_then_full_score_flow_grid,full_d10_T2,repaired_permutation_ablation,201002,202002,True,"log_LQ[9,9]",1.9285394163212866,0.7478311939118081,-1.1807082224094785,1.1807082224094785
fp64_gpu_xla_sqmc_reference_comparison,exact_scope_frozen_controls; epsilon_validity_nomination_then_full_score_flow_grid,full_d10_T2,repaired_permutation_ablation,201002,202002,True,"LQ[10,1]",-3.28562907683044,-3.18323141420142,0.10239766262901995,0.10239766262901995
fp64_gpu_xla_sqmc_reference_comparison,exact_scope_frozen_controls; epsilon_validity_nomination_then_full_score_flow_grid,full_d10_T2,repaired_permutation_ablation,201002,202002,True,"LQ[10,2]",-0.26811043499851167,-0.4354431754529785,-0.16733274045446683,0.16733274045446683
fp64_gpu_xla_sqmc_reference_comparison,exact_scope_frozen_controls; epsilon_validity_nomination_then_full_score_flow_grid,full_d10_T2,repaired_permutation_ablation,201002,202002,True,"LQ[10,3]",-1.1385895005226696,-0.9783601974787073,0.16022930304396232,0.16022930304396232
fp64_gpu_xla_sqmc_reference_comparison,exact_scope_frozen_controls; epsilon_validity_nomination_then_full_score_flow_grid,full_d10_T2,repaired_permutation_ablation,201002,202002,True,"LQ[10,4]",1.5490022120701177,0.8462844638671372,-0.7027177482029805,0.7027177482029805
fp64_gpu_xla_sqmc_reference_comparison,exact_scope_frozen_controls; epsilon_validity_nomination_then_full_score_flow_grid,full_d10_T2,repaired_permutation_ablation,201002,202002,True,"LQ[10,5]",0.5020017481922647,0.12226950763135548,-0.37973224056090926,0.37973224056090926
fp64_gpu_xla_sqmc_reference_comparison,exact_scope_frozen_controls; epsilon_validity_nomination_then_full_score_flow_grid,full_d10_T2,repaired_permutation_ablation,201002,202002,True,"LQ[10,6]",-1.1927786832382359,-0.8695573916272479,0.323221291610988,0.323221291610988
fp64_gpu_xla_sqmc_reference_comparison,exact_scope_frozen_controls; epsilon_validity_nomination_then_full_score_flow_grid,full_d10_T2,repaired_permutation_ablation,201002,202002,True,"LQ[10,7]",-0.1358277232949584,0.1792633535104433,0.3150910768054017,0.3150910768054017
fp64_gpu_xla_sqmc_reference_comparison,exact_scope_frozen_controls; epsilon_validity_nomination_then_full_score_flow_grid,full_d10_T2,repaired_permutation_ablation,201002,202002,True,"LQ[10,8]",-3.7501656622458874,-3.467302440429461,0.2828632218164264,0.2828632218164264
fp64_gpu_xla_sqmc_reference_comparison,exact_scope_frozen_controls; epsilon_validity_nomination_then_full_score_flow_grid,full_d10_T2,repaired_permutation_ablation,201002,202002,True,"LQ[10,9]",0.058337349303251185,-0.8662773946283384,-0.9246147439315896,0.9246147439315896
fp64_gpu_xla_sqmc_reference_comparison,exact_scope_frozen_controls; epsilon_validity_nomination_then_full_score_flow_grid,full_d10_T2,repaired_permutation_ablation,201002,202002,True,"log_LQ[10,10]",0.5508828589102073,0.2271307739476704,-0.3237520849625369,0.3237520849625369
fp64_gpu_xla_sqmc_reference_comparison,exact_scope_frozen_controls; epsilon_validity_nomination_then_full_score_flow_grid,full_d10_T2,repaired_permutation_ablation,201002,202002,True,log_R_variance,-0.0150185033758042,0.3351548942012368,0.35017339757704097,0.35017339757704097
fp64_gpu_xla_sqmc_reference_comparison,exact_scope_frozen_controls; epsilon_validity_nomination_then_full_score_flow_grid,full_d10_T2,repaired_permutation_ablation,201002,202002,True,initial_mean_scale,0.7989855460525579,0.7798970164996042,-0.019088529552953704,0.019088529552953704
