phase,data_seed,route,horizon,n,design_seed,arm,valid,value,reference_value,value_error,absolute_value_error,score_gamma_raw,score_log_beta,reference_gamma_raw,reference_log_beta,error_gamma_raw,error_log_beta,absolute_error_gamma_raw,absolute_error_log_beta,score_l2_error
replay,213001,iid_dual_cap,120,1008,214001,baseline,True,-280.553354062512,-278.7883179993691,-1.7650360631429294,1.7650360631429294,-2.051521588192391,-1.4832135463620426,-0.4067981944648237,-1.6025293363527404,-1.6447233937275674,0.11931578999069781,1.6447233937275674,0.11931578999069781,1.649045572328379
replay,213006,iid_dual_cap,120,1008,214006,baseline,True,-282.266057167749,-282.122686066188,-0.14337110156100152,0.14337110156100152,6.585319779037022,-3.3368327537358793,5.9122170816378015,-3.457001561708958,0.6731026973992202,0.12016880797307872,0.6731026973992202,0.12016880797307872,0.6837454085080038
derivative,213001,iid_dual_cap,10,1008,214001,baseline,True,-23.084008591237847,-22.85537101215709,-0.22863757908075755,0.22863757908075755,-0.7259615357318338,-0.23511995549257636,-0.3640112417114796,-0.42257092884660963,-0.36195029402035417,0.18745097335403327,0.36195029402035417,0.18745097335403327,0.4076099640008759
derivative,213001,iid_dual_cap,50,1008,214001,baseline,True,-113.98327788706953,-113.83245348332603,-0.15082440374349915,0.15082440374349915,-0.42476705549070365,-1.0766734739741473,-0.15655952589197694,-1.3383629014279197,-0.26820752959872673,0.26168942745377244,0.26820752959872673,0.26168942745377244,0.37472207751150066
derivative,213001,iid_dual_cap,120,1008,214001,baseline,True,-280.553354062512,-278.7883179993691,-1.7650360631429294,1.7650360631429294,-2.051521588192391,-1.4832135463620426,-0.4067981944648237,-1.6025293363527404,-1.6447233937275674,0.11931578999069781,1.6447233937275674,0.11931578999069781,1.649045572328379
derivative,213006,iid_dual_cap,10,1008,214006,baseline,True,-25.255141583629992,-25.24492910997067,-0.01021247365932254,0.01021247365932254,0.019440037206005956,-1.1283481228971892,0.0830745510076556,-1.1593355029277728,-0.06363451380164964,0.030987380030583545,0.06363451380164964,0.030987380030583545,0.07077830930399613
derivative,213006,iid_dual_cap,50,1008,214006,baseline,True,-112.21904134231615,-112.1202394874337,-0.09880185488245274,0.09880185488245274,-1.1147197998153593,-1.2268090146765693,-0.8151085353019292,-1.460711503617038,-0.2996112645134301,0.2339024889404686,0.2996112645134301,0.2339024889404686,0.38010167607612916
derivative,213006,iid_dual_cap,120,1008,214006,baseline,True,-282.266057167749,-282.122686066188,-0.14337110156100152,0.14337110156100152,6.585319779037022,-3.3368327537358793,5.9122170816378015,-3.457001561708958,0.6731026973992202,0.12016880797307872,0.6731026973992202,0.12016880797307872,0.6837454085080038
particles,213001,iid_dual_cap,120,1008,231001,baseline,True,-278.58605090831827,-278.7883179993691,0.20226709105082818,0.20226709105082818,-0.09565721710726338,-1.8372165180146778,-0.4067981944648237,-1.6025293363527404,0.3111409773575603,-0.23468718166193736,0.3111409773575603,0.23468718166193736,0.38972654647514204
particles,213001,iid_dual_cap,120,1008,231002,baseline,True,-278.3807134914784,-278.7883179993691,0.40760450789071,0.40760450789071,-0.1392008649149294,-1.633677629228349,-0.4067981944648237,-1.6025293363527404,0.2675973295498943,-0.031148292875608607,0.2675973295498943,0.031148292875608607,0.2694040588619619
particles,213001,iid_dual_cap,120,1008,231003,baseline,True,-279.48464212911136,-278.7883179993691,-0.6963241297422655,0.6963241297422655,-0.5352813163535827,-1.4755429459722254,-0.4067981944648237,-1.6025293363527404,-0.128483121888759,0.12698639038051507,0.128483121888759,0.12698639038051507,0.1806473247854899
particles,213001,iid_dual_cap,120,1008,231004,baseline,True,-279.6029766555999,-278.7883179993691,-0.8146586562307903,0.8146586562307903,-0.9678987373664464,-1.5829760594107956,-0.4067981944648237,-1.6025293363527404,-0.5611005429016227,0.019553276941944864,0.5611005429016227,0.019553276941944864,0.5614411366151077
particles,213001,iid_dual_cap,120,1008,231005,baseline,True,-278.9051813708238,-278.7883179993691,-0.1168633714547127,0.1168633714547127,-0.3067012108886986,-1.5084368457643669,-0.4067981944648237,-1.6025293363527404,0.10009698357612506,0.09409249058837355,0.10009698357612506,0.09409249058837355,0.13737832036446732
particles,213001,iid_dual_cap,120,1008,231006,baseline,True,-278.88756663700303,-278.7883179993691,-0.09924863763393432,0.09924863763393432,-0.12754565038731058,-1.8776243279902658,-0.4067981944648237,-1.6025293363527404,0.2792525440775131,-0.2750949916375254,0.2792525440775131,0.2750949916375254,0.3919939257154549
particles,213001,iid_dual_cap,120,1008,231007,baseline,True,-278.5989511493997,-278.7883179993691,0.18936684996941722,0.18936684996941722,-0.14617487754671393,-1.9356812090881483,-0.4067981944648237,-1.6025293363527404,0.26062331691810975,-0.3331518727354079,0.26062331691810975,0.3331518727354079,0.4229830772365567
particles,213001,iid_dual_cap,120,1008,231008,baseline,True,-277.49042552893735,-278.7883179993691,1.2978924704317478,1.2978924704317478,1.584804361797295,-1.9391202284787534,-0.4067981944648237,-1.6025293363527404,1.9916025562621185,-0.336590892126013,1.9916025562621185,0.336590892126013,2.019845085835047
particles,213006,iid_dual_cap,120,1008,231001,baseline,True,-282.1892870874387,-282.122686066188,-0.06660102125067624,0.06660102125067624,7.856114055191427,-3.4275264011735382,5.9122170816378015,-3.457001561708958,1.9438969735536258,0.029475160535419764,1.9438969735536258,0.029475160535419764,1.9441204255085471
particles,213006,iid_dual_cap,120,1008,231002,baseline,True,-281.96564648962647,-282.122686066188,0.15703957656154444,0.15703957656154444,8.110519269263904,-3.546064454454381,5.9122170816378015,-3.457001561708958,2.198302187626102,-0.08906289274542312,2.198302187626102,0.08906289274542312,2.200105612689057
particles,213006,iid_dual_cap,120,1008,231003,baseline,True,-282.4862223871957,-282.122686066188,-0.3635363210077003,0.3635363210077003,7.158819485584881,-3.397828761270093,5.9122170816378015,-3.457001561708958,1.2466024039470796,0.05917280043886519,1.2466024039470796,0.05917280043886519,1.2480059991195618
particles,213006,iid_dual_cap,120,1008,231004,baseline,True,-281.66345379366686,-282.122686066188,0.45923227252114884,0.45923227252114884,8.882615330114016,-3.7843761965594456,5.9122170816378015,-3.457001561708958,2.970398248476214,-0.32737463485048757,2.970398248476214,0.32737463485048757,2.988384163071082
particles,213006,iid_dual_cap,120,1008,231005,baseline,True,-282.545484063578,-282.122686066188,-0.4227979973899778,0.4227979973899778,5.9010694494296905,-3.2317685890129066,5.9122170816378015,-3.457001561708958,-0.011147632208110991,0.22523297269605136,0.011147632208110991,0.22523297269605136,0.2255086732109156
particles,213006,iid_dual_cap,120,1008,231006,baseline,True,-281.73917894997913,-282.122686066188,0.38350711620887523,0.38350711620887523,8.791599640915633,-3.8192146334971673,5.9122170816378015,-3.457001561708958,2.8793825592778317,-0.3622130717882093,2.8793825592778317,0.3622130717882093,2.902075504194818
particles,213006,iid_dual_cap,120,1008,231007,baseline,True,-281.8248515335231,-282.122686066188,0.2978345326649219,0.2978345326649219,7.766781911996924,-3.5252407441241993,5.9122170816378015,-3.457001561708958,1.8545648303591227,-0.0682391824152413,1.8545648303591227,0.0682391824152413,1.8558198447105965
particles,213006,iid_dual_cap,120,1008,231008,baseline,True,-282.92065718278025,-282.122686066188,-0.7979711165922367,0.7979711165922367,8.046973554249886,-3.5803894127828744,5.9122170816378015,-3.457001561708958,2.134756472612085,-0.12338785107391637,2.134756472612085,0.12338785107391637,2.1383193772567815
particles,213001,iid_dual_cap,120,2016,231001,baseline,True,-278.03122691574964,-278.7883179993691,0.7570910836194571,0.7570910836194571,0.05419998482890981,-1.845132186641519,-0.4067981944648237,-1.6025293363527404,0.4609981792937335,-0.24260285028877848,0.4609981792937335,0.24260285028877848,0.5209371020386019
particles,213001,iid_dual_cap,120,2016,231002,baseline,True,-278.5518709946091,-278.7883179993691,0.23644700476000935,0.23644700476000935,-0.29730995364242596,-1.7889295825280889,-0.4067981944648237,-1.6025293363527404,0.10948824082239772,-0.18640024617534845,0.10948824082239772,0.18640024617534845,0.21617753503223658
particles,213001,iid_dual_cap,120,2016,231003,baseline,True,-279.3864735097382,-278.7883179993691,-0.5981555103691107,0.5981555103691107,-0.7299214856205666,-1.4947387779146737,-0.4067981944648237,-1.6025293363527404,-0.3231232911557429,0.10779055843806673,0.3231232911557429,0.10779055843806673,0.3406280460791643
particles,213001,iid_dual_cap,120,2016,231004,baseline,True,-278.9769544207231,-278.7883179993691,-0.1886364213539764,0.1886364213539764,-0.4720302451986804,-1.6396857868996435,-0.4067981944648237,-1.6025293363527404,-0.06523205073385674,-0.037156450546903086,0.06523205073385674,0.037156450546903086,0.07507211373199048
particles,213001,iid_dual_cap,120,2016,231005,baseline,True,-279.44943933206434,-278.7883179993691,-0.6611213326952452,0.6611213326952452,-0.9143317161978715,-1.6519276418368378,-0.4067981944648237,-1.6025293363527404,-0.5075335217330478,-0.049398305484097405,0.5075335217330478,0.049398305484097405,0.5099318270783363
particles,213001,iid_dual_cap,120,2016,231006,baseline,True,-278.86221147117107,-278.7883179993691,-0.07389347180196637,0.07389347180196637,-0.031098707585712815,-1.8118320290208325,-0.4067981944648237,-1.6025293363527404,0.37569948687911087,-0.2093026926680921,0.37569948687911087,0.2093026926680921,0.43006711290139477
particles,213001,iid_dual_cap,120,2016,231007,baseline,True,-278.284097285454,-278.7883179993691,0.5042207139151174,0.5042207139151174,0.2925736000882661,-1.9414136404994924,-0.4067981944648237,-1.6025293363527404,0.6993717945530897,-0.33888430414675197,0.6993717945530897,0.33888430414675197,0.7771508724909453
particles,213001,iid_dual_cap,120,2016,231008,baseline,True,-278.0199235845096,-278.7883179993691,0.7683944148594719,0.7683944148594719,0.8224773123728251,-1.7909114162868511,-0.4067981944648237,-1.6025293363527404,1.2292755068376486,-0.1883820799341107,1.2292755068376486,0.1883820799341107,1.2436261816764953
particles,213006,iid_dual_cap,120,2016,231001,baseline,True,-282.1101795206283,-282.122686066188,0.01250654555968822,0.01250654555968822,7.389576919362774,-3.3614190643861246,5.9122170816378015,-3.457001561708958,1.4773598377249728,0.09558249732283342,1.4773598377249728,0.09558249732283342,1.4804486157638932
particles,213006,iid_dual_cap,120,2016,231002,baseline,True,-281.9654985014894,-282.122686066188,0.15718756469863138,0.15718756469863138,8.042464478305442,-3.6254316292765423,5.9122170816378015,-3.457001561708958,2.1302473966676407,-0.16843006756758427,2.1302473966676407,0.16843006756758427,2.136895565691052
particles,213006,iid_dual_cap,120,2016,231003,baseline,True,-281.6988252439625,-282.122686066188,0.4238608222254925,0.4238608222254925,7.609635084571145,-3.4249022071725355,5.9122170816378015,-3.457001561708958,1.6974180029333432,0.03209935453642254,1.6974180029333432,0.03209935453642254,1.697721486358665
particles,213006,iid_dual_cap,120,2016,231004,baseline,True,-281.61821506156554,-282.122686066188,0.5044710046224736,0.5044710046224736,8.585015730143693,-3.619572814650603,5.9122170816378015,-3.457001561708958,2.672798648505892,-0.1625712529416452,2.672798648505892,0.1625712529416452,2.677738229875717
particles,213006,iid_dual_cap,120,2016,231005,baseline,True,-282.65849745968507,-282.122686066188,-0.5358113934970561,0.5358113934970561,6.1461586884202895,-3.259301215441962,5.9122170816378015,-3.457001561708958,0.233941606782488,0.19770034626699617,0.233941606782488,0.19770034626699617,0.30629087857470133
particles,213006,iid_dual_cap,120,2016,231006,baseline,True,-281.46832395007254,-282.122686066188,0.6543621161154647,0.6543621161154647,8.159304872800758,-3.6762583141716894,5.9122170816378015,-3.457001561708958,2.247087791162957,-0.21925675246273135,2.247087791162957,0.21925675246273135,2.257759301762285
particles,213006,iid_dual_cap,120,2016,231007,baseline,True,-281.8766118528923,-282.122686066188,0.24607421329568524,0.24607421329568524,7.337131199259787,-3.5512266071653924,5.9122170816378015,-3.457001561708958,1.4249141176219853,-0.0942250454564344,1.4249141176219853,0.0942250454564344,1.428026120835928
particles,213006,iid_dual_cap,120,2016,231008,baseline,True,-282.85852944502915,-282.122686066188,-0.7358433788411389,0.7358433788411389,7.608568038222148,-3.543330708389625,5.9122170816378015,-3.457001561708958,1.6963509565843466,-0.08632914668066682,1.6963509565843466,0.08632914668066682,1.6985462282408565
particles,213001,iid_dual_cap,120,4032,231001,baseline,True,-278.6219526062721,-278.7883179993691,0.16636539309700993,0.16636539309700993,-0.264521272637794,-1.7848296831985122,-0.4067981944648237,-1.6025293363527404,0.14227692182702967,-0.1823003468457718,0.14227692182702967,0.1823003468457718,0.23124908420286427
particles,213001,iid_dual_cap,120,4032,231002,baseline,True,-278.92914166603674,-278.7883179993691,-0.140823666667643,0.140823666667643,-0.6471366105256648,-1.678931449523445,-0.4067981944648237,-1.6025293363527404,-0.24033841606084116,-0.07640211317070467,0.24033841606084116,0.07640211317070467,0.2521900813505225
particles,213001,iid_dual_cap,120,4032,231003,baseline,True,-278.77271583030773,-278.7883179993691,0.015602169061367022,0.015602169061367022,-0.07307907659124502,-1.656886158849201,-0.4067981944648237,-1.6025293363527404,0.33371911787357866,-0.054356822496460566,0.33371911787357866,0.054356822496460566,0.3381170119740076
particles,213001,iid_dual_cap,120,4032,231004,baseline,True,-279.01194121032205,-278.7883179993691,-0.223623210952951,0.223623210952951,-0.6385896470936971,-1.6303315577279582,-0.4067981944648237,-1.6025293363527404,-0.23179145262887346,-0.027802221375217817,0.23179145262887346,0.027802221375217817,0.23345286681726551
particles,213001,iid_dual_cap,120,4032,231005,baseline,True,-278.71274716921334,-278.7883179993691,0.07557083015575472,0.07557083015575472,-0.47319386529671426,-1.7348338253653315,-0.4067981944648237,-1.6025293363527404,-0.06639567083189057,-0.13230448901259106,0.06639567083189057,0.13230448901259106,0.14802993926263563
particles,213001,iid_dual_cap,120,4032,231006,baseline,True,-278.5416622988542,-278.7883179993691,0.24665570051490704,0.24665570051490704,0.01838029154704654,-1.8547533529298228,-0.4067981944648237,-1.6025293363527404,0.42517848601187025,-0.2522240165770824,0.42517848601187025,0.2522240165770824,0.4943619114632745
particles,213001,iid_dual_cap,120,4032,231007,baseline,True,-278.59288518176686,-278.7883179993691,0.19543281760223863,0.19543281760223863,-0.06024128582822025,-1.8137650029110506,-0.4067981944648237,-1.6025293363527404,0.34655690863660343,-0.21123566655831016,0.34655690863660343,0.21123566655831016,0.4058598252476989
particles,213001,iid_dual_cap,120,4032,231008,baseline,True,-278.51294493000444,-278.7883179993691,0.27537306936466166,0.27537306936466166,0.27217926479446,-1.7323726773611943,-0.4067981944648237,-1.6025293363527404,0.6789774592592837,-0.12984334100845385,0.6789774592592837,0.12984334100845385,0.6912811898109407
particles,213006,iid_dual_cap,120,4032,231001,baseline,True,-282.0011034735742,-282.122686066188,0.12158259261383364,0.12158259261383364,7.29741369787166,-3.3901816464585073,5.9122170816378015,-3.457001561708958,1.3851966162338583,0.06681991525045072,1.3851966162338583,0.06681991525045072,1.3868073286148326
particles,213006,iid_dual_cap,120,4032,231002,baseline,True,-282.4433507383391,-282.122686066188,-0.3206646721511106,0.3206646721511106,7.912841283744899,-3.6661917828124544,5.9122170816378015,-3.457001561708958,2.0006242021070975,-0.2091902211034964,2.0006242021070975,0.2091902211034964,2.0115311945535397
particles,213006,iid_dual_cap,120,4032,231003,baseline,True,-281.86398856603444,-282.122686066188,0.2586975001535734,0.2586975001535734,7.5353533621383315,-3.456875358335473,5.9122170816378015,-3.457001561708958,1.62313628050053,0.0001262033734850121,1.62313628050053,0.0001262033734850121,1.6231362854068623
particles,213006,iid_dual_cap,120,4032,231004,baseline,True,-281.7611958127868,-282.122686066188,0.36149025340120033,0.36149025340120033,8.134986513597058,-3.531737137500755,5.9122170816378015,-3.457001561708958,2.2227694319592564,-0.0747355757917969,2.2227694319592564,0.0747355757917969,2.22402548410341
particles,213006,iid_dual_cap,120,4032,231005,baseline,True,-282.71729388504036,-282.122686066188,-0.5946078188523529,0.5946078188523529,6.665440489221071,-3.3825703041482837,5.9122170816378015,-3.457001561708958,0.7532234075832696,0.07443125756067426,0.7532234075832696,0.07443125756067426,0.7568920093602625
particles,213006,iid_dual_cap,120,4032,231006,baseline,True,-281.4453220190529,-282.122686066188,0.6773640471350859,0.6773640471350859,7.6318557824771105,-3.463499077150081,5.9122170816378015,-3.457001561708958,1.719638700839309,-0.006497515441123092,1.719638700839309,0.006497515441123092,1.7196509759632082
particles,213006,iid_dual_cap,120,4032,231007,baseline,True,-282.15181589936986,-282.122686066188,-0.029129833181855247,0.029129833181855247,7.155631995888479,-3.522405817466369,5.9122170816378015,-3.457001561708958,1.2434149142506774,-0.06540425575741082,1.2434149142506774,0.06540425575741082,1.245133874590279
particles,213006,iid_dual_cap,120,4032,231008,baseline,True,-282.51364901602943,-282.122686066188,-0.3909629498414233,0.3909629498414233,7.449817347217423,-3.584394527743266,5.9122170816378015,-3.457001561708958,1.5376002655796217,-0.12739296603430805,1.5376002655796217,0.12739296603430805,1.5428686089572052
numerics,213001,iid_dual_cap,120,1008,231001,baseline,True,-278.58605090831827,-278.7883179993691,0.20226709105082818,0.20226709105082818,-0.09565721710726338,-1.8372165180146778,-0.4067981944648237,-1.6025293363527404,0.3111409773575603,-0.23468718166193736,0.3111409773575603,0.23468718166193736,0.38972654647514204
numerics,213001,iid_dual_cap,120,1008,231002,baseline,True,-278.3807134914784,-278.7883179993691,0.40760450789071,0.40760450789071,-0.1392008649149294,-1.633677629228349,-0.4067981944648237,-1.6025293363527404,0.2675973295498943,-0.031148292875608607,0.2675973295498943,0.031148292875608607,0.2694040588619619
numerics,213006,iid_dual_cap,120,1008,231001,baseline,True,-282.1892870874387,-282.122686066188,-0.06660102125067624,0.06660102125067624,7.856114055191427,-3.4275264011735382,5.9122170816378015,-3.457001561708958,1.9438969735536258,0.029475160535419764,1.9438969735536258,0.029475160535419764,1.9441204255085471
numerics,213006,iid_dual_cap,120,1008,231002,baseline,True,-281.96564648962647,-282.122686066188,0.15703957656154444,0.15703957656154444,8.110519269263904,-3.546064454454381,5.9122170816378015,-3.457001561708958,2.198302187626102,-0.08906289274542312,2.198302187626102,0.08906289274542312,2.200105612689057
numerics,213001,iid_dual_cap,120,1008,231001,flow_16,True,-278.59911354833923,-278.7883179993691,0.18920445102986605,0.18920445102986605,-0.08728470102855443,-1.838008009200255,-0.4067981944648237,-1.6025293363527404,0.3195134934362692,-0.23547867284751467,0.3195134934362692,0.23547867284751467,0.39691192707435197
numerics,213001,iid_dual_cap,120,1008,231002,flow_16,True,-278.387180332546,-278.7883179993691,0.4011376668231037,0.4011376668231037,-0.156463657340849,-1.6289955059484593,-0.4067981944648237,-1.6025293363527404,0.2503345371239747,-0.026466169595718902,0.2503345371239747,0.026466169595718902,0.2517296935407979
numerics,213006,iid_dual_cap,120,1008,231001,flow_16,True,-282.1866038287054,-282.122686066188,-0.06391776251740566,0.06391776251740566,7.871589482186064,-3.429565152113493,5.9122170816378015,-3.457001561708958,1.9593724005482622,0.027436409595464895,1.9593724005482622,0.027436409595464895,1.9595644823791203
numerics,213006,iid_dual_cap,120,1008,231002,flow_16,True,-281.9606727112803,-282.122686066188,0.16201335490768543,0.16201335490768543,8.101570873904668,-3.5452085087288836,5.9122170816378015,-3.457001561708958,2.189353792266867,-0.0882069470199256,2.189353792266867,0.0882069470199256,2.1911299580846153
numerics,213001,iid_dual_cap,120,1008,231001,flow_32,True,-278.605995214371,-278.7883179993691,0.18232278499812082,0.18232278499812082,-0.0834171779143042,-1.8388273070836452,-0.4067981944648237,-1.6025293363527404,0.3233810165505195,-0.23629797073090475,0.3233810165505195,0.23629797073090475,0.40051468492027964
numerics,213001,iid_dual_cap,120,1008,231002,flow_32,True,-278.3907174653934,-278.7883179993691,0.3976005339757194,0.3976005339757194,-0.16557660167235563,-1.626443360969232,-0.4067981944648237,-1.6025293363527404,0.24122159279246805,-0.023914024616491503,0.24122159279246805,0.023914024616491503,0.24240407876661943
numerics,213006,iid_dual_cap,120,1008,231001,flow_32,True,-282.1852868224326,-282.122686066188,-0.06260075624459205,0.06260075624459205,7.878419373875738,-3.430626350696842,5.9122170816378015,-3.457001561708958,1.966202292237937,0.02637521101211604,1.966202292237937,0.02637521101211604,1.9663791866671216
numerics,213006,iid_dual_cap,120,1008,231002,flow_32,True,-281.95811257568573,-282.122686066188,0.16457349050227776,0.16457349050227776,8.098228846261671,-3.544596528204418,5.9122170816378015,-3.457001561708958,2.1860117646238697,-0.08759496649545984,2.1860117646238697,0.08759496649545984,2.1877660554157305
numerics,213001,iid_dual_cap,120,1008,231001,flow_64,True,-278.60951544500114,-278.7883179993691,0.17880255436796233,0.17880255436796233,-0.08182650667117655,-1.8390677736241052,-0.4067981944648237,-1.6025293363527404,0.32497168779364716,-0.2365384372713648,0.32497168779364716,0.2365384372713648,0.40194157557315596
numerics,213001,iid_dual_cap,120,1008,231002,flow_64,True,-278.3925660766647,-278.7883179993691,0.39575192270439175,0.39575192270439175,-0.17027600696583117,-1.6251199236843084,-0.4067981944648237,-1.6025293363527404,0.2365221874989925,-0.022590587331567935,0.2365221874989925,0.022590587331567935,0.23759856863056597
numerics,213006,iid_dual_cap,120,1008,231001,flow_64,True,-282.1846394273721,-282.122686066188,-0.06195336118406658,0.06195336118406658,7.881505372203859,-3.4311486771531796,5.9122170816378015,-3.457001561708958,1.9692882905660571,0.025852884555778388,1.9692882905660571,0.025852884555778388,1.9694579820347622
numerics,213006,iid_dual_cap,120,1008,231002,flow_64,True,-281.95682476045005,-282.122686066188,0.16586130573796254,0.16586130573796254,8.097626525472549,-3.544113027531639,5.9122170816378015,-3.457001561708958,2.1854094438347476,-0.08711146582268103,2.1854094438347476,0.08711146582268103,2.1871449071060374
numerics,213001,iid_dual_cap,120,1008,231001,transport_96_48,True,-278.58605090840155,-278.7883179993691,0.20226709096755258,0.20226709096755258,-0.0956572167560936,-1.8372165177794402,-0.4067981944648237,-1.6025293363527404,0.31114097770873006,-0.23468718142669975,0.31114097770873006,0.23468718142669975,0.38972654661384454
numerics,213001,iid_dual_cap,120,1008,231002,transport_96_48,True,-278.3807134912033,-278.7883179993691,0.4076045081657753,0.4076045081657753,-0.13920086478892413,-1.633677629134048,-0.4067981944648237,-1.6025293363527404,0.26759732967589955,-0.031148292781307596,0.26759732967589955,0.031148292781307596,0.26940405897621905
numerics,213006,iid_dual_cap,120,1008,231001,transport_96_48,True,-282.1892870878401,-282.122686066188,-0.06660102165210446,0.06660102165210446,7.856114056493974,-3.427526401155535,5.9122170816378015,-3.457001561708958,1.9438969748561723,0.02947516055342314,1.9438969748561723,0.02947516055342314,1.9441204268112169
numerics,213006,iid_dual_cap,120,1008,231002,transport_96_48,True,-281.9656464904298,-282.122686066188,0.15703957575823324,0.15703957575823324,8.110519269432297,-3.5460644545854425,5.9122170816378015,-3.457001561708958,2.1983021877944955,-0.0890628928764845,2.1983021877944955,0.0890628928764845,2.2001056128626173
numerics,213001,iid_dual_cap,120,1008,231001,transport_384_192,True,-278.58605090871754,-278.7883179993691,0.20226709065156,0.20226709065156,-0.09565721542326172,-1.8372165168873231,-0.4067981944648237,-1.6025293363527404,0.31114097904156196,-0.2346871805345827,0.31114097904156196,0.2346871805345827,0.3897265471407016
numerics,213001,iid_dual_cap,120,1008,231002,transport_384_192,True,-278.3807134901589,-278.7883179993691,0.4076045092102163,0.4076045092102163,-0.13920086431192802,-1.6336776287762245,-0.4067981944648237,-1.6025293363527404,0.26759733015289566,-0.031148292423484047,0.26759733015289566,0.031148292423484047,0.269404059408645
numerics,213006,iid_dual_cap,120,1008,231001,transport_384_192,True,-282.1892870893634,-282.122686066188,-0.0666010231753944,0.0666010231753944,7.856114061435367,-3.4275264010873525,5.9122170816378015,-3.457001561708958,1.9438969797975654,0.02947516062160549,1.9438969797975654,0.02947516062160549,1.9441204317530758
numerics,213006,iid_dual_cap,120,1008,231002,transport_384_192,True,-281.96564649347704,-282.122686066188,0.15703957271097124,0.15703957271097124,8.110519270072848,-3.54606445508296,5.9122170816378015,-3.457001561708958,2.198302188435046,-0.08906289337400208,2.198302188435046,0.08906289337400208,2.200105613522783
numerics,213001,iid_dual_cap,120,1008,231001,epsilon_25.6,True,-278.5744096136897,-278.7883179993691,0.21390838567941728,0.21390838567941728,-0.1701369321588042,-1.7939265174633527,-0.4067981944648237,-1.6025293363527404,0.23666126230601947,-0.19139718111061232,0.23666126230601947,0.19139718111061232,0.30437055378825184
numerics,213001,iid_dual_cap,120,1008,231002,epsilon_25.6,True,-278.29819814385223,-278.7883179993691,0.4901198555168662,0.4901198555168662,-0.07595658273867115,-1.592879912278606,-0.4067981944648237,-1.6025293363527404,0.33084161172615256,0.009649424074134494,0.33084161172615256,0.009649424074134494,0.33098230078739976
numerics,213006,iid_dual_cap,120,1008,231001,epsilon_25.6,True,-282.21164005406035,-282.122686066188,-0.08895398787234399,0.08895398787234399,8.018737288285923,-3.419212506468679,5.9122170816378015,-3.457001561708958,2.1065202066481215,0.03778905524027909,2.1065202066481215,0.03778905524027909,2.106859130011496
numerics,213006,iid_dual_cap,120,1008,231002,epsilon_25.6,True,-282.0420718135163,-282.122686066188,0.08061425267169398,0.08061425267169398,8.284763979353881,-3.5457612139554513,5.9122170816378015,-3.457001561708958,2.37254689771608,-0.08875965224649329,2.37254689771608,0.08875965224649329,2.374206616478253
numerics,213001,iid_dual_cap,120,1008,231001,epsilon_409.6,True,-278.57550450957723,-278.7883179993691,0.21281348979186987,0.21281348979186987,-0.06673195775613125,-1.8566836762577852,-0.4067981944648237,-1.6025293363527404,0.3400662367086924,-0.25415433990504477,0.3400662367086924,0.25415433990504477,0.42454619753541717
numerics,213001,iid_dual_cap,120,1008,231002,epsilon_409.6,True,-278.4066070242851,-278.7883179993691,0.38171097508399043,0.38171097508399043,-0.19014295267551007,-1.6547206201404918,-0.4067981944648237,-1.6025293363527404,0.2166552417893136,-0.0521912837877514,0.2166552417893136,0.0521912837877514,0.2228529198781105
numerics,213006,iid_dual_cap,120,1008,231001,epsilon_409.6,True,-282.14701498216243,-282.122686066188,-0.024328915974422216,0.024328915974422216,7.832051293864507,-3.4227006737105037,5.9122170816378015,-3.457001561708958,1.9198342122267054,0.03430088799845432,1.9198342122267054,0.03430088799845432,1.9201406077039298
numerics,213006,iid_dual_cap,120,1008,231002,epsilon_409.6,True,-281.9208777868652,-282.122686066188,0.20180827932279044,0.20180827932279044,8.104703394854797,-3.53092839597419,5.9122170816378015,-3.457001561708958,2.192486313216995,-0.07392683426523217,2.192486313216995,0.07392683426523217,2.19373230145985
numerics,213001,iid_dual_cap,120,1008,231001,combined_refined,True,-278.60951544557037,-278.7883179993691,0.17880255379873233,0.17880255379873233,-0.08182650991964194,-1.8390677734252754,-0.4067981944648237,-1.6025293363527404,0.32497168454518177,-0.23653843707253497,0.32497168454518177,0.23653843707253497,0.4019415728297469
numerics,213001,iid_dual_cap,120,1008,231002,combined_refined,True,-278.3925660752446,-278.7883179993691,0.3957519241245109,0.3957519241245109,-0.17027600519571245,-1.6251199226955486,-0.4067981944648237,-1.6025293363527404,0.23652218926911123,-0.022590586342808194,0.23652218926911123,0.022590586342808194,0.23759857029865553
numerics,213006,iid_dual_cap,120,1008,231001,combined_refined,True,-282.1846394290162,-282.122686066188,-0.06195336282820563,0.06195336282820563,7.881505371531804,-3.431148676721784,5.9122170816378015,-3.457001561708958,1.9692882898940027,0.025852884987174196,1.9692882898940027,0.025852884987174196,1.9694579813684288
numerics,213006,iid_dual_cap,120,1008,231002,combined_refined,True,-281.9568247643572,-282.122686066188,0.16586130183083014,0.16586130183083014,8.097626530491786,-3.5441130274889403,5.9122170816378015,-3.457001561708958,2.185409448853984,-0.0871114657799823,2.185409448853984,0.0871114657799823,2.1871449121195905
mechanism,213001,iid_dual_cap,120,1008,214001,reset_mechanism_baseline,True,-280.553354062512,-278.7883179993691,-1.7650360631429294,1.7650360631429294,-2.051521588192391,-1.4832135463620426,-0.4067981944648237,-1.6025293363527404,-1.6447233937275674,0.11931578999069781,1.6447233937275674,0.11931578999069781,1.649045572328379
mechanism,213006,iid_dual_cap,120,1008,214006,reset_mechanism_baseline,True,-282.266057167749,-282.122686066188,-0.14337110156100152,0.14337110156100152,6.585319779037022,-3.3368327537358793,5.9122170816378015,-3.457001561708958,0.6731026973992202,0.12016880797307872,0.6731026973992202,0.12016880797307872,0.6837454085080038
replay,213001,previous_inverse_cdf,120,1008,214001,baseline,True,-278.87363986037633,-278.7883179993691,-0.08532186100723038,0.08532186100723038,-0.26683200025839865,-1.677681012906128,-0.4067981944648237,-1.6025293363527404,0.13996619420642503,-0.0751516765533875,0.13996619420642503,0.0751516765533875,0.1588656980264011
replay,213006,previous_inverse_cdf,120,1008,214006,baseline,True,-282.8206013172126,-282.122686066188,-0.6979152510245967,0.6979152510245967,9.772706943535356,-4.098035712685407,5.9122170816378015,-3.457001561708958,3.8604898618975545,-0.641034150976449,3.8604898618975545,0.641034150976449,3.913349812696521
derivative,213001,previous_inverse_cdf,10,1008,214001,baseline,True,-22.79322929121756,-22.85537101215709,0.062141720939528966,0.062141720939528966,-0.4871887113335578,-0.2806874220183904,-0.3640112417114796,-0.42257092884660963,-0.1231774696220782,0.1418835068282192,0.1231774696220782,0.1418835068282192,0.1878925717860377
derivative,213001,previous_inverse_cdf,50,1008,214001,baseline,True,-113.69932566456716,-113.83245348332603,0.13312781875887936,0.13312781875887936,-0.03089843175440781,-1.191187942236748,-0.15655952589197694,-1.3383629014279197,0.12566109413756912,0.14717495919117174,0.12566109413756912,0.14717495919117174,0.19352307147411152
derivative,213001,previous_inverse_cdf,120,1008,214001,baseline,True,-278.87363986037633,-278.7883179993691,-0.08532186100723038,0.08532186100723038,-0.26683200025839865,-1.677681012906128,-0.4067981944648237,-1.6025293363527404,0.13996619420642503,-0.0751516765533875,0.13996619420642503,0.0751516765533875,0.1588656980264011
derivative,213006,previous_inverse_cdf,10,1008,214006,baseline,True,-25.291998351400224,-25.24492910997067,-0.047069241429554154,0.047069241429554154,-0.020978996704953956,-1.0403494751112292,0.0830745510076556,-1.1593355029277728,-0.10405354771260955,0.11898602781654355,0.10405354771260955,0.11898602781654355,0.15806585844874785
derivative,213006,previous_inverse_cdf,50,1008,214006,baseline,True,-111.68843703249468,-112.1202394874337,0.43180245493901737,0.43180245493901737,-0.4777389450585492,-1.2762645993104682,-0.8151085353019292,-1.460711503617038,0.33736959024338,0.18444690430656974,0.33736959024338,0.18444690430656974,0.38449824567774427
derivative,213006,previous_inverse_cdf,120,1008,214006,baseline,True,-282.8206013172126,-282.122686066188,-0.6979152510245967,0.6979152510245967,9.772706943535356,-4.098035712685407,5.9122170816378015,-3.457001561708958,3.8604898618975545,-0.641034150976449,3.8604898618975545,0.641034150976449,3.913349812696521
particles,213001,previous_inverse_cdf,120,1008,231001,baseline,True,-278.70734386889444,-278.7883179993691,0.08097413047465807,0.08097413047465807,-0.37878335729739127,-1.6507202365096976,-0.4067981944648237,-1.6025293363527404,0.028014837167432416,-0.04819090015695715,0.028014837167432416,0.04819090015695715,0.05574220985443226
particles,213001,previous_inverse_cdf,120,1008,231002,baseline,True,-277.9723692648149,-278.7883179993691,0.8159487345541834,0.8159487345541834,0.4056678220752901,-1.8299585074405815,-0.4067981944648237,-1.6025293363527404,0.8124660165401139,-0.2274291710878411,0.8124660165401139,0.2274291710878411,0.8436972536960536
particles,213001,previous_inverse_cdf,120,1008,231003,baseline,True,-278.2845643424036,-278.7883179993691,0.5037536569655003,0.5037536569655003,0.3566066533467127,-1.8339834440352165,-0.4067981944648237,-1.6025293363527404,0.7634048478115364,-0.2314541076824761,0.7634048478115364,0.2314541076824761,0.79772048088616
particles,213001,previous_inverse_cdf,120,1008,231004,baseline,True,-278.84692581903175,-278.7883179993691,-0.05860781966265449,0.05860781966265449,-0.3379219748727984,-1.7974670646858721,-0.4067981944648237,-1.6025293363527404,0.06887621959202528,-0.19493772833313172,0.06887621959202528,0.19493772833313172,0.20674779697247261
particles,213001,previous_inverse_cdf,120,1008,231005,baseline,True,-279.1285640220607,-278.7883179993691,-0.34024602269158777,0.34024602269158777,-0.3618859951017314,-1.7681747531479406,-0.4067981944648237,-1.6025293363527404,0.044912199363092264,-0.16564541679520017,0.044912199363092264,0.16564541679520017,0.17162607539906555
particles,213001,previous_inverse_cdf,120,1008,231006,baseline,True,-278.71168407224854,-278.7883179993691,0.07663392712055384,0.07663392712055384,-0.08577021167604429,-1.7321097479618122,-0.4067981944648237,-1.6025293363527404,0.3210279827887794,-0.12958041160907174,0.3210279827887794,0.12958041160907174,0.3461936579520331
particles,213001,previous_inverse_cdf,120,1008,231007,baseline,True,-279.44212170539845,-278.7883179993691,-0.6538037060293505,0.6538037060293505,-0.9605157740423573,-1.602256324424796,-0.4067981944648237,-1.6025293363527404,-0.5537175795775336,0.0002730119279443777,0.5537175795775336,0.0002730119279443777,0.5537176468821589
particles,213001,previous_inverse_cdf,120,1008,231008,baseline,True,-278.8486220086154,-278.7883179993691,-0.060304009246294754,0.060304009246294754,0.01826200866636568,-1.7803114481257578,-0.4067981944648237,-1.6025293363527404,0.42506020313118936,-0.1777821117730174,0.42506020313118936,0.1777821117730174,0.4607414194018176
particles,213006,previous_inverse_cdf,120,1008,231001,baseline,True,-281.71509569295404,-282.122686066188,0.4075903732339725,0.4075903732339725,7.786688811859267,-3.548656616254981,5.9122170816378015,-3.457001561708958,1.8744717302214653,-0.09165505454602307,1.8744717302214653,0.09165505454602307,1.8767111968609578
particles,213006,previous_inverse_cdf,120,1008,231002,baseline,True,-281.73817459594085,-282.122686066188,0.3845114702471619,0.3845114702471619,7.742113389506959,-3.5214751536524127,5.9122170816378015,-3.457001561708958,1.8298963078691575,-0.0644735919434547,1.8298963078691575,0.0644735919434547,1.8310317696892278
particles,213006,previous_inverse_cdf,120,1008,231003,baseline,True,-282.0535835780368,-282.122686066188,0.06910248815120212,0.06910248815120212,7.356782650077023,-3.423067814969628,5.9122170816378015,-3.457001561708958,1.4445655684392218,0.03393374673933014,1.4445655684392218,0.03393374673933014,1.4449640759160418
particles,213006,previous_inverse_cdf,120,1008,231004,baseline,True,-282.3956181143666,-282.122686066188,-0.27293204817857486,0.27293204817857486,7.353079562152613,-3.4520593027772013,5.9122170816378015,-3.457001561708958,1.4408624805148111,0.0049422589317567045,1.4408624805148111,0.0049422589317567045,1.4408709566365208
particles,213006,previous_inverse_cdf,120,1008,231005,baseline,True,-280.8081794608855,-282.122686066188,1.3145066053024834,1.3145066053024834,8.082409684342396,-3.672072803954656,5.9122170816378015,-3.457001561708958,2.170192602704595,-0.21507124224569818,2.170192602704595,0.21507124224569818,2.180823599485949
particles,213006,previous_inverse_cdf,120,1008,231006,baseline,True,-282.0234867747384,-282.122686066188,0.09919929144962225,0.09919929144962225,7.49463018231631,-3.580010317996104,5.9122170816378015,-3.457001561708958,1.582413100678509,-0.1230087562871458,1.582413100678509,0.1230087562871458,1.5871869377367882
particles,213006,previous_inverse_cdf,120,1008,231007,baseline,True,-281.37009401159446,-282.122686066188,0.7525920545935492,0.7525920545935492,8.048707056193454,-3.541061811399723,5.9122170816378015,-3.457001561708958,2.1364899745556523,-0.08406024969076498,2.1364899745556523,0.08406024969076498,2.138143011342994
particles,213006,previous_inverse_cdf,120,1008,231008,baseline,True,-281.53341590165167,-282.122686066188,0.5892701645363445,0.5892701645363445,8.038903629281272,-3.494657417966757,5.9122170816378015,-3.457001561708958,2.1266865476434704,-0.03765585625779888,2.1266865476434704,0.03765585625779888,2.127019895402535
particles,213001,previous_inverse_cdf,120,2016,231001,baseline,True,-278.79529830240955,-278.7883179993691,-0.006980303040450053,0.006980303040450053,-0.3972972446974279,-1.6711631441812187,-0.4067981944648237,-1.6025293363527404,0.009500949767395794,-0.06863380782847828,0.009500949767395794,0.06863380782847828,0.06928829355323353
particles,213001,previous_inverse_cdf,120,2016,231002,baseline,True,-278.38098333334557,-278.7883179993691,0.4073346660235302,0.4073346660235302,0.010466269264921307,-1.767477057985242,-0.4067981944648237,-1.6025293363527404,0.417264463729745,-0.1649477216325015,0.417264463729745,0.1649477216325015,0.44868405762120067
particles,213001,previous_inverse_cdf,120,2016,231003,baseline,True,-278.651273243501,-278.7883179993691,0.1370447558680894,0.1370447558680894,-0.13595954734788646,-1.6498000975681322,-0.4067981944648237,-1.6025293363527404,0.2708386471169372,-0.047270761215391754,0.2708386471169372,0.047270761215391754,0.2749328966093644
particles,213001,previous_inverse_cdf,120,2016,231004,baseline,True,-279.04977854047013,-278.7883179993691,-0.26146054110103023,0.26146054110103023,-0.49861725289632075,-1.7418712847571787,-0.4067981944648237,-1.6025293363527404,-0.09181905843149707,-0.13934194840443825,0.09181905843149707,0.13934194840443825,0.16687395865260646
particles,213001,previous_inverse_cdf,120,2016,231005,baseline,True,-279.0510939145731,-278.7883179993691,-0.26277591520397436,0.26277591520397436,-0.4055764375600299,-1.759847608269153,-0.4067981944648237,-1.6025293363527404,0.0012217569047937582,-0.15731827191641257,0.0012217569047937582,0.15731827191641257,0.15732301601704923
particles,213001,previous_inverse_cdf,120,2016,231006,baseline,True,-278.31054526537923,-278.7883179993691,0.4777727339898661,0.4777727339898661,0.19589514587850204,-1.8002969183292679,-0.4067981944648237,-1.6025293363527404,0.6026933403433257,-0.19776758197652744,0.6026933403433257,0.19776758197652744,0.6343116576061316
particles,213001,previous_inverse_cdf,120,2016,231007,baseline,True,-278.99758533051795,-278.7883179993691,-0.2092673311488511,0.2092673311488511,-0.6943445666198393,-1.6706219690991773,-0.4067981944648237,-1.6025293363527404,-0.28754637215501566,-0.06809263274643684,0.28754637215501566,0.06809263274643684,0.29549876949634135
particles,213001,previous_inverse_cdf,120,2016,231008,baseline,True,-278.9665768040268,-278.7883179993691,-0.1782588046576734,0.1782588046576734,-0.2407509572943306,-1.7390749658778726,-0.4067981944648237,-1.6025293363527404,0.16604723717049308,-0.13654562952513216,0.16604723717049308,0.13654562952513216,0.2149799849157326
particles,213006,previous_inverse_cdf,120,2016,231001,baseline,True,-282.0428784855469,-282.122686066188,0.07980758064110205,0.07980758064110205,7.483272259955679,-3.492946679376849,5.9122170816378015,-3.457001561708958,1.5710551783178772,-0.03594511766789088,1.5710551783178772,0.03594511766789088,1.5714663295163456
particles,213006,previous_inverse_cdf,120,2016,231002,baseline,True,-282.0986148150991,-282.122686066188,0.024071251088912504,0.024071251088912504,7.600217094583411,-3.51968444939665,5.9122170816378015,-3.457001561708958,1.6880000129456096,-0.06268288768769192,1.6880000129456096,0.06268288768769192,1.6891634580801367
particles,213006,previous_inverse_cdf,120,2016,231003,baseline,True,-282.0941762494187,-282.122686066188,0.028509816769314966,0.028509816769314966,7.383907171444566,-3.443385454070116,5.9122170816378015,-3.457001561708958,1.4716900898067644,0.013616107638842134,1.4716900898067644,0.013616107638842134,1.4717530767158855
particles,213006,previous_inverse_cdf,120,2016,231004,baseline,True,-281.7582829522254,-282.122686066188,0.3644031139626236,0.3644031139626236,8.136125190194868,-3.5338156341801983,5.9122170816378015,-3.457001561708958,2.223908108557066,-0.07681407247124028,2.223908108557066,0.07681407247124028,2.225234297110191
particles,213006,previous_inverse_cdf,120,2016,231005,baseline,True,-281.44214333569255,-282.122686066188,0.6805427304954605,0.6805427304954605,8.234344497984727,-3.6841030007891806,5.9122170816378015,-3.457001561708958,2.322127416346926,-0.22710143908022262,2.322127416346926,0.22710143908022262,2.3332061206379424
particles,213006,previous_inverse_cdf,120,2016,231006,baseline,True,-281.6771560034106,-282.122686066188,0.44553006277743634,0.44553006277743634,7.946292060212371,-3.5787209391673582,5.9122170816378015,-3.457001561708958,2.0340749785745693,-0.12171937745840022,2.0340749785745693,0.12171937745840022,2.0377135778396323
particles,213006,previous_inverse_cdf,120,2016,231007,baseline,True,-281.8156224547936,-282.122686066188,0.30706361139442606,0.30706361139442606,7.599067589266756,-3.4688237020276285,5.9122170816378015,-3.457001561708958,1.6868505076289546,-0.01182214031867046,1.6868505076289546,0.01182214031867046,1.6868919343247142
particles,213006,previous_inverse_cdf,120,2016,231008,baseline,True,-281.7337126719873,-282.122686066188,0.3889733942007183,0.3889733942007183,7.926561664430364,-3.5150978836427944,5.9122170816378015,-3.457001561708958,2.014344582792562,-0.0580963219338364,2.014344582792562,0.0580963219338364,2.015182195447345
particles,213001,previous_inverse_cdf,120,4032,231001,baseline,True,-278.61097612639406,-278.7883179993691,0.17734187297503468,0.17734187297503468,0.009507589112580983,-1.7330360374905323,-0.4067981944648237,-1.6025293363527404,0.41630578357740466,-0.13050670113779184,0.41630578357740466,0.13050670113779184,0.4362825970421761
particles,213001,previous_inverse_cdf,120,4032,231002,baseline,True,-278.4642223214015,-278.7883179993691,0.3240956779675912,0.3240956779675912,-0.06882890828130439,-1.857362255930778,-0.4067981944648237,-1.6025293363527404,0.3379692861835193,-0.25483291957803766,0.3379692861835193,0.25483291957803766,0.4232765707006049
particles,213001,previous_inverse_cdf,120,4032,231003,baseline,True,-278.48483536303945,-278.7883179993691,0.30348263632964745,0.30348263632964745,0.16009171725374918,-1.7650822693249422,-0.4067981944648237,-1.6025293363527404,0.5668899117185728,-0.16255293297220175,0.5668899117185728,0.16255293297220175,0.5897352185736887
particles,213001,previous_inverse_cdf,120,4032,231004,baseline,True,-278.8052061387224,-278.7883179993691,-0.01688813935328426,0.01688813935328426,-0.22980402572871236,-1.7943391850052712,-0.4067981944648237,-1.6025293363527404,0.17699416873611132,-0.1918098486525308,0.17699416873611132,0.1918098486525308,0.2609941643153996
particles,213001,previous_inverse_cdf,120,4032,231005,baseline,True,-278.9238966425697,-278.7883179993691,-0.13557864320057433,0.13557864320057433,-0.27452167237435265,-1.8040668464270944,-0.4067981944648237,-1.6025293363527404,0.13227652209047103,-0.20153751007435394,0.13227652209047103,0.20153751007435394,0.24106938060094066
particles,213001,previous_inverse_cdf,120,4032,231006,baseline,True,-278.6124732393211,-278.7883179993691,0.175844760047994,0.175844760047994,-0.33186892832079445,-1.849816427650914,-0.4067981944648237,-1.6025293363527404,0.07492926614402923,-0.2472870912981735,0.07492926614402923,0.2472870912981735,0.2583898226470887
particles,213001,previous_inverse_cdf,120,4032,231007,baseline,True,-278.81840095980544,-278.7883179993691,-0.03008296043634573,0.03008296043634573,-0.4069912870337135,-1.7299243278370566,-0.4067981944648237,-1.6025293363527404,-0.00019309256888982995,-0.1273949914843162,0.00019309256888982995,0.1273949914843162,0.12739513781942055
particles,213001,previous_inverse_cdf,120,4032,231008,baseline,True,-278.69686722898433,-278.7883179993691,0.09145077038476757,0.09145077038476757,-0.08658683414296861,-1.7355064453321805,-0.4067981944648237,-1.6025293363527404,0.32021136032185504,-0.13297710897944004,0.32021136032185504,0.13297710897944004,0.34672500168246123
particles,213006,previous_inverse_cdf,120,4032,231001,baseline,True,-282.0846306606109,-282.122686066188,0.03805540557709719,0.03805540557709719,7.525975966987545,-3.4909130767505374,5.9122170816378015,-3.457001561708958,1.6137588853497435,-0.03391151504157941,1.6137588853497435,0.03391151504157941,1.6141151541626952
particles,213006,previous_inverse_cdf,120,4032,231002,baseline,True,-281.98308032131933,-282.122686066188,0.13960574486867472,0.13960574486867472,7.67797030208427,-3.517281996779375,5.9122170816378015,-3.457001561708958,1.7657532204464683,-0.06028043507041714,1.7657532204464683,0.06028043507041714,1.7667818672290456
particles,213006,previous_inverse_cdf,120,4032,231003,baseline,True,-282.02482288843396,-282.122686066188,0.09786317775404996,0.09786317775404996,7.201680759714213,-3.4291923749733937,5.9122170816378015,-3.457001561708958,1.2894636780764115,0.027809186735564317,1.2894636780764115,0.027809186735564317,1.2897635162870908
particles,213006,previous_inverse_cdf,120,4032,231004,baseline,True,-281.8430029419977,-282.122686066188,0.27968312419028507,0.27968312419028507,8.243492560337266,-3.578553330127707,5.9122170816378015,-3.457001561708958,2.3312754786994647,-0.12155176841874882,2.3312754786994647,0.12155176841874882,2.334442158202071
particles,213006,previous_inverse_cdf,120,4032,231005,baseline,True,-281.4612226334288,-282.122686066188,0.6614634327592057,0.6614634327592057,8.280452951499358,-3.6748219014106795,5.9122170816378015,-3.457001561708958,2.3682358698615564,-0.21782033970172154,2.3682358698615564,0.21782033970172154,2.3782318717246005
particles,213006,previous_inverse_cdf,120,4032,231006,baseline,True,-282.1002111421312,-282.122686066188,0.022474924056837153,0.022474924056837153,7.9260763245507535,-3.599492423685112,5.9122170816378015,-3.457001561708958,2.013859242912952,-0.14249086197615402,2.013859242912952,0.14249086197615402,2.018893928866159
particles,213006,previous_inverse_cdf,120,4032,231007,baseline,True,-281.6481606533272,-282.122686066188,0.47452541286082806,0.47452541286082806,7.655656063336672,-3.4434294836803327,5.9122170816378015,-3.457001561708958,1.743438981698871,0.013572078028625256,1.743438981698871,0.013572078028625256,1.7434918078985089
particles,213006,previous_inverse_cdf,120,4032,231008,baseline,True,-281.89573499463194,-282.122686066188,0.22695107155607275,0.22695107155607275,7.3652187943406995,-3.4498149531061837,5.9122170816378015,-3.457001561708958,1.453001712702898,0.007186608602774314,1.453001712702898,0.007186608602774314,1.4530194852309326
numerics,213001,previous_inverse_cdf,120,1008,231001,baseline,True,-278.70734386889444,-278.7883179993691,0.08097413047465807,0.08097413047465807,-0.37878335729739127,-1.6507202365096976,-0.4067981944648237,-1.6025293363527404,0.028014837167432416,-0.04819090015695715,0.028014837167432416,0.04819090015695715,0.05574220985443226
numerics,213001,previous_inverse_cdf,120,1008,231002,baseline,True,-277.9723692648149,-278.7883179993691,0.8159487345541834,0.8159487345541834,0.4056678220752901,-1.8299585074405815,-0.4067981944648237,-1.6025293363527404,0.8124660165401139,-0.2274291710878411,0.8124660165401139,0.2274291710878411,0.8436972536960536
numerics,213006,previous_inverse_cdf,120,1008,231001,baseline,True,-281.71509569295404,-282.122686066188,0.4075903732339725,0.4075903732339725,7.786688811859267,-3.548656616254981,5.9122170816378015,-3.457001561708958,1.8744717302214653,-0.09165505454602307,1.8744717302214653,0.09165505454602307,1.8767111968609578
numerics,213006,previous_inverse_cdf,120,1008,231002,baseline,True,-281.73817459594085,-282.122686066188,0.3845114702471619,0.3845114702471619,7.742113389506959,-3.5214751536524127,5.9122170816378015,-3.457001561708958,1.8298963078691575,-0.0644735919434547,1.8298963078691575,0.0644735919434547,1.8310317696892278
numerics,213001,previous_inverse_cdf,120,1008,231001,flow_16,True,-278.7213098950583,-278.7883179993691,0.06700810431078708,0.06700810431078708,-0.3953284499116014,-1.6461740172521937,-0.4067981944648237,-1.6025293363527404,0.011469744553222305,-0.04364468089945328,0.011469744553222305,0.04364468089945328,0.0451266352715475
numerics,213001,previous_inverse_cdf,120,1008,231002,flow_16,True,-277.95277102255676,-278.7883179993691,0.8355469768123385,0.8355469768123385,0.43480286830942155,-1.8310008009249386,-0.4067981944648237,-1.6025293363527404,0.8416010627742452,-0.22847146457219814,0.8416010627742452,0.22847146457219814,0.8720616715499564
numerics,213006,previous_inverse_cdf,120,1008,231001,flow_16,True,-281.6931482663217,-282.122686066188,0.4295377998662957,0.4295377998662957,7.814157289575165,-3.5445783879413226,5.9122170816378015,-3.457001561708958,1.901940207937364,-0.08757682623236462,1.901940207937364,0.08757682623236462,1.90395542360155
numerics,213006,previous_inverse_cdf,120,1008,231002,flow_16,True,-281.72269166434006,-282.122686066188,0.3999944018479482,0.3999944018479482,7.76827135151005,-3.5238092900862483,5.9122170816378015,-3.457001561708958,1.8560542698722484,-0.06680772837729032,1.8560542698722484,0.06680772837729032,1.8572562357633744
numerics,213001,previous_inverse_cdf,120,1008,231001,flow_32,True,-278.7288724424558,-278.7883179993691,0.05944555691331743,0.05944555691331743,-0.4222632427385705,-1.6422777882426542,-0.4067981944648237,-1.6025293363527404,-0.01546504827374684,-0.03974845188991383,0.01546504827374684,0.03974845188991383,0.04265099231851604
numerics,213001,previous_inverse_cdf,120,1008,231002,flow_32,True,-277.943217073097,-278.7883179993691,0.8451009262720959,0.8451009262720959,0.4585185392788265,-1.8325752970840836,-0.4067981944648237,-1.6025293363527404,0.8653167337436503,-0.2300459607313432,0.8653167337436503,0.2300459607313432,0.8953737732062437
numerics,213006,previous_inverse_cdf,120,1008,231001,flow_32,True,-281.68121166668334,-282.122686066188,0.4414743995046706,0.4414743995046706,7.780285556811417,-3.5626118628173815,5.9122170816378015,-3.457001561708958,1.8680684751736152,-0.10561030110842351,1.8680684751736152,0.10561030110842351,1.8710514059313517
numerics,213006,previous_inverse_cdf,120,1008,231002,flow_32,True,-281.71419209536464,-282.122686066188,0.4084939708233719,0.4084939708233719,7.740304552242901,-3.525511256957432,5.9122170816378015,-3.457001561708958,1.8280874706050998,-0.06850969524847406,1.8280874706050998,0.06850969524847406,1.8293707602687843
numerics,213001,previous_inverse_cdf,120,1008,231001,flow_64,True,-278.7331531287767,-278.7883179993691,0.05516487059242081,0.05516487059242081,-0.5248968748790934,-1.6242191818919807,-0.4067981944648237,-1.6025293363527404,-0.11809868041426974,-0.02168984553924025,0.11809868041426974,0.02168984553924025,0.12007392604186772
numerics,213001,previous_inverse_cdf,120,1008,231002,flow_64,True,-277.93857274515165,-278.7883179993691,0.8497452542174528,0.8497452542174528,0.46633106414840575,-1.828572339904365,-0.4067981944648237,-1.6025293363527404,0.8731292586132294,-0.22604300355162454,0.8731292586132294,0.22604300355162454,0.9019147086621481
numerics,213006,previous_inverse_cdf,120,1008,231001,flow_64,True,-281.6753116117774,-282.122686066188,0.4473744544106353,0.4473744544106353,7.777948203553999,-3.5645675177729967,5.9122170816378015,-3.457001561708958,1.8657311219161974,-0.10756595606403874,1.8657311219161974,0.10756595606403874,1.8688293271967462
numerics,213006,previous_inverse_cdf,120,1008,231002,flow_64,True,-281.7097420389476,-282.122686066188,0.4129440272404281,0.4129440272404281,7.733808220073916,-3.52637513847135,5.9122170816378015,-3.457001561708958,1.8215911384361148,-0.0693735767623922,1.8215911384361148,0.0693735767623922,1.8229116733352135
numerics,213001,previous_inverse_cdf,120,1008,231001,transport_96_48,True,-278.7073438694962,-278.7883179993691,0.08097412987291364,0.08097412987291364,-0.3787833588095809,-1.6507202362701947,-0.4067981944648237,-1.6025293363527404,0.028014835655242765,-0.04819089991745429,0.028014835655242765,0.04819089991745429,0.055742208887380455
numerics,213001,previous_inverse_cdf,120,1008,231002,transport_96_48,True,-277.972369264942,-278.7883179993691,0.8159487344270815,0.8159487344270815,0.4056678220466089,-1.8299585074512061,-0.4067981944648237,-1.6025293363527404,0.8124660165114326,-0.22742917109846572,0.8124660165114326,0.22742917109846572,0.843697253671298
numerics,213006,previous_inverse_cdf,120,1008,231001,transport_96_48,True,-281.715095694333,-282.122686066188,0.407590371855008,0.407590371855008,7.786688810566202,-3.5486566160387594,5.9122170816378015,-3.457001561708958,1.874471728928401,-0.09165505432980137,1.874471728928401,0.09165505432980137,1.8767111955588764
numerics,213006,previous_inverse_cdf,120,1008,231002,transport_96_48,True,-281.7381745964157,-282.122686066188,0.384511469772292,0.384511469772292,7.742113390288018,-3.521475153609943,5.9122170816378015,-3.457001561708958,1.8298963086502162,-0.06447359190098512,1.8298963086502162,0.06447359190098512,1.8310317704683068
numerics,213001,previous_inverse_cdf,120,1008,231001,transport_384_192,True,-278.7073436736982,-278.7883179993691,0.08097432567092255,0.08097432567092255,-0.3787894238948412,-1.6507208547331413,-0.4067981944648237,-1.6025293363527404,0.028008770569982466,-0.04819151838040092,0.028008770569982466,0.04819151838040092,0.05573969566341779
numerics,213001,previous_inverse_cdf,120,1008,231002,transport_384_192,True,-277.97236926542456,-278.7883179993691,0.8159487339445377,0.8159487339445377,0.40566782193722617,-1.829958507491075,-0.4067981944648237,-1.6025293363527404,0.8124660164020499,-0.2274291711383345,0.8124660164020499,0.2274291711383345,0.8436972535767114
numerics,213006,previous_inverse_cdf,120,1008,231001,transport_384_192,True,-281.7150956995631,-282.122686066188,0.4075903666249019,0.4075903666249019,7.786688805666479,-3.548656615220112,5.9122170816378015,-3.457001561708958,1.8744717240286777,-0.091655053511154,1.8744717240286777,0.091655053511154,1.876711190625019
numerics,213006,previous_inverse_cdf,120,1008,231002,transport_384_192,True,-281.73817459821686,-282.122686066188,0.38451146797115143,0.38451146797115143,7.742113393252988,-3.521475153449116,5.9122170816378015,-3.457001561708958,1.8298963116151867,-0.06447359174015821,1.8298963116151867,0.06447359174015821,1.8310317734257757
numerics,213001,previous_inverse_cdf,120,1008,231001,epsilon_25.6,True,-278.731919447468,-278.7883179993691,0.056398551901111205,0.056398551901111205,-0.5529937441783607,-1.606670492543984,-0.4067981944648237,-1.6025293363527404,-0.146195549713537,-0.004141156191243667,0.146195549713537,0.004141156191243667,0.14625418944646865
numerics,213001,previous_inverse_cdf,120,1008,231002,epsilon_25.6,True,-277.96790617189583,-278.7883179993691,0.820411827473265,0.820411827473265,0.43946673328415264,-1.8119875610862912,-0.4067981944648237,-1.6025293363527404,0.8462649277489763,-0.2094582247335508,0.8462649277489763,0.2094582247335508,0.8718010529051401
numerics,213006,previous_inverse_cdf,120,1008,231001,epsilon_25.6,True,-281.81108220696257,-282.122686066188,0.31160385922544265,0.31160385922544265,7.801163338197151,-3.5464223187972603,5.9122170816378015,-3.457001561708958,1.8889462565593496,-0.08942075708830233,1.8889462565593496,0.08942075708830233,1.891061615063831
numerics,213006,previous_inverse_cdf,120,1008,231002,epsilon_25.6,True,-281.7744828547962,-282.122686066188,0.3482032113918194,0.3482032113918194,7.906356153885746,-3.527934694107797,5.9122170816378015,-3.457001561708958,1.9941390722479442,-0.07093313239883914,1.9941390722479442,0.07093313239883914,1.99540024775427
numerics,213001,previous_inverse_cdf,120,1008,231001,epsilon_409.6,True,-278.6589076993553,-278.7883179993691,0.12941030001377385,0.12941030001377385,-0.3721311755834461,-1.6907043232591423,-0.4067981944648237,-1.6025293363527404,0.034667018881377576,-0.08817498690640191,0.034667018881377576,0.08817498690640191,0.09474508174077395
numerics,213001,previous_inverse_cdf,120,1008,231002,epsilon_409.6,True,-277.9879441014234,-278.7883179993691,0.8003738979456898,0.8003738979456898,0.3714775670426572,-1.8459580315951638,-0.4067981944648237,-1.6025293363527404,0.7782757615074809,-0.2434286952424234,0.7782757615074809,0.2434286952424234,0.8154573505815481
numerics,213006,previous_inverse_cdf,120,1008,231001,epsilon_409.6,True,-281.6290965340313,-282.122686066188,0.49358953215670454,0.49358953215670454,7.784154095258852,-3.56630890837948,5.9122170816378015,-3.457001561708958,1.871937013621051,-0.10930734667052189,1.871937013621051,0.10930734667052189,1.8751256701887071
numerics,213006,previous_inverse_cdf,120,1008,231002,epsilon_409.6,True,-281.7195656967689,-282.122686066188,0.40312036941912766,0.40312036941912766,7.783212928400343,-3.537539884426444,5.9122170816378015,-3.457001561708958,1.8709958467625416,-0.08053832271748584,1.8709958467625416,0.08053832271748584,1.8727284587010542
numerics,213001,previous_inverse_cdf,120,1008,231001,combined_refined,True,-278.7331531316418,-278.7883179993691,0.05516486772728513,0.05516486772728513,-0.5248968801337096,-1.624219181199957,-0.4067981944648237,-1.6025293363527404,-0.11809868566888593,-0.021689844847216477,0.11809868566888593,0.021689844847216477,0.12007393108503879
numerics,213001,previous_inverse_cdf,120,1008,231002,combined_refined,True,-277.9385727460572,-278.7883179993691,0.8497452533118803,0.8497452533118803,0.4663310630515135,-1.8285723394747395,-0.4067981944648237,-1.6025293363527404,0.8731292575163372,-0.2260430031219991,0.8731292575163372,0.2260430031219991,0.901914707492589
numerics,213006,previous_inverse_cdf,120,1008,231001,combined_refined,True,-281.6753116177146,-282.122686066188,0.447374448473397,0.447374448473397,7.77794820013046,-3.5645675161129584,5.9122170816378015,-3.457001561708958,1.8657311184926586,-0.10756595440400041,1.8657311184926586,0.10756595440400041,1.8688293236833349
numerics,213006,previous_inverse_cdf,120,1008,231002,combined_refined,True,-281.7097420421719,-282.122686066188,0.41294402401609887,0.41294402401609887,7.733808223183637,-3.5263751383355606,5.9122170816378015,-3.457001561708958,1.8215911415458352,-0.0693735766266026,1.8215911415458352,0.0693735766266026,1.8229116764375135
mechanism,213001,previous_inverse_cdf,120,1008,214001,reset_mechanism_baseline,True,-278.87363986037633,-278.7883179993691,-0.08532186100723038,0.08532186100723038,-0.26683200025839865,-1.677681012906128,-0.4067981944648237,-1.6025293363527404,0.13996619420642503,-0.0751516765533875,0.13996619420642503,0.0751516765533875,0.1588656980264011
mechanism,213006,previous_inverse_cdf,120,1008,214006,reset_mechanism_baseline,True,-282.8206013172126,-282.122686066188,-0.6979152510245967,0.6979152510245967,9.772706943535356,-4.098035712685407,5.9122170816378015,-3.457001561708958,3.8604898618975545,-0.641034150976449,3.8604898618975545,0.641034150976449,3.913349812696521
replay,213001,repaired_permutation,120,1008,214001,baseline,True,-278.8757756488375,-278.7883179993691,-0.08745764946837653,0.08745764946837653,-0.2731992732143737,-1.6804633566549971,-0.4067981944648237,-1.6025293363527404,0.13359892125044998,-0.07793402030225671,0.13359892125044998,0.07793402030225671,0.1546686240960218
replay,213006,repaired_permutation,120,1008,214006,baseline,True,-282.8275084308553,-282.122686066188,-0.7048223646672795,0.7048223646672795,9.699850740939407,-4.092299926548478,5.9122170816378015,-3.457001561708958,3.787633659301606,-0.6352983648395196,3.787633659301606,0.6352983648395196,3.840543288317714
derivative,213001,repaired_permutation,10,1008,214001,baseline,True,-22.792627321464998,-22.85537101215709,0.06274369069209129,0.06274369069209129,-0.48719098203663025,-0.28129289012880015,-0.3640112417114796,-0.42257092884660963,-0.12317974032515067,0.14127803871780947,0.12317974032515067,0.14127803871780947,0.1874372765767856
derivative,213001,repaired_permutation,50,1008,214001,baseline,True,-113.70110324182201,-113.83245348332603,0.1313502415040233,0.1313502415040233,-0.031415408410439424,-1.1920349843157316,-0.15655952589197694,-1.3383629014279197,0.12514411748153753,0.14632791711218807,0.12514411748153753,0.14632791711218807,0.192543266479574
derivative,213001,repaired_permutation,120,1008,214001,baseline,True,-278.8757756488375,-278.7883179993691,-0.08745764946837653,0.08745764946837653,-0.2731992732143737,-1.6804633566549971,-0.4067981944648237,-1.6025293363527404,0.13359892125044998,-0.07793402030225671,0.13359892125044998,0.07793402030225671,0.1546686240960218
derivative,213006,repaired_permutation,10,1008,214006,baseline,True,-25.29263681794599,-25.24492910997067,-0.04770770797532009,0.04770770797532009,-0.020595050933659764,-1.0426191737205057,0.0830745510076556,-1.1593355029277728,-0.10366960194131536,0.11671632920726704,0.10366960194131536,0.11671632920726704,0.1561092177620845
derivative,213006,repaired_permutation,50,1008,214006,baseline,True,-111.69081028583723,-112.1202394874337,0.4294292015964629,0.4294292015964629,-0.4886772457224075,-1.2795221232244427,-0.8151085353019292,-1.460711503617038,0.32643128957952167,0.18118938039259525,0.32643128957952167,0.18118938039259525,0.3733456553699294
derivative,213006,repaired_permutation,120,1008,214006,baseline,True,-282.8275084308553,-282.122686066188,-0.7048223646672795,0.7048223646672795,9.699850740939407,-4.092299926548478,5.9122170816378015,-3.457001561708958,3.787633659301606,-0.6352983648395196,3.787633659301606,0.6352983648395196,3.840543288317714
particles,213001,repaired_permutation,120,1008,231001,baseline,True,-278.70823699033775,-278.7883179993691,0.08008100903134618,0.08008100903134618,-0.4563302487208758,-1.6356456919794935,-0.4067981944648237,-1.6025293363527404,-0.049532054256052116,-0.03311635562675308,0.049532054256052116,0.03311635562675308,0.05958286170386642
particles,213001,repaired_permutation,120,1008,231002,baseline,True,-277.97292803509487,-278.7883179993691,0.8153899642742317,0.8153899642742317,0.39368070916150444,-1.8336671309288954,-0.4067981944648237,-1.6025293363527404,0.8004789036263281,-0.23113779457615502,0.8004789036263281,0.23113779457615502,0.8331813459459694
particles,213001,repaired_permutation,120,1008,231003,baseline,True,-278.28104915471965,-278.7883179993691,0.5072688446494453,0.5072688446494453,0.3442759969866878,-1.8343939182655333,-0.4067981944648237,-1.6025293363527404,0.7510741914515116,-0.2318645819127929,0.7510741914515116,0.2318645819127929,0.7860493784808535
particles,213001,repaired_permutation,120,1008,231004,baseline,True,-278.8431174546105,-278.7883179993691,-0.054799455241379746,0.054799455241379746,-0.3228808417540346,-1.7825122090552492,-0.4067981944648237,-1.6025293363527404,0.0839173527107891,-0.1799828727025088,0.0839173527107891,0.1799828727025088,0.19858488500445964
particles,213001,repaired_permutation,120,1008,231005,baseline,True,-279.12463805968275,-278.7883179993691,-0.33632006031365336,0.33632006031365336,-0.3332815417742293,-1.7618048722697819,-0.4067981944648237,-1.6025293363527404,0.07351665269059438,-0.15927553591704147,0.07351665269059438,0.15927553591704147,0.17542347210248188
particles,213001,repaired_permutation,120,1008,231006,baseline,True,-278.70801935397145,-278.7883179993691,0.0802986453976473,0.0802986453976473,-0.08172772492148814,-1.7318305457089456,-0.4067981944648237,-1.6025293363527404,0.3250704695433355,-0.12930120935620515,0.3250704695433355,0.12930120935620515,0.3498422686155888
particles,213001,repaired_permutation,120,1008,231007,baseline,True,-279.43918839070585,-278.7883179993691,-0.6508703913367526,0.6508703913367526,-0.9821559593523541,-1.6081565393906498,-0.4067981944648237,-1.6025293363527404,-0.5753577648875304,-0.005627203037909423,0.5753577648875304,0.005627203037909423,0.575385282250428
particles,213001,repaired_permutation,120,1008,231008,baseline,True,-278.8458613198172,-278.7883179993691,-0.057543320448075974,0.057543320448075974,0.019987750627143225,-1.7781761176318096,-0.4067981944648237,-1.6025293363527404,0.4267859450919669,-0.1756467812790692,0.4267859450919669,0.1756467812790692,0.46151710120183037
particles,213006,repaired_permutation,120,1008,231001,baseline,True,-281.71839949867,-282.122686066188,0.40428656751799963,0.40428656751799963,7.805625611020444,-3.5454323270706176,5.9122170816378015,-3.457001561708958,1.8934085293826426,-0.08843076536165961,1.8934085293826426,0.08843076536165961,1.8954724633719664
particles,213006,repaired_permutation,120,1008,231002,baseline,True,-281.73948832175665,-282.122686066188,0.38319774443135657,0.38319774443135657,7.744971171611418,-3.5224058089305994,5.9122170816378015,-3.457001561708958,1.8327540899736166,-0.0654042472216414,1.8327540899736166,0.0654042472216414,1.8339207370738924
particles,213006,repaired_permutation,120,1008,231003,baseline,True,-282.04728776370484,-282.122686066188,0.07539830248316548,0.07539830248316548,7.385653481651611,-3.428051438530082,5.9122170816378015,-3.457001561708958,1.4734364000138092,0.02895012317887602,1.4734364000138092,0.02895012317887602,1.4737207790208178
particles,213006,repaired_permutation,120,1008,231004,baseline,True,-282.3951880512368,-282.122686066188,-0.2725019850487911,0.2725019850487911,7.3368646711822745,-3.4655166942006965,5.9122170816378015,-3.457001561708958,1.424647589544473,-0.00851513249173852,1.424647589544473,0.00851513249173852,1.4246730368320406
particles,213006,repaired_permutation,120,1008,231005,baseline,True,-280.81352697877895,-282.122686066188,1.309159087409057,1.309159087409057,8.084183457655367,-3.678637902688428,5.9122170816378015,-3.457001561708958,2.171966376017566,-0.22163634097947016,2.171966376017566,0.22163634097947016,2.1832454296742836
particles,213006,repaired_permutation,120,1008,231006,baseline,True,-282.0278318035859,-282.122686066188,0.09485426260209806,0.09485426260209806,7.506307070534302,-3.584817134159055,5.9122170816378015,-3.457001561708958,1.5940899888965,-0.12781557245009711,1.5940899888965,0.12781557245009711,1.599205963364566
particles,213006,repaired_permutation,120,1008,231007,baseline,True,-281.3667735155769,-282.122686066188,0.7559125506111286,0.7559125506111286,8.04730972964209,-3.5388151218284065,5.9122170816378015,-3.457001561708958,2.1350926480042878,-0.08181356011944851,2.1350926480042878,0.08181356011944851,2.1366595597290132
particles,213006,repaired_permutation,120,1008,231008,baseline,True,-281.5348643937877,-282.122686066188,0.5878216724003096,0.5878216724003096,8.028362658205817,-3.496407527404441,5.9122170816378015,-3.457001561708958,2.116145576568015,-0.03940596569548305,2.116145576568015,0.03940596569548305,2.116512445359292
particles,213001,repaired_permutation,120,2016,231001,baseline,True,-278.7958083656624,-278.7883179993691,-0.0074903662933252235,0.0074903662933252235,-0.44401194761602536,-1.6524034968416388,-0.4067981944648237,-1.6025293363527404,-0.03721375315120168,-0.04987416048889837,0.03721375315120168,0.04987416048889837,0.062227769589396055
particles,213001,repaired_permutation,120,2016,231002,baseline,True,-278.3792206032446,-278.7883179993691,0.40909739612447993,0.40909739612447993,-0.012605721864382385,-1.7689064320751358,-0.4067981944648237,-1.6025293363527404,0.3941924726004413,-0.16637709572239534,0.3941924726004413,0.16637709572239534,0.4278656838727181
particles,213001,repaired_permutation,120,2016,231003,baseline,True,-278.6515807490849,-278.7883179993691,0.1367372502841704,0.1367372502841704,-0.1380276879838035,-1.6520773157336568,-0.4067981944648237,-1.6025293363527404,0.2687705064810202,-0.049547979380916374,0.2687705064810202,0.049547979380916374,0.2732994464224101
particles,213001,repaired_permutation,120,2016,231004,baseline,True,-279.0485669676924,-278.7883179993691,-0.26024896832331024,0.26024896832331024,-0.4875208464142,-1.7421299051945784,-0.4067981944648237,-1.6025293363527404,-0.08072265194937633,-0.13960056884183802,0.08072265194937633,0.13960056884183802,0.16125900086105244
particles,213001,repaired_permutation,120,2016,231005,baseline,True,-279.0501384029532,-278.7883179993691,-0.2618204035841245,0.2618204035841245,-0.3937211037251938,-1.7621356418205374,-0.4067981944648237,-1.6025293363527404,0.01307709073962987,-0.15960630546779697,0.01307709073962987,0.15960630546779697,0.16014113477583525
particles,213001,repaired_permutation,120,2016,231006,baseline,True,-278.3098170855647,-278.7883179993691,0.4785009138043961,0.4785009138043961,0.19572243514814056,-1.804992966682894,-0.4067981944648237,-1.6025293363527404,0.6025206296129643,-0.2024636303301537,0.6025206296129643,0.2024636303301537,0.6356277453947932
particles,213001,repaired_permutation,120,2016,231007,baseline,True,-278.99472940061713,-278.7883179993691,-0.20641140124803314,0.20641140124803314,-0.7011774419180481,-1.6731858660131633,-0.4067981944648237,-1.6025293363527404,-0.2943792474532244,-0.0706565296604229,0.2943792474532244,0.0706565296604229,0.3027399651760252
particles,213001,repaired_permutation,120,2016,231008,baseline,True,-278.9643550849133,-278.7883179993691,-0.17603708554418063,0.17603708554418063,-0.23886816821036364,-1.734205856208971,-0.4067981944648237,-1.6025293363527404,0.16793002625446005,-0.13167651985623063,0.16793002625446005,0.13167651985623063,0.21339915557300582
particles,213006,repaired_permutation,120,2016,231001,baseline,True,-282.0441229966172,-282.122686066188,0.07856306957080506,0.07856306957080506,7.5111753640160375,-3.499401798075007,5.9122170816378015,-3.457001561708958,1.598958282378236,-0.04240023636604917,1.598958282378236,0.04240023636604917,1.59952035586605
particles,213006,repaired_permutation,120,2016,231002,baseline,True,-282.09970502718215,-282.122686066188,0.02298103900585602,0.02298103900585602,7.6147477328796445,-3.5201175451334716,5.9122170816378015,-3.457001561708958,1.702530651241843,-0.06311598342451363,1.702530651241843,0.06311598342451363,1.7037001631101694
particles,213006,repaired_permutation,120,2016,231003,baseline,True,-282.09211369899464,-282.122686066188,0.030572367193371974,0.030572367193371974,7.3949949564280075,-3.4506538047335304,5.9122170816378015,-3.457001561708958,1.482777874790206,0.006347756975427554,1.482777874790206,0.006347756975427554,1.4827914620694236
particles,213006,repaired_permutation,120,2016,231004,baseline,True,-281.75945864116505,-282.122686066188,0.3632274250229557,0.3632274250229557,8.138176132848098,-3.5370849689544683,5.9122170816378015,-3.457001561708958,2.225959051210297,-0.08008340724551033,2.225959051210297,0.08008340724551033,2.2273991671411517
particles,213006,repaired_permutation,120,2016,231005,baseline,True,-281.44384633696836,-282.122686066188,0.6788397292196464,0.6788397292196464,8.211748739562493,-3.6756898081158402,5.9122170816378015,-3.457001561708958,2.2995316579246916,-0.21868824640688223,2.2995316579246916,0.21868824640688223,2.3099070100145584
particles,213006,repaired_permutation,120,2016,231006,baseline,True,-281.67935319810283,-282.122686066188,0.4433328680851787,0.4433328680851787,7.938552083256934,-3.57605809619768,5.9122170816378015,-3.457001561708958,2.026335001619133,-0.11905653448872178,2.026335001619133,0.11905653448872178,2.0298295488023803
particles,213006,repaired_permutation,120,2016,231007,baseline,True,-281.8126491005676,-282.122686066188,0.31003696562038385,0.31003696562038385,7.59372827597556,-3.469858990842677,5.9122170816378015,-3.457001561708958,1.6815111943377588,-0.012857429133719123,1.6815111943377588,0.012857429133719123,1.6815603498438956
particles,213006,repaired_permutation,120,2016,231008,baseline,True,-281.7346495576862,-282.122686066188,0.3880365085017843,0.3880365085017843,7.916064105292202,-3.521223925026083,5.9122170816378015,-3.457001561708958,2.0038470236544006,-0.06422236331712483,2.0038470236544006,0.06422236331712483,2.0048759079201477
particles,213001,repaired_permutation,120,4032,231001,baseline,True,-278.6114566010399,-278.7883179993691,0.17686139832920844,0.17686139832920844,-0.0028016634134501728,-1.7343541086433538,-0.4067981944648237,-1.6025293363527404,0.4039965310513735,-0.1318247722906134,0.4039965310513735,0.1318247722906134,0.42495996010332016
particles,213001,repaired_permutation,120,4032,231002,baseline,True,-278.46407811365515,-278.7883179993691,0.32423988571395057,0.32423988571395057,-0.0886744726001106,-1.8575355081566307,-0.4067981944648237,-1.6025293363527404,0.31812372186471305,-0.2550061718038903,0.31812372186471305,0.2550061718038903,0.4077141769317478
particles,213001,repaired_permutation,120,4032,231003,baseline,True,-278.48490806862975,-278.7883179993691,0.30340993073934897,0.30340993073934897,0.16914199040404598,-1.7657856881011196,-0.4067981944648237,-1.6025293363527404,0.5759401848688697,-0.16325635174837916,0.5759401848688697,0.16325635174837916,0.5986315502318419
particles,213001,repaired_permutation,120,4032,231004,baseline,True,-278.80444942824687,-278.7883179993691,-0.016131428877770304,0.016131428877770304,-0.20946818959207802,-1.7965272270870254,-0.4067981944648237,-1.6025293363527404,0.19733000487274566,-0.19399789073428497,0.19733000487274566,0.19399789073428497,0.27672063969358957
particles,213001,repaired_permutation,120,4032,231005,baseline,True,-278.9239859713294,-278.7883179993691,-0.13566797196028801,0.13566797196028801,-0.25548899755486787,-1.8064759926735245,-0.4067981944648237,-1.6025293363527404,0.1513091969099558,-0.20394665632078413,0.1513091969099558,0.20394665632078413,0.25394627718075297
particles,213001,repaired_permutation,120,4032,231006,baseline,True,-278.61250867916385,-278.7883179993691,0.17580932020524642,0.17580932020524642,-0.3329003641522299,-1.8539557595594904,-0.4067981944648237,-1.6025293363527404,0.07389783031259378,-0.25142642320675,0.07389783031259378,0.25142642320675,0.26206132032684387
particles,213001,repaired_permutation,120,4032,231007,baseline,True,-278.817823978564,-278.7883179993691,-0.029505979194880183,0.029505979194880183,-0.3986403578870623,-1.73118247975631,-0.4067981944648237,-1.6025293363527404,0.008157836577761368,-0.1286531434035696,0.008157836577761368,0.1286531434035696,0.12891152626995347
particles,213001,repaired_permutation,120,4032,231008,baseline,True,-278.6961585762575,-278.7883179993691,0.09215942311158187,0.09215942311158187,-0.10029471488709443,-1.7374775646745801,-0.4067981944648237,-1.6025293363527404,0.3065034795777293,-0.13494822832183972,0.3065034795777293,0.13494822832183972,0.3348961142211998
particles,213006,repaired_permutation,120,4032,231001,baseline,True,-282.08539957299917,-282.122686066188,0.03728649318884436,0.03728649318884436,7.521115006393712,-3.4862892081911787,5.9122170816378015,-3.457001561708958,1.6088979247559108,-0.02928764648222071,1.6088979247559108,0.02928764648222071,1.6091644721781375
particles,213006,repaired_permutation,120,4032,231002,baseline,True,-281.9840151873632,-282.122686066188,0.13867087882482565,0.13867087882482565,7.678165469055316,-3.5191104057500024,5.9122170816378015,-3.457001561708958,1.7659483874175148,-0.06210884404104444,1.7659483874175148,0.06210884404104444,1.7670402416274045
particles,213006,repaired_permutation,120,4032,231003,baseline,True,-282.0242511295893,-282.122686066188,0.09843493659872138,0.09843493659872138,7.19937975457918,-3.430940347549251,5.9122170816378015,-3.457001561708958,1.2871626729413785,0.02606121415970719,1.2871626729413785,0.02606121415970719,1.287426476928711
particles,213006,repaired_permutation,120,4032,231004,baseline,True,-281.8428042319821,-282.122686066188,0.2798818342059235,0.2798818342059235,8.235265770427814,-3.571005551213908,5.9122170816378015,-3.457001561708958,2.3230486887900126,-0.11400398950494983,2.3230486887900126,0.11400398950494983,2.3258443886279325
particles,213006,repaired_permutation,120,4032,231005,baseline,True,-281.46261070704907,-282.122686066188,0.6600753591389434,0.6600753591389434,8.291147990929575,-3.671483807690039,5.9122170816378015,-3.457001561708958,2.378930909291774,-0.21448224598108112,2.378930909291774,0.21448224598108112,2.388580102283546
particles,213006,repaired_permutation,120,4032,231006,baseline,True,-282.1011320619525,-282.122686066188,0.02155400423549736,0.02155400423549736,7.938428324998518,-3.601001821368028,5.9122170816378015,-3.457001561708958,2.0262112433607165,-0.14400025965906993,2.0262112433607165,0.14400025965906993,2.031321756271827
particles,213006,repaired_permutation,120,4032,231007,baseline,True,-281.64579913790755,-282.122686066188,0.4768869282804644,0.4768869282804644,7.758782637774142,-3.4687882481524204,5.9122170816378015,-3.457001561708958,1.8465655561363405,-0.011786686443462369,1.8465655561363405,0.011786686443462369,1.8466031731496697
particles,213006,repaired_permutation,120,4032,231008,baseline,True,-281.8959323522543,-282.122686066188,0.2267537139337037,0.2267537139337037,7.381959242639559,-3.448466217628036,5.9122170816378015,-3.457001561708958,1.4697421610017578,0.008535344080922158,1.4697421610017578,0.008535344080922158,1.4697669447652904
numerics,213001,repaired_permutation,120,1008,231001,baseline,True,-278.70823699033775,-278.7883179993691,0.08008100903134618,0.08008100903134618,-0.4563302487208758,-1.6356456919794935,-0.4067981944648237,-1.6025293363527404,-0.049532054256052116,-0.03311635562675308,0.049532054256052116,0.03311635562675308,0.05958286170386642
numerics,213001,repaired_permutation,120,1008,231002,baseline,True,-277.97292803509487,-278.7883179993691,0.8153899642742317,0.8153899642742317,0.39368070916150444,-1.8336671309288954,-0.4067981944648237,-1.6025293363527404,0.8004789036263281,-0.23113779457615502,0.8004789036263281,0.23113779457615502,0.8331813459459694
numerics,213006,repaired_permutation,120,1008,231001,baseline,True,-281.71839949867,-282.122686066188,0.40428656751799963,0.40428656751799963,7.805625611020444,-3.5454323270706176,5.9122170816378015,-3.457001561708958,1.8934085293826426,-0.08843076536165961,1.8934085293826426,0.08843076536165961,1.8954724633719664
numerics,213006,repaired_permutation,120,1008,231002,baseline,True,-281.73948832175665,-282.122686066188,0.38319774443135657,0.38319774443135657,7.744971171611418,-3.5224058089305994,5.9122170816378015,-3.457001561708958,1.8327540899736166,-0.0654042472216414,1.8327540899736166,0.0654042472216414,1.8339207370738924
numerics,213001,repaired_permutation,120,1008,231001,flow_16,True,-278.72353143995736,-278.7883179993691,0.06478655941174338,0.06478655941174338,-0.48426425145574303,-1.6290569456231632,-0.4067981944648237,-1.6025293363527404,-0.07746605699091935,-0.026527609270422747,0.07746605699091935,0.026527609270422747,0.0818822571704309
numerics,213001,repaired_permutation,120,1008,231002,flow_16,True,-277.9533024012876,-278.7883179993691,0.8350155980814975,0.8350155980814975,0.42490931906833024,-1.8312796205785078,-0.4067981944648237,-1.6025293363527404,0.831707513533154,-0.22875028422576738,0.831707513533154,0.22875028422576738,0.8625914911479656
numerics,213006,repaired_permutation,120,1008,231001,flow_16,True,-281.69741741420074,-282.122686066188,0.4252686519872668,0.4252686519872668,7.877446870891782,-3.5318194505685923,5.9122170816378015,-3.457001561708958,1.9652297892539803,-0.07481788885963425,1.9652297892539803,0.07481788885963425,1.9666534623732408
numerics,213006,repaired_permutation,120,1008,231002,flow_16,True,-281.7243255390565,-282.122686066188,0.3983605271315014,0.3983605271315014,7.7768342283537235,-3.520384000661975,5.9122170816378015,-3.457001561708958,1.864617146715922,-0.06338243895301687,1.864617146715922,0.06338243895301687,1.86569408998224
numerics,213001,repaired_permutation,120,1008,231001,flow_32,True,-278.7315476146681,-278.7883179993691,0.0567703847009966,0.0567703847009966,-0.5155523895984944,-1.6291952133626204,-0.4067981944648237,-1.6025293363527404,-0.10875419513367068,-0.02666587700987999,0.10875419513367068,0.02666587700987999,0.11197564001102457
numerics,213001,repaired_permutation,120,1008,231002,flow_32,True,-277.94365437615807,-278.7883179993691,0.8446636232110336,0.8446636232110336,0.4606569503959922,-1.827339663305692,-0.4067981944648237,-1.6025293363527404,0.8674551448608159,-0.22481032695295156,0.8674551448608159,0.22481032695295156,0.8961127783098465
numerics,213006,repaired_permutation,120,1008,231001,flow_32,True,-281.68673640796584,-282.122686066188,0.4359496582221709,0.4359496582221709,7.872299294586834,-3.5516518976428846,5.9122170816378015,-3.457001561708958,1.9600822129490325,-0.09465033593392658,1.9600822129490325,0.09465033593392658,1.962366165528641
numerics,213006,repaired_permutation,120,1008,231002,flow_32,True,-281.7163902390613,-282.122686066188,0.4062958271267121,0.4062958271267121,7.750205940728602,-3.5254655842034297,5.9122170816378015,-3.457001561708958,1.8379888590908005,-0.0684640224944717,1.8379888590908005,0.0684640224944717,1.8392635397131174
numerics,213001,repaired_permutation,120,1008,231001,flow_64,True,-278.7355175985182,-278.7883179993691,0.052800400850912865,0.052800400850912865,-0.5542949366397758,-1.6321843902592583,-0.4067981944648237,-1.6025293363527404,-0.14749674217495212,-0.029655053906517903,0.14749674217495212,0.029655053906517903,0.15044836713777515
numerics,213001,repaired_permutation,120,1008,231002,flow_64,True,-277.938937192203,-278.7883179993691,0.8493808071660851,0.8493808071660851,0.45691760917131097,-1.8300623429342442,-0.4067981944648237,-1.6025293363527404,0.8637158036361346,-0.22753300658150377,0.8637158036361346,0.22753300658150377,0.8931832166665653
numerics,213006,repaired_permutation,120,1008,231001,flow_64,True,-281.6811896848125,-282.122686066188,0.44149638137548664,0.44149638137548664,7.857490196079976,-3.5507059963685905,5.9122170816378015,-3.457001561708958,1.9452731144421742,-0.09370443465963252,1.9452731144421742,0.09370443465963252,1.947528693202346
numerics,213006,repaired_permutation,120,1008,231002,flow_64,True,-281.7119399053012,-282.122686066188,0.41074616088678795,0.41074616088678795,7.753944056009563,-3.522650382747532,5.9122170816378015,-3.457001561708958,1.8417269743717615,-0.06564882103857395,1.8417269743717615,0.06564882103857395,1.8428966373164606
numerics,213001,repaired_permutation,120,1008,231001,transport_96_48,True,-278.7082369909662,-278.7883179993691,0.08008100840288535,0.08008100840288535,-0.45633025006176703,-1.6356456918479438,-0.4067981944648237,-1.6025293363527404,-0.04953205559694335,-0.03311635549520342,0.04953205559694335,0.03311635549520342,0.059582862745452034
numerics,213001,repaired_permutation,120,1008,231002,transport_96_48,True,-277.97292803518724,-278.7883179993691,0.8153899641818612,0.8153899641818612,0.39368070917328307,-1.8336671309374024,-0.4067981944648237,-1.6025293363527404,0.8004789036381068,-0.231137794584662,0.8004789036381068,0.231137794584662,0.8331813459596458
numerics,213006,repaired_permutation,120,1008,231001,transport_96_48,True,-281.7183994995133,-282.122686066188,0.4042865666747275,0.4042865666747275,7.805625610365005,-3.5454323269936943,5.9122170816378015,-3.457001561708958,1.8934085287272033,-0.08843076528473626,1.8934085287272033,0.08843076528473626,1.895472462713652
numerics,213006,repaired_permutation,120,1008,231002,transport_96_48,True,-281.7394883222829,-282.122686066188,0.3831977439051002,0.3831977439051002,7.744971172024383,-3.522405808764713,5.9122170816378015,-3.457001561708958,1.8327540903865813,-0.06540424705575498,1.8327540903865813,0.06540424705575498,1.8339207374806785
numerics,213001,repaired_permutation,120,1008,231001,transport_384_192,True,-278.7082369933503,-278.7883179993691,0.08008100601881551,0.08008100601881551,-0.45633025514902265,-1.6356456913488713,-0.4067981944648237,-1.6025293363527404,-0.049532060684198964,-0.03311635499613086,0.049532060684198964,0.03311635499613086,0.05958286669717168
numerics,213001,repaired_permutation,120,1008,231002,transport_384_192,True,-277.9729280355372,-278.7883179993691,0.8153899638318762,0.8153899638318762,0.3936807092178059,-1.8336671309691992,-0.4067981944648237,-1.6025293363527404,0.8004789036826296,-0.23113779461645878,0.8004789036826296,0.23113779461645878,0.833181346011242
numerics,213006,repaired_permutation,120,1008,231001,transport_384_192,True,-281.718399502711,-282.122686066188,0.404286563477001,0.404286563477001,7.805625607882731,-3.5454323267034433,5.9122170816378015,-3.457001561708958,1.8934085262449294,-0.08843076499448532,1.8934085262449294,0.08843076499448532,1.8954724602205395
numerics,213006,repaired_permutation,120,1008,231002,transport_384_192,True,-281.73948832427857,-282.122686066188,0.38319774190944145,0.38319774190944145,7.74497117359321,-3.522405808135655,5.9122170816378015,-3.457001561708958,1.8327540919554082,-0.06540424642669684,1.8327540919554082,0.06540424642669684,1.8339207390260728
numerics,213001,repaired_permutation,120,1008,231001,epsilon_25.6,True,-278.7332581217312,-278.7883179993691,0.05505987763791609,0.05505987763791609,-0.5102366724629775,-1.614348134041963,-0.4067981944648237,-1.6025293363527404,-0.10343847799815387,-0.01181879768922256,0.10343847799815387,0.01181879768922256,0.10411149172590571
numerics,213001,repaired_permutation,120,1008,231002,epsilon_25.6,True,-277.9669368167381,-278.7883179993691,0.8213811826310007,0.8213811826310007,0.4309270349015041,-1.815576117835876,-0.4067981944648237,-1.6025293363527404,0.8377252293663278,-0.2130467814831356,0.8377252293663278,0.2130467814831356,0.8643913992036185
numerics,213006,repaired_permutation,120,1008,231001,epsilon_25.6,True,-281.8166417895664,-282.122686066188,0.3060442766216056,0.3060442766216056,7.784236757425777,-3.5518076329320163,5.9122170816378015,-3.457001561708958,1.8720196757879757,-0.09480607122305829,1.8720196757879757,0.09480607122305829,1.874418805304212
numerics,213006,repaired_permutation,120,1008,231002,epsilon_25.6,True,-281.7761944594371,-282.122686066188,0.3464916067509307,0.3464916067509307,7.906026986125098,-3.5260323727501373,5.9122170816378015,-3.457001561708958,1.9938099044872963,-0.06903081104117925,1.9938099044872963,0.06903081104117925,1.9950045584170089
numerics,213001,repaired_permutation,120,1008,231001,epsilon_409.6,True,-278.6593286531928,-278.7883179993691,0.1289893461762972,0.1289893461762972,-0.35630540345326384,-1.6701585382696302,-0.4067981944648237,-1.6025293363527404,0.050492791011559846,-0.06762920191688981,0.050492791011559846,0.06762920191688981,0.08439923516272237
numerics,213001,repaired_permutation,120,1008,231002,epsilon_409.6,True,-277.98872956032767,-278.7883179993691,0.799588439041429,0.799588439041429,0.333138263357888,-1.8593697577700226,-0.4067981944648237,-1.6025293363527404,0.7399364578227117,-0.25684042141728214,0.7399364578227117,0.25684042141728214,0.7832451491640587
numerics,213006,repaired_permutation,120,1008,231001,epsilon_409.6,True,-281.63055189581667,-282.122686066188,0.49213417037134377,0.49213417037134377,7.872721243438964,-3.5719377540027004,5.9122170816378015,-3.457001561708958,1.960504161801163,-0.11493619229374241,1.960504161801163,0.11493619229374241,1.9638703869498781
numerics,213006,repaired_permutation,120,1008,231002,epsilon_409.6,True,-281.71970802386204,-282.122686066188,0.40297804232596945,0.40297804232596945,7.751687044218543,-3.5440421753167044,5.9122170816378015,-3.457001561708958,1.8394699625807416,-0.0870406136077464,1.8394699625807416,0.0870406136077464,1.8415281186161692
numerics,213001,repaired_permutation,120,1008,231001,combined_refined,True,-278.73551760184705,-278.7883179993691,0.05280039752204857,0.05280039752204857,-0.5542949426876738,-1.6321843896363648,-0.4067981944648237,-1.6025293363527404,-0.14749674822285008,-0.02965505328362439,0.14749674822285008,0.02965505328362439,0.15044837294424102
numerics,213001,repaired_permutation,120,1008,231002,combined_refined,True,-277.93893719299024,-278.7883179993691,0.8493808063788606,0.8493808063788606,0.4569176092842859,-1.8300623424546463,-0.4067981944648237,-1.6025293363527404,0.8637158037491095,-0.22753300610190585,0.8637158037491095,0.22753300610190585,0.8931832166536383
numerics,213006,repaired_permutation,120,1008,231001,combined_refined,True,-281.68118968983094,-282.122686066188,0.4414963763570654,0.4414963763570654,7.857490189601405,-3.5507059945176773,5.9122170816378015,-3.457001561708958,1.9452731079636036,-0.09370443280871932,1.9452731079636036,0.09370443280871932,1.9475286866422228
numerics,213006,repaired_permutation,120,1008,231002,combined_refined,True,-281.7119399081861,-282.122686066188,0.4107461580019276,0.4107461580019276,7.753944058545433,-3.522650382867352,5.9122170816378015,-3.457001561708958,1.8417269769076317,-0.0656488211583941,1.8417269769076317,0.0656488211583941,1.8428966398549895
mechanism,213001,repaired_permutation,120,1008,214001,reset_mechanism_baseline,True,-278.8757756488375,-278.7883179993691,-0.08745764946837653,0.08745764946837653,-0.2731992732143737,-1.6804633566549971,-0.4067981944648237,-1.6025293363527404,0.13359892125044998,-0.07793402030225671,0.13359892125044998,0.07793402030225671,0.1546686240960218
mechanism,213006,repaired_permutation,120,1008,214006,reset_mechanism_baseline,True,-282.8275084308553,-282.122686066188,-0.7048223646672795,0.7048223646672795,9.699850740939407,-4.092299926548478,5.9122170816378015,-3.457001561708958,3.787633659301606,-0.6352983648395196,3.787633659301606,0.6352983648395196,3.840543288317714
replay,213001,repaired_permutation_ablation,120,1008,214001,baseline,True,-278.87670864723043,-278.7883179993691,-0.08839064786133122,0.08839064786133122,-0.26736536967567615,-1.6790104286417362,-0.4067981944648237,-1.6025293363527404,0.13943282478914754,-0.0764810922889958,0.13943282478914754,0.0764810922889958,0.1590310350415887
replay,213006,repaired_permutation_ablation,120,1008,214006,baseline,True,-282.8361867684325,-282.122686066188,-0.7135007022445166,0.7135007022445166,9.713086554429967,-4.097574654111128,5.9122170816378015,-3.457001561708958,3.800869472792166,-0.6405730924021698,3.800869472792166,0.6405730924021698,3.8544704741265146
derivative,213001,repaired_permutation_ablation,10,1008,214001,baseline,True,-22.79188140119988,-22.85537101215709,0.06348961095720895,0.06348961095720895,-0.4865234186864957,-0.27997586729053486,-0.3640112417114796,-0.42257092884660963,-0.1225121769750161,0.14259506155607476,0.1225121769750161,0.14259506155607476,0.18799623689674858
derivative,213001,repaired_permutation_ablation,50,1008,214001,baseline,True,-113.69930995244844,-113.83245348332603,0.13314353087758946,0.13314353087758946,-0.031826568083535976,-1.1906055526465544,-0.15655952589197694,-1.3383629014279197,0.12473295780844096,0.14775734878136526,0.12473295780844096,0.14775734878136526,0.1933663488886842
derivative,213001,repaired_permutation_ablation,120,1008,214001,baseline,True,-278.87670864723043,-278.7883179993691,-0.08839064786133122,0.08839064786133122,-0.26736536967567615,-1.6790104286417362,-0.4067981944648237,-1.6025293363527404,0.13943282478914754,-0.0764810922889958,0.13943282478914754,0.0764810922889958,0.1590310350415887
derivative,213006,repaired_permutation_ablation,10,1008,214006,baseline,True,-25.293418648045552,-25.24492910997067,-0.04848953807488243,0.04848953807488243,-0.02413607669008866,-1.039736813270847,0.0830745510076556,-1.1593355029277728,-0.10721062769774425,0.11959868965692566,0.10721062769774425,0.11959868965692566,0.16061745004512412
derivative,213006,repaired_permutation_ablation,50,1008,214006,baseline,True,-111.69088555024994,-112.1202394874337,0.42935393718374826,0.42935393718374826,-0.49791284522274976,-1.2771432050800398,-0.8151085353019292,-1.460711503617038,0.3171956900791794,0.1835682985369982,0.3171956900791794,0.1835682985369982,0.3664838687208147
derivative,213006,repaired_permutation_ablation,120,1008,214006,baseline,True,-282.8361867684325,-282.122686066188,-0.7135007022445166,0.7135007022445166,9.713086554429967,-4.097574654111128,5.9122170816378015,-3.457001561708958,3.800869472792166,-0.6405730924021698,3.800869472792166,0.6405730924021698,3.8544704741265146
particles,213001,repaired_permutation_ablation,120,1008,231001,baseline,True,-278.70808618022295,-278.7883179993691,0.08023181914614952,0.08023181914614952,-0.44885826932664685,-1.6312475992877118,-0.4067981944648237,-1.6025293363527404,-0.04206007486182317,-0.028718262934971373,0.04206007486182317,0.028718262934971373,0.050929250174966446
particles,213001,repaired_permutation_ablation,120,1008,231002,baseline,True,-277.9721022410382,-278.7883179993691,0.816215758330884,0.816215758330884,0.38841403834695687,-1.8354924673303175,-0.4067981944648237,-1.6025293363527404,0.7952122328117806,-0.23296313097757704,0.7952122328117806,0.23296313097757704,0.828634005824268
particles,213001,repaired_permutation_ablation,120,1008,231003,baseline,True,-278.2806467939673,-278.7883179993691,0.5076712054017776,0.5076712054017776,0.33858173688477844,-1.8347239575541783,-0.4067981944648237,-1.6025293363527404,0.7453799313496021,-0.23219462120143786,0.7453799313496021,0.23219462120143786,0.7807083861299409
particles,213001,repaired_permutation_ablation,120,1008,231004,baseline,True,-278.84253804176967,-278.7883179993691,-0.054220042400572765,0.054220042400572765,-0.31696368846385187,-1.788768793212571,-0.4067981944648237,-1.6025293363527404,0.08983450600097181,-0.18623945685983068,0.08983450600097181,0.18623945685983068,0.20677372599023158
particles,213001,repaired_permutation_ablation,120,1008,231005,baseline,True,-279.1242832568871,-278.7883179993691,-0.3359652575180121,0.3359652575180121,-0.3562655901997007,-1.7661325619425101,-0.4067981944648237,-1.6025293363527404,0.05053260426512296,-0.1636032255897697,0.05053260426512296,0.1636032255897697,0.17122955211409213
particles,213001,repaired_permutation_ablation,120,1008,231006,baseline,True,-278.70842370343456,-278.7883179993691,0.07989429593453679,0.07989429593453679,-0.07920251569742454,-1.7300561924464968,-0.4067981944648237,-1.6025293363527404,0.32759567876739915,-0.12752685609375636,0.32759567876739915,0.12752685609375636,0.3515423555878162
particles,213001,repaired_permutation_ablation,120,1008,231007,baseline,True,-279.4385786134907,-278.7883179993691,-0.6502606141215779,0.6502606141215779,-0.989042130690136,-1.6092793772678513,-0.4067981944648237,-1.6025293363527404,-0.5822439362253123,-0.006750040915110889,0.5822439362253123,0.006750040915110889,0.5822830620269674
particles,213001,repaired_permutation_ablation,120,1008,231008,baseline,True,-278.8455521869946,-278.7883179993691,-0.05723418762551091,0.05723418762551091,0.022141707091230506,-1.7794537258466943,-0.4067981944648237,-1.6025293363527404,0.4289399015560542,-0.17692438949395384,0.4289399015560542,0.17692438949395384,0.46399534345155424
particles,213006,repaired_permutation_ablation,120,1008,231001,baseline,True,-281.719090713373,-282.122686066188,0.40359535281498893,0.40359535281498893,7.825793478847247,-3.5517683477785496,5.9122170816378015,-3.457001561708958,1.9135763972094457,-0.09476678606959155,1.9135763972094457,0.09476678606959155,1.9159215463319583
particles,213006,repaired_permutation_ablation,120,1008,231002,baseline,True,-281.7420712846723,-282.122686066188,0.38061478151570327,0.38061478151570327,7.749510178767172,-3.5162303631740968,5.9122170816378015,-3.457001561708958,1.8372930971293702,-0.05922880146513876,1.8372930971293702,0.05922880146513876,1.8382475284036779
particles,213006,repaired_permutation_ablation,120,1008,231003,baseline,True,-282.04738071931683,-282.122686066188,0.07530534687117552,0.07530534687117552,7.419185136498522,-3.4343927921630084,5.9122170816378015,-3.457001561708958,1.506968054860721,0.022608769545949592,1.506968054860721,0.022608769545949592,1.5071376429613477
particles,213006,repaired_permutation_ablation,120,1008,231004,baseline,True,-282.3975376050033,-282.122686066188,-0.2748515388153123,0.2748515388153123,7.36216740833104,-3.4608724870380017,5.9122170816378015,-3.457001561708958,1.449950326693239,-0.0038709253290436507,1.449950326693239,0.0038709253290436507,1.449955493779286
particles,213006,repaired_permutation_ablation,120,1008,231005,baseline,True,-280.8130168735703,-282.122686066188,1.3096691926177186,1.3096691926177186,8.096041056654206,-3.6821737369421035,5.9122170816378015,-3.457001561708958,2.183823975016405,-0.22517217523314548,2.183823975016405,0.22517217523314548,2.1954019364015505
particles,213006,repaired_permutation_ablation,120,1008,231006,baseline,True,-282.0273781991207,-282.122686066188,0.09530786706733352,0.09530786706733352,7.518866137574664,-3.5828256529920517,5.9122170816378015,-3.457001561708958,1.6066490559368622,-0.1258240912830937,1.6066490559368622,0.1258240912830937,1.6115684567805448
particles,213006,repaired_permutation_ablation,120,1008,231007,baseline,True,-281.3660832558687,-282.122686066188,0.7566028103192934,0.7566028103192934,8.05496453330428,-3.5324998525153006,5.9122170816378015,-3.457001561708958,2.1427474516664793,-0.07549829080634263,2.1427474516664793,0.07549829080634263,2.1440771053154477
particles,213006,repaired_permutation_ablation,120,1008,231008,baseline,True,-281.53382843293696,-282.122686066188,0.5888576332510524,0.5888576332510524,8.022566964418981,-3.49162256236946,5.9122170816378015,-3.457001561708958,2.11034988278118,-0.03462100066050189,2.11034988278118,0.03462100066050189,2.1106338482648463
particles,213001,repaired_permutation_ablation,120,2016,231001,baseline,True,-278.79636930907054,-278.7883179993691,-0.008051309701443188,0.008051309701443188,-0.43386272215932187,-1.6583564186868711,-0.4067981944648237,-1.6025293363527404,-0.027064527694498186,-0.055827082334130695,0.027064527694498186,0.055827082334130695,0.06204153271211203
particles,213001,repaired_permutation_ablation,120,2016,231002,baseline,True,-278.37823470663903,-278.7883179993691,0.4100832927300644,0.4100832927300644,-0.0009277326037016032,-1.763466638990981,-0.4067981944648237,-1.6025293363527404,0.4058704618611221,-0.16093730263824058,0.4058704618611221,0.16093730263824058,0.43661384218990723
particles,213001,repaired_permutation_ablation,120,2016,231003,baseline,True,-278.65093899996765,-278.7883179993691,0.1373789994014487,0.1373789994014487,-0.1299315255081627,-1.6474804318070833,-0.4067981944648237,-1.6025293363527404,0.276866668956661,-0.04495109545434284,0.276866668956661,0.04495109545434284,0.28049198448744084
particles,213001,repaired_permutation_ablation,120,2016,231004,baseline,True,-279.048578003154,-278.7883179993691,-0.2602600037848788,0.2602600037848788,-0.4971258111303746,-1.745687720728562,-0.4067981944648237,-1.6025293363527404,-0.09032761666555089,-0.1431583843758215,0.09032761666555089,0.1431583843758215,0.16927315602178086
particles,213001,repaired_permutation_ablation,120,2016,231005,baseline,True,-279.04984990698273,-278.7883179993691,-0.2615319076136302,0.2615319076136302,-0.39488948629667475,-1.7641675381451654,-0.4067981944648237,-1.6025293363527404,0.01190870816814893,-0.16163820179242494,0.01190870816814893,0.16163820179242494,0.16207629564166015
particles,213001,repaired_permutation_ablation,120,2016,231006,baseline,True,-278.309893930716,-278.7883179993691,0.47842406865311204,0.47842406865311204,0.18205074313809208,-1.8038384449274498,-0.4067981944648237,-1.6025293363527404,0.5888489376029158,-0.2013091085747094,0.5888489376029158,0.2013091085747094,0.6223089494063433
particles,213001,repaired_permutation_ablation,120,2016,231007,baseline,True,-278.99556554687774,-278.7883179993691,-0.2072475475086435,0.2072475475086435,-0.6665882057804757,-1.660652820605702,-0.4067981944648237,-1.6025293363527404,-0.25979001131565205,-0.058123484252961655,0.25979001131565205,0.058123484252961655,0.2662126770104889
particles,213001,repaired_permutation_ablation,120,2016,231008,baseline,True,-278.9642345853553,-278.7883179993691,-0.17591658598621507,0.17591658598621507,-0.24201193067101512,-1.7343878961957584,-0.4067981944648237,-1.6025293363527404,0.16478626379380856,-0.13185855984301798,0.16478626379380856,0.13185855984301798,0.2110478441941481
particles,213006,repaired_permutation_ablation,120,2016,231001,baseline,True,-282.04589432399695,-282.122686066188,0.07679174219106244,0.07679174219106244,7.499567625486172,-3.4954989281692264,5.9122170816378015,-3.457001561708958,1.5873505438483706,-0.038497366460268356,1.5873505438483706,0.038497366460268356,1.5878173056999014
particles,213006,repaired_permutation_ablation,120,2016,231002,baseline,True,-282.10218130285574,-282.122686066188,0.02050476333226925,0.02050476333226925,7.61239821945976,-3.5178476265069345,5.9122170816378015,-3.457001561708958,1.700181137821959,-0.060846064797976496,1.700181137821959,0.060846064797976496,1.7012695685889907
particles,213006,repaired_permutation_ablation,120,2016,231003,baseline,True,-282.0920832766566,-282.122686066188,0.030602789531428698,0.030602789531428698,7.438454982364384,-3.443554338809817,5.9122170816378015,-3.457001561708958,1.5262379007265823,0.013447222899141131,1.5262379007265823,0.013447222899141131,1.5262971392943065
particles,213006,repaired_permutation_ablation,120,2016,231004,baseline,True,-281.76120162191216,-282.122686066188,0.36148444427584536,0.36148444427584536,8.151597275392284,-3.539805293415825,5.9122170816378015,-3.457001561708958,2.2393801937544824,-0.08280373170686683,2.2393801937544824,0.08280373170686683,2.24091055380719
particles,213006,repaired_permutation_ablation,120,2016,231005,baseline,True,-281.4430979378729,-282.122686066188,0.6795881283151175,0.6795881283151175,8.216289058795534,-3.6838891538742717,5.9122170816378015,-3.457001561708958,2.304071977157732,-0.22688759216531373,2.304071977157732,0.22688759216531373,2.3152161141893677
particles,213006,repaired_permutation_ablation,120,2016,231006,baseline,True,-281.68085350866784,-282.122686066188,0.44183255752017203,0.44183255752017203,7.952961823320702,-3.5741452384153827,5.9122170816378015,-3.457001561708958,2.0407447416829,-0.11714367670642467,2.0407447416829,0.11714367670642467,2.044104141598149
particles,213006,repaired_permutation_ablation,120,2016,231007,baseline,True,-281.81264646156234,-282.122686066188,0.3100396046256719,0.3100396046256719,7.612103817878995,-3.4746328528313093,5.9122170816378015,-3.457001561708958,1.6998867362411936,-0.01763129112235129,1.6998867362411936,0.01763129112235129,1.6999781699996557
particles,213006,repaired_permutation_ablation,120,2016,231008,baseline,True,-281.73453585441194,-282.122686066188,0.3881502117760647,0.3881502117760647,7.940870383355462,-3.519410279570398,5.9122170816378015,-3.457001561708958,2.028653301717661,-0.06240871786144009,2.028653301717661,0.06240871786144009,2.0296130337172835
particles,213001,repaired_permutation_ablation,120,4032,231001,baseline,True,-278.6107390965444,-278.7883179993691,0.1775789028246777,0.1775789028246777,0.007742125678439543,-1.7340557386306161,-0.4067981944648237,-1.6025293363527404,0.41454032014326325,-0.1315264022778757,0.41454032014326325,0.1315264022778757,0.43490558920372685
particles,213001,repaired_permutation_ablation,120,4032,231002,baseline,True,-278.46357036912,-278.7883179993691,0.32474763024907816,0.32474763024907816,-0.08329799926129988,-1.8529429456462658,-0.4067981944648237,-1.6025293363527404,0.3235001952035238,-0.2504136092935254,0.3235001952035238,0.2504136092935254,0.40909577364735555
particles,213001,repaired_permutation_ablation,120,4032,231003,baseline,True,-278.48393657619783,-278.7883179993691,0.3043814231712645,0.3043814231712645,0.17975115223353144,-1.769553341094601,-0.4067981944648237,-1.6025293363527404,0.5865493466983551,-0.16702400474186052,0.5865493466983551,0.16702400474186052,0.6098665052880641
particles,213001,repaired_permutation_ablation,120,4032,231004,baseline,True,-278.80451606819025,-278.7883179993691,-0.016198068821154266,0.016198068821154266,-0.21541684746811174,-1.7891847146902933,-0.4067981944648237,-1.6025293363527404,0.19138134699671194,-0.18665537833755286,0.19138134699671194,0.18665537833755286,0.26733321948574
particles,213001,repaired_permutation_ablation,120,4032,231005,baseline,True,-278.9239705513526,-278.7883179993691,-0.13565255198352588,0.13565255198352588,-0.25358157819273536,-1.8044960835683328,-0.4067981944648237,-1.6025293363527404,0.15321661627208832,-0.20196674721559238,0.15321661627208832,0.20196674721559238,0.25350719611623523
particles,213001,repaired_permutation_ablation,120,4032,231006,baseline,True,-278.612046416721,-278.7883179993691,0.1762715826480985,0.1762715826480985,-0.3249125857864117,-1.8527368570721803,-0.4067981944648237,-1.6025293363527404,0.08188560867841199,-0.25020752071943986,0.08188560867841199,0.25020752071943986,0.2632661321423683
particles,213001,repaired_permutation_ablation,120,4032,231007,baseline,True,-278.81779875326475,-278.7883179993691,-0.029480753895654743,0.029480753895654743,-0.40441666245437713,-1.730238404301813,-0.4067981944648237,-1.6025293363527404,0.002381532010446552,-0.12770906794907266,0.002381532010446552,0.12770906794907266,0.12773127154748615
particles,213001,repaired_permutation_ablation,120,4032,231008,baseline,True,-278.69578863886795,-278.7883179993691,0.09252936050114613,0.09252936050114613,-0.10410238343172837,-1.734757437355184,-0.4067981944648237,-1.6025293363527404,0.3026958110330953,-0.13222810100244353,0.3026958110330953,0.13222810100244353,0.3303165522823459
particles,213006,repaired_permutation_ablation,120,4032,231001,baseline,True,-282.0862142118716,-282.122686066188,0.036471854316403096,0.036471854316403096,7.524700931426677,-3.4901407842835823,5.9122170816378015,-3.457001561708958,1.6124838497888758,-0.033139222574624316,1.6124838497888758,0.033139222574624316,1.6128243468843109
particles,213006,repaired_permutation_ablation,120,4032,231002,baseline,True,-281.98491209163984,-282.122686066188,0.13777397454816764,0.13777397454816764,7.678592125179131,-3.5130919850706044,5.9122170816378015,-3.457001561708958,1.7663750435413297,-0.05609042336164638,1.7663750435413297,0.05609042336164638,1.7672653818933146
particles,213006,repaired_permutation_ablation,120,4032,231003,baseline,True,-282.0254027675381,-282.122686066188,0.09728329864992702,0.09728329864992702,7.204026317678426,-3.434566731533449,5.9122170816378015,-3.457001561708958,1.2918092360406241,0.022434830175508846,1.2918092360406241,0.022434830175508846,1.2920040340203527
particles,213006,repaired_permutation_ablation,120,4032,231004,baseline,True,-281.8450471830939,-282.122686066188,0.2776388830940846,0.2776388830940846,8.24884929167453,-3.572622862505558,5.9122170816378015,-3.457001561708958,2.3366322100367283,-0.11562130079660005,2.3366322100367283,0.11562130079660005,2.3394910493906624
particles,213006,repaired_permutation_ablation,120,4032,231005,baseline,True,-281.4639890862604,-282.122686066188,0.6586969799275835,0.6586969799275835,8.286157485136599,-3.6784720589659012,5.9122170816378015,-3.457001561708958,2.373940403498797,-0.22147049725694323,2.373940403498797,0.22147049725694323,2.384248774880522
particles,213006,repaired_permutation_ablation,120,4032,231006,baseline,True,-282.10293608486256,-282.122686066188,0.019749981325446697,0.019749981325446697,7.929376068253392,-3.6035161630481936,5.9122170816378015,-3.457001561708958,2.0171589866155903,-0.14651460133923555,2.0171589866155903,0.14651460133923555,2.022472967851395
particles,213006,repaired_permutation_ablation,120,4032,231007,baseline,True,-281.6458553685494,-282.122686066188,0.4768306976386043,0.4768306976386043,7.764560046259182,-3.468250379898603,5.9122170816378015,-3.457001561708958,1.8523429646213803,-0.011248818189645071,1.8523429646213803,0.011248818189645071,1.852377119944259
particles,213006,repaired_permutation_ablation,120,4032,231008,baseline,True,-281.89665508313595,-282.122686066188,0.2260309830520555,0.2260309830520555,7.377228490975098,-3.4564613813743925,5.9122170816378015,-3.457001561708958,1.4650114093372961,0.0005401803345654876,1.4650114093372961,0.0005401803345654876,1.4650115089251838
numerics,213001,repaired_permutation_ablation,120,1008,231001,baseline,True,-278.70808618022295,-278.7883179993691,0.08023181914614952,0.08023181914614952,-0.44885826932664685,-1.6312475992877118,-0.4067981944648237,-1.6025293363527404,-0.04206007486182317,-0.028718262934971373,0.04206007486182317,0.028718262934971373,0.050929250174966446
numerics,213001,repaired_permutation_ablation,120,1008,231002,baseline,True,-277.9721022410382,-278.7883179993691,0.816215758330884,0.816215758330884,0.38841403834695687,-1.8354924673303175,-0.4067981944648237,-1.6025293363527404,0.7952122328117806,-0.23296313097757704,0.7952122328117806,0.23296313097757704,0.828634005824268
numerics,213006,repaired_permutation_ablation,120,1008,231001,baseline,True,-281.719090713373,-282.122686066188,0.40359535281498893,0.40359535281498893,7.825793478847247,-3.5517683477785496,5.9122170816378015,-3.457001561708958,1.9135763972094457,-0.09476678606959155,1.9135763972094457,0.09476678606959155,1.9159215463319583
numerics,213006,repaired_permutation_ablation,120,1008,231002,baseline,True,-281.7420712846723,-282.122686066188,0.38061478151570327,0.38061478151570327,7.749510178767172,-3.5162303631740968,5.9122170816378015,-3.457001561708958,1.8372930971293702,-0.05922880146513876,1.8372930971293702,0.05922880146513876,1.8382475284036779
numerics,213001,repaired_permutation_ablation,120,1008,231001,flow_16,True,-278.72315765296236,-278.7883179993691,0.06516034640674206,0.06516034640674206,-0.4985484932933598,-1.628709249464836,-0.4067981944648237,-1.6025293363527404,-0.09175029882853614,-0.026179913112095665,0.09175029882853614,0.026179913112095665,0.09541229053786812
numerics,213001,repaired_permutation_ablation,120,1008,231002,flow_16,True,-277.9522366962335,-278.7883179993691,0.836081303135586,0.836081303135586,0.4398787888215264,-1.8337425558431621,-0.4067981944648237,-1.6025293363527404,0.8466769832863501,-0.23121321949042173,0.8466769832863501,0.23121321949042173,0.8776795923877917
numerics,213006,repaired_permutation_ablation,120,1008,231001,flow_16,True,-281.69863377206235,-282.122686066188,0.4240522941256586,0.4240522941256586,7.878843840767403,-3.5363973258611785,5.9122170816378015,-3.457001561708958,1.9666267591296016,-0.0793957641522205,1.9666267591296016,0.0793957641522205,1.9682287715329014
numerics,213006,repaired_permutation_ablation,120,1008,231002,flow_16,True,-281.7270876833324,-282.122686066188,0.39559838285561,0.39559838285561,7.767857308030819,-3.5183056556398316,5.9122170816378015,-3.457001561708958,1.8556402263930174,-0.06130409393087355,1.8556402263930174,0.06130409393087355,1.856652590481217
numerics,213001,repaired_permutation_ablation,120,1008,231001,flow_32,True,-278.7311431913908,-278.7883179993691,0.057174807978299214,0.057174807978299214,-0.5115858964639991,-1.6229540280169332,-0.4067981944648237,-1.6025293363527404,-0.10478770199917542,-0.020424691664192807,0.10478770199917542,0.020424691664192807,0.1067596858362057
numerics,213001,repaired_permutation_ablation,120,1008,231002,flow_32,True,-277.9424463829812,-278.7883179993691,0.8458716163879103,0.8458716163879103,0.44673555025055844,-1.8351329881257816,-0.4067981944648237,-1.6025293363527404,0.8535337447153821,-0.2326036517730412,0.8535337447153821,0.2326036517730412,0.8846605632591618
numerics,213006,repaired_permutation_ablation,120,1008,231001,flow_32,True,-281.6878865070201,-282.122686066188,0.4347995591679137,0.4347995591679137,7.858234661608567,-3.5607969006750206,5.9122170816378015,-3.457001561708958,1.946017579970766,-0.10379533896606263,1.946017579970766,0.10379533896606263,1.9487836960387257
numerics,213006,repaired_permutation_ablation,120,1008,231002,flow_32,True,-281.7192350364834,-282.122686066188,0.40345102970462676,0.40345102970462676,7.790280818159667,-3.5195681590416057,5.9122170816378015,-3.457001561708958,1.8780637365218658,-0.06256659733264769,1.8780637365218658,0.06256659733264769,1.879105632352864
numerics,213001,repaired_permutation_ablation,120,1008,231001,flow_64,True,-278.73517879172584,-278.7883179993691,0.053139207643255304,0.053139207643255304,-0.5203460173925343,-1.6228427560088836,-0.4067981944648237,-1.6025293363527404,-0.1135478229277106,-0.020313419656143195,0.1135478229277106,0.020313419656143195,0.11535052279790198
numerics,213001,repaired_permutation_ablation,120,1008,231002,flow_64,True,-277.93773814690826,-278.7883179993691,0.8505798524608394,0.8505798524608394,0.45512785769791564,-1.8328782036674356,-0.4067981944648237,-1.6025293363527404,0.8619260521627393,-0.23034886731469517,0.8619260521627393,0.23034886731469517,0.8921754984698965
numerics,213006,repaired_permutation_ablation,120,1008,231001,flow_64,True,-281.68236246766685,-282.122686066188,0.4403235985211609,0.4403235985211609,7.814628861249712,-3.5680499293369823,5.9122170816378015,-3.457001561708958,1.9024117796119109,-0.11104836762802428,1.9024117796119109,0.11104836762802428,1.9056501040744616
numerics,213006,repaired_permutation_ablation,120,1008,231002,flow_64,True,-281.71487758199476,-282.122686066188,0.40780848419325366,0.40780848419325366,7.754249321306476,-3.524678686032061,5.9122170816378015,-3.457001561708958,1.8420322396686748,-0.06767712432310313,1.8420322396686748,0.06767712432310313,1.84327506496872
numerics,213001,repaired_permutation_ablation,120,1008,231001,transport_96_48,True,-278.7080861808747,-278.7883179993691,0.08023181849438288,0.08023181849438288,-0.4488582706611268,-1.6312475990881345,-0.4067981944648237,-1.6025293363527404,-0.04206007619630314,-0.02871826273539413,0.04206007619630314,0.02871826273539413,0.050929251164512065
numerics,213001,repaired_permutation_ablation,120,1008,231002,transport_96_48,True,-277.9721022412072,-278.7883179993691,0.8162157581618885,0.8162157581618885,0.388414038281577,-1.8354924673453006,-0.4067981944648237,-1.6025293363527404,0.7952122327464006,-0.23296313099256016,0.7952122327464006,0.23296313099256016,0.8286340057657375
numerics,213006,repaired_permutation_ablation,120,1008,231001,transport_96_48,True,-281.71909071444355,-282.122686066188,0.4035953517444568,0.4035953517444568,7.825793478231791,-3.551768347644211,5.9122170816378015,-3.457001561708958,1.9135763965939896,-0.09476678593525278,1.9135763965939896,0.09476678593525278,1.9159215457106107
numerics,213006,repaired_permutation_ablation,120,1008,231002,transport_96_48,True,-281.7420712851281,-282.122686066188,0.38061478105993274,0.38061478105993274,7.7495101789968714,-3.516230363074671,5.9122170816378015,-3.457001561708958,1.83729309735907,-0.05922880136571296,1.83729309735907,0.05922880136571296,1.8382475286300548
numerics,213001,repaired_permutation_ablation,120,1008,231001,transport_384_192,True,-278.70808618334763,-278.7883179993691,0.08023181602146678,0.08023181602146678,-0.4488582757241442,-1.6312475983309684,-0.4067981944648237,-1.6025293363527404,-0.042060081259320536,-0.02871826197822802,0.042060081259320536,0.02871826197822802,0.050929254918865484
numerics,213001,repaired_permutation_ablation,120,1008,231002,transport_384_192,True,-277.97210224184914,-278.7883179993691,0.8162157575199558,0.8162157575199558,0.3884140380333434,-1.835492467401834,-0.4067981944648237,-1.6025293363527404,0.7952122324981671,-0.2329631310490936,0.7952122324981671,0.2329631310490936,0.82863400554341
numerics,213006,repaired_permutation_ablation,120,1008,231001,transport_384_192,True,-281.71909071850394,-282.122686066188,0.40359534768407457,0.40359534768407457,7.825793475901025,-3.551768347135715,5.9122170816378015,-3.457001561708958,1.9135763942632238,-0.09476678542675687,1.9135763942632238,0.09476678542675687,1.9159215433575463
numerics,213006,repaired_permutation_ablation,120,1008,231002,transport_384_192,True,-281.7420712868563,-282.122686066188,0.3806147793317223,0.3806147793317223,7.7495101798700645,-3.5162303626976303,5.9122170816378015,-3.457001561708958,1.837293098232263,-0.05922880098867234,1.837293098232263,0.05922880098867234,1.8382475294906462
numerics,213001,repaired_permutation_ablation,120,1008,231001,epsilon_25.6,True,-278.7327917418027,-278.7883179993691,0.05552625756638463,0.05552625756638463,-0.5126955272193695,-1.6148632043579025,-0.4067981944648237,-1.6025293363527404,-0.10589733275454583,-0.012333868005162119,0.10589733275454583,0.012333868005162119,0.10661317641124743
numerics,213001,repaired_permutation_ablation,120,1008,231002,epsilon_25.6,True,-277.96642433233427,-278.7883179993691,0.8218936670348285,0.8218936670348285,0.44470962675296183,-1.8141875036539736,-0.4067981944648237,-1.6025293363527404,0.8515078212177856,-0.2116581673012332,0.8515078212177856,0.2116581673012332,0.877419369161849
numerics,213006,repaired_permutation_ablation,120,1008,231001,epsilon_25.6,True,-281.81752253189603,-282.122686066188,0.30516353429197807,0.30516353429197807,7.791955320528615,-3.5489330943516513,5.9122170816378015,-3.457001561708958,1.8797382388908135,-0.09193153264269327,1.8797382388908135,0.09193153264269327,1.8819849238084696
numerics,213006,repaired_permutation_ablation,120,1008,231002,epsilon_25.6,True,-281.77837905927873,-282.122686066188,0.3443070069092755,0.3443070069092755,7.900580402620293,-3.5247764327714504,5.9122170816378015,-3.457001561708958,1.9883633209824918,-0.06777487106249236,1.9883633209824918,0.06777487106249236,1.9895180646015913
numerics,213001,repaired_permutation_ablation,120,1008,231001,epsilon_409.6,True,-278.6578775589704,-278.7883179993691,0.1304404403986723,0.1304404403986723,-0.3533814555652927,-1.659549250933932,-0.4067981944648237,-1.6025293363527404,0.05341673889953097,-0.0570199145811916,0.05341673889953097,0.0570199145811916,0.07813205906353071
numerics,213001,repaired_permutation_ablation,120,1008,231002,epsilon_409.6,True,-277.9877659394242,-278.7883179993691,0.8005520599448914,0.8005520599448914,0.3991176353289059,-1.8393572300065544,-0.4067981944648237,-1.6025293363527404,0.8059158297937296,-0.23682789365381396,0.8059158297937296,0.23682789365381396,0.8399927237331393
numerics,213006,repaired_permutation_ablation,120,1008,231001,epsilon_409.6,True,-281.63408220667174,-282.122686066188,0.4886038595162745,0.4886038595162745,7.941293516700854,-3.5752459889485264,5.9122170816378015,-3.457001561708958,2.029076435063052,-0.1182444272395684,2.029076435063052,0.1182444272395684,2.032518861880843
numerics,213006,repaired_permutation_ablation,120,1008,231002,epsilon_409.6,True,-281.7226767340937,-282.122686066188,0.4000093320943279,0.4000093320943279,7.725949498147627,-3.532272102190223,5.9122170816378015,-3.457001561708958,1.8137324165098256,-0.0752705404812648,1.8137324165098256,0.0752705404812648,1.8152936216939985
numerics,213001,repaired_permutation_ablation,120,1008,231001,combined_refined,True,-278.73517879552384,-278.7883179993691,0.05313920384526227,0.05313920384526227,-0.5203460255381598,-1.6228427557109966,-0.4067981944648237,-1.6025293363527404,-0.1135478310733361,-0.020313419358256146,0.1135478310733361,0.020313419358256146,0.11535053076376912
numerics,213001,repaired_permutation_ablation,120,1008,231002,combined_refined,True,-277.93773814802114,-278.7883179993691,0.850579851347959,0.850579851347959,0.4551278571060221,-1.832878203411927,-0.4067981944648237,-1.6025293363527404,0.8619260515708458,-0.23034886705918667,0.8619260515708458,0.23034886705918667,0.892175497832102
numerics,213006,repaired_permutation_ablation,120,1008,231001,combined_refined,True,-281.68236247325643,-282.122686066188,0.44032359293157697,0.44032359293157697,7.814628855681352,-3.5680499272410646,5.9122170816378015,-3.457001561708958,1.9024117740435509,-0.11104836553210662,1.9024117740435509,0.11104836553210662,1.9056500983934284
numerics,213006,repaired_permutation_ablation,120,1008,231002,combined_refined,True,-281.7148775849818,-282.122686066188,0.40780848120618884,0.40780848120618884,7.754249325786872,-3.5246786862907853,5.9122170816378015,-3.457001561708958,1.8420322441490704,-0.06767712458182729,1.8420322441490704,0.06767712458182729,1.843275069455594
mechanism,213001,repaired_permutation_ablation,120,1008,214001,reset_mechanism_baseline,True,-278.87670864723043,-278.7883179993691,-0.08839064786133122,0.08839064786133122,-0.26736536967567615,-1.6790104286417362,-0.4067981944648237,-1.6025293363527404,0.13943282478914754,-0.0764810922889958,0.13943282478914754,0.0764810922889958,0.1590310350415887
mechanism,213006,repaired_permutation_ablation,120,1008,214006,reset_mechanism_baseline,True,-282.8361867684325,-282.122686066188,-0.7135007022445166,0.7135007022445166,9.713086554429967,-4.097574654111128,5.9122170816378015,-3.457001561708958,3.800869472792166,-0.6405730924021698,3.800869472792166,0.6405730924021698,3.8544704741265146
