Rc files read:
  /etc/LatexMk
Latexmk: This is Latexmk, John Collins, 20 November 2021, version: 4.76.
Latexmk: making output directory '../build'
Rule 'pdflatex': File changes, etc:
   Changed files, or newly in use since previous run(s):
      'main.tex'
------------
Run number 1 of rule 'pdflatex'
------------
------------
Running 'pdflatex  -interaction=nonstopmode -halt-on-error -recorder -output-directory="/home/ubuntu/python/BayesFilter/docs/plans/artifacts/hmc-remaining-gaps-2026-09-24/f-r1/book-r2/build"  "main.tex"'
------------
Latexmk: applying rule 'pdflatex'...
This is pdfTeX, Version 3.141592653-2.6-1.40.22 (TeX Live 2022/dev/Debian) (preloaded format=pdflatex)
 restricted \write18 enabled.
entering extended mode
(./main.tex
LaTeX2e <2021-11-15> patch level 1
L3 programming layer <2022-01-21>
(/usr/share/texlive/texmf-dist/tex/latex/base/book.cls
Document Class: book 2021/10/04 v1.4n Standard LaTeX document class
(/usr/share/texlive/texmf-dist/tex/latex/base/bk12.clo)) (./preamble.tex
(/usr/share/texlive/texmf-dist/tex/latex/geometry/geometry.sty
(/usr/share/texlive/texmf-dist/tex/latex/graphics/keyval.sty)
(/usr/share/texlive/texmf-dist/tex/generic/iftex/ifvtex.sty
(/usr/share/texlive/texmf-dist/tex/generic/iftex/iftex.sty)))
(/usr/share/texlive/texmf-dist/tex/latex/amsmath/amsmath.sty
For additional information on amsmath, use the `?' option.
(/usr/share/texlive/texmf-dist/tex/latex/amsmath/amstext.sty
(/usr/share/texlive/texmf-dist/tex/latex/amsmath/amsgen.sty))
(/usr/share/texlive/texmf-dist/tex/latex/amsmath/amsbsy.sty)
(/usr/share/texlive/texmf-dist/tex/latex/amsmath/amsopn.sty))
(/usr/share/texlive/texmf-dist/tex/latex/amsfonts/amssymb.sty
(/usr/share/texlive/texmf-dist/tex/latex/amsfonts/amsfonts.sty))
(/usr/share/texlive/texmf-dist/tex/latex/amscls/amsthm.sty)
(/usr/share/texlive/texmf-dist/tex/latex/tools/bm.sty)
(/usr/share/texlive/texmf-dist/tex/latex/mathtools/mathtools.sty
(/usr/share/texlive/texmf-dist/tex/latex/tools/calc.sty)
(/usr/share/texlive/texmf-dist/tex/latex/mathtools/mhsetup.sty))
(/usr/share/texlive/texmf-dist/tex/latex/booktabs/booktabs.sty)
(/usr/share/texlive/texmf-dist/tex/latex/tools/longtable.sty)
(/usr/share/texlive/texmf-dist/tex/latex/tools/array.sty)
(/usr/share/texlive/texmf-dist/tex/latex/enumitem/enumitem.sty)
(/usr/share/texlive/texmf-dist/tex/latex/placeins/placeins.sty)
(/usr/share/texlive/texmf-dist/tex/latex/graphics/graphicx.sty
(/usr/share/texlive/texmf-dist/tex/latex/graphics/graphics.sty
(/usr/share/texlive/texmf-dist/tex/latex/graphics/trig.sty)
(/usr/share/texlive/texmf-dist/tex/latex/graphics-cfg/graphics.cfg)
(/usr/share/texlive/texmf-dist/tex/latex/graphics-def/pdftex.def)))
(/usr/share/texlive/texmf-dist/tex/latex/pgf/frontendlayer/tikz.sty
(/usr/share/texlive/texmf-dist/tex/latex/pgf/basiclayer/pgf.sty
(/usr/share/texlive/texmf-dist/tex/latex/pgf/utilities/pgfrcs.sty
(/usr/share/texlive/texmf-dist/tex/generic/pgf/utilities/pgfutil-common.tex
(/usr/share/texlive/texmf-dist/tex/generic/pgf/utilities/pgfutil-common-lists.t
ex)) (/usr/share/texlive/texmf-dist/tex/generic/pgf/utilities/pgfutil-latex.def
) (/usr/share/texlive/texmf-dist/tex/generic/pgf/utilities/pgfrcs.code.tex
(/usr/share/texlive/texmf-dist/tex/generic/pgf/pgf.revision.tex)))
(/usr/share/texlive/texmf-dist/tex/latex/pgf/basiclayer/pgfcore.sty
(/usr/share/texlive/texmf-dist/tex/latex/pgf/systemlayer/pgfsys.sty
(/usr/share/texlive/texmf-dist/tex/generic/pgf/systemlayer/pgfsys.code.tex
(/usr/share/texlive/texmf-dist/tex/generic/pgf/utilities/pgfkeys.code.tex
(/usr/share/texlive/texmf-dist/tex/generic/pgf/utilities/pgfkeysfiltered.code.t
ex)) (/usr/share/texlive/texmf-dist/tex/generic/pgf/systemlayer/pgf.cfg)
(/usr/share/texlive/texmf-dist/tex/generic/pgf/systemlayer/pgfsys-pdftex.def
(/usr/share/texlive/texmf-dist/tex/generic/pgf/systemlayer/pgfsys-common-pdf.de
f)))
(/usr/share/texlive/texmf-dist/tex/generic/pgf/systemlayer/pgfsyssoftpath.code.
tex)
(/usr/share/texlive/texmf-dist/tex/generic/pgf/systemlayer/pgfsysprotocol.code.
tex)) (/usr/share/texlive/texmf-dist/tex/latex/xcolor/xcolor.sty
(/usr/share/texlive/texmf-dist/tex/latex/graphics-cfg/color.cfg))
(/usr/share/texlive/texmf-dist/tex/generic/pgf/basiclayer/pgfcore.code.tex
(/usr/share/texlive/texmf-dist/tex/generic/pgf/math/pgfmath.code.tex
(/usr/share/texlive/texmf-dist/tex/generic/pgf/math/pgfmathcalc.code.tex
(/usr/share/texlive/texmf-dist/tex/generic/pgf/math/pgfmathutil.code.tex)
(/usr/share/texlive/texmf-dist/tex/generic/pgf/math/pgfmathparser.code.tex)
(/usr/share/texlive/texmf-dist/tex/generic/pgf/math/pgfmathfunctions.code.tex
(/usr/share/texlive/texmf-dist/tex/generic/pgf/math/pgfmathfunctions.basic.code
.tex)
(/usr/share/texlive/texmf-dist/tex/generic/pgf/math/pgfmathfunctions.trigonomet
ric.code.tex)
(/usr/share/texlive/texmf-dist/tex/generic/pgf/math/pgfmathfunctions.random.cod
e.tex)
(/usr/share/texlive/texmf-dist/tex/generic/pgf/math/pgfmathfunctions.comparison
.code.tex)
(/usr/share/texlive/texmf-dist/tex/generic/pgf/math/pgfmathfunctions.base.code.
tex)
(/usr/share/texlive/texmf-dist/tex/generic/pgf/math/pgfmathfunctions.round.code
.tex)
(/usr/share/texlive/texmf-dist/tex/generic/pgf/math/pgfmathfunctions.misc.code.
tex)
(/usr/share/texlive/texmf-dist/tex/generic/pgf/math/pgfmathfunctions.integerari
thmetics.code.tex)))
(/usr/share/texlive/texmf-dist/tex/generic/pgf/math/pgfmathfloat.code.tex))
(/usr/share/texlive/texmf-dist/tex/generic/pgf/math/pgfint.code.tex)
(/usr/share/texlive/texmf-dist/tex/generic/pgf/basiclayer/pgfcorepoints.code.te
x)
(/usr/share/texlive/texmf-dist/tex/generic/pgf/basiclayer/pgfcorepathconstruct.
code.tex)
(/usr/share/texlive/texmf-dist/tex/generic/pgf/basiclayer/pgfcorepathusage.code
.tex)
(/usr/share/texlive/texmf-dist/tex/generic/pgf/basiclayer/pgfcorescopes.code.te
x)
(/usr/share/texlive/texmf-dist/tex/generic/pgf/basiclayer/pgfcoregraphicstate.c
ode.tex)
(/usr/share/texlive/texmf-dist/tex/generic/pgf/basiclayer/pgfcoretransformation
s.code.tex)
(/usr/share/texlive/texmf-dist/tex/generic/pgf/basiclayer/pgfcorequick.code.tex
)
(/usr/share/texlive/texmf-dist/tex/generic/pgf/basiclayer/pgfcoreobjects.code.t
ex)
(/usr/share/texlive/texmf-dist/tex/generic/pgf/basiclayer/pgfcorepathprocessing
.code.tex)
(/usr/share/texlive/texmf-dist/tex/generic/pgf/basiclayer/pgfcorearrows.code.te
x)
(/usr/share/texlive/texmf-dist/tex/generic/pgf/basiclayer/pgfcoreshade.code.tex
)
(/usr/share/texlive/texmf-dist/tex/generic/pgf/basiclayer/pgfcoreimage.code.tex

(/usr/share/texlive/texmf-dist/tex/generic/pgf/basiclayer/pgfcoreexternal.code.
tex))
(/usr/share/texlive/texmf-dist/tex/generic/pgf/basiclayer/pgfcorelayers.code.te
x)
(/usr/share/texlive/texmf-dist/tex/generic/pgf/basiclayer/pgfcoretransparency.c
ode.tex)
(/usr/share/texlive/texmf-dist/tex/generic/pgf/basiclayer/pgfcorepatterns.code.
tex)
(/usr/share/texlive/texmf-dist/tex/generic/pgf/basiclayer/pgfcorerdf.code.tex))
)
(/usr/share/texlive/texmf-dist/tex/generic/pgf/modules/pgfmoduleshapes.code.tex
) (/usr/share/texlive/texmf-dist/tex/generic/pgf/modules/pgfmoduleplot.code.tex
)
(/usr/share/texlive/texmf-dist/tex/latex/pgf/compatibility/pgfcomp-version-0-65
.sty)
(/usr/share/texlive/texmf-dist/tex/latex/pgf/compatibility/pgfcomp-version-1-18
.sty)) (/usr/share/texlive/texmf-dist/tex/latex/pgf/utilities/pgffor.sty
(/usr/share/texlive/texmf-dist/tex/latex/pgf/utilities/pgfkeys.sty
(/usr/share/texlive/texmf-dist/tex/generic/pgf/utilities/pgfkeys.code.tex))
(/usr/share/texlive/texmf-dist/tex/latex/pgf/math/pgfmath.sty
(/usr/share/texlive/texmf-dist/tex/generic/pgf/math/pgfmath.code.tex))
(/usr/share/texlive/texmf-dist/tex/generic/pgf/utilities/pgffor.code.tex
(/usr/share/texlive/texmf-dist/tex/generic/pgf/math/pgfmath.code.tex)))
(/usr/share/texlive/texmf-dist/tex/generic/pgf/frontendlayer/tikz/tikz.code.tex

(/usr/share/texlive/texmf-dist/tex/generic/pgf/libraries/pgflibraryplothandlers
.code.tex)
(/usr/share/texlive/texmf-dist/tex/generic/pgf/modules/pgfmodulematrix.code.tex
)
(/usr/share/texlive/texmf-dist/tex/generic/pgf/frontendlayer/tikz/libraries/tik
zlibrarytopaths.code.tex)))
(/usr/share/texlive/texmf-dist/tex/generic/pgf/libraries/pgflibraryarrows.meta.
code.tex)
(/usr/share/texlive/texmf-dist/tex/generic/pgf/frontendlayer/tikz/libraries/tik
zlibrarycalc.code.tex)
(/usr/share/texlive/texmf-dist/tex/generic/pgf/frontendlayer/tikz/libraries/tik
zlibrarypositioning.code.tex)
(/usr/share/texlive/texmf-dist/tex/latex/hyperref/hyperref.sty
(/usr/share/texlive/texmf-dist/tex/generic/ltxcmds/ltxcmds.sty)
(/usr/share/texlive/texmf-dist/tex/generic/pdftexcmds/pdftexcmds.sty
(/usr/share/texlive/texmf-dist/tex/generic/infwarerr/infwarerr.sty))
(/usr/share/texlive/texmf-dist/tex/generic/kvsetkeys/kvsetkeys.sty)
(/usr/share/texlive/texmf-dist/tex/generic/kvdefinekeys/kvdefinekeys.sty)
(/usr/share/texlive/texmf-dist/tex/generic/pdfescape/pdfescape.sty)
(/usr/share/texlive/texmf-dist/tex/latex/hycolor/hycolor.sty)
(/usr/share/texlive/texmf-dist/tex/latex/letltxmacro/letltxmacro.sty)
(/usr/share/texlive/texmf-dist/tex/latex/auxhook/auxhook.sty)
(/usr/share/texlive/texmf-dist/tex/latex/kvoptions/kvoptions.sty)
(/usr/share/texlive/texmf-dist/tex/latex/hyperref/pd1enc.def)
(/usr/share/texlive/texmf-dist/tex/latex/hyperref/hyperref-langpatches.def)
(/usr/share/texlive/texmf-dist/tex/generic/intcalc/intcalc.sty)
(/usr/share/texlive/texmf-dist/tex/generic/etexcmds/etexcmds.sty)
(/usr/share/texlive/texmf-dist/tex/latex/hyperref/puenc.def)
(/usr/share/texlive/texmf-dist/tex/latex/url/url.sty)
(/usr/share/texlive/texmf-dist/tex/generic/bitset/bitset.sty
(/usr/share/texlive/texmf-dist/tex/generic/bigintcalc/bigintcalc.sty))
(/usr/share/texlive/texmf-dist/tex/latex/base/atbegshi-ltx.sty))
(/usr/share/texlive/texmf-dist/tex/latex/hyperref/hpdftex.def
(/usr/share/texlive/texmf-dist/tex/latex/base/atveryend-ltx.sty)
(/usr/share/texlive/texmf-dist/tex/latex/rerunfilecheck/rerunfilecheck.sty
(/usr/share/texlive/texmf-dist/tex/generic/uniquecounter/uniquecounter.sty)))
(/usr/share/texlive/texmf-dist/tex/latex/natbib/natbib.sty)
(/usr/share/texlive/texmf-dist/tex/latex/mdframed/mdframed.sty
(/usr/share/texlive/texmf-dist/tex/latex/l3packages/xparse/xparse.sty
(/usr/share/texlive/texmf-dist/tex/latex/l3kernel/expl3.sty
(/usr/share/texlive/texmf-dist/tex/latex/l3backend/l3backend-pdftex.def)))
(/usr/share/texlive/texmf-dist/tex/latex/etoolbox/etoolbox.sty)
(/usr/share/texlive/texmf-dist/tex/latex/zref/zref-abspage.sty
(/usr/share/texlive/texmf-dist/tex/latex/zref/zref-base.sty))
(/usr/share/texlive/texmf-dist/tex/latex/needspace/needspace.sty)
(/usr/share/texlive/texmf-dist/tex/latex/mdframed/md-frame-0.mdf))
(/usr/share/texlive/texmf-dist/tex/latex/algorithms/algorithm.sty
(/usr/share/texlive/texmf-dist/tex/latex/float/float.sty)
(/usr/share/texlive/texmf-dist/tex/latex/base/ifthen.sty))
(/usr/share/texlive/texmf-dist/tex/latex/algorithmicx/algpseudocode.sty
(/usr/share/texlive/texmf-dist/tex/latex/algorithmicx/algorithmicx.sty
Document Style algorithmicx 1.2 - a greatly improved `algorithmic' style
)
Document Style - pseudocode environments for use with the `algorithmicx' style
) (/usr/share/texlive/texmf-dist/tex/latex/listings/listings.sty
(/usr/share/texlive/texmf-dist/tex/latex/listings/lstmisc.sty)
(/usr/share/texlive/texmf-dist/tex/latex/listings/listings.cfg)))
(/home/ubuntu/python/BayesFilter/docs/plans/artifacts/hmc-remaining-gaps-2026-0
9-24/f-r1/book-r2/build/main.aux)
*geometry* driver: auto-detecting
*geometry* detected driver: pdftex
(/usr/share/texlive/texmf-dist/tex/context/base/mkii/supp-pdf.mkii
[Loading MPS to PDF converter (version 2006.09.02).]
) (/usr/share/texlive/texmf-dist/tex/latex/epstopdf-pkg/epstopdf-base.sty
(/usr/share/texlive/texmf-dist/tex/latex/latexconfig/epstopdf-sys.cfg))
(/usr/share/texlive/texmf-dist/tex/latex/hyperref/nameref.sty
(/usr/share/texlive/texmf-dist/tex/latex/refcount/refcount.sty)
(/usr/share/texlive/texmf-dist/tex/generic/gettitlestring/gettitlestring.sty))
(/usr/share/texlive/texmf-dist/tex/latex/amsfonts/umsa.fd)
(/usr/share/texlive/texmf-dist/tex/latex/amsfonts/umsb.fd) [1{/var/lib/texmf/fo
nts/map/pdftex/updmap/pdftex.map}] [2] [1] (./chapters/ch01_introduction.tex
Chapter 1.
[2]) (./chapters/ch02_state_space_contracts.tex [3]
Chapter 2.

Overfull \hbox (7.30852pt too wide) in paragraph at lines 34--36
\OT1/cmr/m/it/12 data that de-com-poses the la-tent state co-or-di-nates into d
e-clared roles. The min-i-mal BayesFil-
[4]

LaTeX Warning: Reference `ch:bf-structural-deterministic-dynamics' on page 5 un
defined on input line 77.

[5]) (./chapters/ch03_hmc_target_requirements.tex [6]
Chapter 3.

LaTeX Warning: Reference `def:bf-filtering-target' on page 7 undefined on input
 line 30.

[7]) (./chapters/ch04_bayesfilter_api.tex [8]
Chapter 4.

Overfull \hbox (0.90378pt too wide) in paragraph at lines 36--38
\OT1/cmr/m/n/12 The ex-act soft-ware in-ter-face may change, but im-ple-men-ta-
tions should be au-ditable against

Underfull \vbox (badness 3240) has occurred while \output is active [9]
[10]

LaTeX Warning: Reference `ch:bf-structural-deterministic-dynamics' on page 11 u
ndefined on input line 94.


Overfull \hbox (26.99707pt too wide) in paragraph at lines 104--107
[]\OT1/cmr/bx/n/12 Fail-closed par-ti-tion val-i-da-tion: \OT1/cmr/m/n/12 mixed
 mod-els must de-clare stochas-tic, deterministic-

Overfull \hbox (13.88249pt too wide) in paragraph at lines 125--129
[]\OT1/cmr/m/n/12 DSGE and Macro-Fi-nance adapters should sup-ply model tim-ing
 and eco-nomics. BayesFil-
[11] [12]) [13] [14] [15] (./chapters/ch05_prediction_error_decomposition.tex
Chapter 5.

LaTeX Warning: Reference `ch:bf-kalman-score' on page 16 undefined on input lin
e 8.


LaTeX Warning: Reference `ch:bf-kalman-hessian' on page 16 undefined on input l
ine 8.


LaTeX Warning: Reference `def:bf-ssm-contract' on page 16 undefined on input li
ne 13.

[16]

LaTeX Warning: Reference `eq:bf-kalman-update-cov' on page 17 undefined on inpu
t line 65.


LaTeX Warning: Reference `eq:bf-ped-loglik' on page 17 undefined on input line 
101.


LaTeX Warning: Reference `eq:bf-lgssm-state' on page 17 undefined on input line
 102.


LaTeX Warning: Reference `eq:bf-lgssm-observation' on page 17 undefined on inpu
t line 102.


LaTeX Warning: Reference `eq:bf-ped-loglik' on page 17 undefined on input line 
123.

[17]

LaTeX Warning: Reference `ch:bf-hmc-target-requirements' on page 18 undefined o
n input line 130.

) (./chapters/ch06_stable_linear_filtering.tex [18]
Chapter 6.

LaTeX Warning: Reference `ch:bf-prediction-error-decomposition' on page 19 unde
fined on input line 4.


LaTeX Warning: Reference `eq:bf-ped-loglik' on page 19 undefined on input line 
24.

[19]

LaTeX Warning: Reference `eq:bf-ped-loglik' on page 20 undefined on input line 
77.

[20]) (./chapters/ch07_missing_data_mixed_frequency.tex [21]
Chapter 7.

LaTeX Warning: Reference `eq:bf-ped-loglik' on page 22 undefined on input line 
23.


LaTeX Warning: Reference `def:bf-structural-state-partition' on page 22 undefin
ed on input line 51.

[22]) (./chapters/ch08_large_scale_lgssm.tex [23]
Chapter 8.
[24]

LaTeX Warning: Reference `ch:bf-prediction-error-decomposition' on page 25 unde
fined on input line 54.

[25]

LaTeX Warning: Reference `ch:bf-prediction-error-decomposition' on page 26 unde
fined on input line 117.

) [26] [27] [28] (./chapters/ch09_kalman_score.tex
Chapter 9.

LaTeX Warning: Reference `ch:bf-prediction-error-decomposition' on page 29 unde
fined on input line 5.

[29]

LaTeX Warning: Reference `eq:bf-score-innovation-first' on page 30 undefined on
 input line 98.


LaTeX Warning: Reference `eq:bf-score-innovation-cov-first' on page 30 undefine
d on input line 98.


LaTeX Warning: Reference `eq:bf-score-filtered-cov-first' on page 30 undefined 
on input line 141.

) (./chapters/ch10_kalman_hessian.tex [30] [31]
Chapter 10.

LaTeX Warning: Reference `eq:bf-score-predicted-mean-first' on page 32 undefine
d on input line 41.


LaTeX Warning: Reference `eq:bf-score-predicted-cov-first' on page 32 undefined
 on input line 41.

[32]

LaTeX Warning: Reference `ch:bf-kalman-score' on page 33 undefined on input lin
e 104.


LaTeX Warning: Reference `eq:bf-solve-hessian-w-dot' on page 33 undefined on in
put line 112.


LaTeX Warning: Reference `eq:bf-solve-hessian-logdet' on page 33 undefined on i
nput line 150.


LaTeX Warning: Reference `eq:bf-solve-hessian-quadratic' on page 33 undefined o
n input line 150.


LaTeX Warning: Reference `eq:bf-solve-hessian-summary' on page 33 undefined on 
input line 151.

[33]

LaTeX Warning: Reference `eq:bf-hessian-precision-first' on page 34 undefined o
n input line 236.


LaTeX Warning: Reference `eq:bf-hessian-precision-second' on page 34 undefined 
on input line 236.


LaTeX Warning: Reference `eq:bf-hessian-filtered-mean' on page 34 undefined on 
input line 265.


LaTeX Warning: Reference `eq:bf-hessian-filtered-cov' on page 34 undefined on i
nput line 265.

[34]) (./chapters/ch11_structural_derivatives.tex [35]
Chapter 11.

LaTeX Warning: Reference `eq:bf-structural-first-provider' on page 36 undefined
 on input line 54.


LaTeX Warning: Reference `eq:bf-structural-second-provider' on page 36 undefine
d on input line 54.


LaTeX Warning: Reference `ch:bf-kalman-score' on page 36 undefined on input lin
e 55.


LaTeX Warning: Reference `ch:bf-kalman-hessian' on page 36 undefined on input l
ine 56.

[36]

LaTeX Warning: Reference `eq:bf-structural-map' on page 37 undefined on input l
ine 114.


LaTeX Warning: Reference `eq:bf-structural-stationary-mean-first' on page 37 un
defined on input line 145.


LaTeX Warning: Reference `eq:bf-structural-stationary-cov-first' on page 37 und
efined on input line 146.

[37]

LaTeX Warning: Reference `sec:bf-score-masks' on page 38 undefined on input lin
e 174.


LaTeX Warning: Reference `eq:bf-structural-map' on page 38 undefined on input l
ine 206.


LaTeX Warning: Reference `eq:bf-structural-first-provider' on page 38 undefined
 on input line 209.


LaTeX Warning: Reference `eq:bf-structural-second-provider' on page 38 undefine
d on input line 209.

[38]

LaTeX Warning: Reference `eq:bf-structural-transform-first' on page 39 undefine
d on input line 212.


LaTeX Warning: Reference `eq:bf-structural-transform-second' on page 39 undefin
ed on input line 212.


LaTeX Warning: Reference `ch:bf-factor-derivatives' on page 39 undefined on inp
ut line 224.

) (./chapters/ch12_factor_derivatives.tex [39]
Chapter 12.

LaTeX Warning: Reference `ch:bf-kalman-score' on page 40 undefined on input lin
e 7.


LaTeX Warning: Reference `ch:bf-kalman-hessian' on page 40 undefined on input l
ine 7.


LaTeX Warning: Reference `eq:bf-factor-reconstruction-first' on page 40 undefin
ed on input line 57.


LaTeX Warning: Reference `eq:bf-factor-reconstruction-second' on page 40 undefi
ned on input line 57.

[40] [41]
Overfull \hbox (10.90388pt too wide) in paragraph at lines 183--186
\OT1/cmr/m/n/12 The generic for-mu-las above en-ter the fil-ter through stack f
ac-tor-iza-tions. If $\OML/cmm/m/it/12 C[]C[] \OT1/cmr/m/n/12 =

LaTeX Warning: Reference `eq:bf-factor-qr-r-first' on page 42 undefined on inpu
t line 198.


LaTeX Warning: Reference `eq:bf-factor-qr-r-second' on page 42 undefined on inp
ut line 198.


LaTeX Warning: Reference `eq:bf-score-gain-first' on page 42 undefined on input
 line 221.


LaTeX Warning: Reference `eq:bf-hessian-gain-second' on page 42 undefined on in
put line 222.


LaTeX Warning: Reference `eq:bf-factor-reconstruction-first' on page 42 undefin
ed on input line 224.


LaTeX Warning: Reference `eq:bf-factor-reconstruction-second' on page 42 undefi
ned on input line 224.


LaTeX Warning: Reference `ch:bf-kalman-score' on page 42 undefined on input lin
e 226.


LaTeX Warning: Reference `ch:bf-kalman-hessian' on page 42 undefined on input l
ine 226.

[42]

LaTeX Warning: Reference `eq:bf-factor-reconstruction-first' on page 43 undefin
ed on input line 254.


LaTeX Warning: Reference `eq:bf-factor-reconstruction-second' on page 43 undefi
ned on input line 254.


LaTeX Warning: Reference `ch:bf-svd-sigma-point' on page 43 undefined on input 
line 257.


LaTeX Warning: Reference `eq:bf-factor-reconstruction-first' on page 43 undefin
ed on input line 273.


LaTeX Warning: Reference `eq:bf-factor-reconstruction-second' on page 43 undefi
ned on input line 273.

[43]
Overfull \hbox (2.67781pt too wide) in paragraph at lines 339--339
[]\OT1/cmr/bx/n/17.28 Affine-Support Gaus-sian Like-li-hood and Deriva-
) (./chapters/ch13_custom_gradient_wrappers.tex
Overfull \hbox (4.11865pt too wide) in paragraph at lines 358--1
\OT1/cmr/m/n/12 The deriva-tive in-cludes mo-tion of the sup-port ba-sis and th
e in-no-va-tion. A log-determinant-
[44]
Chapter 13.

LaTeX Warning: Reference `ch:bf-structural-derivatives' on page 45 undefined on
 input line 20.


LaTeX Warning: Reference `ch:bf-factor-derivatives' on page 45 undefined on inp
ut line 20.

[45]

LaTeX Warning: Reference `eq:bf-custom-primal-target' on page 46 undefined on i
nput line 97.

[46]) (./chapters/ch14_derivative_validation.tex [47]
Chapter 14.
[48]

LaTeX Warning: Reference `eq:bf-factor-reconstruction-first' on page 49 undefin
ed on input line 85.


LaTeX Warning: Reference `eq:bf-factor-reconstruction-second' on page 49 undefi
ned on input line 85.


LaTeX Warning: Reference `sec:bf-score-masks' on page 49 undefined on input lin
e 89.

[49] [50]) [51] [52] (./chapters/ch15_ekf.tex
Chapter 15.

LaTeX Warning: Reference `ch:bf-prediction-error-decomposition' on page 53 unde
fined on input line 5.


LaTeX Warning: Reference `eq:bf-ped-loglik' on page 53 undefined on input line 
50.

[53]) (./chapters/ch16_sigma_point_filters.tex [54]
Chapter 16.

Package natbib Warning: Citation `adurthi2012cut' on page 55 undefined on input
 line 45.


Package natbib Warning: Citation `adurthi2012cutfiltering' on page 55 undefined
 on input line 45.

[55]

LaTeX Warning: Reference `eq:bf-cut4-quadrature' on page 56 undefined on input 
line 90.

[56]

LaTeX Warning: Reference `ch:bf-structural-deterministic-dynamics' on page 57 u
ndefined on input line 153.

[57]) (./chapters/ch17_square_root_sigma_point.tex [58]
Chapter 17.

Overfull \hbox (19.65202pt too wide) in paragraph at lines 14--21
\OT1/cmr/m/n/12 For a model with sep-a-rate first- and second-order state com-p
o-nents, use \OT1/cmtt/m/n/12 TFPrunedSRUKFModel
[59]

LaTeX Warning: Reference `ch:bf-svd-sigma-point' on page 60 undefined on input 
line 85.


LaTeX Warning: Reference `sec:bf-svd-principal-sqrt-backend' on page 60 undefin
ed on input line 87.

[60] [61]

LaTeX Warning: Reference `eq:bf-srukf-factor-reconstruction-first' on page 62 u
ndefined on input line 232.


LaTeX Warning: Reference `ch:bf-factor-derivatives' on page 62 undefined on inp
ut line 233.

[62]

LaTeX Warning: Reference `eq:bf-srukf-innovation-factor' on page 63 undefined o
n input line 315.


LaTeX Warning: Reference `eq:bf-srukf-filtered-mean-first' on page 63 undefined
 on input line 381.


LaTeX Warning: Reference `eq:bf-srukf-filtered-factor-first' on page 63 undefin
ed on input line 382.


LaTeX Warning: Reference `eq:bf-srukf-factor-reconstruction-first' on page 63 u
ndefined on input line 391.


LaTeX Warning: Reference `eq:bf-srukf-filtered-factor-first' on page 63 undefin
ed on input line 392.

[63] [64]

LaTeX Warning: Reference `sec:bf-fixed-rank-rectangular-qr' on page 65 undefine
d on input line 456.


LaTeX Warning: Reference `eq:bf-affine-support-log-density' on page 65 undefine
d on input line 468.


LaTeX Warning: Reference `sec:bf-cut-rules' on page 65 undefined on input line 
480.

) (./chapters/ch18_svd_sigma_point.tex [65]
Chapter 18.
[66]

LaTeX Warning: Reference `ch:bf-kalman-hessian' on page 67 undefined on input l
ine 66.


LaTeX Warning: Reference `ch:bf-structural-derivatives' on page 67 undefined on
 input line 71.


LaTeX Warning: Reference `ch:bf-factor-derivatives' on page 67 undefined on inp
ut line 72.


LaTeX Warning: Reference `ch:bf-custom-gradient-wrappers' on page 67 undefined 
on input line 73.


LaTeX Warning: Reference `ch:bf-derivative-validation' on page 67 undefined on 
input line 75.

[67]

LaTeX Warning: Reference `eq:bf-svd-sp-point-first' on page 68 undefined on inp
ut line 188.


LaTeX Warning: Reference `eq:bf-svd-sp-cov-second' on page 68 undefined on inpu
t line 188.


LaTeX Warning: Reference `eq:bf-svd-sp-cloud' on page 68 undefined on input lin
e 196.


LaTeX Warning: Reference `eq:bf-svd-sp-mean-first' on page 68 undefined on inpu
t line 200.


LaTeX Warning: Reference `eq:bf-svd-sp-cov-second' on page 68 undefined on inpu
t line 200.

[68] [69]

LaTeX Warning: Reference `eq:bf-solve-hessian-w-dot' on page 70 undefined on in
put line 354.


LaTeX Warning: Reference `eq:bf-solve-hessian-quadratic' on page 70 undefined o
n input line 354.


LaTeX Warning: Reference `eq:bf-svd-sp-cloud' on page 70 undefined on input lin
e 357.


LaTeX Warning: Reference `eq:bf-svd-sp-filtered-cov-second' on page 70 undefine
d on input line 357.


LaTeX Warning: Reference `ch:bf-structural-deterministic-dynamics' on page 70 u
ndefined on input line 362.


LaTeX Warning: Reference `eq:bf-svd-sp-structural-input-law' on page 70 undefin
ed on input line 378.


LaTeX Warning: Reference `eq:bf-svd-sp-structural-point-map' on page 70 undefin
ed on input line 379.


LaTeX Warning: Reference `prop:bf-structural-ukf-pushforward' on page 70 undefi
ned on input line 380.


LaTeX Warning: Reference `ch:bf-nonlinear-ssm-validation' on page 70 undefined 
on input line 384.

[70]

LaTeX Warning: Reference `eq:bf-svd-sp-fixed-support-null-conditions' on page 7
1 undefined on input line 448.


LaTeX Warning: Reference `eq:bf-structural-ukf-loglik-object' on page 71 undefi
ned on input line 530.


LaTeX Warning: Reference `eq:bf-svd-sp-fixed-support-null-conditions' on page 7
1 undefined on input line 535.


LaTeX Warning: Reference `eq:bf-svd-sp-fixed-support-gap-condition' on page 71 
undefined on input line 536.


LaTeX Warning: Reference `eq:bf-svd-sp-fixed-support-reconstruction' on page 71
 undefined on input line 537.

[71]

LaTeX Warning: Reference `eq:bf-svd-eigenvalue-first' on page 72 undefined on i
nput line 620.


LaTeX Warning: Reference `eq:bf-svd-factor-column-second' on page 72 undefined 
on input line 620.


Package natbib Warning: Citation `ionescu2015matrixbackprop' on page 72 undefin
ed on input line 629.

[72]

LaTeX Warning: Reference `eq:bf-svd-factor-reconstruction-first' on page 73 und
efined on input line 665.


LaTeX Warning: Reference `eq:bf-svd-factor-reconstruction-second' on page 73 un
defined on input line 665.


LaTeX Warning: Reference `eq:bf-svd-eigenvector-first' on page 73 undefined on 
input line 702.


LaTeX Warning: Reference `eq:bf-svd-principal-sqrt-first' on page 73 undefined 
on input line 707.


LaTeX Warning: Reference `eq:bf-svd-sp-transformed-cov' on page 73 undefined on
 input line 728.


LaTeX Warning: Reference `eq:bf-svd-sp-cross-second' on page 73 undefined on in
put line 728.

[73]

LaTeX Warning: Reference `eq:bf-svd-sp-score' on page 74 undefined on input lin
e 752.


LaTeX Warning: Reference `eq:bf-svd-principal-sqrt-innovation-first' on page 74
 undefined on input line 771.


LaTeX Warning: Reference `eq:bf-svd-principal-sqrt-innovation-logdet-first' on 
page 74 undefined on input line 772.


LaTeX Warning: Reference `eq:bf-svd-principal-sqrt-first' on page 74 undefined 
on input line 794.


LaTeX Warning: Reference `eq:bf-svd-principal-sqrt-innovation-first' on page 74
 undefined on input line 795.


LaTeX Warning: Reference `eq:bf-svd-principal-sqrt-first' on page 74 undefined 
on input line 797.


LaTeX Warning: Reference `eq:bf-svd-principal-sqrt-innovation-first' on page 74
 undefined on input line 798.


Overfull \hbox (0.14557pt too wide) in paragraph at lines 804--809
[]\OT1/cmr/m/n/12 The Phase 2026-06 strict-SPD im-ple-men-ta-tion ev-i-dence is
 bounded: re-peated positive-

Overfull \hbox (14.28558pt too wide) in paragraph at lines 804--809
\OT1/cmr/m/n/12 spectrum fix-tures, re-con-struc-tion checks, com-piled val-ue/
s-core smoke, and the two-candidate
[74]

LaTeX Warning: Reference `ch:bf-kalman-score' on page 75 undefined on input lin
e 817.


LaTeX Warning: Reference `ch:bf-kalman-hessian' on page 75 undefined on input l
ine 817.


LaTeX Warning: Reference `eq:bf-svd-factor-reconstruction-first' on page 75 und
efined on input line 821.


LaTeX Warning: Reference `eq:bf-svd-factor-reconstruction-second' on page 75 un
defined on input line 821.


LaTeX Warning: Reference `eq:bf-svd-cut-quadrature' on page 75 undefined on inp
ut line 882.

[75]

LaTeX Warning: Reference `eq:bf-svd-cut-cloud' on page 76 undefined on input li
ne 924.


LaTeX Warning: Reference `eq:bf-svd-cut-quadrature' on page 76 undefined on inp
ut line 924.

[76]

LaTeX Warning: Reference `eq:bf-svd-cut-point-first' on page 77 undefined on in
put line 1013.


LaTeX Warning: Reference `eq:bf-svd-cut-point-second' on page 77 undefined on i
nput line 1014.


LaTeX Warning: Reference `eq:bf-svd-cut-map-first' on page 77 undefined on inpu
t line 1016.


LaTeX Warning: Reference `eq:bf-svd-cut-map-second' on page 77 undefined on inp
ut line 1016.


LaTeX Warning: Reference `eq:bf-svd-cut-mean-first' on page 77 undefined on inp
ut line 1019.


LaTeX Warning: Reference `eq:bf-svd-cut-mean-second' on page 77 undefined on in
put line 1019.


LaTeX Warning: Reference `eq:bf-svd-cut-cov-first' on page 77 undefined on inpu
t line 1032.


LaTeX Warning: Reference `eq:bf-svd-cut-cov-second' on page 77 undefined on inp
ut line 1033.

[77]

LaTeX Warning: Reference `eq:bf-svd-cut-cov-first' on page 78 undefined on inpu
t line 1112.


LaTeX Warning: Reference `eq:bf-svd-cut-cov-second' on page 78 undefined on inp
ut line 1113.


LaTeX Warning: Reference `eq:bf-svd-cut-innovation-derivatives' on page 78 unde
fined on input line 1115.


LaTeX Warning: Reference `eq:bf-svd-cut-w-dot' on page 78 undefined on input li
ne 1120.


LaTeX Warning: Reference `eq:bf-svd-cut-score' on page 78 undefined on input li
ne 1123.


LaTeX Warning: Reference `eq:bf-svd-cut-loglik' on page 78 undefined on input l
ine 1124.


LaTeX Warning: Reference `eq:bf-svd-cut-hessian-pieces' on page 78 undefined on
 input line 1125.


LaTeX Warning: Reference `eq:bf-svd-cut-hessian' on page 78 undefined on input 
line 1126.


LaTeX Warning: Reference `ch:bf-kalman-hessian' on page 78 undefined on input l
ine 1127.


LaTeX Warning: Reference `eq:bf-svd-factor-reconstruction-first' on page 78 und
efined on input line 1149.


LaTeX Warning: Reference `eq:bf-svd-factor-reconstruction-second' on page 78 un
defined on input line 1149.


LaTeX Warning: Reference `sec:bf-svd-factor-derivative-contract' on page 78 und
efined on input line 1154.


LaTeX Warning: Reference `ch:bf-xla-jit' on page 78 undefined on input line 116
4.

[78] [79]

LaTeX Warning: Reference `sec:bf-srukf-implemented-direct-qr' on page 80 undefi
ned on input line 1249.

) (./chapters/ch18b_structural_deterministic_dynamics.tex [80]
Chapter 19.

LaTeX Warning: Reference `mdf@pagelabel-1' on page 81 undefined on input line 1
6.


LaTeX Warning: Reference `ch:bf-state-space-contracts' on page 81 undefined on 
input line 23.

[81]
Overfull \hbox (11.80775pt too wide) in paragraph at lines 67--72
\OT1/cmr/m/it/12 To place sigma points on a ran-dom vari-able means to choose w
eighted points $\OMS/cmsy/m/n/12 f\OML/cmm/m/it/12 a[]; w[]; w[]\OMS/cmsy/m/n/1
2 g$

LaTeX Warning: Reference `ch:bf-api-design' on page 82 undefined on input line 
94.


LaTeX Warning: Reference `ch:bf-state-space-contracts' on page 82 undefined on 
input line 104.


Package natbib Warning: Citation `herbst2015bayesian' on page 82 undefined on i
nput line 109.


Package natbib Warning: Citation `an2007bayesian' on page 82 undefined on input
 line 109.


Package natbib Warning: Citation `kim2008calculating' on page 82 undefined on i
nput line 113.


Package natbib Warning: Citation `andreasen2018pruned' on page 82 undefined on 
input line 113.


Package natbib Warning: Citation `durbin2012time' on page 82 undefined on input
 line 127.


Package natbib Warning: Citation `herbst2015bayesian' on page 82 undefined on i
nput line 127.


Package natbib Warning: Citation `an2007bayesian' on page 82 undefined on input
 line 127.


Overfull \hbox (12.278pt too wide) in paragraph at lines 123--128
[]\OT1/cmr/bx/n/12 State-space like-li-hoods and DSGE so-lu-tions. \OT1/cmr/m/n
/12 Stan-dard state-space and Bayesian

Package natbib Warning: Citation `kim2008calculating' on page 82 undefined on i
nput line 132.


Package natbib Warning: Citation `andreasen2018pruned' on page 82 undefined on 
input line 132.

[82]

Package natbib Warning: Citation `julier1996general' on page 83 undefined on in
put line 140.


Package natbib Warning: Citation `julier1997new' on page 83 undefined on input 
line 140.


Package natbib Warning: Citation `vandermerwe2004sigma' on page 83 undefined on
 input line 140.


Package natbib Warning: Citation `gordon1993novel' on page 83 undefined on inpu
t line 145.


Package natbib Warning: Citation `doucet2001sequential' on page 83 undefined on
 input line 145.


Package natbib Warning: Citation `andrieu2010particle' on page 83 undefined on 
input line 145.


Package natbib Warning: Citation `durbin2012time' on page 83 undefined on input
 line 169.


LaTeX Warning: Reference `ch:bf-state-space-contracts' on page 83 undefined on 
input line 195.


LaTeX Warning: Reference `eq:bf-m-transition' on page 83 undefined on input lin
e 198.


LaTeX Warning: Reference `eq:bf-k-transition' on page 83 undefined on input lin
e 198.

[83]

LaTeX Warning: Reference `eq:bf-m-transition' on page 84 undefined on input lin
e 217.


LaTeX Warning: Reference `eq:bf-k-transition' on page 84 undefined on input lin
e 217.


LaTeX Warning: Reference `ch:bf-sigma-point-filters' on page 84 undefined on in
put line 234.


Package natbib Warning: Citation `gordon1993novel' on page 84 undefined on inpu
t line 241.


Package natbib Warning: Citation `doucet2001sequential' on page 84 undefined on
 input line 241.


Package natbib Warning: Citation `andrieu2010particle' on page 84 undefined on 
input line 241.

[84]
Overfull \hbox (3.5873pt too wide) in paragraph at lines 293--296
[]\OT1/cmr/m/n/12 Return the like-li-hood con-tri-bu-tion, fil-tered ap-prox-i-
ma-tion, and meta-data record-

LaTeX Warning: Reference `mdf@pagelabel-2' on page 85 undefined on input line 2
97.

[85]
Overfull \hbox (25.57852pt too wide) in paragraph at lines 322--324
[]\OT1/cmr/m/n/12 an al-tered tran-si-tion law that in-jects new stochas-tic de
-grees of free-dom into deterministic-

LaTeX Warning: Reference `ch:bf-svd-sigma-point' on page 86 undefined on input 
line 338.


Package natbib Warning: Citation `julier1996general' on page 86 undefined on in
put line 358.


Package natbib Warning: Citation `julier1997new' on page 86 undefined on input 
line 358.


Package natbib Warning: Citation `vandermerwe2004sigma' on page 86 undefined on
 input line 360.

[86]

Package natbib Warning: Citation `julier1996general' on page 87 undefined on in
put line 396.


Package natbib Warning: Citation `vandermerwe2004sigma' on page 87 undefined on
 input line 400.

[87]

LaTeX Warning: Reference `eq:bf-scaled-ukf-points' on page 88 undefined on inpu
t line 452.


LaTeX Warning: Reference `eq:bf-scaled-ukf-weights' on page 88 undefined on inp
ut line 453.


LaTeX Warning: Reference `eq:bf-m-transition' on page 88 undefined on input lin
e 511.


LaTeX Warning: Reference `eq:bf-k-transition' on page 88 undefined on input lin
e 511.

[88]
Overfull \hbox (31.87715pt too wide) in paragraph at lines 536--540
[]\OT1/cmr/bx/n/12 Sigma points. \OT1/cmr/m/n/12 Gen-er-ate $\OMS/cmsy/m/n/12 f
\OML/cmm/m/it/12 a[]; w[]; w[]\OMS/cmsy/m/n/12 g[]$ \OT1/cmr/m/n/12 from $(\OML
/cmm/m/it/12 ^^V[]; P[]\OT1/cmr/m/n/12 )$. Write $\OML/cmm/m/it/12 a[] \OT1/cmr
/m/n/12 = (\OML/cmm/m/it/12 m[]; k[]; "[]\OT1/cmr/m/n/12 )$. 
[89]

Package natbib Warning: Citation `chopin2020introduction' on page 90 undefined 
on input line 597.


LaTeX Warning: Reference `eq:bf-kernel-exact-prediction' on page 90 undefined o
n input line 628.


LaTeX Warning: Reference `eq:bf-kernel-exact-update' on page 90 undefined on in
put line 629.


LaTeX Warning: Reference `eq:bf-structural-map-definition' on page 90 undefined
 on input line 635.


LaTeX Warning: Reference `eq:bf-kernel-exact-prediction' on page 90 undefined o
n input line 653.

[90]

LaTeX Warning: Reference `eq:bf-kernel-ukf-joint-gaussian' on page 91 undefined
 on input line 736.


LaTeX Warning: Reference `eq:bf-kernel-ukf-observation-moments' on page 91 unde
fined on input line 773.

[91]
Underfull \hbox (badness 10000) in paragraph at lines 806--806
[]|\OT1/cmr/bx/n/12 Standard additive-noise

Underfull \hbox (badness 10000) in paragraph at lines 812--812
[]|\OT1/cmr/m/n/12 Direct pro-cess

Underfull \hbox (badness 1184) in paragraph at lines 814--814
[]|\OT1/cmr/m/n/12 None un-less con-straints are

Underfull \hbox (badness 10000) in paragraph at lines 819--819
[]|\OT1/cmr/m/n/12 SVD/square-root
[92]

LaTeX Warning: Reference `eq:bf-structural-ukf-prop-pushforward' on page 93 und
efined on input line 884.


LaTeX Warning: Reference `eq:bf-structural-ukf-prop-pushforward' on page 93 und
efined on input line 906.


LaTeX Warning: Reference `eq:bf-structural-map-definition' on page 93 undefined
 on input line 923.

[93]

LaTeX Warning: Reference `prop:bf-structural-ukf-pushforward' on page 94 undefi
ned on input line 973.


LaTeX Warning: Reference `eq:bf-structural-ukf-second-order-mean' on page 94 un
defined on input line 989.


LaTeX Warning: Reference `eq:bf-structural-ukf-second-order-mean' on page 94 un
defined on input line 993.


LaTeX Warning: Reference `eq:bf-structural-ukf-second-order-cov' on page 94 und
efined on input line 1002.


Package natbib Warning: Citation `julier1996general' on page 94 undefined on in
put line 1004.


Package natbib Warning: Citation `vandermerwe2004sigma' on page 94 undefined on
 input line 1004.

[94]

Package natbib Warning: Citation `julier1997new' on page 95 undefined on input 
line 1081.


LaTeX Warning: Reference `eq:bf-ukf-example-k' on page 95 undefined on input li
ne 1095.

[95] [96]

LaTeX Warning: Reference `eq:bf-ukf-example-y' on page 97 undefined on input li
ne 1212.

[97] [98]
Overfull \hbox (11.73978pt too wide) in paragraph at lines 1424--1427
\OT1/cmr/m/n/12 which mixes gen-uine shock-driven vari-a-tion with ar-ti-fi-cia
l per-tur-ba-tions of the deterministic-
[99]

LaTeX Warning: Reference `eq:bf-ukf-example-m' on page 100 undefined on input l
ine 1441.


LaTeX Warning: Reference `eq:bf-ukf-example-y' on page 100 undefined on input l
ine 1441.

[100] [101]

LaTeX Warning: Reference `eq:bf-exp-affine-pushforward' on page 102 undefined o
n input line 1615.


LaTeX Warning: Reference `eq:bf-exp-affine-transition-m' on page 102 undefined 
on input line 1658.


LaTeX Warning: Reference `eq:bf-exp-affine-transition-state' on page 102 undefi
ned on input line 1658.


LaTeX Warning: Reference `ass:bf-exp-affine-factorization' on page 102 undefine
d on input line 1660.


LaTeX Warning: Reference `eq:bf-exp-affine-pushforward' on page 102 undefined o
n input line 1664.


LaTeX Warning: Reference `eq:bf-exp-affine-transition-m' on page 102 undefined 
on input line 1668.


LaTeX Warning: Reference `eq:bf-exp-affine-transition-k' on page 102 undefined 
on input line 1668.


LaTeX Warning: Reference `eq:bf-exp-affine-transition-m' on page 102 undefined 
on input line 1679.


LaTeX Warning: Reference `eq:bf-exp-affine-transition-k' on page 102 undefined 
on input line 1680.


LaTeX Warning: Reference `eq:bf-exp-affine-structural-identity' on page 102 und
efined on input line 1681.

[102]

LaTeX Warning: Reference `eq:bf-exp-affine-pushforward' on page 103 undefined o
n input line 1713.


LaTeX Warning: Reference `eq:bf-exp-affine-observation-map' on page 103 undefin
ed on input line 1714.


LaTeX Warning: Reference `eq:bf-exp-affine-observation-pushforward' on page 103
 undefined on input line 1715.


LaTeX Warning: Reference `eq:bf-exp-affine-structural-identity' on page 103 und
efined on input line 1721.


LaTeX Warning: Reference `eq:bf-exp-affine-pushforward' on page 103 undefined o
n input line 1723.


LaTeX Warning: Reference `eq:bf-exp-affine-structural-identity' on page 103 und
efined on input line 1728.


Overfull \hbox (1.82225pt too wide) in paragraph at lines 1736--1737
 []\OT1/cmr/bx/n/12 Failure prop-a-ga-tion and observation-side-only er-ror.[] 
\OT1/cmr/m/n/12 Un-der the pre-ced-ing worked

LaTeX Warning: Reference `eq:bf-exp-affine-pushforward' on page 103 undefined o
n input line 1742.


LaTeX Warning: Reference `eq:bf-exp-affine-observation-pushforward' on page 103
 undefined on input line 1744.

[103] [104] [105] [106]

LaTeX Warning: Reference `eq:bf-exp-affine-observation' on page 107 undefined o
n input line 2071.


Overfull \hbox (3.13388pt too wide) in paragraph at lines 2079--2079
[]\OT1/cmr/bx/n/17.28 Structural De-gen-er-acy, Nu-mer-i-cal De-gen-er-acy,

Underfull \hbox (badness 10000) in paragraph at lines 2089--2089
[]|\OT1/cmr/m/n/12 Some la-tent co-or-di-

Underfull \hbox (badness 5607) in paragraph at lines 2089--2089
\OT1/cmr/m/n/12 nates are deterministic-

Underfull \hbox (badness 10000) in paragraph at lines 2089--2089
\OT1/cmr/m/n/12 completion vari-ables

Underfull \hbox (badness 1596) in paragraph at lines 2090--2090
[]|\OT1/cmr/m/n/12 A co-vari-ance or in-no-va-

Underfull \hbox (badness 1117) in paragraph at lines 2090--2091
[]|\OT1/cmr/m/n/12 Use a sta-ble solve, square-

Underfull \hbox (badness 1253) in paragraph at lines 2090--2091
\OT1/cmr/m/n/12 ap-pro-pri-ate to the de-clared

Underfull \hbox (badness 10000) in paragraph at lines 2091--2091
[]|\OT1/cmr/m/n/12 SVD/square-root

Underfull \hbox (badness 10000) in paragraph at lines 2091--2091
[]|\OT1/cmr/m/n/12 A nu-mer-i-cal back-end

Underfull \hbox (badness 10000) in paragraph at lines 2092--2092
[]|\OT1/cmr/m/n/12 Derivative/spectral

Underfull \hbox (badness 10000) in paragraph at lines 2092--2092
[]|\OT1/cmr/m/n/12 Raw au-tod-iff through

Underfull \hbox (badness 10000) in paragraph at lines 2092--2092
\OT1/cmr/m/n/12 spec-tral or fall-back

Underfull \hbox (badness 10000) in paragraph at lines 2092--2093
[]|\OT1/cmr/m/n/12 Requires deriva-tive au-dits,

Underfull \hbox (badness 7540) in paragraph at lines 2092--2093
\OT1/cmr/m/n/12 stress tests, and pos-si-bly
[107]

LaTeX Warning: Reference `ch:bf-square-root-sigma-point' on page 108 undefined 
on input line 2102.


LaTeX Warning: Reference `ch:bf-svd-sigma-point' on page 108 undefined on input
 line 2103.

[108]

LaTeX Warning: Reference `prop:bf-degenerate-covariance-formal-ut-accuracy' on 
page 109 undefined on input line 2170.


LaTeX Warning: Reference `prop:bf-structural-ukf-pushforward' on page 109 undef
ined on input line 2174.

[109] [110]

LaTeX Warning: Reference `eq:bf-collapsed-identity-residual' on page 111 undefi
ned on input line 2358.


LaTeX Warning: Reference `eq:bf-collapsed-support-leakage' on page 111 undefine
d on input line 2359.

[111]

LaTeX Warning: Reference `eq:bf-structural-ukf-moment-objects' on page 112 unde
fined on input line 2435.


LaTeX Warning: Reference `eq:bf-collapsed-ukf-object-errors' on page 112 undefi
ned on input line 2450.


LaTeX Warning: Reference `eq:bf-structural-ukf-moment-objects' on page 112 unde
fined on input line 2462.


LaTeX Warning: Reference `eq:bf-collapsed-law-equivalence' on page 112 undefine
d on input line 2463.


LaTeX Warning: Reference `eq:bf-structural-ukf-moment-objects' on page 112 unde
fined on input line 2468.


LaTeX Warning: Reference `eq:bf-structural-ukf-update-objects' on page 112 unde
fined on input line 2476.


LaTeX Warning: Reference `eq:bf-structural-ukf-loglik-object' on page 112 undef
ined on input line 2481.

[112]

LaTeX Warning: Reference `eq:bf-structural-ukf-update-objects' on page 113 unde
fined on input line 2489.


LaTeX Warning: Reference `eq:bf-structural-ukf-loglik-object' on page 113 undef
ined on input line 2490.


LaTeX Warning: Reference `eq:bf-collapsed-gain-identity-example' on page 113 un
defined on input line 2561.


LaTeX Warning: Reference `eq:bf-structural-gain-identity-example' on page 113 u
ndefined on input line 2562.


LaTeX Warning: Reference `eq:bf-collapsed-gain-identity-example' on page 113 un
defined on input line 2574.


LaTeX Warning: Reference `eq:bf-collapsed-ukf-likelihood-gain-change' on page 1
13 undefined on input line 2577.

[113]

LaTeX Warning: Reference `eq:bf-collapsed-ukf-likelihood-gain-change' on page 1
14 undefined on input line 2586.


Package natbib Warning: Citation `ionescu2015matrixbackprop' on page 114 undefi
ned on input line 2608.

[114]
Overfull \hbox (12.32727pt too wide) in paragraph at lines 2644--2646
[]\OT1/cmr/m/n/12 dimensions and names for the fil-tered state, the de-clared i
n-no-va-tion, and deterministic-

LaTeX Warning: Reference `ch:bf-production-checklist' on page 115 undefined on 
input line 2693.

[115] [116]

LaTeX Warning: Reference `ch:bf-production-checklist' on page 117 undefined on 
input line 2757.

) [117] [118] (./chapters/ch19_particle_filters.tex
Chapter 20.
[119]
Underfull \hbox (badness 1571) in paragraph at lines 98--100
[]|\OT1/cmr/m/n/8 Structural/model pa-ram-e-ter and, in HMC

Underfull \hbox (badness 1005) in paragraph at lines 105--107
[]|\OT1/cmr/m/n/8 Pre- or post-update par-ti-cles, equal-weight

Underfull \hbox (badness 1983) in paragraph at lines 107--107
[]|\OT1/cmr/m/n/8 Weights and em-pir-i-cal

Underfull \hbox (badness 10000) in paragraph at lines 109--110
[]|\OT1/cmr/m/n/8 Unnormalized/normalized weights and

Underfull \hbox (badness 1953) in paragraph at lines 118--118
[]|\OT1/cmr/m/n/8 Flow maps and Ja-co-

Underfull \hbox (badness 1394) in paragraph at lines 157--159
[]|\OT1/cmr/m/n/8 Calling a clo-sure, re-lax-ation, solver, or

Underfull \hbox (badness 1769) in paragraph at lines 159--159
[]|\OT1/cmr/m/n/8 Unbiased par-ti-cle es-ti-

Underfull \hbox (badness 2359) in paragraph at lines 162--163
[]|\OT1/cmr/m/n/8 Inferring un-bi-ased log like-li-hood, score,

Underfull \hbox (badness 10000) in paragraph at lines 163--163
[]|\OT1/cmr/m/n/8 Consistent ap-prox-i-ma-

Underfull \hbox (badness 2495) in paragraph at lines 181--182
[]|\OT1/cmr/m/n/8 Presenting im-ple-men-ta-tion pref-er-ence as
[120]

LaTeX Warning: Reference `eq:bf-pf-predictive-law' on page 121 undefined on inp
ut line 234.

[121]

LaTeX Warning: Reference `eq:bf-pf-filtering-law' on page 122 undefined on inpu
t line 246.


Overfull \hbox (4.8677pt too wide) in paragraph at lines 243--248
\OT1/cmr/m/n/12 The conditional-independence con-ven-tion of the state-space mo
del re-duces $\OML/cmm/m/it/12 p[]\OT1/cmr/m/n/12 (\OML/cmm/m/it/12 y[] \OMS/cm
sy/m/n/12 j \OML/cmm/m/it/12 x[]; y[]\OT1/cmr/m/n/12 )$

LaTeX Warning: Reference `eq:bf-pf-predictive-law' on page 122 undefined on inp
ut line 262.


LaTeX Warning: Reference `eq:bf-pf-marginal-factorization' on page 122 undefine
d on input line 262.

[122]

LaTeX Warning: Reference `eq:bf-pf-trajectory-proposal' on page 123 undefined o
n input line 333.


LaTeX Warning: Reference `eq:bf-pf-trajectory-target' on page 123 undefined on 
input line 333.


LaTeX Warning: Reference `eq:bf-pf-sis-recursion' on page 123 undefined on inpu
t line 350.


Overfull \hbox (2.10979pt too wide) in paragraph at lines 360--360
[]\OT1/cmr/bx/n/17.28 Sequential im-por-tance re-sam-pling and the boot-

LaTeX Warning: Reference `eq:bf-pf-bootstrap-proposal' on page 123 undefined on
 input line 375.


LaTeX Warning: Reference `eq:bf-pf-sis-recursion' on page 123 undefined on inpu
t line 376.


Overfull \hbox (22.59271pt too wide) has occurred while \output is active
\OT1/cmr/m/sl/12 20.6.  SEQUENTIAL IMPORTANCE RESAMPLING AND THE BOOTSTRAP FILT
ER \OT1/cmr/m/n/12 123
[123]

Package natbib Warning: Citation `gordon1993novel' on page 124 undefined on inp
ut line 402.


Package natbib Warning: Citation `doucet2001sequential' on page 124 undefined o
n input line 403.


Package natbib Warning: Citation `andrieu2009pseudo' on page 124 undefined on i
nput line 404.


Package natbib Warning: Citation `andrieu2010particle' on page 124 undefined on
 input line 404.


LaTeX Warning: Reference `eq:bf-pf-marginal-factorization' on page 124 undefine
d on input line 415.


LaTeX Warning: Reference `eq:bf-pf-bootstrap-likelihood-estimator' on page 124 
undefined on input line 444.

[124] [125]

Package natbib Warning: Citation `doucet2001sequential' on page 126 undefined o
n input line 559.


Package natbib Warning: Citation `andrieu2010particle' on page 126 undefined on
 input line 560.

[126]

LaTeX Warning: Reference `eq:bf-pf-empirical-measure' on page 127 undefined on 
input line 617.


Package natbib Warning: Citation `bengtsson2008curse' on page 127 undefined on 
input line 623.


Package natbib Warning: Citation `snyder2008obstacles' on page 127 undefined on
 input line 623.


Underfull \hbox (badness 10000) in paragraph at lines 657--659
[]|\OT1/cmr/m/n/8 Compare pre-dic-tive and

Underfull \hbox (badness 10000) in paragraph at lines 657--659
\OT1/cmr/m/n/8 fil-ter-ing fac-tors against

Underfull \hbox (badness 1910) in paragraph at lines 657--659
\OT1/cmr/m/n/8 a Kalman ref-er-ence in a

Underfull \hbox (badness 10000) in paragraph at lines 659--659
[]|\OT1/cmr/m/n/8 Trajectory im-por-tance

Underfull \hbox (badness 10000) in paragraph at lines 660--660
\OT1/cmr/m/n/8 the spec-i-fied tar-get/pro-

Underfull \hbox (badness 2573) in paragraph at lines 665--665
\OT1/cmr/m/n/8 the de-clared pro-posal and

Underfull \hbox (badness 10000) in paragraph at lines 666--667
[]|\OT1/cmr/m/n/8 Compare bounded test-

Underfull \hbox (badness 1960) in paragraph at lines 669--670
[]|\OT1/cmr/m/n/8 Bootstrap pro-posal; con-di-

Underfull \hbox (badness 1286) in paragraph at lines 675--676
\OT1/cmr/m/n/8 nite; di-ag-nos-tic in-ter-preted

Underfull \hbox (badness 1383) in paragraph at lines 675--676
\OT1/cmr/m/n/8 with model di-men-sion and

Underfull \hbox (badness 10000) in paragraph at lines 679--679
[]|\OT1/cmr/m/n/8 Pathwise gra-di-ent

Underfull \hbox (badness 10000) in paragraph at lines 682--684
[]|\OT1/cmr/m/n/8 Finite-difference a fixed-

Underfull \hbox (badness 2245) in paragraph at lines 682--684
\OT1/cmr/m/n/8 seed re-sam-pled path and

Underfull \hbox (badness 4217) in paragraph at lines 682--684
\OT1/cmr/m/n/8 iden-tify dis-con-ti-nu-ities or

Underfull \hbox (badness 10000) in paragraph at lines 682--684
\OT1/cmr/m/n/8 zero-almost-everywhere
[127]) (./chapters/ch19b_dpf_literature_survey.tex [128]
Chapter 21.

Underfull \vbox (badness 10000) has occurred while \output is active [129]

Package natbib Warning: Citation `daumhuang2008' on page 130 undefined on input
 line 69.


Package natbib Warning: Citation `li2017particle' on page 130 undefined on inpu
t line 70.


Package natbib Warning: Citation `hu2021particle' on page 130 undefined on inpu
t line 73.

[130]

LaTeX Warning: Reference `eq:bf-pff-log-homotopy' on page 131 undefined on inpu
t line 160.


LaTeX Warning: Reference `eq:bf-pff-homotopy-normalizer' on page 131 undefined 
on input line 174.


LaTeX Warning: Reference `eq:bf-pff-log-homotopy-derivative' on page 131 undefi
ned on input line 203.

[131]

LaTeX Warning: Reference `eq:bf-pff-continuity-equation' on page 132 undefined 
on input line 261.


LaTeX Warning: Reference `eq:bf-pff-log-homotopy-derivative' on page 132 undefi
ned on input line 269.


LaTeX Warning: Reference `eq:bf-pff-log-density-continuity' on page 132 undefin
ed on input line 270.

[132] [133]
Overfull \hbox (4.70761pt too wide) in paragraph at lines 368--372
\OT1/cmr/m/n/12 whose mean and co-vari-ance evo-lu-tion match the Gaus-sian ho-
mo-topy. If $\OML/cmm/m/it/12 X[] \OMS/cmsy/m/n/12 ^^X N\OT1/cmr/m/n/12 (\OML/c
mm/m/it/12 m[]; P[]\OT1/cmr/m/n/12 )$

LaTeX Warning: Reference `eq:bf-pff-homotopy-cov-derivative' on page 134 undefi
ned on input line 385.


LaTeX Warning: Reference `eq:bf-pff-edh-ode' on page 134 undefined on input lin
e 434.

[134] [135]
Overfull \hbox (2.83334pt too wide) in paragraph at lines 543--546
\OT1/cmr/m/n/12 The lo-cal lin-eariza-tion of the ob-ser-va-tion map near par-t
i-cle $\OML/cmm/m/it/12 x[]$ \OT1/cmr/m/n/12 there-fore pro-duces particle-

Package natbib Warning: Citation `li2017particle' on page 136 undefined on inpu
t line 576.


Package natbib Warning: Citation `li2017particle' on page 136 undefined on inpu
t line 588.

[136] [137]
Underfull \hbox (badness 10000) in paragraph at lines 736--736
[]|\OT1/cmr/m/n/10.95 Normalized ho-mo-

Underfull \hbox (badness 6725) in paragraph at lines 739--740
[]|\OT1/cmr/m/n/10.95 exact con-ser-va-tion state-ment

Underfull \hbox (badness 10000) in paragraph at lines 740--742
[]|\OT1/cmr/m/n/10.95 verify trans-ported test-

Underfull \hbox (badness 10000) in paragraph at lines 740--742
\OT1/cmr/m/n/10.95 function mo-ments against

Underfull \hbox (badness 1082) in paragraph at lines 742--744
[]|\OT1/cmr/m/n/10.95 record the cho-sen field and

Underfull \hbox (badness 10000) in paragraph at lines 742--744
\OT1/cmr/m/n/10.95 com-pare al-ter-na-tives on

Underfull \hbox (badness 3942) in paragraph at lines 744--744
[]|\OT1/cmr/m/n/10.95 EDH Gaus-sian clo-

Underfull \hbox (badness 1275) in paragraph at lines 744--745
\OT1/cmr/m/n/10.95 ex-act fil-ter-ing only in linear-

Underfull \hbox (badness 10000) in paragraph at lines 747--748
[]|\OT1/cmr/m/n/10.95 approximate clo-sure us-ing

Underfull \hbox (badness 10000) in paragraph at lines 747--748
\OT1/cmr/m/n/10.95 particle-local Ja-co-bians and

Underfull \hbox (badness 1881) in paragraph at lines 748--750
[]|\OT1/cmr/m/n/10.95 monitor Ja-co-bian con-di-tion-

Underfull \hbox (badness 1484) in paragraph at lines 748--750
\OT1/cmr/m/n/10.95 ing, lo-cal pre-ci-sion spec-tra,

Underfull \hbox (badness 1472) in paragraph at lines 750--750
[]|\OT1/cmr/m/n/10.95 Pseudo-time in-te-gra-

Underfull \vbox (badness 10000) has occurred while \output is active [138])
(./chapters/ch19c_dpf_implementation_literature.tex [139]
Chapter 22.

Package natbib Warning: Citation `doucet2001sequential' on page 140 undefined o
n input line 48.


Package natbib Warning: Citation `chopin2020introduction' on page 140 undefined
 on input line 48.


Package natbib Warning: Citation `li2017particle' on page 140 undefined on inpu
t line 50.

[140]

LaTeX Warning: Reference `eq:bf-pfpf-postflow-density' on page 141 undefined on
 input line 105.

[141]

LaTeX Warning: Reference `eq:bf-pfpf-weight' on page 142 undefined on input lin
e 184.


Overfull \hbox (45.69102pt too wide) has occurred while \output is active
\OT1/cmr/m/n/12 142 \OT1/cmr/m/sl/12 CHAPTER 22.  PARTICLE-FLOW PARTICLE FILTER
S AND PROPOSAL CORRECTION
[142]

Package natbib Warning: Citation `li2017particle' on page 143 undefined on inpu
t line 230.


LaTeX Warning: Reference `eq:bf-pfpf-alg1-covariance-lifecycle' on page 143 und
efined on input line 253.

[143]

LaTeX Warning: Reference `eq:bf-pfpf-weight' on page 144 undefined on input lin
e 309.


LaTeX Warning: Reference `eq:bf-pfpf-alg1-resampling-triple' on page 144 undefi
ned on input line 362.


Overfull \hbox (130.15244pt too wide) detected at line 369
[][][][][]

Overfull \hbox (45.69102pt too wide) has occurred while \output is active
\OT1/cmr/m/n/12 144 \OT1/cmr/m/sl/12 CHAPTER 22.  PARTICLE-FLOW PARTICLE FILTER
S AND PROPOSAL CORRECTION
[144]

Package natbib Warning: Citation `reich2013nonparametric' on page 145 undefined
 on input line 384.


Package natbib Warning: Citation `corenflos2021differentiable' on page 145 unde
fined on input line 384.


LaTeX Warning: Reference `eq:bf-pfpf-alg1-det-product' on page 145 undefined on
 input line 400.


LaTeX Warning: Reference `eq:bf-pfpf-postflow-density' on page 145 undefined on
 input line 423.

[145]

LaTeX Warning: Reference `eq:bf-pfpf-weight' on page 146 undefined on input lin
e 480.


Overfull \hbox (45.69102pt too wide) has occurred while \output is active
\OT1/cmr/m/n/12 146 \OT1/cmr/m/sl/12 CHAPTER 22.  PARTICLE-FLOW PARTICLE FILTER
S AND PROPOSAL CORRECTION
[146]

LaTeX Warning: Reference `eq:bf-pfpf-postflow-density' on page 147 undefined on
 input line 522.


LaTeX Warning: Reference `eq:bf-pfpf-weight' on page 147 undefined on input lin
e 526.


Overfull \hbox (2.70668pt too wide) in paragraph at lines 524--527
[]\OT1/cmr/bx/n/12 Forward/inverse sign check\OT1/cmr/m/n/12 : ver-ify that the
 pro-posal den-sity uses $\OMS/cmsy/m/n/12 ^^@ [] j [] \OML/cmm/m/it/12 D\OT1/c
mr/m/n/12 ^^H[]\OMS/cmsy/m/n/12 j$

LaTeX Warning: Reference `eq:bf-pfpf-logdet-ode' on page 147 undefined on input
 line 528.

[147])
Overfull \hbox (45.69102pt too wide) has occurred while \output is active
\OT1/cmr/m/n/12 148 \OT1/cmr/m/sl/12 CHAPTER 22.  PARTICLE-FLOW PARTICLE FILTER
S AND PROPOSAL CORRECTION
[148] [149] (./chapters/ch32a_soft_differentiable_resampling.tex
Chapter 23.

Package natbib Warning: Citation `jonschkowski2018differentiable' on page 150 u
ndefined on input line 17.


Package natbib Warning: Citation `zhumurphyjonschkowski2020' on page 150 undefi
ned on input line 18.


Package natbib Warning: Citation `karkus2018particle' on page 150 undefined on 
input line 19.


Package natbib Warning: Citation `corenflos2021differentiable' on page 150 unde
fined on input line 20.


Package natbib Warning: Citation `doucet2001sequential' on page 150 undefined o
n input line 38.


Package natbib Warning: Citation `chopin2020introduction' on page 150 undefined
 on input line 38.

[150]

Package natbib Warning: Citation `zhumurphyjonschkowski2020' on page 151 undefi
ned on input line 97.


Package natbib Warning: Citation `jonschkowski2018differentiable' on page 151 u
ndefined on input line 97.


Package natbib Warning: Citation `karkus2018particle' on page 151 undefined on 
input line 106.

[151]

LaTeX Warning: Reference `eq:bf-soft-mean-preservation' on page 152 undefined o
n input line 197.

[152]) (./chapters/ch32b_deterministic_ot_equalweighting.tex [153]
Chapter 24.

Package natbib Warning: Citation `villani2003topics' on page 154 undefined on i
nput line 13.


Package natbib Warning: Citation `peyre2019computational' on page 154 undefined
 on input line 13.


Package natbib Warning: Citation `reich2013nonparametric' on page 154 undefined
 on input line 13.


Package natbib Warning: Citation `doucet2001sequential' on page 154 undefined o
n input line 25.


Package natbib Warning: Citation `chopin2020introduction' on page 154 undefined
 on input line 25.


Package natbib Warning: Citation `reich2013nonparametric' on page 154 undefined
 on input line 41.


Package natbib Warning: Citation `peyre2019computational' on page 154 undefined
 on input line 41.


Underfull \hbox (badness 3989) in paragraph at lines 47--48
[]|\OT1/cmr/m/n/10.95 What later chap-ters

Underfull \hbox (badness 10000) in paragraph at lines 49--49
[]|\OT1/cmr/m/n/10.95 weighted em-pir-i-cal

Underfull \hbox (badness 10000) in paragraph at lines 49--49
[]|\OT1/cmr/m/n/10.95 deterministic cou-

Underfull \hbox (badness 1990) in paragraph at lines 49--49
\OT1/cmr/m/n/10.95 pling and barycen-

Underfull \hbox (badness 10000) in paragraph at lines 49--49
\OT1/cmr/m/n/10.95 tric equal-weight

Underfull \hbox (badness 7944) in paragraph at lines 50--50
\OT1/cmr/m/n/10.95 ized cou-pling and

Underfull \hbox (badness 2951) in paragraph at lines 50--51
\OT1/cmr/m/n/10.95 is-tic LP by an en-

Underfull \hbox (badness 10000) in paragraph at lines 51--51
\OT1/cmr/m/n/10.95 or target-changing

Underfull \hbox (badness 10000) in paragraph at lines 51--52
[]|\OT1/cmr/m/n/10.95 may pre-serve the

Underfull \hbox (badness 1571) in paragraph at lines 51--52
\OT1/cmr/m/n/10.95 teacher, com-press it,
[154] [155]

Package natbib Warning: Citation `reich2013nonparametric' on page 156 undefined
 on input line 201.


Package natbib Warning: Citation `corenflos2021differentiable' on page 156 unde
fined on input line 201.

[156]
Overfull \hbox (132.04547pt too wide) detected at line 207
[][][][][]
[157]

LaTeX Warning: Reference `eq:bf-ot-baseline-lp' on page 158 undefined on input 
line 303.

[158]) (./chapters/ch32c_entropic_ot_sinkhorn.tex [159]
Chapter 25.

LaTeX Warning: Reference `eq:bf-eot-deterministic-baseline-repeat' on page 160 
undefined on input line 35.

[160]
Overfull \hbox (14.01982pt too wide) in paragraph at lines 51--51
[]\OT1/cmr/bx/n/17.28 Running three-particle cell with en-tropic smooth-

Package natbib Warning: Citation `cuturi2013sinkhorn' on page 161 undefined on 
input line 103.


Package natbib Warning: Citation `peyre2019computational' on page 161 undefined
 on input line 103.


LaTeX Warning: Reference `eq:bf-eot-primal' on page 161 undefined on input line
 133.


Package natbib Warning: Citation `feydy2019geomloss' on page 161 undefined on i
nput line 139.


Package natbib Warning: Citation `charlier2021keops' on page 161 undefined on i
nput line 139.


Package natbib Warning: Citation `ye2026flashsinkhorn' on page 161 undefined on
 input line 139.


Package natbib Warning: Citation `xiao2026fastsinkhorn' on page 161 undefined o
n input line 139.

[161]
Overfull \hbox (10.66063pt too wide) in paragraph at lines 166--168
[]\OT1/cmr/m/n/12 For equal-weight barycen-tric out-put, the streamed route sti
ll forms costs of the schematic

LaTeX Warning: Reference `eq:bf-eot-primal' on page 162 undefined on input line
 203.


Overfull \hbox (7.67172pt too wide) has occurred while \output is active
\OT1/cmr/m/n/12 162 \OT1/cmr/m/sl/12 CHAPTER 25.  ENTROPIC OT, SINKHORN, AND BA
RYCENTRIC PROJECTION
[162]

LaTeX Warning: Reference `eq:bf-eot-factorization' on page 163 undefined on inp
ut line 269.

[163]

LaTeX Warning: Reference `eq:bf-eot-primal' on page 164 undefined on input line
 309.


LaTeX Warning: Reference `eq:bf-eot-factorization' on page 164 undefined on inp
ut line 310.


LaTeX Warning: Reference `eq:bf-eot-a-balance' on page 164 undefined on input l
ine 311.


LaTeX Warning: Reference `eq:bf-eot-b-balance' on page 164 undefined on input l
ine 311.


LaTeX Warning: Reference `eq:bf-eot-primal' on page 164 undefined on input line
 344.


Overfull \hbox (7.67172pt too wide) has occurred while \output is active
\OT1/cmr/m/n/12 164 \OT1/cmr/m/sl/12 CHAPTER 25.  ENTROPIC OT, SINKHORN, AND BA
RYCENTRIC PROJECTION
[164]

Package natbib Warning: Citation `feydy2019geomloss' on page 165 undefined on i
nput line 379.


Package natbib Warning: Citation `charlier2021keops' on page 165 undefined on i
nput line 379.


Package natbib Warning: Citation `ye2026flashsinkhorn' on page 165 undefined on
 input line 379.


Package natbib Warning: Citation `xiao2026fastsinkhorn' on page 165 undefined o
n input line 379.


Package natbib Warning: Citation `schmitzer2016sparse' on page 165 undefined on
 input line 418.


Package natbib Warning: Citation `alaya2019screenkhorn' on page 165 undefined o
n input line 418.


Package natbib Warning: Citation `schmitzer2019stabilized' on page 165 undefine
d on input line 418.


Package natbib Warning: Citation `altschuler2017nearlinear' on page 165 undefin
ed on input line 418.


Package natbib Warning: Citation `dvurechensky2018computational' on page 165 un
defined on input line 418.


Package natbib Warning: Citation `abid2018greedy' on page 165 undefined on inpu
t line 418.


Package natbib Warning: Citation `lin2019efficient' on page 165 undefined on in
put line 418.


Package natbib Warning: Citation `xu2026accelerating' on page 165 undefined on 
input line 418.


Package natbib Warning: Citation `genevay2016stochastic' on page 165 undefined 
on input line 418.

[165]
Overfull \hbox (7.67172pt too wide) has occurred while \output is active
\OT1/cmr/m/n/12 166 \OT1/cmr/m/sl/12 CHAPTER 25.  ENTROPIC OT, SINKHORN, AND BA
RYCENTRIC PROJECTION
[166]

LaTeX Warning: Reference `eq:bf-eot-barycentric-equal' on page 167 undefined on
 input line 506.


LaTeX Warning: Reference `eq:bf-eot-barycentric-covariance-contraction' on page
 167 undefined on input line 549.

[167]

LaTeX Warning: Reference `ch:bf-ledh-pfpf-ot-custom-gradient' on page 168 undef
ined on input line 590.


Overfull \hbox (7.67172pt too wide) has occurred while \output is active
\OT1/cmr/m/n/12 168 \OT1/cmr/m/sl/12 CHAPTER 25.  ENTROPIC OT, SINKHORN, AND BA
RYCENTRIC PROJECTION
[168]

LaTeX Warning: Reference `eq:bf-eot-first-order-transform-contract' on page 169
 undefined on input line 676.


LaTeX Warning: Reference `eq:bf-eot-first-order-transform-contract' on page 169
 undefined on input line 689.


LaTeX Warning: Reference `eq:bf-eot-second-order-matrix-contract' on page 169 u
ndefined on input line 689.


Package natbib Warning: Citation `acevedodewiljesreich2017secondorder' on page 
169 undefined on input line 694.


LaTeX Warning: Reference `eq:bf-eot-second-order-matrix-contract' on page 169 u
ndefined on input line 695.


Overfull \hbox (16.5775pt too wide) in paragraph at lines 687--699
\OT1/cmr/m/n/12 Equations []--[] are the finite-dimensional ver-sion of the sec
ond-order ac-cu-rate ensemble-

LaTeX Warning: Reference `eq:bf-eot-first-order-transform-contract' on page 169
 undefined on input line 703.


LaTeX Warning: Reference `eq:bf-eot-second-order-cloud-contract' on page 169 un
defined on input line 718.


LaTeX Warning: Reference `eq:bf-eot-first-order-transform-contract' on page 169
 undefined on input line 726.

[169]

LaTeX Warning: Reference `eq:bf-eot-D-covariance-gap' on page 170 undefined on 
input line 749.


LaTeX Warning: Reference `eq:bf-eot-D-covariance-gap' on page 170 undefined on 
input line 755.


Package natbib Warning: Citation `gordon1993novel' on page 170 undefined on inp
ut line 790.


Package natbib Warning: Citation `doucet2001sequential' on page 170 undefined o
n input line 790.


Package natbib Warning: Citation `chopin2020introduction' on page 170 undefined
 on input line 790.


Overfull \hbox (7.67172pt too wide) has occurred while \output is active
\OT1/cmr/m/n/12 170 \OT1/cmr/m/sl/12 CHAPTER 25.  ENTROPIC OT, SINKHORN, AND BA
RYCENTRIC PROJECTION
[170]
Overfull \hbox (27.51414pt too wide) detected at line 835
[][][]\OML/cmm/m/it/12 D[]\OT1/cmr/m/n/12 (\OML/cmm/m/it/12 Q\OT1/cmr/m/n/12 ) 
= \OML/cmm/m/it/12 w\OT1/cmr/bx/n/12 1[] \OT1/cmr/m/n/12 + [] (\OML/cmm/m/it/12
 W \OMS/cmsy/m/n/12 ^^@ \OML/cmm/m/it/12 ww[]\OT1/cmr/m/n/12 )[]\OML/cmm/m/it/1
2 Q;  Q \OMS/cmsy/m/n/12 2 \U/msb/m/n/12 R[]\OML/cmm/m/it/12 ;  Q[]Q \OT1/cmr/m
/n/12 = \OML/cmm/m/it/12 QQ[] \OT1/cmr/m/n/12 = \OML/cmm/m/it/12 I[];  Q\OT1/cm
r/bx/n/12 1 \OT1/cmr/m/n/12 = \OT1/cmr/bx/n/12 1\OML/cmm/m/it/12 :

LaTeX Warning: Reference `eq:bf-eot-second-order-matrix-contract' on page 171 u
ndefined on input line 840.


Package natbib Warning: Citation `reich2013nonparametric' on page 171 undefined
 on input line 857.


Package natbib Warning: Citation `acevedodewiljesreich2017secondorder' on page 
171 undefined on input line 857.

[171]

Package natbib Warning: Citation `acevedodewiljesreich2017secondorder' on page 
172 undefined on input line 905.


Package natbib Warning: Citation `spantini2022coupling' on page 172 undefined o
n input line 906.


Package natbib Warning: Citation `reich2013nonparametric' on page 172 undefined
 on input line 908.


Package natbib Warning: Citation `corenflos2021differentiable' on page 172 unde
fined on input line 908.


Overfull \hbox (7.67172pt too wide) has occurred while \output is active
\OT1/cmr/m/n/12 172 \OT1/cmr/m/sl/12 CHAPTER 25.  ENTROPIC OT, SINKHORN, AND BA
RYCENTRIC PROJECTION
[172]

LaTeX Warning: Reference `prop:bf-eot-barycentric-not-second-order' on page 173
 undefined on input line 985.


LaTeX Warning: Reference `prop:bf-eot-barycentric-not-second-order' on page 173
 undefined on input line 991.


LaTeX Warning: Reference `eq:bf-eot-positive-spread-gap-formula' on page 173 un
defined on input line 998.


LaTeX Warning: Reference `eq:bf-eot-residual-noise-cloud' on page 173 undefined
 on input line 1058.

[173]

LaTeX Warning: Reference `eq:bf-eot-residual-expected-covariance' on page 174 u
ndefined on input line 1092.


LaTeX Warning: Reference `prop:bf-eot-residual-affine-restoration' on page 174 
undefined on input line 1101.


Overfull \hbox (7.67172pt too wide) has occurred while \output is active
\OT1/cmr/m/n/12 174 \OT1/cmr/m/sl/12 CHAPTER 25.  ENTROPIC OT, SINKHORN, AND BA
RYCENTRIC PROJECTION
[174]

LaTeX Warning: Reference `eq:bf-eot-residual-affine-map' on page 175 undefined 
on input line 1188.


LaTeX Warning: Reference `prop:bf-eot-residual-affine-restoration' on page 175 
undefined on input line 1225.


Overfull \hbox (250.80617pt too wide) detected at line 1248
[][]\OT1/cmr/m/n/12 ([]) = \OML/cmm/m/it/12 r[] [] \OMS/cmsy/m/n/12 k\OT1/cmr/m
/n/12 (\OML/cmm/m/it/12 I \OMS/cmsy/m/n/12 ^^@ \OML/cmm/m/it/12 P[]\OT1/cmr/m/n
/12 )\OML/cmm/m/it/12 P[]\OMS/cmsy/m/n/12 k ^^T \OML/cmm/m/it/12 ^^O[];  ^^U[]\
OT1/cmr/m/n/12 ([]) \OML/cmm/m/it/12 > ^^\[];  ^^T[]\OT1/cmr/m/n/12 ([]) \OML/c
mm/m/it/12 < ^^T[];  [] \OMS/cmsy/m/n/12 ^^T \OML/cmm/m/it/12 c[] []

LaTeX Warning: Reference `ch:bf-svd-sigma-point' on page 175 undefined on input
 line 1276.


Package natbib Warning: Citation `higham2002accuracy' on page 175 undefined on 
input line 1280.

[175]

LaTeX Warning: Reference `eq:bf-eot-contract-e-chol-affine' on page 176 undefin
ed on input line 1345.


LaTeX Warning: Reference `eq:bf-eot-contract-e-chol-affine' on page 176 undefin
ed on input line 1351.


Overfull \hbox (7.67172pt too wide) has occurred while \output is active
\OT1/cmr/m/n/12 176 \OT1/cmr/m/sl/12 CHAPTER 25.  ENTROPIC OT, SINKHORN, AND BA
RYCENTRIC PROJECTION
[176]

LaTeX Warning: Reference `eq:bf-eot-contract-e-chol-affine' on page 177 undefin
ed on input line 1372.

[177]
Overfull \hbox (7.67172pt too wide) has occurred while \output is active
\OT1/cmr/m/n/12 178 \OT1/cmr/m/sl/12 CHAPTER 25.  ENTROPIC OT, SINKHORN, AND BA
RYCENTRIC PROJECTION
[178]

LaTeX Warning: Reference `prop:bf-eot-cubature-design-moments' on page 179 unde
fined on input line 1526.


LaTeX Warning: Reference `eq:bf-eot-cubature-barycentric' on page 179 undefined
 on input line 1550.

[179]

LaTeX Warning: Reference `prop:bf-eot-cubature-design-moments' on page 180 unde
fined on input line 1610.


LaTeX Warning: Reference `eq:bf-eot-finite-increment' on page 180 undefined on 
input line 1624.


Overfull \hbox (11.65013pt too wide) in paragraph at lines 1632--1639
\OT1/cmr/m/n/12 the flow Ja-co-bian. The full scalar is a com-po-si-tion throug
h $(\OML/cmm/m/it/12 x; ; \OT1/cmr/m/n/12 ^^E\OML/cmm/m/it/12 ; Y[]; ^^V[]; \O
T1/cmr/m/n/12 ^^F[]\OML/cmm/m/it/12 ; []; A[]; X[]\OT1/cmr/m/n/12 )$.

Package natbib Warning: Citation `ebeigbe2025genut' on page 180 undefined on in
put line 1652.


Overfull \hbox (7.67172pt too wide) has occurred while \output is active
\OT1/cmr/m/n/12 180 \OT1/cmr/m/sl/12 CHAPTER 25.  ENTROPIC OT, SINKHORN, AND BA
RYCENTRIC PROJECTION
[180]
Overfull \hbox (0.91524pt too wide) in paragraph at lines 1692--1701
[]\OT1/cmr/m/n/12 The first con-straint gives $\OML/cmm/m/it/12 b[] \OT1/cmr/m/
n/12 = \OML/cmm/m/it/12 c[]v[]=u[]$\OT1/cmr/m/n/12 . Sub-sti-tu-tion into the s
ec-ond gives $\OML/cmm/m/it/12 c[]v[]\OT1/cmr/m/n/12 (\OML/cmm/m/it/12 u[] \OT1
/cmr/m/n/12 +

LaTeX Warning: Reference `prop:bf-eot-genut-positivity' on page 181 undefined o
n input line 1746.

[181]

LaTeX Warning: Reference `eq:bf-eot-cubature-affine' on page 182 undefined on i
nput line 1753.


LaTeX Warning: Reference `prop:bf-eot-cubature-restoration' on page 182 undefin
ed on input line 1756.


LaTeX Warning: Reference `eq:bf-eot-finite-increment' on page 182 undefined on 
input line 1771.


LaTeX Warning: Reference `prop:bf-eot-cubature-restoration' on page 182 undefin
ed on input line 1793.


Underfull \hbox (badness 2469) in paragraph at lines 1808--1808
[]|\OT1/cmr/m/n/8 Feasible pos-i-tive GenUT

Underfull \hbox (badness 10000) in paragraph at lines 1813--1813
[]|\OT1/cmr/m/n/8 symmetric second-order

Overfull \hbox (7.67172pt too wide) has occurred while \output is active
\OT1/cmr/m/n/12 182 \OT1/cmr/m/sl/12 CHAPTER 25.  ENTROPIC OT, SINKHORN, AND BA
RYCENTRIC PROJECTION
[182]
Underfull \hbox (badness 10000) in paragraph at lines 1836--1836
[]|\OT1/cmr/m/n/8 discontinuous ran-dom

Underfull \hbox (badness 10000) in paragraph at lines 1836--1837
[]|\OT1/cmr/m/n/8 estimator con-tract,

Underfull \hbox (badness 10000) in paragraph at lines 1837--1837
[]|\OT1/cmr/m/n/8 possible neg-a-tive trans-

Underfull \hbox (badness 10000) in paragraph at lines 1838--1838
[]|\OT1/cmr/m/n/8 new fi-nite tar-get and

Underfull \hbox (badness 10000) in paragraph at lines 1838--1839
[]|\OT1/cmr/m/n/8 LGSSM val-ue/-gra-di-

Underfull \hbox (badness 10000) in paragraph at lines 1838--1839
\OT1/cmr/m/n/8 ent gate and state-

Underfull \hbox (badness 10000) in paragraph at lines 1839--1839
[]|\OT1/cmr/m/n/8 Positive residual-affine

Underfull \hbox (badness 10000) in paragraph at lines 1839--1839
[]|\OT1/cmr/m/n/8 novel ran-dom-ized fi-nite

Underfull \hbox (badness 8132) in paragraph at lines 1839--1839
\OT1/cmr/m/n/8 tar-get and con-di-tion-ing

Underfull \hbox (badness 10000) in paragraph at lines 1839--1840
\OT1/cmr/m/n/8 same-scalar gra-di-ent

Underfull \hbox (badness 3861) in paragraph at lines 1840--1840
[]|\OT1/cmr/m/n/8 avoids un-nec-es-sary de-ter-

Underfull \hbox (badness 1859) in paragraph at lines 1840--1840
[]|\OT1/cmr/m/n/8 leaves weight de-gen-er-acy

Underfull \hbox (badness 10000) in paragraph at lines 1840--1841
[]|\OT1/cmr/m/n/8 ESS pol-icy and

Underfull \hbox (badness 10000) in paragraph at lines 1840--1841
\OT1/cmr/m/n/8 weighted-cloud com-

LaTeX Warning: Reference `eq:bf-eot-D-covariance-gap' on page 183 undefined on 
input line 1862.

[183]
Overfull \hbox (7.67172pt too wide) has occurred while \output is active
\OT1/cmr/m/n/12 184 \OT1/cmr/m/sl/12 CHAPTER 25.  ENTROPIC OT, SINKHORN, AND BA
RYCENTRIC PROJECTION
[184]
Underfull \hbox (badness 3780) in paragraph at lines 1950--1950
[]|\OT1/cmr/m/n/10.95 What is be-ing dif-fer-en-ti-

Underfull \hbox (badness 10000) in paragraph at lines 1953--1953
[]|\OT1/cmr/m/n/10.95 Finite un-rolled

Underfull \hbox (badness 10000) in paragraph at lines 1954--1954
[]|\OT1/cmr/m/n/10.95 Downstream scalar

Underfull \hbox (badness 10000) in paragraph at lines 1954--1954
\OT1/cmr/m/n/10.95 built from fi-nite

Underfull \hbox (badness 2213) in paragraph at lines 1954--1954
[]|\OT1/cmr/m/n/10.95 the ac-tual re-ported value
[185]
Overfull \hbox (7.67172pt too wide) has occurred while \output is active
\OT1/cmr/m/n/12 186 \OT1/cmr/m/sl/12 CHAPTER 25.  ENTROPIC OT, SINKHORN, AND BA
RYCENTRIC PROJECTION
[186]

LaTeX Warning: Reference `eq:bf-eot-hm-contract-e' on page 187 undefined on inp
ut line 2134.

[187]

LaTeX Warning: Reference `eq:bf-eot-hm-contract-e' on page 188 undefined on inp
ut line 2145.


LaTeX Warning: Reference `eq:bf-eot-hm-likelihood' on page 188 undefined on inp
ut line 2160.


Package natbib Warning: Citation `ebeigbe2025genut' on page 188 undefined on in
put line 2181.


Package natbib Warning: Citation `easley2021higherorder' on page 188 undefined 
on input line 2185.


LaTeX Warning: Reference `prop:bf-eot-genut-axis' on page 188 undefined on inpu
t line 2208.


Overfull \hbox (7.67172pt too wide) has occurred while \output is active
\OT1/cmr/m/n/12 188 \OT1/cmr/m/sl/12 CHAPTER 25.  ENTROPIC OT, SINKHORN, AND BA
RYCENTRIC PROJECTION
[188]

Package natbib Warning: Citation `johnson1979bounds' on page 189 undefined on i
nput line 2225.


LaTeX Warning: Reference `eq:bf-eot-hm-finite-n-kurtosis-bound' on page 189 und
efined on input line 2229.


LaTeX Warning: Reference `eq:bf-eot-hm-pearson-bound' on page 189 undefined on 
input line 2248.


LaTeX Warning: Reference `eq:bf-eot-hm-finite-n-kurtosis-bound' on page 189 und
efined on input line 2249.


Package natbib Warning: Citation `marquardt1963algorithm' on page 189 undefined
 on input line 2303.


Package natbib Warning: Citation `osborne1976levenberg' on page 189 undefined o
n input line 2304.

[189]

LaTeX Warning: Reference `eq:bf-eot-hm-directions' on page 190 undefined on inp
ut line 2342.


LaTeX Warning: Reference `eq:bf-eot-hm-jacobian' on page 190 undefined on input
 line 2344.


LaTeX Warning: Reference `eq:bf-eot-hm-map-back' on page 190 undefined on input
 line 2377.


Overfull \hbox (7.67172pt too wide) has occurred while \output is active
\OT1/cmr/m/n/12 190 \OT1/cmr/m/sl/12 CHAPTER 25.  ENTROPIC OT, SINKHORN, AND BA
RYCENTRIC PROJECTION
[190]

LaTeX Warning: Reference `eq:bf-eot-hm-map-back' on page 191 undefined on input
 line 2386.


LaTeX Warning: Reference `eq:bf-eot-hm-coefficients' on page 191 undefined on i
nput line 2390.


LaTeX Warning: Reference `eq:bf-eot-hm-smooth-trust-cap' on page 191 undefined 
on input line 2392.


LaTeX Warning: Reference `eq:bf-eot-hm-transition' on page 191 undefined on inp
ut line 2403.


LaTeX Warning: Reference `eq:bf-eot-hm-likelihood' on page 191 undefined on inp
ut line 2405.


LaTeX Warning: Reference `eq:bf-eot-hm-weights' on page 191 undefined on input 
line 2405.


LaTeX Warning: Reference `eq:bf-eot-hm-sinkhorn' on page 191 undefined on input
 line 2407.


LaTeX Warning: Reference `eq:bf-eot-hm-barycentric' on page 191 undefined on in
put line 2408.


LaTeX Warning: Reference `eq:bf-eot-hm-residual' on page 191 undefined on input
 line 2409.


LaTeX Warning: Reference `eq:bf-eot-hm-contract-e' on page 191 undefined on inp
ut line 2410.


LaTeX Warning: Reference `eq:bf-eot-hm-target-moments' on page 191 undefined on
 input line 2411.


LaTeX Warning: Reference `eq:bf-eot-hm-scaled-lm-system' on page 191 undefined 
on input line 2412.


LaTeX Warning: Reference `eq:bf-eot-hm-smooth-trust-cap' on page 191 undefined 
on input line 2412.


LaTeX Warning: Reference `eq:bf-eot-hm-map-back' on page 191 undefined on input
 line 2414.

[191]

LaTeX Warning: Reference `eq:bf-eot-hm-target-moments' on page 192 undefined on
 input line 2470.


Package natbib Warning: Citation `zhao2024ttsequential' on page 192 undefined o
n input line 2480.


Overfull \hbox (367.19017pt too wide) in paragraph at lines 2478--2489
\OT1/cmr/m/n/12 136, and per-forms squared-TT marginal re-cur-sions in \OT1/cmt
t/m/n/12 third[]party/audit/zhao[]cui[]tensor[]ssm[]p10/source/deep-tensor.dev/
src/@TTSIRT/marginalise.m\OT1/cmr/m/n/12 ,

Overfull \hbox (7.67172pt too wide) has occurred while \output is active
\OT1/cmr/m/n/12 192 \OT1/cmr/m/sl/12 CHAPTER 25.  ENTROPIC OT, SINKHORN, AND BA
RYCENTRIC PROJECTION
[192]
Overfull \hbox (15.45029pt too wide) detected at line 2537
[][][]\OML/cmm/m/it/12 ^^U[] \OMS/cmsy/m/n/12 ^^U \OT1/cmr/m/n/12 0\OML/cmm/m/i
t/12 ;  ^^\[] \OT1/cmr/m/n/12 = \OML/cmm/m/it/12 e[]^^U[];  []\OT1/cmr/m/n/12 (
\OML/cmm/m/it/12 r\OT1/cmr/m/n/12 ) = \OML/cmm/m/it/12 h[]\OT1/cmr/m/n/12 (\OML
/cmm/m/it/12 r\OT1/cmr/m/n/12 )[] + \OML/cmm/m/it/12 ^^\[]q[]\OT1/cmr/m/n/12 (\
OML/cmm/m/it/12 r\OT1/cmr/m/n/12 )\OML/cmm/m/it/12 ;  Z[] \OT1/cmr/m/n/12 = [] 
[](\OML/cmm/m/it/12 r\OT1/cmr/m/n/12 ) \OML/cmm/m/it/12 d^^W\OT1/cmr/m/n/12 (\O
ML/cmm/m/it/12 r\OT1/cmr/m/n/12 )\OML/cmm/m/it/12 ;  ^^W \OT1/cmr/m/n/12 = [] \
OML/cmm/m/it/12 ^^W[]:

LaTeX Warning: Reference `eq:bf-eot-tt-teacher-square-root-target' on page 193 
undefined on input line 2558.


LaTeX Warning: Reference `eq:bf-eot-tt-teacher-square-root-target' on page 193 
undefined on input line 2577.


LaTeX Warning: Reference `eq:bf-eot-tt-teacher-squared-density' on page 193 und
efined on input line 2583.

[193]

LaTeX Warning: Reference `eq:bf-eot-tt-teacher-als-update' on page 194 undefine
d on input line 2606.


LaTeX Warning: Reference `eq:bf-eot-tt-teacher-squared-density' on page 194 und
efined on input line 2647.


LaTeX Warning: Reference `eq:bf-eot-tt-teacher-square-root-jvp' on page 194 und
efined on input line 2659.


LaTeX Warning: Reference `eq:bf-eot-tt-teacher-als-jvp' on page 194 undefined o
n input line 2669.


LaTeX Warning: Reference `eq:bf-eot-tt-teacher-als-update' on page 194 undefine
d on input line 2671.


Overfull \hbox (7.67172pt too wide) has occurred while \output is active
\OT1/cmr/m/n/12 194 \OT1/cmr/m/sl/12 CHAPTER 25.  ENTROPIC OT, SINKHORN, AND BA
RYCENTRIC PROJECTION
[194]

LaTeX Warning: Reference `eq:bf-eot-tt-teacher-functional-tt' on page 195 undef
ined on input line 2711.


LaTeX Warning: Reference `eq:bf-eot-tt-teacher-paired-transfer' on page 195 und
efined on input line 2734.


LaTeX Warning: Reference `eq:bf-eot-tt-teacher-observable-contraction' on page 
195 undefined on input line 2735.


LaTeX Warning: Reference `eq:bf-eot-tt-teacher-normalized-observable' on page 1
95 undefined on input line 2737.


LaTeX Warning: Reference `eq:bf-eot-tt-teacher-operator-matrix' on page 195 und
efined on input line 2742.


LaTeX Warning: Reference `eq:bf-eot-tt-teacher-affine-moments' on page 195 unde
fined on input line 2761.


LaTeX Warning: Reference `prop:bf-eot-tt-teacher-observable-contraction' on pag
e 195 undefined on input line 2767.


LaTeX Warning: Reference `eq:bf-eot-tt-teacher-affine-moments' on page 195 unde
fined on input line 2770.

[195]

LaTeX Warning: Reference `eq:bf-eot-tt-teacher-polynomial-automaton' on page 19
6 undefined on input line 2796.


LaTeX Warning: Reference `eq:bf-eot-tt-teacher-polynomial-automaton' on page 19
6 undefined on input line 2815.


LaTeX Warning: Reference `eq:bf-eot-tt-teacher-affine-form-integral' on page 19
6 undefined on input line 2818.


LaTeX Warning: Reference `eq:bf-eot-hm-target-moments' on page 196 undefined on
 input line 2851.


LaTeX Warning: Reference `eq:bf-eot-tt-teacher-shape-targets' on page 196 undef
ined on input line 2853.


LaTeX Warning: Reference `eq:bf-eot-hm-coefficients' on page 196 undefined on i
nput line 2855.


LaTeX Warning: Reference `eq:bf-eot-hm-map-back' on page 196 undefined on input
 line 2855.


Overfull \hbox (7.67172pt too wide) has occurred while \output is active
\OT1/cmr/m/n/12 196 \OT1/cmr/m/sl/12 CHAPTER 25.  ENTROPIC OT, SINKHORN, AND BA
RYCENTRIC PROJECTION
[196]

LaTeX Warning: Reference `prop:bf-eot-hm-rewhitening' on page 197 undefined on 
input line 2874.


LaTeX Warning: Reference `eq:bf-eot-tt-teacher-shape-targets' on page 197 undef
ined on input line 2880.


LaTeX Warning: Reference `eq:bf-eot-tt-teacher-transfer-jvp' on page 197 undefi
ned on input line 2932.


LaTeX Warning: Reference `eq:bf-eot-tt-teacher-normalized-jvp' on page 197 unde
fined on input line 2932.

[197]

LaTeX Warning: Reference `eq:bf-eot-tt-teacher-transfer-jvp' on page 198 undefi
ned on input line 2941.


LaTeX Warning: Reference `eq:bf-eot-tt-teacher-normalized-jvp' on page 198 unde
fined on input line 2941.


LaTeX Warning: Reference `prop:bf-eot-hm-score' on page 198 undefined on input 
line 2944.


LaTeX Warning: Reference `eq:bf-eot-tt-teacher-adjacent-target' on page 198 und
efined on input line 2975.


LaTeX Warning: Reference `eq:bf-eot-tt-teacher-chart-pullback' on page 198 unde
fined on input line 2980.


LaTeX Warning: Reference `eq:bf-eot-tt-teacher-square-root-target' on page 198 
undefined on input line 2983.


LaTeX Warning: Reference `eq:bf-eot-tt-teacher-square-root-jvp' on page 198 und
efined on input line 2984.


LaTeX Warning: Reference `eq:bf-eot-tt-teacher-als-update' on page 198 undefine
d on input line 2988.


LaTeX Warning: Reference `eq:bf-eot-tt-teacher-als-jvp' on page 198 undefined o
n input line 2989.


Overfull \hbox (7.67172pt too wide) has occurred while \output is active
\OT1/cmr/m/n/12 198 \OT1/cmr/m/sl/12 CHAPTER 25.  ENTROPIC OT, SINKHORN, AND BA
RYCENTRIC PROJECTION
[198] [199]
Overfull \hbox (261.31076pt too wide) in paragraph at lines 3049--3065
[]\OT1/cmr/m/n/12 The cur-rent variable-rank TT con-tain-ers and the ref-er-enc
e fixed-ALS re-play in \OT1/cmtt/m/n/12 bayesfilter/highdim/zhao[]cui[]moment[]
teacher[]als.py

LaTeX Warning: Reference `eq:bf-eot-tt-teacher-als-update' on page 200 undefine
d on input line 3088.


LaTeX Warning: Reference `eq:bf-eot-tt-teacher-als-jvp' on page 200 undefined o
n input line 3104.

) (./chapters/ch32c2_ledh_pfpf_ot_custom_gradient.tex
Overfull \hbox (7.67172pt too wide) has occurred while \output is active
\OT1/cmr/m/n/12 200 \OT1/cmr/m/sl/12 CHAPTER 25.  ENTROPIC OT, SINKHORN, AND BA
RYCENTRIC PROJECTION
[200]
Chapter 26.

Overfull \hbox (0.69759pt too wide) in paragraph at lines 38--43
\OT1/cmr/m/n/12 where $\OML/cmm/m/it/12 ^^X$ \OT1/cmr/m/n/12 de-notes the fixed
 par-ti-cle and process-noise streams, $\OML/cmm/m/it/12 K$ \OT1/cmr/m/n/12 de-
notes the fi-nite Sinkhorn
[201]

LaTeX Warning: Reference `ch:bf-custom-gradient-wrappers' on page 202 undefined
 on input line 60.


Package natbib Warning: Citation `li2017particle' on page 202 undefined on inpu
t line 63.


Package natbib Warning: Citation `corenflos2021differentiable' on page 202 unde
fined on input line 64.


Package natbib Warning: Citation `cuturi2013sinkhorn' on page 202 undefined on 
input line 65.


Package natbib Warning: Citation `peyre2019computational' on page 202 undefined
 on input line 66.


Overfull \hbox (153.0057pt too wide) in paragraph at lines 107--120
\OT1/cmr/m/n/12 derivative com-po-si-tion iden-ti-fier is \OT1/cmtt/m/n/12 cont
ract[]e[]chol[]total[]direct[]moments[]weights[]plus[]streaming[]transport[]v1\
OT1/cmr/m/n/12 .

Overfull \hbox (21.06894pt too wide) in paragraph at lines 107--120
\OT1/cmr/m/n/12 A raw barycen-tric cloud, com-pact for-ward sen-si-tiv-ity of t
hat raw scalar, or full-history/manual
[202]

LaTeX Warning: Reference `eq:bf-ledh-contract-e-row-quotient-jvp-vjp' on page 2
03 undefined on input line 178.

[203]

LaTeX Warning: Reference `eq:bf-ledh-ot-vjp-barycentric' on page 204 undefined 
on input line 273.


LaTeX Warning: Reference `eq:bf-ledh-ot-vjp-barycentric' on page 204 undefined 
on input line 276.

[204]

LaTeX Warning: Reference `eq:bf-ledh-ot-transport-form' on page 205 undefined o
n input line 324.


LaTeX Warning: Reference `eq:bf-ledh-ot-transport-form' on page 205 undefined o
n input line 333.


LaTeX Warning: Reference `eq:bf-ledh-ot-vjp-logw' on page 205 undefined on inpu
t line 353.

[205]

LaTeX Warning: Reference `eq:bf-ledh-ot-vjp-f' on page 206 undefined on input l
ine 386.


LaTeX Warning: Reference `eq:bf-ledh-ot-vjp-cost' on page 206 undefined on inpu
t line 386.


LaTeX Warning: Reference `eq:bf-ledh-ot-vjp-logw' on page 206 undefined on inpu
t line 388.


LaTeX Warning: Reference `eq:bf-ledh-ot-vjp-cost-points' on page 206 undefined 
on input line 434.


LaTeX Warning: Reference `eq:bf-ledh-ot-vjp-cost-points' on page 206 undefined 
on input line 440.

[206]

LaTeX Warning: Reference `eq:bf-ledh-ot-softmin' on page 207 undefined on input
 line 489.


LaTeX Warning: Reference `eq:bf-ledh-ot-softmin-vjp-values' on page 207 undefin
ed on input line 498.


LaTeX Warning: Reference `eq:bf-ledh-ot-softmin-vjp-costs' on page 207 undefine
d on input line 499.


LaTeX Warning: Reference `prop:bf-ledh-ot-softmin-vjp' on page 207 undefined on
 input line 502.


LaTeX Warning: Reference `eq:bf-ledh-ot-softmin-vjp-values' on page 207 undefin
ed on input line 514.


LaTeX Warning: Reference `prop:bf-ledh-ot-normalized-transport-vjp' on page 207
 undefined on input line 549.


LaTeX Warning: Reference `prop:bf-ledh-ot-cost-vjp' on page 207 undefined on in
put line 551.

[207]

LaTeX Warning: Reference `eq:bf-ledh-ot-reverse-loop' on page 208 undefined on 
input line 553.


LaTeX Warning: Reference `prop:bf-ledh-ot-normalized-transport-vjp' on page 208
 undefined on input line 564.


LaTeX Warning: Reference `prop:bf-ledh-ot-cost-vjp' on page 208 undefined on in
put line 565.


LaTeX Warning: Reference `prop:bf-ledh-ot-softmin-vjp' on page 208 undefined on
 input line 566.


LaTeX Warning: Reference `eq:bf-ledh-cached-cost' on page 208 undefined on inpu
t line 624.


LaTeX Warning: Reference `eq:bf-ledh-cached-cost-jvp' on page 208 undefined on 
input line 624.

[208]

LaTeX Warning: Reference `eq:bf-ledh-cached-cost' on page 209 undefined on inpu
t line 646.


LaTeX Warning: Reference `eq:bf-ledh-cached-cost-jvp' on page 209 undefined on 
input line 648.

[209] [210]

Package natbib Warning: Citation `delmoral2015uniform' on page 211 undefined on
 input line 787.

[211] [212]

LaTeX Warning: Reference `eq:bf-ledh-score-aware-teacher-measure' on page 213 u
ndefined on input line 902.


LaTeX Warning: Reference `eq:bf-ledh-score-aware-feasibility' on page 213 undef
ined on input line 905.


LaTeX Warning: Reference `prop:bf-ledh-score-aware-positive-coreset' on page 21
3 undefined on input line 925.


LaTeX Warning: Reference `eq:bf-ledh-score-aware-weight-tangent' on page 213 un
defined on input line 960.

[213]

LaTeX Warning: Reference `eq:bf-ledh-score-aware-kkt-solution' on page 214 unde
fined on input line 979.


LaTeX Warning: Reference `prop:bf-ledh-score-aware-fixed-chart' on page 214 und
efined on input line 986.


LaTeX Warning: Reference `eq:bf-ledh-score-aware-feature-value-identity' on pag
e 214 undefined on input line 1008.


LaTeX Warning: Reference `eq:bf-ledh-score-aware-weight-tangent' on page 214 un
defined on input line 1010.


LaTeX Warning: Reference `eq:bf-ledh-tangent-measure-definition' on page 214 un
defined on input line 1017.


LaTeX Warning: Reference `eq:bf-ledh-score-aware-feature-value-identity' on pag
e 214 undefined on input line 1052.

[214]

Package natbib Warning: Citation `delmoral2015uniform' on page 215 undefined on
 input line 1107.


LaTeX Warning: Reference `eq:bf-ledh-progressive-complete-score' on page 215 un
defined on input line 1136.


LaTeX Warning: Reference `eq:bf-ledh-progressive-score-covariance' on page 215 
undefined on input line 1145.


LaTeX Warning: Reference `eq:bf-ledh-progressive-score-total-derivative' on pag
e 215 undefined on input line 1148.

[215]

LaTeX Warning: Reference `eq:bf-ledh-progressive-backward-weight' on page 216 u
ndefined on input line 1172.


LaTeX Warning: Reference `eq:bf-ledh-progressive-score-recursion' on page 216 u
ndefined on input line 1173.


LaTeX Warning: Reference `eq:bf-ledh-progressive-score-recursion' on page 216 u
ndefined on input line 1200.


LaTeX Warning: Reference `prop:bf-ledh-progressive-score-tangent-representation
' on page 216 undefined on input line 1219.


Overfull \hbox (0.28387pt too wide) in paragraph at lines 1218--1221
[][]\OT1/cmr/bx/n/12 Proposition 26.13 \OT1/cmr/m/n/12 (One-step his-tor-i-cal-
s-core iden-tity for a dom-i-nated fil-ter)\OT1/cmr/bx/n/12 . []\OT1/cmr/m/it/1
2 Let teacher
[216]

LaTeX Warning: Reference `eq:bf-ledh-progressive-score-total-derivative' on pag
e 217 undefined on input line 1236.


LaTeX Warning: Reference `eq:bf-ledh-progressive-dr-match' on page 217 undefine
d on input line 1238.


LaTeX Warning: Reference `eq:bf-ledh-progressive-rc-match' on page 217 undefine
d on input line 1239.

[217] [218]

LaTeX Warning: Reference `eq:bf-ledh-actual-sv-reference-projection' on page 21
9 undefined on input line 1438.


LaTeX Warning: Reference `eq:bf-ledh-actual-sv-reference-projection' on page 21
9 undefined on input line 1462.

[219]

LaTeX Warning: Reference `eq:bf-ledh-progressive-kkt-program' on page 220 undef
ined on input line 1495.


LaTeX Warning: Reference `eq:bf-ledh-progressive-kkt-program' on page 220 undef
ined on input line 1517.


LaTeX Warning: Reference `eq:bf-ledh-progressive-kkt-solution' on page 220 unde
fined on input line 1522.


LaTeX Warning: Reference `eq:bf-ledh-actual-sv-kkt-jvp-a' on page 220 undefined
 on input line 1530.


LaTeX Warning: Reference `eq:bf-ledh-actual-sv-kkt-jvp-b' on page 220 undefined
 on input line 1531.


LaTeX Warning: Reference `eq:bf-ledh-actual-sv-differentiated-constraint' on pa
ge 220 undefined on input line 1533.

[220]

LaTeX Warning: Reference `eq:bf-ledh-actual-sv-reference-projection' on page 22
1 undefined on input line 1571.


LaTeX Warning: Reference `eq:bf-ledh-progressive-kkt-solution' on page 221 unde
fined on input line 1578.


LaTeX Warning: Reference `eq:bf-ledh-actual-sv-kkt-jvp-a' on page 221 undefined
 on input line 1582.


LaTeX Warning: Reference `eq:bf-ledh-actual-sv-kkt-jvp-b' on page 221 undefined
 on input line 1583.


LaTeX Warning: Reference `prop:bf-ledh-actual-sv-reference-projection' on page 
221 undefined on input line 1613.


LaTeX Warning: Reference `prop:bf-ledh-progressive-kkt-chart' on page 221 undef
ined on input line 1614.

[221] [222]

LaTeX Warning: Reference `eq:bf-ledh-actual-sv-fd-relative-error' on page 223 u
ndefined on input line 1721.

[223] [224]
Underfull \vbox (badness 10000) has occurred while \output is active [225]
[226]

LaTeX Warning: Reference `tab:bf-ledh-score-aware-lgssm-witness' on page 227 un
defined on input line 2028.

[227]
Overfull \hbox (10.22386pt too wide) in paragraph at lines 2101--2101
[]\OT1/cmr/bx/n/17.28 Model-agnostic com-par-i-son of finite-filter scores 
[228]

LaTeX Warning: Reference `eq:bf-ledh-score-total-relative' on page 229 undefine
d on input line 2152.


LaTeX Warning: Reference `eq:bf-ledh-score-energy-relative' on page 229 undefin
ed on input line 2153.

[229]

LaTeX Warning: Reference `eq:bf-ledh-score-opg-error' on page 230 undefined on 
input line 2213.


LaTeX Warning: Reference `eq:bf-ledh-average-opg-metric' on page 230 undefined 
on input line 2259.

[230]
Overfull \hbox (5.93877pt too wide) in paragraph at lines 2317--2329
[]\OT1/cmr/m/n/12 The canon-i-cal Ten-sor-Flow im-ple-men-ta-tion is owned by \
OT1/cmtt/m/n/12 ledh[]contract[]e[]reset[]tf.py\OT1/cmr/m/n/12 ,
[231]

LaTeX Warning: Reference `eq:bf-ledh-ot-vjp-barycentric' on page 232 undefined 
on input line 2377.


LaTeX Warning: Reference `eq:bf-ledh-contract-e-row-quotient' on page 232 undef
ined on input line 2380.


LaTeX Warning: Reference `eq:bf-ledh-contract-e-total-source-pullback' on page 
232 undefined on input line 2383.


LaTeX Warning: Reference `eq:bf-ledh-ot-vjp-logw' on page 232 undefined on inpu
t line 2385.


LaTeX Warning: Reference `eq:bf-ledh-ot-vjp-cost' on page 232 undefined on inpu
t line 2385.

[232]

LaTeX Warning: Reference `sec:bf-ledh-actual-sv-overcomplete-certification' on 
page 233 undefined on input line 2401.

) [233] [234] (./chapters/ch32d_retained_teacher_neural_ot.tex
Chapter 27.

Underfull \hbox (badness 1874) in paragraph at lines 56--56
[]|\OT1/cmr/m/n/10.95 finite nu-mer-i-cal teacher
[235] [236] [237] [238]
Overfull \hbox (37.74982pt too wide) in paragraph at lines 274--274
[]\OT1/cmr/bx/n/17.28 Algorithm: retained-teacher warm-started Sinkhorn 

Underfull \hbox (badness 2261) in paragraph at lines 285--286
[]\OT1/cmr/m/n/12 For a new weighted cloud $(\OML/cmm/m/it/12 X; w\OT1/cmr/m/n/
12 )$, com-pute the stu-dent pre-dic-tion $\OML/cmm/m/it/12 h[] \OT1/cmr/m/n/12
 =
[239]
Overfull \hbox (3.82295pt too wide) detected at line 343
[][][]\OML/cmm/m/it/12 S[]\OT1/cmr/m/n/12 (\OML/cmm/m/it/12 PX; Pw\OT1/cmr/m/n/
12 ; \OML/cmm/m/it/12 "; N; d[]\OT1/cmr/m/n/12 ) = \OML/cmm/m/it/12 P S[]\OT1/c
mr/m/n/12 (\OML/cmm/m/it/12 X; w\OT1/cmr/m/n/12 ; \OML/cmm/m/it/12 "; N; d[]\OT
1/cmr/m/n/12 ) []
[240]
Overfull \hbox (8.27463pt too wide) in paragraph at lines 415--421
\OT1/cmr/m/n/12 A use-ful first-year rule of thumb is: if the marginal con-stra
ints are good but the transported-
[241]

Package natbib Warning: Citation `altschuler2019nystrom' on page 242 undefined 
on input line 436.


Package natbib Warning: Citation `scetbon2020positivefeatures' on page 242 unde
fined on input line 436.


Package natbib Warning: Citation `forrow2019factored' on page 242 undefined on 
input line 436.


Package natbib Warning: Citation `scetbon2021lowrank' on page 242 undefined on 
input line 436.


Package natbib Warning: Citation `scetbon2022lowrank' on page 242 undefined on 
input line 436.


Package natbib Warning: Citation `genevay2016stochastic' on page 242 undefined 
on input line 436.


Package natbib Warning: Citation `genevay2018samplecomplexity' on page 242 unde
fined on input line 436.


Package natbib Warning: Citation `nguyen2022bomb' on page 242 undefined on inpu
t line 436.


Package natbib Warning: Citation `nguyen2021partialminibatch' on page 242 undef
ined on input line 436.


Package natbib Warning: Citation `feydy2019geomloss' on page 242 undefined on i
nput line 454.


Package natbib Warning: Citation `charlier2021keops' on page 242 undefined on i
nput line 454.


Package natbib Warning: Citation `ye2026flashsinkhorn' on page 242 undefined on
 input line 454.


Package natbib Warning: Citation `xiao2026fastsinkhorn' on page 242 undefined o
n input line 454.


Package natbib Warning: Citation `altschuler2019nystrom' on page 242 undefined 
on input line 484.

[242]

Package natbib Warning: Citation `scetbon2020positivefeatures' on page 243 unde
fined on input line 580.

[243] [244]

Package natbib Warning: Citation `forrow2019factored' on page 245 undefined on 
input line 675.


Package natbib Warning: Citation `scetbon2021lowrank' on page 245 undefined on 
input line 675.


Package natbib Warning: Citation `scetbon2022lowrank' on page 245 undefined on 
input line 675.


Package natbib Warning: Citation `scetbon2023unbalanced' on page 245 undefined 
on input line 675.

[245]

Package natbib Warning: Citation `genevay2016stochastic' on page 246 undefined 
on input line 777.


Package natbib Warning: Citation `genevay2018samplecomplexity' on page 246 unde
fined on input line 777.


Package natbib Warning: Citation `nguyen2022bomb' on page 246 undefined on inpu
t line 777.


Package natbib Warning: Citation `nguyen2021partialminibatch' on page 246 undef
ined on input line 777.


Underfull \hbox (badness 10000) in paragraph at lines 806--806
[]|\OT1/cmr/m/n/10.95 What is ap-prox-i-

Underfull \hbox (badness 10000) in paragraph at lines 808--808
[]|\OT1/cmr/m/n/10.95 solver ini-tial-iza-tion

Underfull \hbox (badness 10000) in paragraph at lines 808--808
[]|\OT1/cmr/m/n/10.95 finite Sinkhorn

Underfull \hbox (badness 10000) in paragraph at lines 809--809
[]|\OT1/cmr/m/n/10.95 Nystrom /

Underfull \hbox (badness 1147) in paragraph at lines 809--810
[]|\OT1/cmr/m/n/10.95 marginal and teacher-

Underfull \hbox (badness 10000) in paragraph at lines 810--810
[]|\OT1/cmr/m/n/10.95 Low-rank cou-

Underfull \hbox (badness 10000) in paragraph at lines 810--811
[]|\OT1/cmr/m/n/10.95 coupling/cloud par-ity

Underfull \hbox (badness 10000) in paragraph at lines 811--811
[]|\OT1/cmr/m/n/10.95 Minibatch /

Underfull \hbox (badness 10000) in paragraph at lines 811--811
[]|\OT1/cmr/m/n/10.95 local or sam-pled

Underfull \hbox (badness 2698) in paragraph at lines 811--812
[]|\OT1/cmr/m/n/10.95 full-ensemble marginal
[246]
Overfull \hbox (4.89658pt too wide) in paragraph at lines 816--816
[]\OT1/cmr/bx/n/14.4 How the broader retained-teacher ap-prox-i-ma-tions fit he
re 

LaTeX Warning: Reference `ch:bf-dpf-entropic-ot-sinkhorn' on page 247 undefined
 on input line 824.


LaTeX Warning: Reference `ch:bf-dpf-entropic-ot-sinkhorn' on page 247 undefined
 on input line 846.

[247]) (./chapters/ch32e_icnn_brenier_monge_gap_map_learning.tex [248]
Chapter 28.

Package natbib Warning: Citation `amos2017icnn' on page 249 undefined on input 
line 17.


Package natbib Warning: Citation `makkuva2020otmapping' on page 249 undefined o
n input line 17.


Package natbib Warning: Citation `uscidda2023mongegap' on page 249 undefined on
 input line 17.

[249]
Overfull \hbox (30.06377pt too wide) in paragraph at lines 105--105
[]\OT1/cmr/bx/n/17.28 Direct-map lane: ob-ject changed, ev-i-dence changed 

Overfull \hbox (33.5092pt too wide) has occurred while \output is active
\OT1/cmr/m/n/12 250 \OT1/cmr/m/sl/12 CHAPTER 28.  ICNN, BRENIER MAPS, AND MONGE
-GAP DIRECT MAP LEARNING
[250]
Underfull \hbox (badness 1436) in paragraph at lines 148--148
[]|\OT1/cmr/m/n/10.95 primary learned ob-

Underfull \hbox (badness 10000) in paragraph at lines 150--150
[]|\OT1/cmr/m/n/10.95 transport-cost /

Underfull \hbox (badness 10000) in paragraph at lines 150--150
[]|\OT1/cmr/m/n/10.95 auxiliary OT-

Underfull \hbox (badness 10000) in paragraph at lines 151--151
[]|\OT1/cmr/m/n/10.95 downstream scalar

Underfull \hbox (badness 10000) in paragraph at lines 151--151
\OT1/cmr/m/n/10.95 built from mapped

Underfull \hbox (badness 3428) in paragraph at lines 151--151
[]|\OT1/cmr/m/n/10.95 implementation con-

Underfull \hbox (badness 6592) in paragraph at lines 170--170
[]|\OT1/cmr/m/n/10.95 convex po-ten-tial $\OML/cmm/m/it/10.95  []$

Underfull \hbox (badness 10000) in paragraph at lines 170--170
\OT1/cmr/m/n/10.95 and end-point map

Underfull \hbox (badness 10000) in paragraph at lines 170--170
\OT1/cmr/m/n/10.95 source sam-ples and

Underfull \hbox (badness 10000) in paragraph at lines 170--171
\OT1/cmr/m/n/10.95 structure plau-si-

Underfull \hbox (badness 10000) in paragraph at lines 171--171
\OT1/cmr/m/n/10.95 em-pir-i-cal Monge-gap

Underfull \hbox (badness 10000) in paragraph at lines 171--172
[]|\OT1/cmr/m/n/10.95 endpoint fit,

Underfull \hbox (badness 10000) in paragraph at lines 171--172
\OT1/cmr/m/n/10.95 ior, down-stream
[251]

Package natbib Warning: Citation `villani2003topics' on page 252 undefined on i
nput line 184.


Package natbib Warning: Citation `peyre2019computational' on page 252 undefined
 on input line 184.


Package natbib Warning: Citation `vesseron2024brenier' on page 252 undefined on
 input line 184.


Overfull \hbox (33.5092pt too wide) has occurred while \output is active
\OT1/cmr/m/n/12 252 \OT1/cmr/m/sl/12 CHAPTER 28.  ICNN, BRENIER MAPS, AND MONGE
-GAP DIRECT MAP LEARNING
[252]

Package natbib Warning: Citation `amos2017icnn' on page 253 undefined on input 
line 253.


Package natbib Warning: Citation `makkuva2020otmapping' on page 253 undefined o
n input line 253.

[253]
Overfull \hbox (33.5092pt too wide) has occurred while \output is active
\OT1/cmr/m/n/12 254 \OT1/cmr/m/sl/12 CHAPTER 28.  ICNN, BRENIER MAPS, AND MONGE
-GAP DIRECT MAP LEARNING
[254]

Package natbib Warning: Citation `uscidda2023mongegap' on page 255 undefined on
 input line 399.

[255]
Overfull \hbox (33.5092pt too wide) has occurred while \output is active
\OT1/cmr/m/n/12 256 \OT1/cmr/m/sl/12 CHAPTER 28.  ICNN, BRENIER MAPS, AND MONGE
-GAP DIRECT MAP LEARNING
[256]

Package natbib Warning: Citation `forrow2019factored' on page 257 undefined on 
input line 515.


Package natbib Warning: Citation `chenxiezhang2024sicnn' on page 257 undefined 
on input line 515.


Package natbib Warning: Citation `xu2025flowot' on page 257 undefined on input 
line 515.


Package natbib Warning: Citation `geuter2025unot' on page 257 undefined on inpu
t line 515.

[257]
Underfull \hbox (badness 10000) in paragraph at lines 535--535
[]|\OT1/cmr/m/n/10.95 Corrective teacher

Underfull \hbox (badness 10000) in paragraph at lines 537--537
[]|\OT1/cmr/m/n/10.95 Retained-teacher

Underfull \hbox (badness 10000) in paragraph at lines 537--538
[]|\OT1/cmr/m/n/10.95 teacher-preservation

Underfull \hbox (badness 10000) in paragraph at lines 538--538
[]|\OT1/cmr/m/n/10.95 Direct-map

Underfull \hbox (badness 2635) in paragraph at lines 538--538
[]|\OT1/cmr/m/n/10.95 endpoint map or

Underfull \hbox (badness 10000) in paragraph at lines 538--538
\OT1/cmr/m/n/10.95 potential-derived

Underfull \hbox (badness 3148) in paragraph at lines 538--539
[]|\OT1/cmr/m/n/10.95 endpoint, OT-structure,

Underfull \hbox (badness 3838) in paragraph at lines 538--539
\OT1/cmr/m/n/10.95 and down-stream scalar

Overfull \hbox (7.19466pt too wide) in paragraph at lines 539--539
[]|\OT1/cmr/m/n/10.95 Dynamic/operator

Underfull \hbox (badness 1466) in paragraph at lines 539--540
[]|\OT1/cmr/m/n/10.95 target-status and same-

Underfull \hbox (badness 4036) in paragraph at lines 539--540
\OT1/cmr/m/n/10.95 scalar co-her-ence across

Overfull \hbox (33.5092pt too wide) has occurred while \output is active
\OT1/cmr/m/n/12 258 \OT1/cmr/m/sl/12 CHAPTER 28.  ICNN, BRENIER MAPS, AND MONGE
-GAP DIRECT MAP LEARNING
[258]) (./chapters/ch32f_dynamic_geodesic_operator_learning_target_contract.tex
[259]
Chapter 29.
[260]
Underfull \hbox (badness 10000) in paragraph at lines 50--50
[]|\OT1/cmr/m/n/10.95 Family in this

Underfull \hbox (badness 10000) in paragraph at lines 53--53
[]|\OT1/cmr/m/n/10.95 one prob-lem be-

Underfull \hbox (badness 8132) in paragraph at lines 53--53
\OT1/cmr/m/n/10.95 comes a class of

Underfull \hbox (badness 1867) in paragraph at lines 53--54
[]|\OT1/cmr/m/n/10.95 what tar-get is in-duced

Underfull \hbox (badness 10000) in paragraph at lines 54--54
[]|\OT1/cmr/m/n/10.95 Target-changing

Underfull \hbox (badness 10000) in paragraph at lines 54--54
\OT1/cmr/m/n/10.95 re-place-ment trans-

Overfull \hbox (2.70734pt too wide) in paragraph at lines 48--57
 [] 
[261]
Overfull \hbox (2.97581pt too wide) in paragraph at lines 164--164
[]\OT1/cmr/bx/n/17.28 Richer-object au-dit: end-point, path, scalar, gra-

Overfull \hbox (192.92593pt too wide) has occurred while \output is active
\OT1/cmr/m/n/12 262 \OT1/cmr/m/sl/12 CHAPTER 29.  DYNAMIC GEODESIC AND OPERATOR
 LEARNERS, AND THE FILTERING TARGET CONTRACT
[262]
Overfull \hbox (13.2897pt too wide) in paragraph at lines 205--206
 []\OT1/cmr/bx/n/12 Same-scalar tem-plate.[] \OT1/cmr/m/n/12 The chap-ter's mai
n in-ter-pre-tive con-tract can be writ-ten schemat-

Overfull \hbox (10.13397pt too wide) in paragraph at lines 215--227
\OT1/cmr/m/n/12 stream scalar built from that ob-ject, and $\OML/cmm/m/it/12 g[
]$ \OT1/cmr/m/n/12 is the re-ported gra-di-ent. A con-crete BayesFilter-
[263]
Underfull \hbox (badness 10000) in paragraph at lines 236--236
[]|\OT1/cmr/m/n/10.95 family-level input-

Package natbib Warning: Citation `hanebeck2023progressiveot' on page 264 undefi
ned on input line 250.


Package natbib Warning: Citation `gracykchen2024geonet' on page 264 undefined o
n input line 250.


Package natbib Warning: Citation `liuchen2026wgsolver' on page 264 undefined on
 input line 250.


Package natbib Warning: Citation `lu2021deeponet' on page 264 undefined on inpu
t line 322.


Package natbib Warning: Citation `li2021fourier' on page 264 undefined on input
 line 322.


Package natbib Warning: Citation `kovachki2023neuraloperator' on page 264 undef
ined on input line 322.


Overfull \hbox (192.92593pt too wide) has occurred while \output is active
\OT1/cmr/m/n/12 264 \OT1/cmr/m/sl/12 CHAPTER 29.  DYNAMIC GEODESIC AND OPERATOR
 LEARNERS, AND THE FILTERING TARGET CONTRACT
[264] [265]

Package natbib Warning: Citation `kolouri2019generalized' on page 266 undefined
 on input line 367.


Package natbib Warning: Citation `deshpande2019maxsliced' on page 266 undefined
 on input line 367.


Package natbib Warning: Citation `paty2019subspace' on page 266 undefined on in
put line 367.


Package natbib Warning: Citation `nguyen2025sliced' on page 266 undefined on in
put line 367.


Overfull \hbox (23.94482pt too wide) in paragraph at lines 430--430
[]\OT1/cmr/bx/n/14.4 Sliced, sub-space, and lo-cal-iza-tion fam-i-lies as targe
t-changing

Overfull \hbox (192.92593pt too wide) has occurred while \output is active
\OT1/cmr/m/n/12 266 \OT1/cmr/m/sl/12 CHAPTER 29.  DYNAMIC GEODESIC AND OPERATOR
 LEARNERS, AND THE FILTERING TARGET CONTRACT
[266] [267]

Package natbib Warning: Citation `vandergrift2026m2mtransformers' on page 268 u
ndefined on input line 497.


Package natbib Warning: Citation `girshfeld2025nlwr' on page 268 undefined on i
nput line 497.


Package natbib Warning: Citation `micheli2026rnot' on page 268 undefined on inp
ut line 497.


Underfull \hbox (badness 2285) in paragraph at lines 546--547
[]\OT1/cmr/m/n/12 learned out-put ob-ject (map, path, or op-er-a-tor), down-str
eam scalar-

Overfull \hbox (192.92593pt too wide) has occurred while \output is active
\OT1/cmr/m/n/12 268 \OT1/cmr/m/sl/12 CHAPTER 29.  DYNAMIC GEODESIC AND OPERATOR
 LEARNERS, AND THE FILTERING TARGET CONTRACT
[268]

LaTeX Warning: Reference `ch:bf-dpf-hmc-target-suitability' on page 269 undefin
ed on input line 578.


Underfull \vbox (badness 1867) has occurred while \output is active [269])
Overfull \hbox (192.92593pt too wide) has occurred while \output is active
\OT1/cmr/m/n/12 270 \OT1/cmr/m/sl/12 CHAPTER 29.  DYNAMIC GEODESIC AND OPERATOR
 LEARNERS, AND THE FILTERING TARGET CONTRACT
[270] [271] (./chapters/ch19e_dpf_hmc_target_suitability.tex
Chapter 30.

Package natbib Warning: Citation `neal2011mcmc' on page 272 undefined on input 
line 20.


Package natbib Warning: Citation `betancourt2017conceptual' on page 272 undefin
ed on input line 20.


Package natbib Warning: Citation `andrieu2009pseudo' on page 272 undefined on i
nput line 24.


Package natbib Warning: Citation `andrieu2010particle' on page 272 undefined on
 input line 24.

[272]
Underfull \hbox (badness 10000) in paragraph at lines 68--68
[]|\OT1/cmr/m/n/12 Parameter $\OML/cmm/m/it/12 u$

Underfull \hbox (badness 10000) in paragraph at lines 68--68
\OT1/cmr/m/n/12 and trans-form

Underfull \hbox (badness 2310) in paragraph at lines 75--76
[]|\OT1/cmr/m/n/12 Is $\OML/cmm/m/it/12 `[]$ \OT1/cmr/m/n/12 ex-act, pseudo-mar
ginal

Underfull \hbox (badness 10000) in paragraph at lines 75--76
\OT1/cmr/m/n/12 extended-space, re-laxed, or

Underfull \hbox (badness 10000) in paragraph at lines 79--79
[]|\OT1/cmr/m/n/12 Momentum $\OML/cmm/m/it/12 p$

Underfull \hbox (badness 2865) in paragraph at lines 80--81
[]|\OT1/cmr/m/n/12 Auxiliary Gaus-sian mo-men-tum

Underfull \hbox (badness 1448) in paragraph at lines 80--81
\OML/cmm/m/it/12 p \OMS/cmsy/m/n/12 ^^X N\OT1/cmr/m/n/12 (0\OML/cmm/m/it/12 ; M
\OT1/cmr/m/n/12 )$ used to de-fine

Underfull \hbox (badness 10000) in paragraph at lines 84--84
[]|\OT1/cmr/m/n/12 Hamiltonian

Underfull \hbox (badness 5316) in paragraph at lines 86--87
[]|\OT1/cmr/m/n/12 Does the ac-cep-t/re-ject step

Underfull \hbox (badness 3250) in paragraph at lines 89--91
\OT1/cmr/m/n/12 cor-rec-tion, or is a dif-fer-ent

Underfull \hbox (badness 1062) in paragraph at lines 93--95
\OT1/cmr/m/n/12 ex-plic-itly cor-rected and di-ag-

Underfull \hbox (badness 10000) in paragraph at lines 95--95
[]|\OT1/cmr/m/n/12 Accept/reject

Underfull \hbox (badness 10000) in paragraph at lines 99--99
[]|\OT1/cmr/m/n/12 Target-status

Underfull \hbox (badness 7291) in paragraph at lines 101--103
\OT1/cmr/m/n/12 learned, and diagnostic-only
[273]

LaTeX Warning: Reference `eq:bf-dpf-hmc-contract' on page 274 undefined on inpu
t line 117.


Package natbib Warning: Citation `andrieu2009pseudo' on page 274 undefined on i
nput line 151.


Package natbib Warning: Citation `andrieu2010particle' on page 274 undefined on
 input line 151.


LaTeX Warning: Reference `eq:bf-dpf-hmc-contract' on page 274 undefined on inpu
t line 168.


Overfull \hbox (92.1045pt too wide) has occurred while \output is active
\OT1/cmr/m/n/12 274 \OT1/cmr/m/sl/12 CHAPTER 30.  DPF HMC TARGET CORRECTNESS AN
D STRUCTURAL-MODEL SUITABILITY
[274]

LaTeX Warning: Reference `ch:bf-dpf-pfpf' on page 275 undefined on input line 2
11.

[275]

Package natbib Warning: Citation `zhumurphyjonschkowski2020' on page 276 undefi
ned on input line 238.


Package natbib Warning: Citation `jonschkowski2018differentiable' on page 276 u
ndefined on input line 238.


Package natbib Warning: Citation `karkus2018particle' on page 276 undefined on 
input line 238.


Package natbib Warning: Citation `reich2013nonparametric' on page 276 undefined
 on input line 254.


Package natbib Warning: Citation `cuturi2013sinkhorn' on page 276 undefined on 
input line 254.


Package natbib Warning: Citation `peyre2019computational' on page 276 undefined
 on input line 254.


Package natbib Warning: Citation `corenflos2021differentiable' on page 276 unde
fined on input line 254.


Package natbib Warning: Citation `amos2017icnn' on page 276 undefined on input 
line 284.


Package natbib Warning: Citation `makkuva2020otmapping' on page 276 undefined o
n input line 284.


Package natbib Warning: Citation `uscidda2023mongegap' on page 276 undefined on
 input line 284.


Package natbib Warning: Citation `gracykchen2024geonet' on page 276 undefined o
n input line 284.


Overfull \hbox (92.1045pt too wide) has occurred while \output is active
\OT1/cmr/m/n/12 276 \OT1/cmr/m/sl/12 CHAPTER 30.  DPF HMC TARGET CORRECTNESS AN
D STRUCTURAL-MODEL SUITABILITY
[276]
Overfull \hbox (8.72278pt too wide) in paragraph at lines 289--299
[]\OT1/cmr/m/n/12 The scalable-OT sur-vey helps sep-a-rate two cases that shoul
d not be con-flated. Retained-

Overfull \hbox (11.76172pt too wide) in alignment at lines 311--317
 [] [] [] [] [] 

Overfull \hbox (11.76172pt too wide) in alignment at lines 317--321
 [] [] [] [] [] 

Overfull \hbox (14.94208pt too wide) in paragraph at lines 322--322
[]|\OT1/cmr/m/n/12 EDH/LEDH| 

Underfull \hbox (badness 10000) in paragraph at lines 323--323
[]|\OT1/cmr/m/n/12 Gaussian-closure

Underfull \hbox (badness 10000) in paragraph at lines 323--323
\OT1/cmr/m/n/12 or local-flow

Underfull \hbox (badness 10000) in paragraph at lines 324--324
\OT1/cmr/m/n/12 if im-ple-mented

Underfull \hbox (badness 10000) in paragraph at lines 325--325
[]|\OT1/cmr/m/n/12 Exact only

Underfull \hbox (badness 10000) in paragraph at lines 325--325
\OT1/cmr/m/n/12 in re-cov-

Underfull \hbox (badness 10000) in paragraph at lines 325--325
\OT1/cmr/m/n/12 ery cases;

Underfull \hbox (badness 10000) in paragraph at lines 325--325
\OT1/cmr/m/n/12 oth-er-wise

Underfull \hbox (badness 10000) in paragraph at lines 325--325
\OT1/cmr/m/n/12 ap-prox-i-mate

Underfull \hbox (badness 10000) in paragraph at lines 326--328
[]|\OT1/cmr/m/n/12 Linear-Gaussian re-

Underfull \hbox (badness 10000) in paragraph at lines 326--328
\OT1/cmr/m/n/12 cov-ery, non-lin-ear

Underfull \hbox (badness 1484) in paragraph at lines 326--328
\OT1/cmr/m/n/12 likelihood-error stud-

Underfull \hbox (badness 10000) in paragraph at lines 329--329
[]|\OT1/cmr/m/n/12 Proposal-

Underfull \hbox (badness 10000) in paragraph at lines 329--329
\OT1/cmr/m/n/12 corrected par-

Underfull \hbox (badness 1184) in paragraph at lines 329--329
\OT1/cmr/m/n/12 ti-cle scalar with

Underfull \hbox (badness 10000) in paragraph at lines 329--329
\OT1/cmr/m/n/12 Jacobian/log-det

Underfull \hbox (badness 10000) in paragraph at lines 330--330
\OT1/cmr/m/n/12 same cor-rected

Underfull \hbox (badness 2302) in paragraph at lines 330--330
\OT1/cmr/m/n/12 scalar, in-clud-ing

Underfull \hbox (badness 10000) in paragraph at lines 331--332
[]|\OT1/cmr/m/n/12 First rung

Underfull \hbox (badness 7273) in paragraph at lines 331--332
\OT1/cmr/m/n/12 with ex-plicit

Underfull \hbox (badness 10000) in paragraph at lines 331--332
\OT1/cmr/m/n/12 proposal-

Underfull \hbox (badness 10000) in paragraph at lines 331--332
\OT1/cmr/m/n/12 correction

Underfull \hbox (badness 10000) in paragraph at lines 331--332
\OT1/cmr/m/n/12 in-ter-pre-ta-

Underfull \hbox (badness 10000) in paragraph at lines 331--332
\OT1/cmr/m/n/12 can-di-date

Underfull \hbox (badness 10000) in paragraph at lines 333--335
[]|\OT1/cmr/m/n/12 Finite-particle vari-

Underfull \hbox (badness 10000) in paragraph at lines 333--335
\OT1/cmr/m/n/12 ance, Jacobian/log-

Underfull \hbox (badness 10000) in paragraph at lines 333--335
\OT1/cmr/m/n/12 det au-dit, value-

Underfull \hbox (badness 10000) in paragraph at lines 333--335
\OT1/cmr/m/n/12 gradient par-ity,

Underfull \hbox (badness 10000) in paragraph at lines 333--335
\OT1/cmr/m/n/12 com-piled re-peated

Underfull \hbox (badness 7722) in paragraph at lines 333--335
\OT1/cmr/m/n/12 eval-u-a-tion, ran-dom-

Underfull \hbox (badness 10000) in paragraph at lines 335--335
[]|\OT1/cmr/m/n/12 Soft re-

Underfull \hbox (badness 6944) in paragraph at lines 336--336
[]|\OT1/cmr/m/n/12 Soft or shrink-

Underfull \hbox (badness 10000) in paragraph at lines 336--336
\OT1/cmr/m/n/12 age re-sam-pling

Underfull \hbox (badness 10000) in paragraph at lines 337--337
[]|\OT1/cmr/m/n/12 Derivative

Underfull \hbox (badness 10000) in paragraph at lines 337--337
\OT1/cmr/m/n/12 through the

Underfull \hbox (badness 10000) in paragraph at lines 338--338
[]|\OT1/cmr/m/n/12 Relaxed or

Underfull \hbox (badness 10000) in paragraph at lines 338--338
\OT1/cmr/m/n/12 sur-ro-gate

Underfull \hbox (badness 10000) in paragraph at lines 339--341
[]|\OT1/cmr/m/n/12 Posterior sen-si-tiv-ity

Underfull \hbox (badness 10000) in paragraph at lines 339--341
\OT1/cmr/m/n/12 against cat-e-gor-i-cal

Underfull \hbox (badness 10000) in paragraph at lines 339--341
\OT1/cmr/m/n/12 or trusted ref-er-

Underfull \hbox (badness 10000) in paragraph at lines 339--341
\OT1/cmr/m/n/12 ences, non-lin-ear

Underfull \hbox (badness 10000) in paragraph at lines 339--341
\OT1/cmr/m/n/12 test-function bias,

Underfull \hbox (badness 10000) in paragraph at lines 342--342
[]|\OT1/cmr/m/n/12 Transport-

Underfull \hbox (badness 10000) in paragraph at lines 342--342
\OT1/cmr/m/n/12 relaxed scalar

Underfull \hbox (badness 10000) in paragraph at lines 342--342
\OT1/cmr/m/n/12 with cost, en-

Underfull \hbox (badness 10000) in paragraph at lines 342--342
\OT1/cmr/m/n/12 tropy, $\OML/cmm/m/it/12 "$\OT1/cmr/m/n/12 , and

Underfull \hbox (badness 10000) in paragraph at lines 343--343
[]|\OT1/cmr/m/n/12 Derivative

Underfull \hbox (badness 10000) in paragraph at lines 343--343
\OT1/cmr/m/n/12 through the

Underfull \hbox (badness 10000) in paragraph at lines 343--343
\OT1/cmr/m/n/12 im-plicit solver

Underfull \hbox (badness 10000) in paragraph at lines 344--344
[]|\OT1/cmr/m/n/12 Relaxed

Underfull \hbox (badness 10000) in paragraph at lines 345--347
[]|$\OML/cmm/m/it/12 "$ \OT1/cmr/m/n/12 and Sinkhorn-

Underfull \hbox (badness 10000) in paragraph at lines 345--347
\OT1/cmr/m/n/12 budget sen-si-tiv-ity,

Underfull \hbox (badness 10000) in paragraph at lines 345--347
\OT1/cmr/m/n/12 resid-ual tol-er-ances,

Underfull \hbox (badness 10000) in paragraph at lines 345--347
\OT1/cmr/m/n/12 sta-bi-liza-tion au-dit,

Underfull \hbox (badness 10000) in paragraph at lines 345--347
\OT1/cmr/m/n/12 teacher pos-te-rior

Underfull \hbox (badness 10000) in paragraph at lines 347--347
[]|\OT1/cmr/m/n/12 Learned

Underfull \hbox (badness 10000) in paragraph at lines 348--348
[]|\OT1/cmr/m/n/12 Learned ap-

Underfull \hbox (badness 10000) in paragraph at lines 348--348
\OT1/cmr/m/n/12 prox-i-ma-tion to

Underfull \hbox (badness 10000) in paragraph at lines 348--348
\OT1/cmr/m/n/12 an OT/EOT

Underfull \hbox (badness 10000) in paragraph at lines 348--348
\OT1/cmr/m/n/12 or residual-

Underfull \hbox (badness 10000) in paragraph at lines 349--349
[]|\OT1/cmr/m/n/12 Derivative

Underfull \hbox (badness 10000) in paragraph at lines 349--349
\OT1/cmr/m/n/12 through the

Underfull \hbox (badness 6842) in paragraph at lines 349--349
\OT1/cmr/m/n/12 re-tained teacher

Underfull \hbox (badness 5893) in paragraph at lines 350--350
[]|\OT1/cmr/m/n/12 Learned sur-

Underfull \hbox (badness 2547) in paragraph at lines 350--350
\OT1/cmr/m/n/12 ro-gate un-less

Underfull \hbox (badness 5908) in paragraph at lines 351--353
[]|\OT1/cmr/m/n/12 Teacher resid-ual to

Overfull \hbox (11.76172pt too wide) in alignment at lines 321--354
 [] [] [] [] [] 
[277]

LaTeX Warning: Reference `tab:bf-dpf-hmc-rungs' on page 278 undefined on input 
line 356.


Underfull \vbox (badness 2213) has occurred while \output is active
Overfull \hbox (92.1045pt too wide) has occurred while \output is active
\OT1/cmr/m/n/12 278 \OT1/cmr/m/sl/12 CHAPTER 30.  DPF HMC TARGET CORRECTNESS AN
D STRUCTURAL-MODEL SUITABILITY
[278]
Overfull \hbox (5.32317pt too wide) in paragraph at lines 406--409
[]\OT1/cmr/bx/n/12 Latent-state se-man-tics\OT1/cmr/m/n/12 : deterministic-comp
letion co-or-di-nates and stochas-tic state

Package natbib Warning: Citation `greydanus2019hamiltonian' on page 279 undefin
ed on input line 448.


Package natbib Warning: Citation `dhulipala2022latent' on page 279 undefined on
 input line 448.


Package natbib Warning: Citation `hoffman2019neutra' on page 279 undefined on i
nput line 448.


Package natbib Warning: Citation `parno2018transport' on page 279 undefined on 
input line 448.


LaTeX Warning: Reference `ch:bf-hnn-surrogate-hmc' on page 279 undefined on inp
ut line 449.

[279]
Underfull \hbox (badness 10000) in paragraph at lines 469--469
[]|\OT1/cmr/m/n/12 What is ap-prox-i-

Underfull \hbox (badness 10000) in paragraph at lines 473--473
[]|\OT1/cmr/m/n/12 What is ap-prox-i-

Underfull \hbox (badness 2875) in paragraph at lines 476--476
[]|\OT1/cmr/m/n/12 Classical ex-act

Underfull \hbox (badness 10000) in paragraph at lines 477--477
[]|\OT1/cmr/m/n/12 Hamiltonian tra-jec-

Underfull \hbox (badness 10000) in paragraph at lines 477--477
\OT1/cmr/m/n/12 tory by nu-mer-i-cal

Underfull \hbox (badness 10000) in paragraph at lines 478--479
[]|\OT1/cmr/m/n/12 Target pre-served

Underfull \hbox (badness 10000) in paragraph at lines 478--479
\OT1/cmr/m/n/12 af-ter Metropo-lis

Underfull \hbox (badness 10000) in paragraph at lines 478--479
\OT1/cmr/m/n/12 cor-rec-tion when

Underfull \hbox (badness 1210) in paragraph at lines 478--479
\OT1/cmr/m/n/12 pro-posal con-di-tions

Underfull \hbox (badness 10000) in paragraph at lines 481--481
[]|\OT1/cmr/m/n/12 Pseudo-

Underfull \hbox (badness 10000) in paragraph at lines 481--481
\OT1/cmr/m/n/12 marginal

Underfull \hbox (badness 10000) in paragraph at lines 483--483
[]|\OT1/cmr/m/n/12 Marginal pos-te-rior

Underfull \hbox (badness 10000) in paragraph at lines 483--483
\OT1/cmr/m/n/12 pseudo-marginal

Underfull \hbox (badness 1292) in paragraph at lines 484--485
[]|\OT1/cmr/m/n/12 Corrected extended-

Underfull \hbox (badness 10000) in paragraph at lines 484--485
\OT1/cmr/m/n/12 space chain, not

Underfull \hbox (badness 10000) in paragraph at lines 484--485
\OT1/cmr/m/n/12 smooth surrogate-

Underfull \hbox (badness 10000) in paragraph at lines 485--485
[]|\OT1/cmr/m/n/12 Noisy-gradient

Underfull \hbox (badness 1270) in paragraph at lines 487--487
[]|\OT1/cmr/m/n/12 No ex-act pos-te-rior

Underfull \hbox (badness 1436) in paragraph at lines 487--487
\OT1/cmr/m/n/12 claim with-out cor-

Underfull \hbox (badness 10000) in paragraph at lines 488--489
[]|\OT1/cmr/m/n/12 Diagnostic or ap-

Underfull \hbox (badness 10000) in paragraph at lines 488--489
\OT1/cmr/m/n/12 prox-i-mate un-less

Underfull \hbox (badness 10000) in paragraph at lines 489--489
[]|\OT1/cmr/m/n/12 Delayed-

Underfull \hbox (badness 10000) in paragraph at lines 489--489
\OT1/cmr/m/n/12 acceptance

Underfull \hbox (badness 1939) in paragraph at lines 490--490
[]|\OT1/cmr/m/n/12 Early-stage value or

Underfull \hbox (badness 10000) in paragraph at lines 491--491
[]|\OT1/cmr/m/n/12 Can pre-serve in-

Underfull \hbox (badness 10000) in paragraph at lines 492--493
[]|\OT1/cmr/m/n/12 Surrogate-assisted,

Underfull \hbox (badness 10000) in paragraph at lines 492--493
\OT1/cmr/m/n/12 not target-defining,

Underfull \hbox (badness 10000) in paragraph at lines 494--494
[]|\OT1/cmr/m/n/12 Filtering like-li-hood

Underfull \hbox (badness 10000) in paragraph at lines 496--497
[]|\OT1/cmr/m/n/12 Relaxed-target

Underfull \hbox (badness 10000) in paragraph at lines 498--498
[]|\OT1/cmr/m/n/12 Transport, resid-ual,

Underfull \hbox (badness 10000) in paragraph at lines 499--499
[]|\OT1/cmr/m/n/12 Posterior changes

Underfull \hbox (badness 10000) in paragraph at lines 500--501
[]|\OT1/cmr/m/n/12 Learned-surrogate

Underfull \hbox (badness 3199) in paragraph at lines 500--501
\OT1/cmr/m/n/12 HMC pend-ing cor-

Overfull \hbox (92.1045pt too wide) has occurred while \output is active
\OT1/cmr/m/n/12 280 \OT1/cmr/m/sl/12 CHAPTER 30.  DPF HMC TARGET CORRECTNESS AN
D STRUCTURAL-MODEL SUITABILITY
[280]
Underfull \hbox (badness 3460) in paragraph at lines 516--517
[]|\OT1/cmr/m/n/12 Disallowed short-

Underfull \hbox (badness 3460) in paragraph at lines 520--521
[]|\OT1/cmr/m/n/12 Disallowed short-

Underfull \hbox (badness 1881) in paragraph at lines 524--524
[]|\OT1/cmr/m/n/12 The rung is worth

Underfull \hbox (badness 10000) in paragraph at lines 524--524
\OT1/cmr/m/n/12 study-ing on con-

Underfull \hbox (badness 10000) in paragraph at lines 525--526
[]|\OT1/cmr/m/n/12 Named scalar value,

Underfull \hbox (badness 10000) in paragraph at lines 525--526
\OT1/cmr/m/n/12 value-gradient check,

Underfull \hbox (badness 10000) in paragraph at lines 527--528
[]|\OT1/cmr/m/n/12 Calling the

Underfull \hbox (badness 10000) in paragraph at lines 527--528
\OT1/cmr/m/n/12 method suit-

Underfull \hbox (badness 10000) in paragraph at lines 528--528
[]|\OT1/cmr/m/n/12 Credible re-

Underfull \hbox (badness 10000) in paragraph at lines 530--531
[]|\OT1/cmr/m/n/12 Source-grounded

Underfull \hbox (badness 10000) in paragraph at lines 530--531
\OT1/cmr/m/n/12 deriva-tion, re-peated

Underfull \hbox (badness 1983) in paragraph at lines 530--531
\OT1/cmr/m/n/12 fixed-seed and varied-

Underfull \hbox (badness 10000) in paragraph at lines 530--531
\OT1/cmr/m/n/12 seed tests, pos-te-rior

Underfull \hbox (badness 10000) in paragraph at lines 530--531
\OT1/cmr/m/n/12 com-par-isons, failure-

Underfull \hbox (badness 10000) in paragraph at lines 532--533
[]|\OT1/cmr/m/n/12 Treating a toy

Underfull \hbox (badness 10000) in paragraph at lines 532--533
\OT1/cmr/m/n/12 for DSGE or

Underfull \hbox (badness 10000) in paragraph at lines 532--533
\OT1/cmr/m/n/12 Macro-Fi-nance

Underfull \hbox (badness 4467) in paragraph at lines 533--533
[]|\OT1/cmr/m/n/12 Broader ex-ter-

Underfull \hbox (badness 3612) in paragraph at lines 534--535
[]|\OT1/cmr/m/n/12 The rung sup-ports

Underfull \hbox (badness 8075) in paragraph at lines 534--535
\OT1/cmr/m/n/12 a re-stricted ex-ter-

Underfull \hbox (badness 10000) in paragraph at lines 536--537
[]|\OT1/cmr/m/n/12 Reproducible demon-

Underfull \hbox (badness 10000) in paragraph at lines 536--537
\OT1/cmr/m/n/12 stra-tions, model-

Underfull \hbox (badness 10000) in paragraph at lines 536--537
\OT1/cmr/m/n/12 specific stress tests,

Underfull \hbox (badness 10000) in paragraph at lines 536--537
\OT1/cmr/m/n/12 chal-lenger com-par-

Underfull \hbox (badness 10000) in paragraph at lines 538--539
[]|\OT1/cmr/m/n/12 Using run-time

Underfull \hbox (badness 10000) in paragraph at lines 538--539
\OT1/cmr/m/n/12 im-prove-ment as

Underfull \hbox (badness 10000) in paragraph at lines 538--539
\OT1/cmr/m/n/12 target-correctness

Underfull \hbox (badness 10000) in paragraph at lines 539--539
[]|\OT1/cmr/m/n/12 Operational

Underfull \hbox (badness 10000) in paragraph at lines 541--542
[]|\OT1/cmr/m/n/12 Independent re-view,

Underfull \hbox (badness 1694) in paragraph at lines 541--542
\OT1/cmr/m/n/12 change con-trol, mon-i-

Underfull \hbox (badness 2302) in paragraph at lines 541--542
\OT1/cmr/m/n/12 tor-ing, roll-back, data

Underfull \hbox (badness 10000) in paragraph at lines 541--542
\OT1/cmr/m/n/12 and model sta-bil-ity

Underfull \hbox (badness 10000) in paragraph at lines 543--544
[]|\OT1/cmr/m/n/12 Inferring op-er-a-

Underfull \hbox (badness 10000) in paragraph at lines 543--544
\OT1/cmr/m/n/12 tional readi-ness
[281]
Overfull \hbox (1.9039pt too wide) in paragraph at lines 590--592
[]\OT1/cmr/m/n/12 that PF-PF has al-ready passed finite-particle, Ja-co-bian, c
ompiled-path, or posterior-
) (./chapters/ch19f_dpf_debugging_crosswalk.tex
Overfull \hbox (92.1045pt too wide) has occurred while \output is active
\OT1/cmr/m/n/12 282 \OT1/cmr/m/sl/12 CHAPTER 30.  DPF HMC TARGET CORRECTNESS AN
D STRUCTURAL-MODEL SUITABILITY
[282]
Chapter 31.
[283]

LaTeX Warning: Reference `eq:bf-pf-sis-recursion' on page 284 undefined on inpu
t line 61.


LaTeX Warning: Reference `eq:bf-dpf-optimal-proposal-identity' on page 284 unde
fined on input line 89.


LaTeX Warning: Reference `eq:bf-dpf-adapted-proposal-log-weight' on page 284 un
defined on input line 90.


Overfull \hbox (70.30922pt too wide) in paragraph at lines 128--137
\OT1/cmr/m/n/12 density-evaluation node. Equiv-a-lently, one may call a helper 
such as \OT1/cmtt/m/n/12 optimal[]proposal[]log[]prob(...)

Overfull \hbox (17.705pt too wide) has occurred while \output is active
\OT1/cmr/m/n/12 284 \OT1/cmr/m/sl/12 CHAPTER 31.  DPF LITERATURE-TO-DEBUGGING V
ERIFICATION CONTRACT
[284]

LaTeX Warning: Reference `eq:bf-dpf-optimal-proposal-cancellation' on page 285 
undefined on input line 163.

[285]
Overfull \hbox (17.705pt too wide) has occurred while \output is active
\OT1/cmr/m/n/12 286 \OT1/cmr/m/sl/12 CHAPTER 31.  DPF LITERATURE-TO-DEBUGGING V
ERIFICATION CONTRACT
[286]
Underfull \hbox (badness 10000) in paragraph at lines 295--295
[]|\OT1/cmr/m/n/8 Implementation

Underfull \hbox (badness 10000) in paragraph at lines 295--296
[]|\OT1/cmr/m/n/8 Narrow fail-ure

Overfull \hbox (23.7617pt too wide) in alignment at lines 291--297
 [] [] [] [] [] [] 

Underfull \hbox (badness 10000) in paragraph at lines 300--300
[]|\OT1/cmr/m/n/8 Implementation

Underfull \hbox (badness 10000) in paragraph at lines 300--301
[]|\OT1/cmr/m/n/8 Narrow fail-ure

Overfull \hbox (23.7617pt too wide) in alignment at lines 297--302
 [] [] [] [] [] [] 

Overfull \hbox (23.7617pt too wide) in alignment at lines 302--304
 [] [] [] [] [] [] 

LaTeX Warning: Reference `eq:bf-pf-predictive-law' on page 287 undefined on inp
ut line 306.


LaTeX Warning: Reference `eq:bf-pf-filtering-law' on page 287 undefined on inpu
t line 306.


Underfull \hbox (badness 10000) in paragraph at lines 307--307
[]|\OT1/cmr/m/n/8 linear-Gaussian

Underfull \hbox (badness 10000) in paragraph at lines 307--307
\OT1/cmr/m/n/8 state-space model

Underfull \hbox (badness 1292) in paragraph at lines 308--308
[]|\OT1/cmr/m/n/8 predict/update law,

Underfull \hbox (badness 1859) in paragraph at lines 308--308
\OT1/cmr/m/n/8 nor-mal-ized weights,

Underfull \hbox (badness 10000) in paragraph at lines 309--309
[]|\OT1/cmr/m/n/8 moments match

Underfull \hbox (badness 10000) in paragraph at lines 309--309
\OT1/cmr/m/n/8 ref-er-ence within

Underfull \hbox (badness 10000) in paragraph at lines 309--309
\OT1/cmr/m/n/8 de-clared Monte

Underfull \hbox (badness 10000) in paragraph at lines 310--311
[]|\OT1/cmr/m/n/8 recursion, nor-

Underfull \hbox (badness 10000) in paragraph at lines 310--311
\OT1/cmr/m/n/8 mal-iza-tion, or

Underfull \hbox (badness 10000) in paragraph at lines 310--311
\OT1/cmr/m/n/8 model-interface

Underfull \hbox (badness 10000) in paragraph at lines 310--311
\OT1/cmr/m/n/8 or learned-map

Underfull \hbox (badness 1466) in paragraph at lines 311--311
[]|\OT1/cmr/m/n/8 Bootstrap like-

Underfull \hbox (badness 7397) in paragraph at lines 311--311
\OT1/cmr/m/n/8 li-hood es-ti-ma-

LaTeX Warning: Reference `eq:bf-pf-average-weight' on page 287 undefined on inp
ut line 312.


LaTeX Warning: Reference `eq:bf-pf-bootstrap-likelihood-estimator' on page 287 
undefined on input line 312.


Underfull \hbox (badness 10000) in paragraph at lines 313--313
[]|\OT1/cmr/m/n/8 same linear-

Underfull \hbox (badness 10000) in paragraph at lines 313--313
\OT1/cmr/m/n/8 Gaussian model;

Underfull \hbox (badness 10000) in paragraph at lines 313--313
\OT1/cmr/m/n/8 fixed seeds and

Underfull \hbox (badness 10000) in paragraph at lines 314--314
[]|\OT1/cmr/m/n/8 per-period av-er-age

Underfull \hbox (badness 10000) in paragraph at lines 314--314
\OT1/cmr/m/n/8 weights and log

Underfull \hbox (badness 10000) in paragraph at lines 315--315
[]|\OT1/cmr/m/n/8 Monte Carlo

Underfull \hbox (badness 2932) in paragraph at lines 315--315
\OT1/cmr/m/n/8 mean ap-proaches

Underfull \hbox (badness 10000) in paragraph at lines 315--315
\OT1/cmr/m/n/8 Kalman like-li-

Underfull \hbox (badness 10000) in paragraph at lines 315--315
\OT1/cmr/m/n/8 hood; vari-ance

Underfull \hbox (badness 4454) in paragraph at lines 316--317
\OT1/cmr/m/n/8 or weight bug;

Underfull \hbox (badness 10000) in paragraph at lines 316--317
\OT1/cmr/m/n/8 not ev-i-dence

Underfull \hbox (badness 10000) in paragraph at lines 316--317
\OT1/cmr/m/n/8 about dif-fer-en-

Underfull \hbox (badness 10000) in paragraph at lines 317--317
[]|\OT1/cmr/m/n/8 Homotopy

LaTeX Warning: Reference `eq:bf-pff-log-homotopy' on page 287 undefined on inpu
t line 318.


LaTeX Warning: Reference `eq:bf-pff-log-homotopy-derivative' on page 287 undefi
ned on input line 318.


Underfull \hbox (badness 3954) in paragraph at lines 319--319
\OT1/cmr/m/n/8 ser-va-tion with an-

Underfull \hbox (badness 2318) in paragraph at lines 319--319
\OT1/cmr/m/n/8 a-lytic log-likelihood

Underfull \hbox (badness 4621) in paragraph at lines 320--320
[]|\OT1/cmr/m/n/8 finite dif-fer-ence in

Underfull \hbox (badness 10000) in paragraph at lines 320--320
\OML/cmm/m/it/8 ^^U$ \OT1/cmr/m/n/8 ver-sus an-a-lytic

Underfull \hbox (badness 3525) in paragraph at lines 321--321
[]|\OT1/cmr/m/n/8 central dif-fer-ence

Underfull \hbox (badness 10000) in paragraph at lines 321--321
\OT1/cmr/m/n/8 and an-a-lytic

Underfull \hbox (badness 10000) in paragraph at lines 321--321
\OT1/cmr/m/n/8 deriva-tive agree

Underfull \hbox (badness 10000) in paragraph at lines 322--323
[]|\OT1/cmr/m/n/8 homotopy al-ge-

Underfull \hbox (badness 3240) in paragraph at lines 322--323
\OT1/cmr/m/n/8 deriva-tive is-sue;

LaTeX Warning: Reference `eq:bf-pff-edh-velocity' on page 287 undefined on inpu
t line 324.


LaTeX Warning: Reference `eq:bf-pff-kalman-endpoint' on page 287 undefined on i
nput line 324.


Underfull \hbox (badness 10000) in paragraph at lines 325--325
[]|\OT1/cmr/m/n/8 linear-Gaussian re-

Underfull \hbox (badness 1571) in paragraph at lines 325--325
\OT1/cmr/m/n/8 cov-ery with known

Underfull \hbox (badness 10000) in paragraph at lines 325--325
\OT1/cmr/m/n/8 pos-te-rior mean/-co-

Underfull \hbox (badness 1609) in paragraph at lines 326--326
\OT1/cmr/m/n/8 cles, mean, co-vari-

Underfull \hbox (badness 10000) in paragraph at lines 327--327
\OT1/cmr/m/n/8 match Kalman

Underfull \hbox (badness 10000) in paragraph at lines 327--327
\OT1/cmr/m/n/8 up-date within

Underfull \hbox (badness 4518) in paragraph at lines 327--327
\OT1/cmr/m/n/8 flow and Monte

Underfull \hbox (badness 10000) in paragraph at lines 328--329
[]|\OT1/cmr/m/n/8 flow ODE or

Underfull \hbox (badness 10000) in paragraph at lines 328--329
\OT1/cmr/m/n/8 Gaussian-closure

Underfull \hbox (badness 10000) in paragraph at lines 328--329
\OT1/cmr/m/n/8 im-ple-men-ta-tion

Underfull \hbox (badness 10000) in paragraph at lines 329--329
[]|\OT1/cmr/m/n/8 LEDH lo-cal

LaTeX Warning: Reference `eq:bf-pff-local-jacobian' on page 287 undefined on in
put line 330.


LaTeX Warning: Reference `eq:bf-pff-ledh-ode' on page 287 undefined on input li
ne 330.


Underfull \hbox (badness 10000) in paragraph at lines 331--331
[]|\OT1/cmr/m/n/8 synthetic ob-ser-va-

Underfull \hbox (badness 10000) in paragraph at lines 331--331
\OT1/cmr/m/n/8 tion with known

Underfull \hbox (badness 10000) in paragraph at lines 332--332
[]|\OT1/cmr/m/n/8 particle-local Ja-co-

Underfull \hbox (badness 4739) in paragraph at lines 332--332
\OT1/cmr/m/n/8 bians, lo-cal pre-ci-

Underfull \hbox (badness 1584) in paragraph at lines 332--332
\OT1/cmr/m/n/8 sion, and end-point

Underfull \hbox (badness 10000) in paragraph at lines 333--333
[]|\OT1/cmr/m/n/8 local quan-ti-ties

Underfull \hbox (badness 10000) in paragraph at lines 333--333
\OT1/cmr/m/n/8 are fi-nite and

Underfull \hbox (badness 10000) in paragraph at lines 334--335
[]|\OT1/cmr/m/n/8 local lin-eariza-

LaTeX Warning: Reference `eq:bf-pfpf-preflo-density' on page 287 undefined on i
nput line 336.


LaTeX Warning: Reference `eq:bf-pfpf-postflow-density' on page 287 undefined on
 input line 336.


LaTeX Warning: Reference `eq:bf-pfpf-weight' on page 287 undefined on input lin
e 336.


Underfull \hbox (badness 10000) in paragraph at lines 338--338
[]|\OT1/cmr/m/n/8 proposal den-sity,

Underfull \hbox (badness 10000) in paragraph at lines 339--339
[]|\OT1/cmr/m/n/8 manual den-sity

Underfull \hbox (badness 2213) in paragraph at lines 339--339
\OT1/cmr/m/n/8 ra-tio and im-ple-

Underfull \hbox (badness 10000) in paragraph at lines 339--339
\OT1/cmr/m/n/8 mented weight

Underfull \hbox (badness 10000) in paragraph at lines 340--341
[]|\OT1/cmr/m/n/8 proposal-density

Underfull \hbox (badness 10000) in paragraph at lines 340--341
\OT1/cmr/m/n/8 or cor-rec-tion

Underfull \hbox (badness 10000) in paragraph at lines 340--341
\OT1/cmr/m/n/8 a re-sam-pling

Underfull \hbox (badness 10000) in paragraph at lines 341--341
[]|\OT1/cmr/m/n/8 Log-

Underfull \hbox (badness 10000) in paragraph at lines 341--341
\OT1/cmr/m/n/8 determinant

LaTeX Warning: Reference `eq:bf-pfpf-jacobian-ode' on page 287 undefined on inp
ut line 342.


LaTeX Warning: Reference `eq:bf-pfpf-logdet-ode' on page 287 undefined on input
 line 342.


LaTeX Warning: Reference `eq:bf-pfpf-logdet-affine' on page 287 undefined on in
put line 342.


Underfull \hbox (badness 4120) in paragraph at lines 343--343
[]|\OT1/cmr/m/n/8 affine flow $\OML/cmm/m/it/8 x[] \OT1/cmr/m/n/8 =

Underfull \hbox (badness 6842) in paragraph at lines 344--344
[]|\OT1/cmr/m/n/8 integrated log de-

Underfull \hbox (badness 10000) in paragraph at lines 344--344
\OT1/cmr/m/n/8 ter-mi-nant and

Underfull \hbox (badness 7308) in paragraph at lines 344--344
\OT1/cmr/m/n/8 finite-difference de-

Underfull \hbox (badness 2591) in paragraph at lines 345--345
[]|\OT1/cmr/m/n/8 sign and mag-ni-

Underfull \hbox (badness 5175) in paragraph at lines 345--345
\OT1/cmr/m/n/8 tude match un-

Underfull \hbox (badness 3503) in paragraph at lines 345--345
\OT1/cmr/m/n/8 der step-size re-

Underfull \hbox (badness 10000) in paragraph at lines 346--347
[]|\OT1/cmr/m/n/8 Jacobian sign,

Underfull \hbox (badness 2318) in paragraph at lines 346--347
\OT1/cmr/m/n/8 in-te-gra-tor is-sue;

LaTeX Warning: Reference `eq:bf-soft-categorical-choice' on page 287 undefined 
on input line 348.


Underfull \hbox (badness 6284) in paragraph at lines 349--349
[]|\OT1/cmr/m/n/8 two-particle re-sam-

Underfull \hbox (badness 8189) in paragraph at lines 349--349
\OT1/cmr/m/n/8 pling with weight

Underfull \hbox (badness 2443) in paragraph at lines 351--351
\OT1/cmr/m/n/8 pected; no false

Underfull \hbox (badness 10000) in paragraph at lines 352--353
[]|\OT1/cmr/m/n/8 discrete re-sam-

Underfull \hbox (badness 10000) in paragraph at lines 352--353
\OT1/cmr/m/n/8 pling is be-ing

Underfull \hbox (badness 10000) in paragraph at lines 352--353
\OT1/cmr/m/n/8 dif-fer-en-ti-ated

Underfull \hbox (badness 2856) in paragraph at lines 352--353
\OT1/cmr/m/n/8 in-cor-rectly; not

Underfull \hbox (badness 10000) in paragraph at lines 353--353
[]|\OT1/cmr/m/n/8 Soft-resampling

LaTeX Warning: Reference `eq:bf-soft-rule-eqn' on page 287 undefined on input l
ine 354.


LaTeX Warning: Reference `eq:bf-soft-mean-preservation' on page 287 undefined o
n input line 354.


Underfull \hbox (badness 2735) in paragraph at lines 355--355
[]|\OT1/cmr/m/n/8 two-particle non-lin-

Underfull \hbox (badness 10000) in paragraph at lines 356--356
[]|\OT1/cmr/m/n/8 mean preser-va-tion

Underfull \hbox (badness 1253) in paragraph at lines 356--356
\OT1/cmr/m/n/8 and non-lin-ear test-

Underfull \hbox (badness 10000) in paragraph at lines 358--359
[]|\OT1/cmr/m/n/8 surrogate-law

Underfull \hbox (badness 10000) in paragraph at lines 358--359
\OT1/cmr/m/n/8 ef-fect; not

Underfull \hbox (badness 10000) in paragraph at lines 358--359
\OT1/cmr/m/n/8 ev-i-dence of

Underfull \hbox (badness 10000) in paragraph at lines 358--359
\OT1/cmr/m/n/8 categorical-

Underfull \hbox (badness 4454) in paragraph at lines 358--359
\OT1/cmr/m/n/8 target preser-va-

Underfull \hbox (badness 10000) in paragraph at lines 359--359
[]|\OT1/cmr/m/n/8 EOT/Sinkhorn

LaTeX Warning: Reference `eq:bf-eot-primal' on page 287 undefined on input line
 360.


LaTeX Warning: Reference `eq:bf-eot-factorization' on page 287 undefined on inp
ut line 360.


LaTeX Warning: Reference `eq:bf-eot-first-row-balance' on page 287 undefined on
 input line 360.


Underfull \hbox (badness 10000) in paragraph at lines 361--361
[]|\OT1/cmr/m/n/8 small cost ma-trix

Underfull \hbox (badness 10000) in paragraph at lines 361--361
\OT1/cmr/m/n/8 with pre-scribed

Underfull \hbox (badness 3635) in paragraph at lines 362--362
\OT1/cmr/m/n/8 resid-ual, cost, en-

Underfull \hbox (badness 3792) in paragraph at lines 362--362
\OT1/cmr/m/n/8 tropy, $\OML/cmm/m/it/8 "$\OT1/cmr/m/n/8 , it-er-a-tion

Underfull \hbox (badness 1454) in paragraph at lines 363--363
[]|\OT1/cmr/m/n/8 residuals fall be-

Underfull \hbox (badness 2165) in paragraph at lines 363--363
\OT1/cmr/m/n/8 are sta-ble un-der

Underfull \hbox (badness 10000) in paragraph at lines 364--365
[]|\OT1/cmr/m/n/8 finite-solver or

Underfull \hbox (badness 10000) in paragraph at lines 364--365
\OT1/cmr/m/n/8 sta-bi-liza-tion

Underfull \hbox (badness 2334) in paragraph at lines 364--365
\OT1/cmr/m/n/8 of pos-te-rior in-

Underfull \hbox (badness 10000) in paragraph at lines 365--365
[]|\OT1/cmr/m/n/8 Barycentric

LaTeX Warning: Reference `eq:bf-eot-barycentric' on page 287 undefined on input
 line 366.


Underfull \hbox (badness 10000) in paragraph at lines 367--367
\OT1/cmr/m/n/8 known col-umn

Underfull \hbox (badness 10000) in paragraph at lines 368--368
[]|\OT1/cmr/m/n/8 projected equal-

Underfull \hbox (badness 10000) in paragraph at lines 368--368
\OT1/cmr/m/n/8 weight sup-port

Underfull \hbox (badness 8189) in paragraph at lines 368--368
\OT1/cmr/m/n/8 cloud and di-men-

Underfull \hbox (badness 10000) in paragraph at lines 369--369
[]|\OT1/cmr/m/n/8 output has de-

Underfull \hbox (badness 10000) in paragraph at lines 370--371
[]|\OT1/cmr/m/n/8 projection or

Underfull \hbox (badness 1308) in paragraph at lines 370--371
\OT1/cmr/m/n/8 shape bug; not

Underfull \hbox (badness 10000) in paragraph at lines 370--371
\OT1/cmr/m/n/8 a coupling-

Underfull \hbox (badness 10000) in paragraph at lines 371--371
[]|\OT1/cmr/m/n/8 Barycentric

Underfull \hbox (badness 10000) in paragraph at lines 371--371
\OT1/cmr/m/n/8 mo-ment con-

LaTeX Warning: Reference `eq:bf-eot-barycentric-covariance-contraction' on page
 287 undefined on input line 372.


Underfull \hbox (badness 10000) in paragraph at lines 373--373
\OT1/cmr/m/n/8 no-OT weighted

Underfull \hbox (badness 10000) in paragraph at lines 374--374
[]|\OT1/cmr/m/n/8 pre-reset weighted

Underfull \hbox (badness 10000) in paragraph at lines 374--374
\OT1/cmr/m/n/8 mean/-co-vari-ance,

Underfull \hbox (badness 10000) in paragraph at lines 374--374
\OT1/cmr/m/n/8 post-reset equal-

Underfull \hbox (badness 10000) in paragraph at lines 374--374
\OT1/cmr/m/n/8 weight mean/-

Underfull \hbox (badness 10000) in paragraph at lines 374--374
\OT1/cmr/m/n/8 co-vari-ance, and

Underfull \hbox (badness 10000) in paragraph at lines 374--374
\OT1/cmr/m/n/8 down-stream value

Underfull \hbox (badness 1515) in paragraph at lines 375--375
\OT1/cmr/m/n/8 and de-clared co-

Underfull \hbox (badness 3525) in paragraph at lines 375--375
\OT1/cmr/m/n/8 vari-ance con-trac-

Underfull \hbox (badness 5091) in paragraph at lines 375--375
\OT1/cmr/m/n/8 tion are vis-i-ble;

Underfull \hbox (badness 8019) in paragraph at lines 375--375
\OT1/cmr/m/n/8 any Kalman or

Underfull \hbox (badness 10000) in paragraph at lines 375--375
\OT1/cmr/m/n/8 exact-likelihood

Underfull \hbox (badness 10000) in paragraph at lines 375--375
\OT1/cmr/m/n/8 gate is la-beled

Underfull \hbox (badness 10000) in paragraph at lines 375--375
\OT1/cmr/m/n/8 same-scalar

Underfull \hbox (badness 10000) in paragraph at lines 375--375
\OT1/cmr/m/n/8 or moment-

Underfull \hbox (badness 10000) in paragraph at lines 376--377
[]|\OT1/cmr/m/n/8 finite-$\OML/cmm/m/it/8 N$ \OT1/cmr/m/n/8 re-set

Underfull \hbox (badness 10000) in paragraph at lines 376--377
\OT1/cmr/m/n/8 changes the

Underfull \hbox (badness 10000) in paragraph at lines 376--377
\OT1/cmr/m/n/8 fil-ter-ing scalar;

Underfull \hbox (badness 10000) in paragraph at lines 376--377
\OT1/cmr/m/n/8 a same-scalar

Underfull \hbox (badness 5388) in paragraph at lines 376--377
\OT1/cmr/m/n/8 gra-di-ent as an

Underfull \hbox (badness 10000) in paragraph at lines 376--377
\OT1/cmr/m/n/8 exact-likelihood

Underfull \hbox (badness 10000) in paragraph at lines 377--377
[]|\OT1/cmr/m/n/8 Learned-map

LaTeX Warning: Reference `eq:bf-learned-ot-student-map' on page 287 undefined o
n input line 378.


LaTeX Warning: Reference `eq:bf-learned-ot-residual' on page 287 undefined on i
nput line 378.


LaTeX Warning: Reference `eq:bf-learned-ot-equivariance' on page 287 undefined 
on input line 378.


Underfull \hbox (badness 10000) in paragraph at lines 379--379
[]|\OT1/cmr/m/n/8 permutation-

Underfull \hbox (badness 10000) in paragraph at lines 379--379
\OT1/cmr/m/n/8 equivariance test

Underfull \hbox (badness 10000) in paragraph at lines 380--380
[]|\OT1/cmr/m/n/8 teacher/student

Underfull \hbox (badness 10000) in paragraph at lines 380--380
\OT1/cmr/m/n/8 resid-u-als, per-mu-

Underfull \hbox (badness 10000) in paragraph at lines 380--380
\OT1/cmr/m/n/8 ta-tion resid-ual,

Underfull \hbox (badness 10000) in paragraph at lines 380--380
\OT1/cmr/m/n/8 training-distribution

Underfull \hbox (badness 1077) in paragraph at lines 381--381
\OT1/cmr/m/n/8 low thresh-old on

Underfull \hbox (badness 10000) in paragraph at lines 382--383
[]|\OT1/cmr/m/n/8 student or

Underfull \hbox (badness 10000) in paragraph at lines 382--383
\OT1/cmr/m/n/8 distribution-shift

Underfull \hbox (badness 10000) in paragraph at lines 382--383
\OT1/cmr/m/n/8 is-sue; not a

Underfull \hbox (badness 10000) in paragraph at lines 382--383
\OT1/cmr/m/n/8 teacher-map

Underfull \hbox (badness 10000) in paragraph at lines 383--383
[]|\OT1/cmr/m/n/8 HMC value-

Underfull \hbox (badness 10000) in paragraph at lines 383--383
\OT1/cmr/m/n/8 gradient con-

LaTeX Warning: Reference `eq:bf-dpf-hmc-contract' on page 287 undefined on inpu
t line 384.


Underfull \hbox (badness 10000) in paragraph at lines 385--385
[]|\OT1/cmr/m/n/8 finite-difference

Underfull \hbox (badness 6978) in paragraph at lines 385--385
\OT1/cmr/m/n/8 check on a fixed

Underfull \hbox (badness 10000) in paragraph at lines 385--385
\OT1/cmr/m/n/8 scalar tar-get and

Underfull \hbox (badness 3954) in paragraph at lines 385--385
\OT1/cmr/m/n/8 fixed ran-dom seed

Underfull \hbox (badness 2617) in paragraph at lines 386--386
\OT1/cmr/m/n/8 iff gra-di-ent, finite-

Underfull \hbox (badness 8189) in paragraph at lines 386--386
\OT1/cmr/m/n/8 difference gra-di-ent,

Underfull \hbox (badness 5374) in paragraph at lines 387--387
\OT1/cmr/m/n/8 the same scalar

Underfull \hbox (badness 10000) in paragraph at lines 387--387
\OT1/cmr/m/n/8 and gra-di-ents

Underfull \hbox (badness 1231) in paragraph at lines 387--387
\OT1/cmr/m/n/8 agree within tol-

Underfull \hbox (badness 10000) in paragraph at lines 388--389
[]|\OT1/cmr/m/n/8 target-interface

Underfull \hbox (badness 10000) in paragraph at lines 388--389
\OT1/cmr/m/n/8 HMC be-fore

Overfull \hbox (23.7617pt too wide) in alignment at lines 304--389
 [] [] [] [] [] [] 
[287]
Underfull \hbox (badness 10000) in paragraph at lines 406--406
[]|\OT1/cmr/m/n/12 Linear-

Underfull \hbox (badness 10000) in paragraph at lines 406--406
\OT1/cmr/m/n/12 Gaussian

Underfull \hbox (badness 10000) in paragraph at lines 407--408
[]|\OT1/cmr/m/n/12 Known tran-si-tion,

Underfull \hbox (badness 10000) in paragraph at lines 407--408
\OT1/cmr/m/n/12 ob-ser-va-tion, co-

Underfull \hbox (badness 10000) in paragraph at lines 407--408
\OT1/cmr/m/n/12 vari-ance ma-tri-ces,

Underfull \hbox (badness 10000) in paragraph at lines 407--408
\OT1/cmr/m/n/12 Kalman like-li-hood,

Underfull \hbox (badness 10000) in paragraph at lines 409--410
[]|\OT1/cmr/m/n/12 Particle re-cur-sion,

Underfull \hbox (badness 5667) in paragraph at lines 409--410
\OT1/cmr/m/n/12 EDH end-point, and

Underfull \hbox (badness 10000) in paragraph at lines 409--410
\OT1/cmr/m/n/12 like-li-hood es-ti-mates

Underfull \hbox (badness 10000) in paragraph at lines 409--410
\OT1/cmr/m/n/12 ref-er-ence un-der in-

Underfull \hbox (badness 5787) in paragraph at lines 409--410
\OT1/cmr/m/n/12 creas-ing par-ti-cles or

Underfull \hbox (badness 6157) in paragraph at lines 409--410
\OT1/cmr/m/n/12 de-creas-ing flow step

Underfull \hbox (badness 10000) in paragraph at lines 411--412
[]|\OT1/cmr/m/n/12 Nonlinear DSGE

Underfull \hbox (badness 10000) in paragraph at lines 413--413
\OT1/cmr/m/n/12 an-a-lytic de-ter-mi-

Underfull \hbox (badness 10000) in paragraph at lines 413--413
\OT1/cmr/m/n/12 nant, and known

Underfull \hbox (badness 2012) in paragraph at lines 414--414
[]|\OT1/cmr/m/n/12 PF-PF den-sity ra-tio,

Underfull \hbox (badness 3029) in paragraph at lines 414--414
\OT1/cmr/m/n/12 weight, and log de-

Underfull \hbox (badness 10000) in paragraph at lines 415--416
[]|\OT1/cmr/m/n/12 Correctness for

Underfull \hbox (badness 10000) in paragraph at lines 415--416
\OT1/cmr/m/n/12 non-lin-ear flow

Underfull \hbox (badness 10000) in paragraph at lines 416--416
[]|\OT1/cmr/m/n/12 Scalar non-lin-

Underfull \hbox (badness 10000) in paragraph at lines 417--418
[]|\OT1/cmr/m/n/12 One-dimensional

Underfull \hbox (badness 10000) in paragraph at lines 419--420
[]|\OT1/cmr/m/n/12 Homotopy deriva-tive

Underfull \hbox (badness 10000) in paragraph at lines 419--420
\OT1/cmr/m/n/12 di-ag-nos-tics show

Underfull \hbox (badness 10000) in paragraph at lines 419--420
\OT1/cmr/m/n/12 ex-pected er-ror as

Underfull \hbox (badness 10000) in paragraph at lines 421--422
[]|\OT1/cmr/m/n/12 High-dimensional

Underfull \hbox (badness 10000) in paragraph at lines 422--422
[]|\OT1/cmr/m/n/12 Two-particle

Underfull \hbox (badness 10000) in paragraph at lines 422--422
\OT1/cmr/m/n/12 soft-resampling

Underfull \hbox (badness 10000) in paragraph at lines 423--423
[]|\OT1/cmr/m/n/12 Two par-ti-cles,

Underfull \hbox (badness 5954) in paragraph at lines 423--423
\OT1/cmr/m/n/12 and non-lin-ear test

Underfull \hbox (badness 10000) in paragraph at lines 425--426
[]|\OT1/cmr/m/n/12 Acceptability of

Underfull \hbox (badness 2980) in paragraph at lines 427--428
\OT1/cmr/m/n/12 weights, equal tar-

Underfull \hbox (badness 1122) in paragraph at lines 427--428
\OT1/cmr/m/n/12 and known resid-ual

Underfull \hbox (badness 10000) in paragraph at lines 429--430
[]|\OT1/cmr/m/n/12 Row/column resid-

Underfull \hbox (badness 10000) in paragraph at lines 429--430
\OT1/cmr/m/n/12 u-als and sta-bi-lized

Underfull \hbox (badness 10000) in paragraph at lines 429--430
\OT1/cmr/m/n/12 sis-tently with the

Underfull \hbox (badness 10000) in paragraph at lines 431--432
[]|\OT1/cmr/m/n/12 Posterior equiv-a-

Underfull \hbox (badness 10000) in paragraph at lines 432--432
[]|\OT1/cmr/m/n/12 Permutation-

Underfull \hbox (badness 10000) in paragraph at lines 432--432
\OT1/cmr/m/n/12 equivariance

Underfull \hbox (badness 10000) in paragraph at lines 432--432
\OT1/cmr/m/n/12 learned-map

Underfull \hbox (badness 10000) in paragraph at lines 433--433
[]|\OT1/cmr/m/n/12 Teacher clouds,

Underfull \hbox (badness 10000) in paragraph at lines 433--433
\OT1/cmr/m/n/12 learned map, and

Underfull \hbox (badness 10000) in paragraph at lines 433--433
\OT1/cmr/m/n/12 per-mu-ta-tion ma-tri-

Underfull \hbox (badness 1303) in paragraph at lines 436--437
[]|\OT1/cmr/m/n/12 Small teacher/s-tu-

Underfull \hbox (badness 10000) in paragraph at lines 437--437
[]|\OT1/cmr/m/n/12 Finite-

Underfull \hbox (badness 10000) in paragraph at lines 437--437
\OT1/cmr/m/n/12 difference

Underfull \hbox (badness 5504) in paragraph at lines 437--437
\OT1/cmr/m/n/12 HMC gra-di-ent

Underfull \hbox (badness 10000) in paragraph at lines 438--439
[]|\OT1/cmr/m/n/12 Fixed scalar tar-

Underfull \hbox (badness 7151) in paragraph at lines 438--439
\OT1/cmr/m/n/12 get, fixed ran-dom

Underfull \hbox (badness 5036) in paragraph at lines 438--439
\OT1/cmr/m/n/12 seed pol-icy, finite-

Underfull \hbox (badness 10000) in paragraph at lines 438--439
\OT1/cmr/m/n/12 difference step

Underfull \hbox (badness 10000) in paragraph at lines 440--441
[]|\OT1/cmr/m/n/12 Autodiff and finite-

Underfull \hbox (badness 10000) in paragraph at lines 440--441
\OT1/cmr/m/n/12 difference gra-di-ents

Underfull \hbox (badness 3623) in paragraph at lines 440--441
\OT1/cmr/m/n/12 agree for the scalar

Underfull \hbox (badness 6125) in paragraph at lines 442--443
\OT1/cmr/m/n/12 Markov chain or

Underfull \vbox (badness 1210) has occurred while \output is active
Overfull \hbox (17.705pt too wide) has occurred while \output is active
\OT1/cmr/m/n/12 288 \OT1/cmr/m/sl/12 CHAPTER 31.  DPF LITERATURE-TO-DEBUGGING V
ERIFICATION CONTRACT
[288]
Underfull \vbox (badness 10000) has occurred while \output is active [289]
Underfull \hbox (badness 10000) in paragraph at lines 469--470
[]|\OT1/cmr/m/n/12 Non-

Overfull \hbox (11.76863pt too wide) in alignment at lines 465--471
 [] [] [] [] [] 

Underfull \hbox (badness 10000) in paragraph at lines 473--474
[]|\OT1/cmr/m/n/12 Non-

Overfull \hbox (11.76863pt too wide) in alignment at lines 471--475
 [] [] [] [] [] 

Underfull \hbox (badness 3009) in paragraph at lines 476--476
[]|\OT1/cmr/m/n/12 Filtering re-

Underfull \hbox (badness 3679) in paragraph at lines 476--476
\OT1/cmr/m/n/12 cur-sion par-

Underfull \hbox (badness 10000) in paragraph at lines 477--477
\OT1/cmr/m/n/12 fixed par-ti-cles,

Underfull \hbox (badness 10000) in paragraph at lines 478--479
\OT1/cmr/m/n/12 de-creases with

Underfull \hbox (badness 4739) in paragraph at lines 478--479
\OML/cmm/m/it/12 N$\OT1/cmr/m/n/12 ; de-ter-min-is-tic

Underfull \hbox (badness 10000) in paragraph at lines 478--479
\OT1/cmr/m/n/12 quan-ti-ties match

Underfull \hbox (badness 10000) in paragraph at lines 478--479
\OT1/cmr/m/n/12 ref-er-ence when

Underfull \hbox (badness 10000) in paragraph at lines 480--480
[]|\OT1/cmr/m/n/12 State-space

Underfull \hbox (badness 10000) in paragraph at lines 480--480
\OT1/cmr/m/n/12 in-ter-face, nor-

Underfull \hbox (badness 10000) in paragraph at lines 480--480
\OT1/cmr/m/n/12 mal-iza-tion, or

Underfull \hbox (badness 10000) in paragraph at lines 480--480
\OT1/cmr/m/n/12 weight up-date

Underfull \hbox (badness 10000) in paragraph at lines 481--482
[]|\OT1/cmr/m/n/12 Does not

Underfull \hbox (badness 10000) in paragraph at lines 481--482
\OT1/cmr/m/n/12 re-ject OT,

Underfull \hbox (badness 10000) in paragraph at lines 481--482
\OT1/cmr/m/n/12 learned OT,

Underfull \hbox (badness 10000) in paragraph at lines 482--482
[]|\OT1/cmr/m/n/12 Flow end-

Underfull \hbox (badness 10000) in paragraph at lines 483--483
[]|\OT1/cmr/m/n/12 Linear-Gaussian

Underfull \hbox (badness 10000) in paragraph at lines 484--484
[]|\OT1/cmr/m/n/12 Endpoint er-ror

Underfull \hbox (badness 1248) in paragraph at lines 484--484
\OT1/cmr/m/n/12 de-creases as flow

Underfull \hbox (badness 10000) in paragraph at lines 484--484
\OT1/cmr/m/n/12 in-te-gra-tion is

Underfull \hbox (badness 10000) in paragraph at lines 486--487
[]|\OT1/cmr/m/n/12 Does not

Underfull \hbox (badness 2302) in paragraph at lines 486--487
\OT1/cmr/m/n/12 prove PF-PF

Underfull \hbox (badness 10000) in paragraph at lines 486--487
\OT1/cmr/m/n/12 cor-rec-tion is

Underfull \hbox (badness 1325) in paragraph at lines 487--487
[]|\OT1/cmr/m/n/12 PF-PF al-ge-

Underfull \hbox (badness 1521) in paragraph at lines 488--488
[]|\OT1/cmr/m/n/12 Affine flow, an-a-

Underfull \hbox (badness 10000) in paragraph at lines 488--488
\OT1/cmr/m/n/12 ex-plicit pro-posal

Underfull \hbox (badness 1259) in paragraph at lines 489--489
[]|\OT1/cmr/m/n/12 Log-weight dif-fer-

Underfull \hbox (badness 10000) in paragraph at lines 490--490
[]|\OT1/cmr/m/n/12 Density-ratio,

Underfull \hbox (badness 1184) in paragraph at lines 491--492
[]|\OT1/cmr/m/n/12 Does not di-

Underfull \hbox (badness 10000) in paragraph at lines 492--492
[]|\OT1/cmr/m/n/12 Soft-

Underfull \hbox (badness 10000) in paragraph at lines 492--492
\OT1/cmr/m/n/12 resampling

Underfull \hbox (badness 10000) in paragraph at lines 494--494
[]|\OT1/cmr/m/n/12 Bias sign and

Underfull \hbox (badness 2057) in paragraph at lines 494--494
\OT1/cmr/m/n/12 mag-ni-tude match

Underfull \hbox (badness 2452) in paragraph at lines 494--494
\OT1/cmr/m/n/12 within arith-metic

Underfull \hbox (badness 1184) in paragraph at lines 495--495
\OT1/cmr/m/n/12 with cat-e-gor-i-cal

Underfull \hbox (badness 10000) in paragraph at lines 496--497
[]|\OT1/cmr/m/n/12 Does not

Underfull \hbox (badness 10000) in paragraph at lines 496--497
\OT1/cmr/m/n/12 prove soft

Underfull \hbox (badness 1776) in paragraph at lines 496--497
\OT1/cmr/m/n/12 re-sam-pling is

Underfull \hbox (badness 10000) in paragraph at lines 497--497
[]|\OT1/cmr/m/n/12 Sinkhorn

Underfull \hbox (badness 10000) in paragraph at lines 497--497
\OT1/cmr/m/n/12 resid-ual

Underfull \hbox (badness 10000) in paragraph at lines 499--499
[]|\OT1/cmr/m/n/12 Row/column

Underfull \hbox (badness 10000) in paragraph at lines 499--499
\OT1/cmr/m/n/12 resid-u-als be-low

Underfull \hbox (badness 6380) in paragraph at lines 500--500
[]|\OT1/cmr/m/n/12 Finite-solver or

Underfull \hbox (badness 5832) in paragraph at lines 500--500
\OT1/cmr/m/n/12 sta-bi-liza-tion is-

Underfull \hbox (badness 10000) in paragraph at lines 501--502
[]|\OT1/cmr/m/n/12 Does not

Underfull \hbox (badness 10000) in paragraph at lines 501--502
\OT1/cmr/m/n/12 prove EOT

Underfull \hbox (badness 10000) in paragraph at lines 501--502
\OT1/cmr/m/n/12 is a valid

Underfull \hbox (badness 10000) in paragraph at lines 501--502
\OT1/cmr/m/n/12 pos-te-rior

Underfull \hbox (badness 10000) in paragraph at lines 502--502
[]|\OT1/cmr/m/n/12 Learned

Underfull \hbox (badness 10000) in paragraph at lines 502--502
\OT1/cmr/m/n/12 resid-ual

Underfull \hbox (badness 10000) in paragraph at lines 503--503
[]|\OT1/cmr/m/n/12 Teacher out-puts,

Underfull \hbox (badness 10000) in paragraph at lines 503--503
\OT1/cmr/m/n/12 held-out clouds,

Underfull \hbox (badness 10000) in paragraph at lines 505--505
[]|\OT1/cmr/m/n/12 Student ap-

Underfull \hbox (badness 10000) in paragraph at lines 505--505
\OT1/cmr/m/n/12 prox-i-ma-tion or

Underfull \hbox (badness 10000) in paragraph at lines 505--505
\OT1/cmr/m/n/12 ex-trap-o-la-tion

Underfull \hbox (badness 10000) in paragraph at lines 506--507
[]|\OT1/cmr/m/n/12 Does not

Underfull \hbox (badness 2351) in paragraph at lines 507--507
[]|\OT1/cmr/m/n/12 HMC value-

Underfull \hbox (badness 10000) in paragraph at lines 507--507
\OT1/cmr/m/n/12 gradient

Underfull \hbox (badness 1142) in paragraph at lines 508--508
[]|\OT1/cmr/m/n/12 Scalar value, au-

Underfull \hbox (badness 10000) in paragraph at lines 509--509
[]|\OT1/cmr/m/n/12 Gradient er-rors

Underfull \hbox (badness 10000) in paragraph at lines 509--509
\OT1/cmr/m/n/12 re-fine-ment un-til

Underfull \hbox (badness 10000) in paragraph at lines 510--510
[]|\OT1/cmr/m/n/12 Value-gradient

Underfull \hbox (badness 10000) in paragraph at lines 510--510
\OT1/cmr/m/n/12 mis-match or

Underfull \hbox (badness 10000) in paragraph at lines 510--510
\OT1/cmr/m/n/12 non-dif-fer-en-tiable

Underfull \hbox (badness 10000) in paragraph at lines 511--512
[]|\OT1/cmr/m/n/12 Does not

Underfull \hbox (badness 10000) in paragraph at lines 511--512
\OT1/cmr/m/n/12 prove chain

Overfull \hbox (11.76863pt too wide) in alignment at lines 475--513
 [] [] [] [] [] 

Overfull \hbox (17.705pt too wide) has occurred while \output is active
\OT1/cmr/m/n/12 290 \OT1/cmr/m/sl/12 CHAPTER 31.  DPF LITERATURE-TO-DEBUGGING V
ERIFICATION CONTRACT
[290]
Underfull \hbox (badness 10000) in paragraph at lines 524--525
[]|\OT1/cmr/m/n/8 Implementation quan-

Overfull \hbox (2.69351pt too wide) in alignment at lines 520--526
 [] [] [] [] [] 

Underfull \hbox (badness 10000) in paragraph at lines 528--529
[]|\OT1/cmr/m/n/8 Implementation quan-

Overfull \hbox (2.69351pt too wide) in alignment at lines 526--530
 [] [] [] [] [] 

LaTeX Warning: Reference `ch:bf-particle-filters' on page 291 undefined on inpu
t line 532.


LaTeX Warning: Reference `sec:bf-pf-ssm-recursion' on page 291 undefined on inp
ut line 532.


LaTeX Warning: Reference `sec:bf-pf-likelihood-estimator' on page 291 undefined
 on input line 532.


Underfull \hbox (badness 10000) in paragraph at lines 532--532
[]|\OT1/cmr/m/n/8 Chapter [], Sec-

LaTeX Warning: Reference `eq:bf-pf-filtering-law' on page 291 undefined on inpu
t line 533.


LaTeX Warning: Reference `eq:bf-pf-bootstrap-likelihood-estimator' on page 291 
undefined on input line 533.


LaTeX Warning: Reference `ch:bf-dpf-particle-flow-foundations' on page 291 unde
fined on input line 537.


LaTeX Warning: Reference `sec:bf-pff-homotopy' on page 291 undefined on input l
ine 537.


LaTeX Warning: Reference `sec:bf-pff-ledh' on page 291 undefined on input line 
537.


Underfull \hbox (badness 10000) in paragraph at lines 537--537
[]|\OT1/cmr/m/n/8 Chapter [], Sec-

LaTeX Warning: Reference `eq:bf-pff-log-homotopy-derivative' on page 291 undefi
ned on input line 538.


LaTeX Warning: Reference `eq:bf-pff-edh-ode' on page 291 undefined on input lin
e 538.


LaTeX Warning: Reference `eq:bf-pff-ledh-ode' on page 291 undefined on input li
ne 538.


Underfull \hbox (badness 10000) in paragraph at lines 540--541
[]|\OT1/cmr/m/n/8 flow field, end-point

Underfull \hbox (badness 10000) in paragraph at lines 541--541
[]|\OT1/cmr/m/n/8 PF-PF cor-rec-

LaTeX Warning: Reference `ch:bf-dpf-pfpf' on page 291 undefined on input line 5
42.


LaTeX Warning: Reference `sec:bf-pfpf-change-of-variables' on page 291 undefine
d on input line 542.


LaTeX Warning: Reference `sec:bf-pfpf-logdet' on page 291 undefined on input li
ne 542.


Underfull \hbox (badness 10000) in paragraph at lines 542--542
[]|\OT1/cmr/m/n/8 Chapter [], Sec-

LaTeX Warning: Reference `eq:bf-pfpf-weight' on page 291 undefined on input lin
e 543.


LaTeX Warning: Reference `eq:bf-pfpf-logdet-ode' on page 291 undefined on input
 line 543.


Underfull \hbox (badness 10000) in paragraph at lines 544--544
[]|\OT1/cmr/m/n/8 proposal cor-rec-

Underfull \hbox (badness 4072) in paragraph at lines 544--544
\OT1/cmr/m/n/8 tion and change-of-

Underfull \hbox (badness 1852) in paragraph at lines 546--546
[]|\OT1/cmr/m/n/8 Resampling and

LaTeX Warning: Reference `ch:bf-dpf-soft-resampling' on page 291 undefined on i
nput line 547.


LaTeX Warning: Reference `ch:bf-dpf-ot-baseline' on page 291 undefined on input
 line 547.


LaTeX Warning: Reference `ch:bf-dpf-entropic-ot-sinkhorn' on page 291 undefined
 on input line 547.


Underfull \hbox (badness 3281) in paragraph at lines 547--547
[]|\OT1/cmr/m/n/8 Chapter []; Chap-

LaTeX Warning: Reference `eq:bf-soft-categorical-choice' on page 291 undefined 
on input line 548.


LaTeX Warning: Reference `eq:bf-soft-mean-preservation' on page 291 undefined o
n input line 548.


LaTeX Warning: Reference `eq:bf-ot-baseline-lp' on page 291 undefined on input 
line 548.


LaTeX Warning: Reference `eq:bf-eot-primal' on page 291 undefined on input line
 548.


Underfull \hbox (badness 7256) in paragraph at lines 549--549
[]|\OT1/cmr/m/n/8 differentiable re-sam-

LaTeX Warning: Reference `ch:bf-dpf-learned-ot' on page 291 undefined on input 
line 552.


LaTeX Warning: Reference `eq:bf-learned-ot-student-map' on page 291 undefined o
n input line 553.


LaTeX Warning: Reference `eq:bf-learned-ot-residual' on page 291 undefined on i
nput line 553.


LaTeX Warning: Reference `eq:bf-learned-ot-equivariance' on page 291 undefined 
on input line 553.


LaTeX Warning: Reference `ch:bf-dpf-hmc-target-suitability' on page 291 undefin
ed on input line 557.


LaTeX Warning: Reference `sec:bf-dpf-hmc-contract' on page 291 undefined on inp
ut line 557.


LaTeX Warning: Reference `sec:bf-dpf-hmc-banking-gates' on page 291 undefined o
n input line 557.


Underfull \hbox (badness 10000) in paragraph at lines 557--557
[]|\OT1/cmr/m/n/8 Chapter [], Sec-

LaTeX Warning: Reference `eq:bf-dpf-hmc-contract' on page 291 undefined on inpu
t line 558.


Underfull \hbox (badness 10000) in paragraph at lines 559--559
[]|\OT1/cmr/m/n/8 HMC, pseudo-

Underfull \hbox (badness 4660) in paragraph at lines 559--559
\OT1/cmr/m/n/8 marginal, surrogate-

Underfull \hbox (badness 2486) in paragraph at lines 560--561
[]|\OT1/cmr/m/n/8 scalar value, gra-di-ent,

Underfull \hbox (badness 10000) in paragraph at lines 560--561
\OT1/cmr/m/n/8 ac-cep-t/re-ject value,

Overfull \hbox (2.69351pt too wide) in alignment at lines 530--562
 [] [] [] [] [] 
[291]

Package natbib Warning: Citation `feydy2019geomloss' on page 292 undefined on i
nput line 588.


Package natbib Warning: Citation `charlier2021keops' on page 292 undefined on i
nput line 588.


Package natbib Warning: Citation `ye2026flashsinkhorn' on page 292 undefined on
 input line 588.


Package natbib Warning: Citation `xiao2026fastsinkhorn' on page 292 undefined o
n input line 588.


Package natbib Warning: Citation `altschuler2019nystrom' on page 292 undefined 
on input line 591.


Package natbib Warning: Citation `scetbon2020positivefeatures' on page 292 unde
fined on input line 591.


Package natbib Warning: Citation `forrow2019factored' on page 292 undefined on 
input line 591.


Package natbib Warning: Citation `scetbon2021lowrank' on page 292 undefined on 
input line 591.


Package natbib Warning: Citation `kolouri2019generalized' on page 292 undefined
 on input line 594.


Package natbib Warning: Citation `deshpande2019maxsliced' on page 292 undefined
 on input line 594.


Package natbib Warning: Citation `paty2019subspace' on page 292 undefined on in
put line 594.


Package natbib Warning: Citation `nguyen2025sliced' on page 292 undefined on in
put line 594.


Underfull \hbox (badness 10000) in paragraph at lines 607--607
[]|\OT1/cmr/m/n/8 Exact on-line /

Underfull \hbox (badness 6792) in paragraph at lines 607--607
[]|\OT1/cmr/m/n/8 Exact ref-er-

Underfull \hbox (badness 10000) in paragraph at lines 607--608
[]|\OT1/cmr/m/n/8 marginal resid-ual

Underfull \hbox (badness 10000) in paragraph at lines 607--608
\OT1/cmr/m/n/8 and barycen-tric

Underfull \hbox (badness 10000) in paragraph at lines 608--608
[]|\OT1/cmr/m/n/8 Retained-

Underfull \hbox (badness 8000) in paragraph at lines 608--608
[]|\OT1/cmr/m/n/8 corrected teacher-

Underfull \hbox (badness 10000) in paragraph at lines 608--608
\OT1/cmr/m/n/8 side cou-pling or

Underfull \hbox (badness 4940) in paragraph at lines 608--608
[]|\OT1/cmr/m/n/8 kernel or cou-pling

Underfull \hbox (badness 10000) in paragraph at lines 608--609
[]|\OT1/cmr/m/n/8 teacher-

Underfull \hbox (badness 2460) in paragraph at lines 608--609
\OT1/cmr/m/n/8 preservation resid-

Underfull \hbox (badness 1635) in paragraph at lines 609--609
[]|\OT1/cmr/m/n/8 Sparse / screened

Underfull \hbox (badness 10000) in paragraph at lines 609--609
[]|\OT1/cmr/m/n/8 Boundary

Underfull \hbox (badness 1231) in paragraph at lines 609--609
[]|\OT1/cmr/m/n/8 same fi-nite ob-ject

Underfull \hbox (badness 1194) in paragraph at lines 609--610
[]|\OT1/cmr/m/n/8 same-object par-ity

Underfull \hbox (badness 10000) in paragraph at lines 610--610
[]|\OT1/cmr/m/n/8 Structure-

Underfull \hbox (badness 1184) in paragraph at lines 610--610
\OT1/cmr/m/n/8 re-place-ment trans-

Underfull \hbox (badness 10000) in paragraph at lines 610--610
[]|\OT1/cmr/m/n/8 full-state trans-port

Underfull \hbox (badness 10000) in paragraph at lines 610--611
[]|\OT1/cmr/m/n/8 declared re-place-

Underfull \hbox (badness 10000) in paragraph at lines 610--611
\OT1/cmr/m/n/8 down-stream di-ag-

Underfull \hbox (badness 10000) in paragraph at lines 643--643
[]|\OT1/cmr/m/n/8 Object ex-

Underfull \hbox (badness 1009) in paragraph at lines 645--645
[]|\OT1/cmr/m/n/8 strongest when

Overfull \hbox (8.56433pt too wide) in paragraph at lines 645--645
\OT1/cmr/m/n/8 TensorFlow/TFP-

Underfull \hbox (badness 2057) in paragraph at lines 645--645
[]|\OT1/cmr/m/n/8 exact se-man-tics but

Underfull \hbox (badness 6412) in paragraph at lines 645--645
\OT1/cmr/m/n/8 poor scal-ing if all

Underfull \hbox (badness 10000) in paragraph at lines 646--646
[]|\OT1/cmr/m/n/8 Retained-teacher

Underfull \hbox (badness 10000) in paragraph at lines 646--646
[]|\OT1/cmr/m/n/8 only if cor-

Underfull \hbox (badness 10000) in paragraph at lines 646--646
\OT1/cmr/m/n/8 or barycen-tric

Underfull \hbox (badness 6477) in paragraph at lines 646--646
\OT1/cmr/m/n/8 out-put is ex-

Underfull \hbox (badness 1342) in paragraph at lines 646--646
[]|\OT1/cmr/m/n/8 latent ap-prox-i-ma-tion

Underfull \hbox (badness 8170) in paragraph at lines 646--646
\OT1/cmr/m/n/8 may hide se-man-tic

Underfull \hbox (badness 10000) in paragraph at lines 646--647
[]|\OT1/cmr/m/n/8 useful only with

Underfull \hbox (badness 10000) in paragraph at lines 646--647
\OT1/cmr/m/n/8 teacher-preservation

Underfull \hbox (badness 10000) in paragraph at lines 647--647
[]|\OT1/cmr/m/n/8 often spe-cial-

Underfull \hbox (badness 10000) in paragraph at lines 647--647
[]|\OT1/cmr/m/n/8 support re-stric-tion

Underfull \hbox (badness 10000) in paragraph at lines 648--648
[]|\OT1/cmr/m/n/8 Minibatch or

Underfull \hbox (badness 10000) in paragraph at lines 648--648
\OT1/cmr/m/n/8 min-is-tic re-sam-pling

Overfull \hbox (17.705pt too wide) has occurred while \output is active
\OT1/cmr/m/n/12 292 \OT1/cmr/m/sl/12 CHAPTER 31.  DPF LITERATURE-TO-DEBUGGING V
ERIFICATION CONTRACT
[292] [293]
Underfull \hbox (badness 7777) in paragraph at lines 734--735
[]|\OT1/cmr/m/n/12 Layer-local smoke tests

Underfull \hbox (badness 10000) in paragraph at lines 734--735
\OT1/cmr/m/n/12 pass on min-i-mal con-

Underfull \hbox (badness 6284) in paragraph at lines 736--736
[]|\OT1/cmr/m/n/12 Treating smooth-ness or

Underfull \hbox (badness 10000) in paragraph at lines 737--738
[]|\OT1/cmr/m/n/12 May run

Underfull \hbox (badness 10000) in paragraph at lines 737--738
\OT1/cmr/m/n/12 more ex-

Underfull \hbox (badness 10000) in paragraph at lines 738--738
[]|\OT1/cmr/m/n/12 Credible re-

Underfull \hbox (badness 10000) in paragraph at lines 738--738
\OT1/cmr/m/n/12 search im-ple-

Underfull \hbox (badness 1997) in paragraph at lines 739--740
[]|\OT1/cmr/m/n/12 Classical PF, flow, PF-

Underfull \hbox (badness 10000) in paragraph at lines 739--740
\OT1/cmr/m/n/12 PF, re-sam-pling/OT,

Underfull \hbox (badness 3547) in paragraph at lines 739--740
\OT1/cmr/m/n/12 learned-map, and HMC

Underfull \hbox (badness 1158) in paragraph at lines 739--740
\OT1/cmr/m/n/12 on named model classes

Underfull \hbox (badness 10000) in paragraph at lines 741--742
[]|\OT1/cmr/m/n/12 Generalizing be-yond

Underfull \hbox (badness 1168) in paragraph at lines 741--742
\OT1/cmr/m/n/12 tested $\OML/cmm/m/it/12 N$\OT1/cmr/m/n/12 , $\OML/cmm/m/it/12 
d[]$\OT1/cmr/m/n/12 , $\OML/cmm/m/it/12 "$\OT1/cmr/m/n/12 , model

Underfull \hbox (badness 2452) in paragraph at lines 743--744
[]|\OT1/cmr/m/n/12 May make

Underfull \hbox (badness 10000) in paragraph at lines 743--744
\OT1/cmr/m/n/12 bounded

Underfull \hbox (badness 10000) in paragraph at lines 743--744
\OT1/cmr/m/n/12 re-search

Underfull \hbox (badness 10000) in paragraph at lines 745--746
[]|\OT1/cmr/m/n/12 Research checks plus

Underfull \hbox (badness 10000) in paragraph at lines 745--746
\OT1/cmr/m/n/12 pos-te-rior com-par-isons,

Underfull \hbox (badness 10000) in paragraph at lines 745--746
\OT1/cmr/m/n/12 stress regimes, re-pro-

Underfull \hbox (badness 10000) in paragraph at lines 745--746
\OT1/cmr/m/n/12 ducible demon-stra-tions,

Underfull \hbox (badness 5388) in paragraph at lines 745--746
\OT1/cmr/m/n/12 and doc-u-mented fail-ure

Underfull \hbox (badness 10000) in paragraph at lines 748--749
[]|\OT1/cmr/m/n/12 Requires

Underfull \hbox (badness 10000) in paragraph at lines 748--749
\OT1/cmr/m/n/12 sep-a-rate

Underfull \hbox (badness 10000) in paragraph at lines 748--749
\OT1/cmr/m/n/12 do-main

Underfull \hbox (badness 2150) in paragraph at lines 749--749
[]|\OT1/cmr/m/n/12 Operational de-

Underfull \hbox (badness 10000) in paragraph at lines 750--751
[]|\OT1/cmr/m/n/12 Independent re-view,

Underfull \hbox (badness 10000) in paragraph at lines 750--751
\OT1/cmr/m/n/12 change con-trol, mon-i-

Underfull \hbox (badness 4752) in paragraph at lines 750--751
\OT1/cmr/m/n/12 tor-ing, roll-back, data/-

Underfull \hbox (badness 10000) in paragraph at lines 750--751
\OT1/cmr/m/n/12 sta-bil-ity, and on-go-ing

Underfull \hbox (badness 10000) in paragraph at lines 752--752
[]|\OT1/cmr/m/n/12 Assuming chapter-level

Underfull \hbox (badness 10000) in paragraph at lines 752--752
\OT1/cmr/m/n/12 math-e-mat-ics alone is

Underfull \hbox (badness 10000) in paragraph at lines 753--754
[]|\OT1/cmr/m/n/12 Requires

Underfull \hbox (badness 3826) in paragraph at lines 753--754
\OT1/cmr/m/n/12 a sep-a-rate

Underfull \hbox (badness 10000) in paragraph at lines 753--754
\OT1/cmr/m/n/12 op-er-a-tional

Overfull \hbox (17.705pt too wide) has occurred while \output is active
\OT1/cmr/m/n/12 294 \OT1/cmr/m/sl/12 CHAPTER 31.  DPF LITERATURE-TO-DEBUGGING V
ERIFICATION CONTRACT
[294]) (./chapters/ch20_filter_choice.tex [295]
Chapter 32.
[296]
Overfull \hbox (13.3968pt too wide) in paragraph at lines 65--66
\OT1/cmr/m/n/12 principal-square-root deriva-tive route, us-ing the his-tor-i-c
al eigen-deriva-tive/SVD branch
) [297] [298] (./chapters/ch33_highdim_nonlinear_filtering_foundations.tex
Chapter 33.

Package natbib Warning: Citation `davis1980multiplicative' on page 299 undefine
d on input line 33.


Package natbib Warning: Citation `yau2000realtime' on page 299 undefined on inp
ut line 34.


Package natbib Warning: Citation `yau2008realtime' on page 299 undefined on inp
ut line 34.


Package natbib Warning: Citation `li2019ttfiltering' on page 299 undefined on i
nput line 35.


Package natbib Warning: Citation `meng2025regularity' on page 299 undefined on 
input line 35.


LaTeX Warning: Reference `ch:bf-highdim-nonlinear-foundations' on page 299 unde
fined on input line 49.


LaTeX Warning: Reference `ch:bf-highdim-candidate-synthesis' on page 299 undefi
ned on input line 49.


Overfull \hbox (9.09616pt too wide) in paragraph at lines 48--50
 []\OT1/cmr/bx/n/12 Running quadratic-observation cell.[] \OT1/cmr/m/n/12 The s
ame teach-ing ex-am-ple will be used through
[299]
Underfull \hbox (badness 10000) in paragraph at lines 79--79
[]|\OT1/cmr/m/n/10.95 One-step pre-dic-tive like-li-hood

LaTeX Warning: Reference `eq:bf-hd-ssm' on page 300 undefined on input line 91.



LaTeX Warning: Reference `ass:bf-hd-dominated' on page 300 undefined on input l
ine 102.


LaTeX Warning: Reference `eq:bf-hd-prediction' on page 300 undefined on input l
ine 131.

[300]

LaTeX Warning: Reference `eq:bf-hd-update' on page 301 undefined on input line 
141.


LaTeX Warning: Reference `eq:bf-hd-likelihood-factor' on page 301 undefined on 
input line 174.


LaTeX Warning: Reference `eq:bf-hd-actual-sv-raw-observation' on page 301 undef
ined on input line 197.

[301]

LaTeX Warning: Reference `eq:bf-hd-actual-sv-transform-density' on page 302 und
efined on input line 231.


LaTeX Warning: Reference `eq:bf-hd-actual-sv-transform-density' on page 302 und
efined on input line 246.


LaTeX Warning: Reference `eq:bf-hd-actual-sv-raw-observation' on page 302 undef
ined on input line 252.


LaTeX Warning: Reference `eq:bf-hd-actual-sv-transform-density' on page 302 und
efined on input line 254.


LaTeX Warning: Reference `eq:bf-hd-sgqf-loglik' on page 302 undefined on input 
line 256.


LaTeX Warning: Reference `eq:bf-hd-actual-sv-normalizer' on page 302 undefined 
on input line 261.


LaTeX Warning: Reference `eq:bf-hd-likelihood-factor' on page 302 undefined on 
input line 268.


LaTeX Warning: Reference `eq:bf-hd-sgqf-loglik' on page 302 undefined on input 
line 279.


LaTeX Warning: Reference `prop:bf-structural-ukf-ut-accuracy' on page 302 undef
ined on input line 283.


LaTeX Warning: Reference `prop:bf-structural-ukf-ut-accuracy' on page 302 undef
ined on input line 285.

[302]

LaTeX Warning: Reference `eq:bf-hd-gaussian-closure-log-density-remainder' on p
age 303 undefined on input line 324.


LaTeX Warning: Reference `eq:bf-hd-gaussian-closure-surrogate-bound' on page 30
3 undefined on input line 332.


LaTeX Warning: Reference `eq:bf-hd-gaussian-closure-remainder-bound' on page 30
3 undefined on input line 333.


LaTeX Warning: Reference `eq:bf-hd-actual-sv-normalizer' on page 303 undefined 
on input line 348.


LaTeX Warning: Reference `sec:bf-srukf-factor-propagating-score-contract' on pa
ge 303 undefined on input line 356.


LaTeX Warning: Reference `prop:bf-hd-gaussian-closure-surrogate-regime' on page
 303 undefined on input line 358.


LaTeX Warning: Reference `eq:bf-hd-actual-sv-normalizer' on page 303 undefined 
on input line 360.

[303]

LaTeX Warning: Reference `eq:bf-hd-actual-sv-srukf-observation-map' on page 304
 undefined on input line 440.


LaTeX Warning: Reference `eq:bf-hd-actual-sv-z-definition' on page 304 undefine
d on input line 443.


LaTeX Warning: Reference `eq:bf-srukf-propagated-point-first' on page 304 undef
ined on input line 447.


Overfull \hbox (39.26727pt too wide) detected at line 479
[]
[304]

LaTeX Warning: Reference `eq:bf-hd-actual-sv-srukf-initial-law' on page 305 und
efined on input line 515.


LaTeX Warning: Reference `eq:bf-hd-actual-sv-srukf-initial-factor-derivatives' 
on page 305 undefined on input line 516.


LaTeX Warning: Reference `eq:bf-hd-actual-sv-srukf-augmented-law' on page 305 u
ndefined on input line 519.


LaTeX Warning: Reference `eq:bf-srukf-score-first' on page 305 undefined on inp
ut line 540.


LaTeX Warning: Reference `eq:bf-srukf-filtered-mean-first' on page 305 undefine
d on input line 542.


LaTeX Warning: Reference `eq:bf-srukf-filtered-factor-first' on page 305 undefi
ned on input line 543.


LaTeX Warning: Reference `eq:bf-hd-actual-sv-normalizer' on page 305 undefined 
on input line 556.


LaTeX Warning: Reference `eq:bf-hd-actual-sv-srukf-collapsed-law-equivalence' o
n page 305 undefined on input line 577.


LaTeX Warning: Reference `eq:bf-hd-actual-sv-normalizer' on page 305 undefined 
on input line 595.

[305]

LaTeX Warning: Reference `eq:bf-hd-update' on page 306 undefined on input line 
641.


LaTeX Warning: Reference `eq:bf-hd-score' on page 306 undefined on input line 6
41.


LaTeX Warning: Reference `eq:bf-hd-ssm' on page 306 undefined on input line 657
.


LaTeX Warning: Reference `eq:bf-hd-prediction' on page 306 undefined on input l
ine 673.


LaTeX Warning: Reference `ass:bf-hd-dominated' on page 306 undefined on input l
ine 673.

[306]

LaTeX Warning: Reference `eq:bf-hd-update-sensitivity' on page 307 undefined on
 input line 750.


LaTeX Warning: Reference `ass:bf-hd-dominated' on page 307 undefined on input l
ine 756.


LaTeX Warning: Reference `eq:bf-hd-prediction-sensitivity' on page 307 undefine
d on input line 758.


LaTeX Warning: Reference `eq:bf-hd-update-sensitivity' on page 307 undefined on
 input line 758.


Overfull \hbox (1.02516pt too wide) in paragraph at lines 756--761
[][]\OT1/cmr/bx/n/12 Proposition 33.4 \OT1/cmr/m/n/12 (Dis-crete--time like-li-
hood sen-si-tiv-ity re-cur-sion)\OT1/cmr/bx/n/12 . []\OT1/cmr/m/it/12 Un-der As
-sump-tion [],

LaTeX Warning: Reference `eq:bf-hd-prediction-sensitivity' on page 307 undefine
d on input line 764.


LaTeX Warning: Reference `eq:bf-hd-normalizer-gradient' on page 307 undefined o
n input line 765.


LaTeX Warning: Reference `eq:bf-hd-likelihood-gradient' on page 307 undefined o
n input line 767.


LaTeX Warning: Reference `eq:bf-hd-likelihood-factor' on page 307 undefined on 
input line 768.


LaTeX Warning: Reference `eq:bf-hd-update-sensitivity' on page 307 undefined on
 input line 770.


LaTeX Warning: Reference `ch:bf-highdim-hmc-research' on page 307 undefined on 
input line 775.


Overfull \hbox (18.76299pt too wide) in paragraph at lines 775--779
[]\OT1/cmr/m/n/12 This re-cur-sion is the an-a-lyt-i-cal ob-ject needed by Chap
-ter []. An automatic-differentiation

Overfull \hbox (10.41348pt too wide) has occurred while \output is active
\OT1/cmr/m/sl/12 33.3.  ANALYTICAL LIKELIHOOD-GRADIENT AND FILTERING SENSITIVIT
IES \OT1/cmr/m/n/12 307
[307]
Overfull \hbox (5.36063pt too wide) detected at line 817
[]

Overfull \hbox (41.97708pt too wide) detected at line 833
[]

Overfull \hbox (149.02919pt too wide) detected at line 856
[]
[308]

LaTeX Warning: Reference `eq:bf-hd-ledh-compact-softmin' on page 309 undefined 
on input line 933.


LaTeX Warning: Reference `eq:bf-hd-ledh-compact-sinkhorn-recursion' on page 309
 undefined on input line 957.


LaTeX Warning: Reference `eq:bf-hd-ledh-compact-softmin-jvp' on page 309 undefi
ned on input line 958.


Overfull \hbox (7.2032pt too wide) detected at line 968
[]
[309]

LaTeX Warning: Reference `eq:bf-hd-ledh-compact-transport-application' on page 
310 undefined on input line 998.


LaTeX Warning: Reference `eq:bf-hd-ledh-compact-transport-jvp' on page 310 unde
fined on input line 1005.


LaTeX Warning: Reference `eq:bf-hd-ledh-compact-prediction-sensitivity' on page
 310 undefined on input line 1019.


LaTeX Warning: Reference `eq:bf-hd-ledh-compact-transport-jvp' on page 310 unde
fined on input line 1020.


LaTeX Warning: Reference `eq:bf-hd-ledh-compact-prediction-sensitivity' on page
 310 undefined on input line 1038.


LaTeX Warning: Reference `eq:bf-hd-ledh-compact-transport-jvp' on page 310 unde
fined on input line 1039.


LaTeX Warning: Reference `eq:bf-hd-ledh-compact-score' on page 310 undefined on
 input line 1043.

[310]

Package natbib Warning: Citation `vanhandel2007filtering' on page 311 undefined
 on input line 1072.


LaTeX Warning: Reference `eq:bf-hd-zakai-density' on page 311 undefined on inpu
t line 1091.


Package natbib Warning: Citation `davis1980multiplicative' on page 311 undefine
d on input line 1107.

[311]

Package natbib Warning: Citation `yau2000realtime' on page 312 undefined on inp
ut line 1114.


Package natbib Warning: Citation `yau2008realtime' on page 312 undefined on inp
ut line 1114.


Package natbib Warning: Citation `yau2000realtime' on page 312 undefined on inp
ut line 1130.


Package natbib Warning: Citation `yau2008realtime' on page 312 undefined on inp
ut line 1130.


Package natbib Warning: Citation `meng2025regularity' on page 312 undefined on 
input line 1151.


LaTeX Warning: Reference `eq:bf-hd-approx-posterior' on page 312 undefined on i
nput line 1187.


LaTeX Warning: Reference `eq:bf-hd-exact-posterior' on page 312 undefined on in
put line 1188.

[312]

Package natbib Warning: Citation `gordon1993novel' on page 313 undefined on inp
ut line 1197.


Package natbib Warning: Citation `arulampalam2002tutorial' on page 313 undefine
d on input line 1198.


Package natbib Warning: Citation `bengtsson2008curse' on page 313 undefined on 
input line 1199.


Package natbib Warning: Citation `snyder2008obstacles' on page 313 undefined on
 input line 1199.


LaTeX Warning: Reference `eq:bf-hd-approx-posterior' on page 313 undefined on i
nput line 1231.


LaTeX Warning: Reference `eq:bf-hd-likelihood-gradient' on page 313 undefined o
n input line 1235.


Overfull \hbox (1.87334pt too wide) in paragraph at lines 1238--1241
[]\OT1/cmr/m/n/12 Density/PDE for-mu-la-tions re-quire mass, pos-i-tiv-ity, bou
nd-ary, and reg-u-lar-ity checks.
[313]
Overfull \hbox (1.60382pt too wide) in paragraph at lines 1256--1256
[]|\OT1/cmr/m/n/8 Approximation

Underfull \hbox (badness 10000) in paragraph at lines 1257--1257
[]|\OT1/cmr/m/n/8 Promotion

Overfull \hbox (17.66794pt too wide) in paragraph at lines 1257--1258
[]|\OT1/cmr/m/n/8 Citation/derivation

Underfull \hbox (badness 10000) in paragraph at lines 1260--1260
[]|\OT1/cmr/m/n/8 Conditional

Underfull \hbox (badness 10000) in paragraph at lines 1261--1261
[]|\OT1/cmr/m/n/8 mean-only or

Underfull \hbox (badness 10000) in paragraph at lines 1261--1262
[]|\OT1/cmr/m/n/8 mass, pos-i-tiv-

Underfull \hbox (badness 10000) in paragraph at lines 1261--1262
\OT1/cmr/m/n/8 ity, ref-er-ence

Underfull \hbox (badness 5832) in paragraph at lines 1262--1262
[]|\OT1/cmr/m/n/8 state di-

Underfull \hbox (badness 10000) in paragraph at lines 1262--1262
[]|\OT1/cmr/m/n/8 law se-man-

LaTeX Warning: Reference `eq:bf-hd-prediction' on page 314 undefined on input l
ine 1263.


LaTeX Warning: Reference `eq:bf-hd-update' on page 314 undefined on input line 
1263.


Underfull \hbox (badness 1796) in paragraph at lines 1264--1264
[]|$\OML/cmm/m/it/8 Z[] \OT1/cmr/m/n/8 = \OML/cmm/m/it/8 p\OT1/cmr/m/n/8 (\OML/
cmm/m/it/8 y[] \OMS/cmsy/m/n/8 j

Underfull \hbox (badness 10000) in paragraph at lines 1264--1265
[]|\OT1/cmr/m/n/8 quadrature,

Underfull \hbox (badness 5064) in paragraph at lines 1264--1265
\OT1/cmr/m/n/8 Monte Carlo,

Underfull \hbox (badness 10000) in paragraph at lines 1264--1265
\OT1/cmr/m/n/8 ten-sor/PDE

Underfull \hbox (badness 10000) in paragraph at lines 1265--1265
[]|\OT1/cmr/m/n/8 wrong like-li-

Underfull \hbox (badness 10000) in paragraph at lines 1265--1265
[]|\OT1/cmr/m/n/8 finite pos-i-

Underfull \hbox (badness 10000) in paragraph at lines 1266--1266
[]|\OT1/cmr/m/n/8 integral

Underfull \hbox (badness 10000) in paragraph at lines 1266--1266
[]|\OT1/cmr/m/n/8 scalar like-

Underfull \hbox (badness 10000) in paragraph at lines 1266--1266
\OT1/cmr/m/n/8 li-hood re-

LaTeX Warning: Reference `eq:bf-hd-update' on page 314 undefined on input line 
1267.


LaTeX Warning: Reference `eq:bf-hd-likelihood-factor' on page 314 undefined on 
input line 1267.


Underfull \hbox (badness 10000) in paragraph at lines 1268--1268
[]|\OT1/cmr/m/n/8 Likelihood

Underfull \hbox (badness 6961) in paragraph at lines 1269--1269
[]|\OT1/cmr/m/n/8 gradient of a

Underfull \hbox (badness 10000) in paragraph at lines 1269--1270
[]|\OT1/cmr/m/n/8 finite-difference

Underfull \hbox (badness 10000) in paragraph at lines 1269--1270
\OT1/cmr/m/n/8 par-ity, same-

Underfull \hbox (badness 10000) in paragraph at lines 1270--1270
[]|\OT1/cmr/m/n/8 filter-

Underfull \hbox (badness 10000) in paragraph at lines 1270--1270
\OT1/cmr/m/n/8 gradient

Underfull \hbox (badness 10000) in paragraph at lines 1270--1270
[]|\OT1/cmr/m/n/8 value and

Underfull \hbox (badness 10000) in paragraph at lines 1270--1270
\OT1/cmr/m/n/8 gra-di-ent

LaTeX Warning: Reference `prop:bf-hd-likelihood-sensitivity' on page 314 undefi
ned on input line 1271.


Underfull \hbox (badness 10000) in paragraph at lines 1272--1272
[]|\OT1/cmr/m/n/8 DMZ/PDE

Underfull \hbox (badness 10000) in paragraph at lines 1272--1272
[]|\OT1/cmr/m/n/8 unnormalized

Underfull \hbox (badness 10000) in paragraph at lines 1272--1273
[]|\OT1/cmr/m/n/8 spatial dis-

Underfull \hbox (badness 10000) in paragraph at lines 1272--1273
\OT1/cmr/m/n/8 cretiza-tion,

Underfull \hbox (badness 10000) in paragraph at lines 1272--1273
\OT1/cmr/m/n/8 op-er-a-tor

Underfull \hbox (badness 10000) in paragraph at lines 1273--1273
[]|\OT1/cmr/m/n/8 mass, bound-

Underfull \hbox (badness 1565) in paragraph at lines 1273--1274
[]|\OT1/cmr/m/n/8 residual, mass,

Underfull \hbox (badness 10000) in paragraph at lines 1273--1274
\OT1/cmr/m/n/8 pos-i-tiv-ity,

Underfull \hbox (badness 10000) in paragraph at lines 1273--1274
\OT1/cmr/m/n/8 bound-ary

Underfull \hbox (badness 10000) in paragraph at lines 1274--1274
[]|\OT1/cmr/m/n/8 source as-

Underfull \hbox (badness 10000) in paragraph at lines 1274--1274
\OT1/cmr/m/n/8 sump-tions

Package natbib Warning: Citation `davis1980multiplicative' on page 314 undefine
d on input line 1275.


Package natbib Warning: Citation `yau2000realtime' on page 314 undefined on inp
ut line 1275.


Package natbib Warning: Citation `yau2008realtime' on page 314 undefined on inp
ut line 1275.

) (./chapters/ch34_highdim_gaussian_projection_and_point_rule_foundations.tex
[314]
Chapter 34.

LaTeX Warning: Reference `ch:bf-highdim-nonlinear-foundations' on page 315 unde
fined on input line 22.


LaTeX Warning: Reference `ch:bf-highdim-sparse-grid-fixed-cloud' on page 315 un
defined on input line 26.


LaTeX Warning: Reference `ch:bf-highdim-nonlinear-foundations' on page 315 unde
fined on input line 30.

[315]
Overfull \hbox (89.31276pt too wide) has occurred while \output is active
\OT1/cmr/m/n/12 316 \OT1/cmr/m/sl/12 CHAPTER 34.  DETERMINISTIC GAUSSIAN PROJEC
TION AND POINT-RULE FOUNDATIONS
[316] [317]
Overfull \hbox (89.31276pt too wide) has occurred while \output is active
\OT1/cmr/m/n/12 318 \OT1/cmr/m/sl/12 CHAPTER 34.  DETERMINISTIC GAUSSIAN PROJEC
TION AND POINT-RULE FOUNDATIONS
[318]

LaTeX Warning: Reference `ch:bf-sigma-point-filters' on page 319 undefined on i
nput line 287.


LaTeX Warning: Reference `ch:bf-square-root-sigma-point' on page 319 undefined 
on input line 288.


Overfull \hbox (11.57782pt too wide) in paragraph at lines 315--315
[]\OT1/cmr/bx/n/17.28 Exports To Sparse-Grid Spe-cial-iza-tion And Later

LaTeX Warning: Reference `ch:bf-highdim-sparse-grid-fixed-cloud' on page 319 un
defined on input line 328.

) (./chapters/ch35_highdim_sparse_grid_quadrature_and_fixed_cloud_scalar.tex
[319]
Overfull \hbox (89.31276pt too wide) has occurred while \output is active
\OT1/cmr/m/n/12 320 \OT1/cmr/m/sl/12 CHAPTER 34.  DETERMINISTIC GAUSSIAN PROJEC
TION AND POINT-RULE FOUNDATIONS
[320]
Chapter 35.

LaTeX Warning: Reference `ch:bf-highdim-fixed-cloud-sgqf-validation' on page 32
1 undefined on input line 26.

[321]
Overfull \hbox (14.81763pt too wide) in paragraph at lines 112--115
\OT1/cmr/m/n/12 The chap-ter fixes the odd-point standard-normal GHQ lad-der as
 its con-crete one-dimensional

Overfull \hbox (154.47713pt too wide) detected at line 122
[][][]\OML/cmm/m/it/12 I[] \OT1/cmr/m/n/12 = []\OML/cmm/m/it/12 ;  I[] \OT1/cmr
/m/n/12 = []\OML/cmm/m/it/12 ;  I[] \OT1/cmr/m/n/12 = []\OML/cmm/m/it/12 ;
[322] [323] [324]

LaTeX Warning: Reference `eq:bf-hd-sgqf-3d-active-indices' on page 325 undefine
d on input line 303.


LaTeX Warning: Reference `eq:bf-hd-sgqf-3d-origin-cancel' on page 325 undefined
 on input line 307.


Overfull \hbox (36.64975pt too wide) detected at line 316
[][][]\OT1/cmr/m/n/12 10 [] [][]\OMS/cmsy/m/n/12 ! \OT1/cmr/m/n/12 7 [] [][]\OM
S/cmsy/m/n/12 ! \OT1/cmr/m/n/12 6 []\OML/cmm/m/it/12 :
[325]
Overfull \hbox (122.09415pt too wide) in paragraph at lines 359--365
\OT1/cmr/m/n/12 this sec-tion is a stored cloud builder rou-tine of the form \O
T1/cmtt/m/n/12 build[]fixed[]sparse[]grid[]cloud($\OT1/cmr/m/n/12 (\OML/cmm/m/i
t/12 b; L; \OMS/cmsy/m/n/12 f\OML/cmm/m/it/12 I[]\OMS/cmsy/m/n/12 g\OML/cmm/m/i
t/12 ; ^^\[]; ^^\[]\OT1/cmr/m/n/12 )$\OT1/cmtt/m/n/12 )

LaTeX Warning: Reference `eq:bf-hd-sgqf-3d-merge-counts' on page 326 undefined 
on input line 375.


Overfull \hbox (56.03583pt too wide) detected at line 396
[][][][][]

LaTeX Warning: Reference `ch:bf-highdim-fixed-cloud-sgqf-validation' on page 32
6 undefined on input line 398.

[326]

LaTeX Warning: Reference `ch:bf-highdim-fixed-cloud-sgqf-validation' on page 32
7 undefined on input line 415.


LaTeX Warning: Reference `ch:bf-highdim-low-rank-density-kr' on page 327 undefi
ned on input line 418.


LaTeX Warning: Reference `ch:bf-highdim-fixed-branch-same-scalar' on page 327 u
ndefined on input line 420.


LaTeX Warning: Reference `ch:bf-highdim-validation-defect-promotion' on page 32
7 undefined on input line 423.


Overfull \hbox (5.83582pt too wide) in paragraph at lines 423--427
[]\OT1/cmr/m/n/12 Chapter [] may im-port only the de-clared Gaussian-projection
 de-fect, point-explosion
) (./chapters/ch35b_highdim_fixed_cloud_filtering_and_sgqf_validation.tex
[327]
Chapter 36.

LaTeX Warning: Reference `eq:bf-hd-sgqf-loglik' on page 328 undefined on input 
line 29.

[328]

LaTeX Warning: Reference `eq:bf-hd-sgqf-pred-cov' on page 329 undefined on inpu
t line 74.


LaTeX Warning: Reference `eq:bf-hd-sgqf-loglik' on page 329 undefined on input 
line 128.


LaTeX Warning: Reference `eq:bf-hd-sgqf-loglik' on page 329 undefined on input 
line 129.

[329]
Overfull \hbox (137.68306pt too wide) has occurred while \output is active
\OT1/cmr/m/n/12 330 \OT1/cmr/m/sl/12 CHAPTER 36.  FIXED-CLOUD FILTERING, SAME-B
RANCH SGQF, AND LANE-SPECIFIC VALIDATION
[330] [331]
Overfull \hbox (137.68306pt too wide) has occurred while \output is active
\OT1/cmr/m/n/12 332 \OT1/cmr/m/sl/12 CHAPTER 36.  FIXED-CLOUD FILTERING, SAME-B
RANCH SGQF, AND LANE-SPECIFIC VALIDATION
[332] [333]
Overfull \hbox (137.68306pt too wide) has occurred while \output is active
\OT1/cmr/m/n/12 334 \OT1/cmr/m/sl/12 CHAPTER 36.  FIXED-CLOUD FILTERING, SAME-B
RANCH SGQF, AND LANE-SPECIFIC VALIDATION
[334] (/usr/share/texlive/texmf-dist/tex/latex/amsfonts/ueuf.fd)
Overfull \hbox (435.33475pt too wide) detected at line 604
[][][]\U/euf/m/n/12 B[] \OT1/cmr/m/n/12 = \OMS/cmsy/m/n/12 fC[]\OML/cmm/m/it/12
 ;  [];  [];  [];  [];  [];  [];  []\OMS/cmsy/m/n/12 g\OML/cmm/m/it/12 :
[335]
Overfull \hbox (211.66898pt too wide) detected at line 638
[][][][][]

Overfull \hbox (99.3027pt too wide) in paragraph at lines 665--668
 []\OT1/cmr/bx/n/12 Implementation-facing FD check-list.[] \OT1/cmr/m/n/12 A ro
u-tine of the form \OT1/cmtt/m/n/12 same[]scalar[]fd[]check($\OML/cmm/m/it/12 i
; h[]; ^^R; \U/euf/m/n/12 B[]$\OT1/cmtt/m/n/12 )

LaTeX Warning: Reference `eq:bf-hd-sgqf-fd-relative-error' on page 336 undefine
d on input line 675.


Overfull \hbox (137.68306pt too wide) has occurred while \output is active
\OT1/cmr/m/n/12 336 \OT1/cmr/m/sl/12 CHAPTER 36.  FIXED-CLOUD FILTERING, SAME-B
RANCH SGQF, AND LANE-SPECIFIC VALIDATION
[336]

LaTeX Warning: Reference `sec:bf-hd-sgqf-worked-example' on page 337 undefined 
on input line 695.


LaTeX Warning: Reference `eq:bf-hd-sgqf-central-diff' on page 337 undefined on 
input line 698.


LaTeX Warning: Reference `ch:bf-highdim-nonlinear-foundations' on page 337 unde
fined on input line 712.


Overfull \hbox (207.07246pt too wide) detected at line 764
[][][]\OMS/cmsy/m/n/12 R[] \OT1/cmr/m/n/12 = \OMS/cmsy/m/n/12 f\OML/cmm/m/it/12
 M[];  [];  [] ^^U\OT1/cmr/m/n/12 (\OML/cmm/m/it/12 P[]\OT1/cmr/m/n/12 )\OML/cm
m/m/it/12 ;  [] ^^U\OT1/cmr/m/n/12 (\OML/cmm/m/it/12 S[]\OT1/cmr/m/n/12 )\OML/c
mm/m/it/12 ;  [] ^^U\OT1/cmr/m/n/12 (\OML/cmm/m/it/12 P[]\OT1/cmr/m/n/12 )\OML/
cmm/m/it/12 ;  [];  [];  [];  []\OMS/cmsy/m/n/12 g\OML/cmm/m/it/12 :
[337]
Overfull \hbox (45.40488pt too wide) detected at line 775
[][][][] \OT1/cmr/m/n/12 = []

Underfull \hbox (badness 10000) in paragraph at lines 796--796
[]|\OT1/cmr/m/n/10.95 standardized sparse-grid

Underfull \hbox (badness 3229) in paragraph at lines 798--798
[]|\OT1/cmr/m/n/10.95 covariance fac-tors on de-

Underfull \hbox (badness 4316) in paragraph at lines 799--800
[]|\OT1/cmr/m/n/10.95 transition value and

Underfull \hbox (badness 10000) in paragraph at lines 803--803
[]|\OT1/cmr/m/n/10.95 Gaussian pro-jec-tion mo-

Underfull \hbox (badness 3009) in paragraph at lines 803--803
[]|$\OML/cmm/m/it/10.95 n[]$\OT1/cmr/m/n/10.95 , $\OML/cmm/m/it/10.95 n[] \OMS/
cmsy/m/n/10.95 ^^B \OML/cmm/m/it/10.95 n[]$\OT1/cmr/m/n/10.95 ,

Underfull \hbox (badness 10000) in paragraph at lines 804--805
[]|\OT1/cmr/m/n/10.95 likelihood, up-date,

Underfull \hbox (badness 10000) in paragraph at lines 808--809
[]|\OT1/cmr/m/n/10.95 value and gra-di-ent

Underfull \hbox (badness 1721) in paragraph at lines 809--809
[]|\OT1/cmr/m/n/10.95 cloud, rules, merge tol-er-

Underfull \hbox (badness 1616) in paragraph at lines 809--809
\OT1/cmr/m/n/10.95 then-veto rule, thresh-olds,

Underfull \hbox (badness 3407) in paragraph at lines 809--809
\OT1/cmr/m/n/10.95 ac-cept-ed/-fail-ure stage-time

Underfull \vbox (badness 10000) has occurred while \output is active
Overfull \hbox (137.68306pt too wide) has occurred while \output is active
\OT1/cmr/m/n/12 338 \OT1/cmr/m/sl/12 CHAPTER 36.  FIXED-CLOUD FILTERING, SAME-B
RANCH SGQF, AND LANE-SPECIFIC VALIDATION
[338] [339]
Underfull \hbox (badness 10000) in paragraph at lines 916--917
[]|\OT1/cmr/m/n/10.95 removes ac-cu-mu-lated numerical-zero

Underfull \hbox (badness 10000) in paragraph at lines 920--920
[]|\OT1/cmr/m/n/10.95 finite-difference rel-a-

Underfull \hbox (badness 10000) in paragraph at lines 921--921
[]|\OT1/cmr/m/n/10.95 maximum branch-

Overfull \hbox (137.68306pt too wide) has occurred while \output is active
\OT1/cmr/m/n/12 340 \OT1/cmr/m/sl/12 CHAPTER 36.  FIXED-CLOUD FILTERING, SAME-B
RANCH SGQF, AND LANE-SPECIFIC VALIDATION
[340]
Underfull \hbox (badness 10000) in paragraph at lines 962--962
[]\OT1/cmr/m/n/12 Check the weight-sum in-vari-ant. If it fails, re-turn $\OMS/
cmsy/m/n/12 F \OT1/cmr/m/n/12 =
[341]) (./chapters/ch36_highdim_low_rank_density_filters_and_kr_maps.tex
Overfull \hbox (137.68306pt too wide) has occurred while \output is active
\OT1/cmr/m/n/12 342 \OT1/cmr/m/sl/12 CHAPTER 36.  FIXED-CLOUD FILTERING, SAME-B
RANCH SGQF, AND LANE-SPECIFIC VALIDATION
[342]
Chapter 37.

LaTeX Warning: Reference `ch:bf-highdim-nonlinear-foundations' on page 343 unde
fined on input line 14.

[343]
Overfull \hbox (41.43549pt too wide) has occurred while \output is active
\OT1/cmr/m/n/12 344 \OT1/cmr/m/sl/12 CHAPTER 37.  LOW-RANK DENSITY FILTERS, KR 
MAPS, AND RETAINED OBJECTS
[344]
Overfull \hbox (20.89111pt too wide) has occurred while \output is active
\OT1/cmr/m/sl/12 37.5.  COORDINATE SYSTEMS, CONDITIONAL MAPS, AND RETAINED OBJE
CTS \OT1/cmr/m/n/12 345
[345]

Package natbib Warning: Citation `zhao2024ttsequential' on page 346 undefined o
n input line 278.


Overfull \hbox (41.43549pt too wide) has occurred while \output is active
\OT1/cmr/m/n/12 346 \OT1/cmr/m/sl/12 CHAPTER 37.  LOW-RANK DENSITY FILTERS, KR 
MAPS, AND RETAINED OBJECTS
[346]

LaTeX Warning: Reference `ch:bf-highdim-squared-tt-fixed-branch-likelihoods' on
 page 347 undefined on input line 306.


Overfull \hbox (4.40985pt too wide) in paragraph at lines 311--311
[]\OT1/cmr/bx/n/17.28 Tensor-Network Kalman And Square-Root Cau-
[347])
(./chapters/ch36b_highdim_squared_tt_recursion_and_fixed_branch_likelihoods.tex

Overfull \hbox (41.43549pt too wide) has occurred while \output is active
\OT1/cmr/m/n/12 348 \OT1/cmr/m/sl/12 CHAPTER 37.  LOW-RANK DENSITY FILTERS, KR 
MAPS, AND RETAINED OBJECTS
[348]
Chapter 38.

Overfull \hbox (10.19765pt too wide) in paragraph at lines 35--35
[]\OT1/cmr/bx/n/17.28 Squared-TT Fil-ter-ing Ob-ject And Re-cur-sive Clo-

Underfull \vbox (badness 10000) has occurred while \output is active [349]
Overfull \hbox (5.14679pt too wide) in paragraph at lines 44--49
\OT1/cmr/m/n/12 The ex-act adjacent-state tar-get is a many-variable func-tion 
rather than a finite-dimensional

Overfull \hbox (107.18758pt too wide) has occurred while \output is active
\OT1/cmr/m/n/12 350 \OT1/cmr/m/sl/12 CHAPTER 38.  SQUARED-TT RECURSION AND FIXE
D-BRANCH LIKELIHOOD CONSTRUCTION
[350] [351]

LaTeX Warning: Reference `eq:bf-hd-squared-tt-frozen-derivative-ledger' on page
 352 undefined on input line 252.


Overfull \hbox (107.18758pt too wide) has occurred while \output is active
\OT1/cmr/m/n/12 352 \OT1/cmr/m/sl/12 CHAPTER 38.  SQUARED-TT RECURSION AND FIXE
D-BRANCH LIKELIHOOD CONSTRUCTION
[352]

LaTeX Warning: Reference `ch:bf-highdim-fixed-branch-same-scalar' on page 353 u
ndefined on input line 353.


Overfull \hbox (178.92273pt too wide) detected at line 377
[][][][] \OT1/cmr/m/n/12 = [] + [] + [] + []\OML/cmm/m/it/12 :
[353]
Overfull \hbox (107.18758pt too wide) has occurred while \output is active
\OT1/cmr/m/n/12 354 \OT1/cmr/m/sl/12 CHAPTER 38.  SQUARED-TT RECURSION AND FIXE
D-BRANCH LIKELIHOOD CONSTRUCTION
[354] [355]

LaTeX Warning: Reference `eq:bf-hd-squared-tt-heldout-cross-entropy' on page 35
6 undefined on input line 598.


Overfull \hbox (107.18758pt too wide) has occurred while \output is active
\OT1/cmr/m/n/12 356 \OT1/cmr/m/sl/12 CHAPTER 38.  SQUARED-TT RECURSION AND FIXE
D-BRANCH LIKELIHOOD CONSTRUCTION
[356]

LaTeX Warning: Reference `eq:bf-hd-squared-tt-forward-ridge-system' on page 357
 undefined on input line 648.

[357]

LaTeX Warning: Reference `eq:bf-hd-squared-tt-dot-ridge-system' on page 358 und
efined on input line 697.


Overfull \hbox (107.18758pt too wide) has occurred while \output is active
\OT1/cmr/m/n/12 358 \OT1/cmr/m/sl/12 CHAPTER 38.  SQUARED-TT RECURSION AND FIXE
D-BRANCH LIKELIHOOD CONSTRUCTION
[358]
Underfull \hbox (badness 4096) in paragraph at lines 777--777
[]|\OT1/cmr/m/n/12 Nonpositive tar-get for

Underfull \hbox (badness 1590) in paragraph at lines 779--779
[]|\OT1/cmr/m/n/12 Finite-difference branch

Underfull \hbox (badness 1377) in paragraph at lines 779--779
\OT1/cmr/m/n/12 ure path dif-fer across $\OML/cmm/m/it/12 ^^L \OMS/cmsy/m/n/12 
^^@
[359]

LaTeX Warning: Reference `eq:bf-hd-squared-tt-stored-derivative' on page 360 un
defined on input line 852.

)
(./chapters/ch37_highdim_fixed_branch_likelihoods_and_same_scalar_gradients.tex

Overfull \hbox (107.18758pt too wide) has occurred while \output is active
\OT1/cmr/m/n/12 360 \OT1/cmr/m/sl/12 CHAPTER 38.  SQUARED-TT RECURSION AND FIXE
D-BRANCH LIKELIHOOD CONSTRUCTION
[360]
Chapter 39.

Overfull \hbox (9.7122pt too wide) in paragraph at lines 33--35
[]$\OMS/cmsy/m/n/12 H[]\OT1/cmr/m/n/12 (\OML/cmm/m/it/12 ^^R\OT1/cmr/m/n/12 )$ 
con-tains the parameter-dependent nu-mer-i-cal val-ues re-com-puted on that bra
nch, 
[361]

LaTeX Warning: Reference `ch:bf-highdim-fixed-cloud-sgqf-validation' on page 36
2 undefined on input line 62.


LaTeX Warning: Reference `ch:bf-highdim-squared-tt-fixed-branch-likelihoods' on
 page 362 undefined on input line 64.


Overfull \hbox (1.98186pt too wide) in paragraph at lines 108--108
[]\OT1/cmr/bx/n/17.28 Finite-Difference Con-tract And Branch-Validity

Overfull \hbox (113.28755pt too wide) has occurred while \output is active
\OT1/cmr/m/n/12 362 \OT1/cmr/m/sl/12 CHAPTER 39.  FIXED-BRANCH APPROXIMATE LIKE
LIHOODS AND SAME-SCALAR GRADIENTS
[362]
Overfull \hbox (6.6955pt too wide) in paragraph at lines 139--141
 []\OT1/cmr/bx/n/12 Copied-core and branch-identity au-dit pro-to-col.[] \OT1/c
mr/m/n/12 The op-er-a-tional di-ag-nos-tic should
[363]
Underfull \hbox (badness 4242) in paragraph at lines 214--215
[]|$[][] \OT1/cmr/m/n/12 = \OML/cmm/m/it/12 J[]\OT1/cmr/m/n/12 ([][]\OML/cmm/m/
it/12 f[]g[] \OT1/cmr/m/n/12 + [][]\OML/cmm/m/it/12 g[] \OT1/cmr/m/n/12 +

LaTeX Warning: Reference `eq:bf-hd-ttkr-fixed-solve-derivative' on page 364 und
efined on input line 236.


Overfull \hbox (113.28755pt too wide) has occurred while \output is active
\OT1/cmr/m/n/12 364 \OT1/cmr/m/sl/12 CHAPTER 39.  FIXED-BRANCH APPROXIMATE LIKE
LIHOODS AND SAME-SCALAR GRADIENTS
[364]

LaTeX Warning: Reference `eq:bf-hd-ttkr-dot-mass-recursion' on page 365 undefin
ed on input line 300.


Overfull \hbox (51.19658pt too wide) has occurred while \output is active
\OT1/cmr/m/sl/12 39.5.  VALUE PATH, DERIVATIVE PATH, AND WHAT IS ACTUALLY DIFFE
RENTIATED \OT1/cmr/m/n/12 365
[365]

LaTeX Warning: Reference `eq:bf-hd-ttkr-retained-query-rule' on page 366 undefi
ned on input line 428.


LaTeX Warning: Reference `eq:bf-hd-ttkr-retained-query-rule' on page 366 undefi
ned on input line 431.


Overfull \hbox (113.28755pt too wide) has occurred while \output is active
\OT1/cmr/m/n/12 366 \OT1/cmr/m/sl/12 CHAPTER 39.  FIXED-BRANCH APPROXIMATE LIKE
LIHOODS AND SAME-SCALAR GRADIENTS
[366]
Overfull \hbox (8.35983pt too wide) in paragraph at lines 473--473
[]\OT1/cmr/bx/n/17.28 Approximate Tar-gets, Exact-Target Cor-rec-tions,

Overfull \hbox (96.58759pt too wide) has occurred while \output is active
\OT1/cmr/m/sl/12 39.6.  APPROXIMATE TARGETS, EXACT-TARGET CORRECTIONS, AND HMC 
ADMISSIBILITY \OT1/cmr/m/n/12 367
[367]) (./chapters/ch38_highdim_validation_defect_calculus_and_promotion.tex
Overfull \hbox (113.28755pt too wide) has occurred while \output is active
\OT1/cmr/m/n/12 368 \OT1/cmr/m/sl/12 CHAPTER 39.  FIXED-BRANCH APPROXIMATE LIKE
LIHOODS AND SAME-SCALAR GRADIENTS
[368]
Chapter 40.
[369]
Overfull \hbox (17.6179pt too wide) in paragraph at lines 50--50
[]\OT1/cmr/bx/n/17.28 Finite-Difference Ver-i-fi-ca-tion As The First Shared

LaTeX Warning: Reference `ch:bf-highdim-nonlinear-foundations' on page 370 unde
fined on input line 103.


Overfull \hbox (14.52165pt too wide) has occurred while \output is active
\OT1/cmr/m/n/12 370 \OT1/cmr/m/sl/12 CHAPTER 40.  VALIDATION, DEFECT CALCULUS, 
AND METHOD PROMOTION
[370]

LaTeX Warning: Reference `ch:bf-highdim-nonlinear-foundations' on page 371 unde
fined on input line 116.


LaTeX Warning: Reference `ch:bf-highdim-gaussian-quadrature' on page 371 undefi
ned on input line 118.


LaTeX Warning: Reference `ch:bf-highdim-fixed-cloud-sgqf-validation' on page 37
1 undefined on input line 119.


LaTeX Warning: Reference `ch:bf-highdim-low-rank-density-kr' on page 371 undefi
ned on input line 121.


LaTeX Warning: Reference `ch:bf-highdim-squared-tt-fixed-branch-likelihoods' on
 page 371 undefined on input line 122.


LaTeX Warning: Reference `ch:bf-highdim-hmc-research' on page 371 undefined on 
input line 124.


Underfull \hbox (badness 10000) in paragraph at lines 135--136
[]|\OT1/cmr/m/n/8 Exported di-ag-nos-

LaTeX Warning: Reference `ch:bf-highdim-nonlinear-foundations' on page 371 unde
fined on input line 139.


Underfull \hbox (badness 2495) in paragraph at lines 139--140
[]|\OT1/cmr/m/n/8 conditional law, nor-

Underfull \hbox (badness 10000) in paragraph at lines 140--141
[]|\OT1/cmr/m/n/8 wrong tar-get, miss-ing

Underfull \hbox (badness 7540) in paragraph at lines 141--141
\OT1/cmr/m/n/8 i-tiv-ity, same-scalar

LaTeX Warning: Reference `ch:bf-highdim-gaussian-quadrature' on page 371 undefi
ned on input line 143.


LaTeX Warning: Reference `ch:bf-highdim-fixed-cloud-sgqf-validation' on page 37
1 undefined on input line 147.


Underfull \hbox (badness 1406) in paragraph at lines 148--149
[]|\OT1/cmr/m/n/8 merge mis-match, signed-

Underfull \hbox (badness 10000) in paragraph at lines 149--150
\OT1/cmr/m/n/8 branch-valid FD,

Underfull \hbox (badness 10000) in paragraph at lines 149--150
\OT1/cmr/m/n/8 minimum-eigenvalue

Underfull \hbox (badness 4505) in paragraph at lines 149--150
\OT1/cmr/m/n/8 veto, cloud re-pro-

Underfull \hbox (badness 10000) in paragraph at lines 150--152
[]|\OT1/cmr/m/n/8 deterministic Gaus-

LaTeX Warning: Reference `ch:bf-highdim-low-rank-density-kr' on page 371 undefi
ned on input line 152.


Underfull \hbox (badness 1019) in paragraph at lines 153--154
[]|\OT1/cmr/m/n/8 support fail-ure, Ja-co-bian

Underfull \hbox (badness 2744) in paragraph at lines 153--154
\OT1/cmr/m/n/8 mis-match, rank/se-man-tic

Underfull \hbox (badness 10000) in paragraph at lines 154--154
[]|\OT1/cmr/m/n/8 support/logdet,

LaTeX Warning: Reference `ch:bf-highdim-squared-tt-fixed-branch-likelihoods' on
 page 371 undefined on input line 156.


Underfull \hbox (badness 10000) in paragraph at lines 156--157
[]|\OT1/cmr/m/n/8 fixed-branch TT/KR

Underfull \hbox (badness 10000) in paragraph at lines 156--157
\OT1/cmr/m/n/8 scalar, stored-field

Underfull \hbox (badness 10000) in paragraph at lines 157--158
[]|\OT1/cmr/m/n/8 wrong saved ob-ject,

Underfull \hbox (badness 4954) in paragraph at lines 157--158
\OT1/cmr/m/n/8 branch-identity loss, in-

Underfull \hbox (badness 10000) in paragraph at lines 158--159
[]|\OT1/cmr/m/n/8 stored-field au-dit,

Underfull \hbox (badness 10000) in paragraph at lines 158--159
\OT1/cmr/m/n/8 retained-marginal

Underfull \hbox (badness 10000) in paragraph at lines 159--160
[]|\OT1/cmr/m/n/8 operational mid-dle

LaTeX Warning: Reference `ch:bf-highdim-hmc-research' on page 371 undefined on 
input line 160.


Underfull \hbox (badness 3364) in paragraph at lines 161--161
\OT1/cmr/m/n/8 ver-gences, in-valid trans-

Underfull \hbox (badness 1194) in paragraph at lines 161--162
[]|\OT1/cmr/m/n/8 scalar par-ity, fi-nite

Underfull \hbox (badness 10000) in paragraph at lines 161--162
\OT1/cmr/m/n/8 sup-port-/-Ja-co-bian,

Underfull \hbox (badness 4819) in paragraph at lines 162--163
[]|\OT1/cmr/m/n/8 downstream sam-pler
[371]

LaTeX Warning: Reference `ch:bf-highdim-fixed-cloud-sgqf-validation' on page 37
2 undefined on input line 182.


LaTeX Warning: Reference `ch:bf-highdim-hmc-research' on page 372 undefined on 
input line 214.


Overfull \hbox (6.10307pt too wide) in paragraph at lines 233--243
 []\OT1/cmr/bx/n/12 Benchmark-specific in-ter-pre-ta-tion.[] \OT1/cmr/m/n/12 Th
e bench-mark ledger should stay ex-plicit about

Overfull \hbox (14.52165pt too wide) has occurred while \output is active
\OT1/cmr/m/n/12 372 \OT1/cmr/m/sl/12 CHAPTER 40.  VALIDATION, DEFECT CALCULUS, 
AND METHOD PROMOTION
[372]
Overfull \hbox (24.47234pt too wide) detected at line 300
[][][]\OML/cmm/m/it/12 V[] \OT1/cmr/m/n/12 = \OT1/cmr/bx/n/12 1\OMS/cmsy/m/n/12
 f\OML/cmm/m/it/12 B\OT1/cmr/m/n/12 (\OML/cmm/m/it/12 ^^L \OT1/cmr/m/n/12 + \OM
L/cmm/m/it/12 h\OT1/cmr/m/n/12 ) \OMS/cmsy/m/n/12 6\OT1/cmr/m/n/12 = \OML/cmm/m
/it/12 B\OT1/cmr/m/n/12 (\OML/cmm/m/it/12 ^^L\OT1/cmr/m/n/12 ) [] \OML/cmm/m/it
/12 B\OT1/cmr/m/n/12 (\OML/cmm/m/it/12 ^^L \OMS/cmsy/m/n/12 ^^@ \OML/cmm/m/it/1
2 h\OT1/cmr/m/n/12 ) \OMS/cmsy/m/n/12 6\OT1/cmr/m/n/12 = \OML/cmm/m/it/12 B\OT1
/cmr/m/n/12 (\OML/cmm/m/it/12 ^^L\OT1/cmr/m/n/12 ) []\OMS/cmsy/m/n/12 g\OML/cmm
/m/it/12 :
[373]

LaTeX Warning: Reference `ch:bf-highdim-particle-transport-tensor' on page 374 
undefined on input line 326.


Package natbib Warning: Citation `bengtsson2008curse' on page 374 undefined on 
input line 348.


Package natbib Warning: Citation `snyder2008obstacles' on page 374 undefined on
 input line 348.


LaTeX Warning: Reference `eq:bf-hd-synth-ess' on page 374 undefined on input li
ne 367.


Overfull \hbox (14.52165pt too wide) has occurred while \output is active
\OT1/cmr/m/n/12 374 \OT1/cmr/m/sl/12 CHAPTER 40.  VALIDATION, DEFECT CALCULUS, 
AND METHOD PROMOTION
[374]
Overfull \hbox (26.75392pt too wide) in paragraph at lines 375--375
[]\OT1/cmr/bx/n/17.28 Defect 2: Fixed-Box Row De-signs Col-lapse Against

LaTeX Warning: Reference `ch:bf-highdim-squared-tt-fixed-branch-likelihoods' on
 page 375 undefined on input line 379.

[375]

Package natbib Warning: Citation `zhao2024ttsequential' on page 376 undefined o
n input line 447.


LaTeX Warning: Reference `eq:bf-hd-rowcov-ess' on page 376 undefined on input l
ine 466.


LaTeX Warning: Reference `eq:bf-hd-rowcov-ess' on page 376 undefined on input l
ine 475.


LaTeX Warning: Reference `eq:bf-hd-rowcov-precond' on page 376 undefined on inp
ut line 481.


LaTeX Warning: Reference `sec:bf-hd-defect-containment' on page 376 undefined o
n input line 491.


LaTeX Warning: Reference `sec:bf-hd-refdom' on page 376 undefined on input line
 492.


LaTeX Warning: Reference `sec:bf-hd-defect-row-coverage' on page 376 undefined 
on input line 499.


Overfull \hbox (14.52165pt too wide) has occurred while \output is active
\OT1/cmr/m/n/12 376 \OT1/cmr/m/sl/12 CHAPTER 40.  VALIDATION, DEFECT CALCULUS, 
AND METHOD PROMOTION
[376]

LaTeX Warning: Reference `eq:bf-hd-boxmass' on page 377 undefined on input line
 565.


LaTeX Warning: Reference `prop:bf-hd-gaussian-box-mass' on page 377 undefined o
n input line 570.

[377]

LaTeX Warning: Reference `eq:bf-hd-boxmass' on page 378 undefined on input line
 599.


Overfull \hbox (39.52371pt too wide) in paragraph at lines 594--601
\OT1/cmr/m/n/12 ues eval-u-ate [] di-rectly (di-ag-nos-tic script \OT1/cmtt/m/n
/12 check[]reference[]domain[]selection[]20260823.py\OT1/cmr/m/n/12 ).

LaTeX Warning: Reference `lem:bf-hd-containment-nesting' on page 378 undefined 
on input line 646.


LaTeX Warning: Reference `prop:bf-hd-truncation-growth' on page 378 undefined o
n input line 649.


LaTeX Warning: Reference `prop:bf-hd-conditioning-tv' on page 378 undefined on 
input line 650.


Overfull \hbox (14.52165pt too wide) has occurred while \output is active
\OT1/cmr/m/n/12 378 \OT1/cmr/m/sl/12 CHAPTER 40.  VALIDATION, DEFECT CALCULUS, 
AND METHOD PROMOTION
[378]

LaTeX Warning: Reference `prop:bf-hd-truncation-growth' on page 379 undefined o
n input line 677.


LaTeX Warning: Reference `lem:bf-hd-containment-nesting' on page 379 undefined 
on input line 708.


Package natbib Warning: Citation `zhao2024ttsequential' on page 379 undefined o
n input line 715.

[379]

Package natbib Warning: Citation `zhao2024ttsequential' on page 380 undefined o
n input line 752.


Overfull \hbox (14.52165pt too wide) has occurred while \output is active
\OT1/cmr/m/n/12 380 \OT1/cmr/m/sl/12 CHAPTER 40.  VALIDATION, DEFECT CALCULUS, 
AND METHOD PROMOTION
[380]

LaTeX Warning: Reference `eq:bf-hd-c3-target' on page 381 undefined on input li
ne 816.


LaTeX Warning: Reference `prop:bf-hd-hermite-mass-identity' on page 381 undefin
ed on input line 826.


LaTeX Warning: Reference `prop:bf-hd-c3-algebra' on page 381 undefined on input
 line 828.


Package natbib Warning: Citation `zhao2024ttsequential' on page 381 undefined o
n input line 834.


LaTeX Warning: Reference `prop:bf-hd-gaussian-box-mass' on page 381 undefined o
n input line 846.


LaTeX Warning: Reference `prop:bf-hd-truncation-growth' on page 381 undefined o
n input line 847.


LaTeX Warning: Reference `prop:bf-hd-conditioning-tv' on page 381 undefined on 
input line 848.


LaTeX Warning: Reference `prop:bf-hd-defensive-mixture-bias' on page 381 undefi
ned on input line 855.


LaTeX Warning: Reference `sec:bf-hd-defect-containment' on page 381 undefined o
n input line 860.


LaTeX Warning: Reference `lem:bf-hd-containment-nesting' on page 381 undefined 
on input line 863.


Package natbib Warning: Citation `zhao2024ttsequential' on page 381 undefined o
n input line 873.

[381]

Package natbib Warning: Citation `zhao2024ttsequential' on page 382 undefined o
n input line 893.


Package natbib Warning: Citation `zhao2024ttsequential' on page 382 undefined o
n input line 916.


LaTeX Warning: Reference `prop:bf-hd-domination-failure' on page 382 undefined 
on input line 945.


Package natbib Warning: Citation `zhao2024ttsequential' on page 382 undefined o
n input line 947.


Overfull \hbox (14.52165pt too wide) has occurred while \output is active
\OT1/cmr/m/n/12 382 \OT1/cmr/m/sl/12 CHAPTER 40.  VALIDATION, DEFECT CALCULUS, 
AND METHOD PROMOTION
[382]

LaTeX Warning: Reference `prop:bf-hd-c2-degree-collapse' on page 383 undefined 
on input line 984.


Package natbib Warning: Citation `cui2022deep' on page 383 undefined on input l
ine 990.


Package natbib Warning: Citation `cui2023selfreinforced' on page 383 undefined 
on input line 990.


LaTeX Warning: Reference `prop:bf-hd-c2-degree-collapse' on page 383 undefined 
on input line 1053.


Package natbib Warning: Citation `zhao2024ttsequential' on page 383 undefined o
n input line 1054.

[383]
Overfull \hbox (22.75829pt too wide) in paragraph at lines 1068--1081
 [] 

LaTeX Warning: Reference `lem:bf-hd-containment-nesting' on page 384 undefined 
on input line 1084.


LaTeX Warning: Reference `prop:bf-hd-gaussian-box-mass' on page 384 undefined o
n input line 1086.


LaTeX Warning: Reference `prop:bf-hd-conditioning-tv' on page 384 undefined on 
input line 1087.


LaTeX Warning: Reference `prop:bf-hd-domination-failure' on page 384 undefined 
on input line 1089.


LaTeX Warning: Reference `prop:bf-hd-c3-algebra' on page 384 undefined on input
 line 1095.


Package natbib Warning: Citation `zhao2024ttsequential' on page 384 undefined o
n input line 1101.


LaTeX Warning: Reference `prop:bf-hd-defensive-mixture-bias' on page 384 undefi
ned on input line 1102.


LaTeX Warning: Reference `prop:bf-hd-domination-failure' on page 384 undefined 
on input line 1106.


LaTeX Warning: Reference `prop:bf-hd-c2-degree-collapse' on page 384 undefined 
on input line 1109.


Package natbib Warning: Citation `cui2022deep' on page 384 undefined on input l
ine 1125.


Package natbib Warning: Citation `cui2023selfreinforced' on page 384 undefined 
on input line 1125.


Overfull \hbox (14.52165pt too wide) has occurred while \output is active
\OT1/cmr/m/n/12 384 \OT1/cmr/m/sl/12 CHAPTER 40.  VALIDATION, DEFECT CALCULUS, 
AND METHOD PROMOTION
[384] [385])
Overfull \hbox (14.52165pt too wide) has occurred while \output is active
\OT1/cmr/m/n/12 386 \OT1/cmr/m/sl/12 CHAPTER 40.  VALIDATION, DEFECT CALCULUS, 
AND METHOD PROMOTION
[386] [387] (./chapters/ch21_hmc_for_state_space.tex
Chapter 41.

Package natbib Warning: Citation `neal2011mcmc' on page 388 undefined on input 
line 6.


Package natbib Warning: Citation `betancourt2017conceptual' on page 388 undefin
ed on input line 6.


LaTeX Warning: Reference `def:bf-filtering-target' on page 388 undefined on inp
ut line 14.


Package natbib Warning: Citation `hoffman2014nuts' on page 388 undefined on inp
ut line 30.

[388] [389]

LaTeX Warning: Reference `ch:bf-hmc-tuning-interfaces' on page 390 undefined on
 input line 127.

) (./chapters/ch21b_hmc_tuning_interfaces.tex [390]
Chapter 42.

Overfull \hbox (6.56288pt too wide) in paragraph at lines 27--33
[]\OT1/cmr/m/n/12 The ca-pa-bil-ity reg-istry $\OT1/cmtt/m/n/12 HMC _ TUNING _ 
INTERFACE _ CAPABILITIES$ \OT1/cmr/m/n/12 iden-ti-fies the sup-ported
(/usr/share/texlive/texmf-dist/tex/latex/listings/lstlang1.sty)
(./examples/hmc_tuning_route_selection.py [391])
Underfull \vbox (badness 1292) has occurred while \output is active [392]
Overfull \hbox (25.45012pt too wide) in paragraph at lines 96--106
[]\OT1/cmr/m/n/12 An op-tional fi-nite startup probe is avail-able through $\OT
1/cmtt/m/n/12 HMCKernelTuningConfig(bootstrap _
[393] [394]
Overfull \hbox (5.36368pt too wide) in paragraph at lines 183--194
[]\OT1/cmr/m/n/12 The op-tional $\OT1/cmtt/m/n/12 metric _ probe _ num _ result
s$ \OT1/cmr/m/n/12 ex-tends each of the four in-de-pen-dent metric-
(./examples/hmc_tuning_covariance_first.py [395]
Underfull \vbox (badness 10000) has occurred while \output is active [396])
Overfull \hbox (28.25664pt too wide) in paragraph at lines 214--222
\OT1/cmr/m/n/12 ac-tual post-warmup start bank. The nu-mer-i-cal fac-tory $\OT1
/cmtt/m/n/12 bind _ hmc _ candidate _ set _ execution _
[397] [398]
Overfull \hbox (2.5301pt too wide) has occurred while \output is active
\OT1/cmr/m/sl/12 42.4.  ACCEPTANCE, NUMERICAL HEALTH, AND POSTERIOR DIAGNOSTICS
 \OT1/cmr/m/n/12 399
[399] [400] (./examples/hmc_tuning_fixed_transport.py [401])
Overfull \hbox (28.70445pt too wide) in paragraph at lines 462--469
$\OT1/cmtt/m/n/12 bind _ neural _ force _ hmc _ tuning _ runner$ \OT1/cmr/m/n/1
2 binds a de-clared position-only field to its coordinate-

Overfull \hbox (118.78334pt too wide) in paragraph at lines 462--469
\OT1/cmr/m/n/12 consistent end-point po-ten-tial. The pub-lic fa-cade ac-cepts 
that bind-ing with $\OT1/cmtt/m/n/12 TensorFlowHMCKernelTuningConfig$\OT1/cmr/m
/n/12 .
(./examples/hmc_tuning_neural_force_binding.py [402]
Underfull \vbox (badness 10000) has occurred while \output is active [403]
Underfull \vbox (badness 10000) has occurred while \output is active [404])
Overfull \hbox (11.97737pt too wide) in paragraph at lines 515--521
$\OT1/cmtt/m/n/12 verified _ candidate _ ids$ \OT1/cmr/m/n/12 re-tains ev-ery v
er-i-fied mem-ber with no im-plicit nom-i-nee. $\OT1/cmtt/m/n/12 viable _

Overfull \hbox (14.50671pt too wide) in paragraph at lines 543--550
[]\OT1/cmr/m/n/12 Before frozen ex-e-cu-tion ex-ists, $\OT1/cmtt/m/n/12 prepara
tion _ progress . json$ \OT1/cmr/m/n/12 records prepa-ra-tion phases,

Overfull \hbox (0.27277pt too wide) in paragraph at lines 551--564
[]\OT1/cmr/m/n/12 Call bud-gets count at-tempted work. Can-di-date reser-va-tio
ns pro-tect manda-tory stages;

LaTeX Warning: Reference `ch:bf-diagnostics' on page 405 undefined on input lin
e 583.

[405]
Overfull \hbox (18.6808pt too wide) in paragraph at lines 620--628
\OT1/cmr/m/n/12 pact mem-ber files. Copy the bun-dle when mov-ing the mem-bers,
 or use $\OT1/cmtt/m/n/12 runner . export(path ,[]
[406] (./examples/hmc_tuning_ordinary.py)
(./examples/hmc_candidate_set_retained.py [407]
Underfull \vbox (badness 10000) has occurred while \output is active [408]
Underfull \vbox (badness 10000) has occurred while \output is active [409]
Underfull \vbox (badness 10000) has occurred while \output is active [410])

Package natbib Warning: Citation `gandy2021mcmctesting' on page 411 undefined o
n input line 640.


Package natbib Warning: Citation `gandy2021mcmctesting' on page 411 undefined o
n input line 651.

[411]

Package natbib Warning: Citation `talts2020sbc' on page 412 undefined on input 
line 697.


Package natbib Warning: Citation `modrak2023sbcquantities' on page 412 undefine
d on input line 698.

[412]
Overfull \hbox (10.63037pt too wide) in paragraph at lines 753--794
\OT1/cmr/m/n/12 mented in $\OT1/cmtt/m/n/12 docs / plans / bayesfilter-[]infere
nce-[]validation-[]24h-[]result-[]2026-[]09-[]16 .

Underfull \vbox (badness 4291) has occurred while \output is active [413]
[414] [415] (./generated/inference_validation_coverage.tex [416] [417] [418]
[419]) (./generated/hmc_tuning_route_table.tex [420] [421] [422] [423] [424]
[425] [426])) (./chapters/ch22_mass_matrices.tex [427]
Chapter 43.
[428]
Overfull \hbox (157.55728pt too wide) in paragraph at lines 52--54
[]\OT1/cmr/m/n/12 Historical stage sched-ules use this sum-mary to al-lo-cate l
o-cal work through \OT1/cmtt/m/n/12 HMCGeometryScaledBudgetTimingPolicy\OT1/cmr
/m/n/12 .

LaTeX Warning: Reference `ch:bf-diagnostics' on page 429 undefined on input lin
e 76.

[429] [430]) (./chapters/ch23_boundary_gradients.tex [431] [432]
Chapter 44.
[433]) (./chapters/ch23b_obc_discontinuous_gradient_hmc.tex [434]
Chapter 45.
[435]

LaTeX Warning: Reference `eq:softplus-smooth' on page 436 undefined on input li
ne 37.

[436]

LaTeX Warning: Reference `eq:softplus-smooth' on page 437 undefined on input li
ne 63.

[437]

LaTeX Warning: Reference `eq:softplus-smooth' on page 438 undefined on input li
ne 106.

[438] [439] [440]

Package hyperref Warning: Token not allowed in a PDF string (Unicode):
(hyperref)                removing `math shift' on input line 252.


Package hyperref Warning: Token not allowed in a PDF string (Unicode):
(hyperref)                removing `\succeq' on input line 252.


Package hyperref Warning: Token not allowed in a PDF string (Unicode):
(hyperref)                removing `math shift' on input line 252.

[441] [442]
Overfull \hbox (16.64816pt too wide) in paragraph at lines 308--309
[]\OT1/cmr/m/n/12 The ex-e-cuted tar-get was filter-free joint HMC over la-tent
 states, not UKF-marginalized. 
[443] [444] [445] [446]

Package natbib Warning: Citation `Pakman2014' on page 447 undefined on input li
ne 457.


Package natbib Warning: Citation `Afshar2015' on page 447 undefined on input li
ne 462.

[447]

Package natbib Warning: Citation `Gorinova2020' on page 448 undefined on input 
line 494.

[448]

LaTeX Warning: Reference `ch:bf-boundary-gradients' on page 449 undefined on in
put line 508.


LaTeX Warning: Reference `ch:bf-hmc-for-state-space' on page 449 undefined on i
nput line 509.


Package natbib Warning: Citation `Pakman2014' on page 449 undefined on input li
ne 510.


Package natbib Warning: Citation `Afshar2015' on page 449 undefined on input li
ne 511.


LaTeX Warning: Reference `ch:bf-obc-discontinuous-gradient' on page 449 undefin
ed on input line 520.


Overfull \hbox (2.07877pt too wide) in paragraph at lines 520--521
\OT1/cmr/m/n/12 smoothed oc-ca-sion-ally bind-ing con-straints cre-ate gra-di-e
nt dis-con-ti-nu-ities when
[449] [450]) (./chapters/ch24_xla_jit.tex [451]
Chapter 46.

Overfull \hbox (2.31145pt too wide) in paragraph at lines 4--8
\OT1/cmr/m/n/12 sam-pler is not fully com-piled merely be-cause an outer func-t
ion is wrapped in \OT1/cmtt/m/n/12 tf.function\OT1/cmr/m/n/12 .
[452]) (./chapters/ch25_diagnostics.tex [453]
Chapter 47.
[454]

Package natbib Warning: Citation `vats2021lugsail' on page 455 undefined on inp
ut line 110.

[455]

LaTeX Warning: Reference `eq:bf-lugsail-mcse' on page 456 undefined on input li
ne 137.


Package natbib Warning: Citation `vehtari2021rank' on page 456 undefined on inp
ut line 164.

[456]

Package natbib Warning: Citation `flegalgongfixedwidth' on page 457 undefined o
n input line 189.

(./examples/hmc_posterior_precision.py [457]
Underfull \vbox (badness 10000) has occurred while \output is active [458])
Underfull \vbox (badness 10000) has occurred while \output is active [459])
(./chapters/ch26_transport_surrogates.tex [460]
Chapter 48.

LaTeX Warning: Reference `eq:bf-transported-potential' on page 461 undefined on
 input line 32.

[461]) (./chapters/ch26b_neutra_transport_hmc.tex [462] [463]
Chapter 49.

Package natbib Warning: Citation `hoffman2019neutra' on page 464 undefined on i
nput line 7.

[464] [465]

LaTeX Warning: Reference `eq:bf-neutra-score' on page 466 undefined on input li
ne 155.

[466] [467] [468]

LaTeX Warning: Reference `eq:bf-neutra-reverse-kl' on page 469 undefined on inp
ut line 325.


LaTeX Warning: Reference `eq:bf-neutra-transported-target' on page 469 undefine
d on input line 329.


LaTeX Warning: Reference `sec:bf-fixed-transport-candidate-selection' on page 4
69 undefined on input line 350.

[469] [470]

LaTeX Warning: Reference `ch:bf-diagnostics' on page 471 undefined on input lin
e 444.


LaTeX Warning: Reference `eq:bf-neutra-source-target' on page 471 undefined on 
input line 475.

[471]

LaTeX Warning: Reference `eq:bf-neutra-structural-model' on page 472 undefined 
on input line 492.


LaTeX Warning: Reference `eq:bf-neutra-filter-predict' on page 472 undefined on
 input line 523.


LaTeX Warning: Reference `eq:bf-neutra-filter-update' on page 472 undefined on 
input line 523.


LaTeX Warning: Reference `eq:bf-neutra-filter-likelihood' on page 472 undefined
 on input line 525.

[472]

LaTeX Warning: Reference `eq:bf-neutra-filter-predict' on page 473 undefined on
 input line 563.


LaTeX Warning: Reference `eq:bf-neutra-filter-likelihood' on page 473 undefined
 on input line 563.


LaTeX Warning: Reference `eq:bf-neutra-truth-tail' on page 473 undefined on inp
ut line 584.

[473] [474]

LaTeX Warning: Reference `tab:bf-neutra-common-summary' on page 475 undefined o
n input line 699.

[475] [476] [477] [478]) (./chapters/ch26c_hnn_surrogate_hmc.tex [479] [480]
Chapter 50.

Package natbib Warning: Citation `dhulipala2022latent' on page 481 undefined on
 input line 25.


LaTeX Warning: Reference `eq:bf-hnn-filter-potential' on page 481 undefined on 
input line 42.

[481]

LaTeX Warning: Reference `eq:bf-hnn-cost-ordinary' on page 482 undefined on inp
ut line 61.


LaTeX Warning: Reference `eq:bf-hnn-cost-neural' on page 482 undefined on input
 line 61.


LaTeX Warning: Reference `eq:bf-hnn-cost-neural' on page 482 undefined on input
 line 83.


LaTeX Warning: Reference `eq:bf-hnn-cost-ordinary' on page 482 undefined on inp
ut line 84.


LaTeX Warning: Reference `prop:bf-hnn-cost-condition' on page 482 undefined on 
input line 90.

[482]

LaTeX Warning: Reference `eq:bf-hnn-true-energy-acceptance' on page 483 undefin
ed on input line 145.


LaTeX Warning: Reference `eq:bf-hnn-joint-target' on page 483 undefined on inpu
t line 159.


LaTeX Warning: Reference `eq:bf-hnn-kick' on page 483 undefined on input line 2
03.


LaTeX Warning: Reference `eq:bf-hnn-drift' on page 483 undefined on input line 
203.

[483]

LaTeX Warning: Reference `eq:bf-hnn-true-energy-acceptance' on page 484 undefin
ed on input line 252.


LaTeX Warning: Reference `eq:bf-hnn-joint-target' on page 484 undefined on inpu
t line 253.


LaTeX Warning: Reference `lem:bf-hnn-shear-volume' on page 484 undefined on inp
ut line 259.


LaTeX Warning: Reference `lem:bf-hnn-kdk-reversible' on page 484 undefined on i
nput line 265.


LaTeX Warning: Reference `prop:bf-hnn-deterministic-mh' on page 484 undefined o
n input line 271.


LaTeX Warning: Reference `eq:bf-hnn-joint-target' on page 484 undefined on inpu
t line 273.


LaTeX Warning: Reference `prop:bf-hnn-safe-exactness' on page 484 undefined on 
input line 287.


Package natbib Warning: Citation `dhulipala2022latent' on page 484 undefined on
 input line 305.


LaTeX Warning: Reference `prop:bf-hnn-deterministic-mh' on page 484 undefined o
n input line 311.

[484]

LaTeX Warning: Reference `prop:bf-hnn-even-momentum' on page 485 undefined on i
nput line 378.

[485]

LaTeX Warning: Reference `eq:bf-hnn-true-energy-acceptance' on page 486 undefin
ed on input line 410.


LaTeX Warning: Reference `eq:bf-hnn-jacobian-acceptance' on page 486 undefined 
on input line 424.


LaTeX Warning: Reference `eq:bf-hnn-jacobian-acceptance' on page 486 undefined 
on input line 431.


LaTeX Warning: Reference `sec:bf-hnn-safe-construction' on page 486 undefined o
n input line 443.


LaTeX Warning: Reference `eq:bf-hnn-true-energy-acceptance' on page 486 undefin
ed on input line 444.

[486]

LaTeX Warning: Reference `eq:bf-hnn-stage2-da' on page 487 undefined on input l
ine 468.


LaTeX Warning: Reference `eq:bf-hnn-stage1-balance' on page 487 undefined on in
put line 484.


LaTeX Warning: Reference `eq:bf-hnn-stage2-da' on page 487 undefined on input l
ine 498.


LaTeX Warning: Reference `eq:bf-hnn-stage2-da' on page 487 undefined on input l
ine 505.


LaTeX Warning: Reference `eq:bf-hnn-stage1-balance' on page 487 undefined on in
put line 511.


LaTeX Warning: Reference `eq:bf-hnn-stage1-balance' on page 487 undefined on in
put line 528.


LaTeX Warning: Reference `prop:bf-hnn-da-balance' on page 487 undefined on inpu
t line 530.


LaTeX Warning: Reference `prop:bf-hnn-safe-exactness' on page 487 undefined on 
input line 533.

[487]

LaTeX Warning: Reference `prop:bf-hnn-safe-exactness' on page 488 undefined on 
input line 572.


LaTeX Warning: Reference `eq:bf-hnn-exact-posterior' on page 488 undefined on i
nput line 575.


LaTeX Warning: Reference `prop:bf-hnn-safe-exactness' on page 488 undefined on 
input line 580.


LaTeX Warning: Reference `prop:bf-hnn-safe-exactness' on page 488 undefined on 
input line 609.

[488]

LaTeX Warning: Reference `eq:bf-hnn-fixed-randomness-target' on page 489 undefi
ned on input line 619.


LaTeX Warning: Reference `eq:bf-hnn-pseudo-marginal-target' on page 489 undefin
ed on input line 660.


LaTeX Warning: Reference `eq:bf-hnn-exact-posterior' on page 489 undefined on i
nput line 661.


LaTeX Warning: Reference `eq:bf-hnn-pseudo-marginal-target' on page 489 undefin
ed on input line 665.


LaTeX Warning: Reference `prop:bf-hnn-safe-exactness' on page 489 undefined on 
input line 686.


LaTeX Warning: Reference `eq:bf-hnn-true-energy-acceptance' on page 489 undefin
ed on input line 691.

[489]
Underfull \hbox (badness 10000) in paragraph at lines 715--716
[]|\OT1/cmr/m/n/10.95 Unsupported

Underfull \hbox (badness 10000) in paragraph at lines 719--720
[]|\OT1/cmr/m/n/10.95 Unsupported

Underfull \hbox (badness 10000) in paragraph at lines 722--723
[]|\OT1/cmr/m/n/10.95 None be-yond

Underfull \hbox (badness 10000) in paragraph at lines 722--723
\OT1/cmr/m/n/10.95 finite-run con-ver-

Underfull \hbox (badness 10000) in paragraph at lines 724--724
[]|\OT1/cmr/m/n/10.95 Exact for the fixed-

Underfull \hbox (badness 10000) in paragraph at lines 724--725
[]|\OT1/cmr/m/n/10.95 Pseudo-marginal

Underfull \hbox (badness 10000) in paragraph at lines 725--725
[]|\OT1/cmr/m/n/10.95 Relaxed or

Underfull \hbox (badness 10000) in paragraph at lines 725--725
\OT1/cmr/m/n/10.95 learned fil-ter

Underfull \hbox (badness 10000) in paragraph at lines 725--725
[]|\OT1/cmr/m/n/10.95 Exact for the re-

Underfull \hbox (badness 10000) in paragraph at lines 725--726
[]|\OT1/cmr/m/n/10.95 Original-filter

Underfull \hbox (badness 10000) in paragraph at lines 725--726
\OT1/cmr/m/n/10.95 or latent-model

Underfull \hbox (badness 1389) in paragraph at lines 726--727
[]|\OT1/cmr/m/n/10.95 Naive HMC with

Underfull \hbox (badness 10000) in paragraph at lines 726--727
\OT1/cmr/m/n/10.95 fresh es-ti-ma-tor

Underfull \hbox (badness 5985) in paragraph at lines 727--727
[]|\OT1/cmr/m/n/10.95 Fresh noisy log

Underfull \hbox (badness 10000) in paragraph at lines 727--728
[]|\OT1/cmr/m/n/10.95 Deterministic or

Underfull \hbox (badness 10000) in paragraph at lines 727--728
\OT1/cmr/m/n/10.95 pseudo-marginal
[490] [491] [492]

LaTeX Warning: Reference `eq:bf-hnn-residual-potential' on page 493 undefined o
n input line 914.

[493]

LaTeX Warning: Reference `alg:bf-hnn-safe-hmc' on page 494 undefined on input l
ine 948.


LaTeX Warning: Reference `alg:bf-hnn-safe-hmc' on page 494 undefined on input l
ine 983.


LaTeX Warning: Reference `tab:bf-hnn-corrected-results' on page 494 undefined o
n input line 992.

[494]

LaTeX Warning: Reference `sec:bf-hnn-evaluation' on page 495 undefined on input
 line 1031.

[495]) [496] [497] (./chapters/ch27_lgssm_validation.tex
Chapter 51.
[498]) (./chapters/ch28_nonlinear_ssm_validation.tex [499]
Chapter 52.
[500]

Package natbib Warning: Citation `kitagawa1996montecarlo' on page 501 undefined
 on input line 69.


Package natbib Warning: Citation `gordon1993novel' on page 501 undefined on inp
ut line 104.


Package natbib Warning: Citation `arulampalam2002tutorial' on page 501 undefine
d on input line 104.

[501] [502]

LaTeX Warning: Reference `ch:bf-svd-sigma-point' on page 503 undefined on input
 line 247.

) (./chapters/ch28a_neural_network_state_space_model_applications.tex [503]
Chapter 53.
[504]

LaTeX Warning: Reference `eq:bf-ssl-lstm-gates' on page 505 undefined on input 
line 84.


LaTeX Warning: Reference `eq:bf-ssl-lstm-state-observation' on page 505 undefin
ed on input line 84.


Package natbib Warning: Citation `hochreiter1997lstm' on page 505 undefined on 
input line 85.


LaTeX Warning: Reference `eq:bf-ssl-lstm-gates' on page 505 undefined on input 
line 116.


LaTeX Warning: Reference `eq:bf-ssl-lstm-state-observation' on page 505 undefin
ed on input line 116.


LaTeX Warning: Reference `eq:bf-ssl-lstm-state' on page 505 undefined on input 
line 118.

[505] [506] [507]

LaTeX Warning: Reference `eq:bf-ssl-lstm-rao-blackwell-influence' on page 508 u
ndefined on input line 278.


Package natbib Warning: Citation `gretton2012kernel' on page 508 undefined on i
nput line 321.


Package natbib Warning: Citation `sriperumbudur2010hilbert' on page 508 undefin
ed on input line 321.

[508]

LaTeX Warning: Reference `eq:bf-ssl-lstm-rao-blackwell-estimator' on page 509 u
ndefined on input line 347.


LaTeX Warning: Reference `eq:bf-ssl-lstm-rao-blackwell-influence' on page 509 u
ndefined on input line 348.


Package natbib Warning: Citation `hansen1982gmm' on page 509 undefined on input
 line 369.


Overfull \hbox (12.04987pt too wide) in paragraph at lines 378--378
[]\OT1/cmr/bx/n/17.28 Dependence-Aware Es-ti-ma-tion of Pre-dic-tive Fea-
[509]

Package natbib Warning: Citation `neweywest1987' on page 510 undefined on input
 line 458.


Package natbib Warning: Citation `flegal2010batchmeans' on page 510 undefined o
n input line 458.


LaTeX Warning: Reference `eq:bf-ssl-lstm-growing-hac' on page 510 undefined on 
input line 476.

[510]

Package natbib Warning: Citation `gneiting2007proper' on page 511 undefined on 
input line 524.

[511] [512]

LaTeX Warning: Reference `eq:bf-ssl-lstm-loss-region-decision' on page 513 unde
fined on input line 704.

[513]

Package natbib Warning: Citation `hoffman2019neutra' on page 514 undefined on i
nput line 714.


LaTeX Warning: Reference `eq:bf-ssl-lstm-joint-predictive-law' on page 514 unde
fined on input line 735.

[514]

LaTeX Warning: Reference `eq:bf-ssl-lstm-exact-neutra-target' on page 515 undef
ined on input line 789.


Overfull \hbox (2.6649pt too wide) in paragraph at lines 787--797
\OT1/cmr/m/n/12 lytic score, finite-difference, round-trip, se-ri-al-iza-tion, 
scalar/-batch, and trusted GPU/XLA

LaTeX Warning: Reference `eq:bf-ssl-lstm-fixed-batch-limit' on page 515 undefin
ed on input line 804.


LaTeX Warning: Reference `eq:bf-ssl-lstm-loss-region-decision' on page 515 unde
fined on input line 805.

[515]

LaTeX Warning: Reference `eq:bf-ssl-lstm-average-wald-region' on page 516 undef
ined on input line 850.


LaTeX Warning: Reference `eq:bf-ssl-lstm-horizon-wald-region' on page 516 undef
ined on input line 851.


LaTeX Warning: Reference `eq:bf-ssl-lstm-rao-blackwell-influence' on page 516 u
ndefined on input line 861.

[516]
Underfull \hbox (badness 2376) in paragraph at lines 913--914
[]|\OT1/cmr/m/n/12 Does the im-ple-men-ta-tion

Underfull \hbox (badness 10000) in paragraph at lines 913--914
\OT1/cmr/m/n/12 eval-u-ate the in-tended

Underfull \hbox (badness 10000) in paragraph at lines 914--917
[]|\OT1/cmr/m/n/12 Equation-to-code checks,

Underfull \hbox (badness 10000) in paragraph at lines 914--917
\OT1/cmr/m/n/12 de-ter-min-is-tic re-cur-sions,

Underfull \hbox (badness 3701) in paragraph at lines 914--917
\OT1/cmr/m/n/12 linear-Gaussian fore-cast or-

Underfull \hbox (badness 10000) in paragraph at lines 914--917
\OT1/cmr/m/n/12 a-cles, scalar/-batch par-ity,

Underfull \hbox (badness 10000) in paragraph at lines 917--921
[]|\OT1/cmr/m/n/12 Native di-ver-gence teleme-

Underfull \hbox (badness 3158) in paragraph at lines 917--921
\OT1/cmr/m/n/12 try, fi-nite log prob-a-bil-i-ties

Underfull \hbox (badness 7379) in paragraph at lines 917--921
\OT1/cmr/m/n/12 and gra-di-ents, ac-cep-tance,

Underfull \hbox (badness 6526) in paragraph at lines 917--921
\OT1/cmr/m/n/12 move-ment, chain-aware R-

Underfull \hbox (badness 10000) in paragraph at lines 921--921
[]|\OT1/cmr/m/n/12 Predictive-

Underfull \hbox (badness 10000) in paragraph at lines 921--921
\OT1/cmr/m/n/12 functional equiv-a-

Underfull \hbox (badness 10000) in paragraph at lines 922--925
[]|\OT1/cmr/m/n/12 Simultaneous mean/log-

Underfull \hbox (badness 4168) in paragraph at lines 922--925
\OT1/cmr/m/n/12 variance equiv-a-lence, joint-

Underfull \hbox (badness 10000) in paragraph at lines 922--925
\OT1/cmr/m/n/12 path characteristic-function

Package natbib Warning: Citation `gneiting2007proper' on page 517 undefined on 
input line 941.

[517]

LaTeX Warning: Reference `fig:bf-ssl-lstm-launch-traces-z' on page 518 undefine
d on input line 989.


LaTeX Warning: Reference `fig:bf-ssl-lstm-launch-traces-theta' on page 518 unde
fined on input line 990.

[518]

LaTeX Warning: Reference `fig:bf-ssl-lstm-predictive-fans' on page 519 undefine
d on input line 1022.


LaTeX Warning: Reference `tab:bf-ssl-lstm-direct-forecast-summary' on page 519 
undefined on input line 1025.


LaTeX Warning: Reference `fig:bf-ssl-lstm-controlled-calibration' on page 519 u
ndefined on input line 1090.


LaTeX Warning: Reference `eq:bf-ssl-lstm-gates' on page 519 undefined on input 
line 1115.


LaTeX Warning: Reference `eq:bf-ssl-lstm-initial-law' on page 519 undefined on 
input line 1116.


LaTeX Warning: Reference `tab:bf-ssl-lstm-complexity-ladder' on page 519 undefi
ned on input line 1128.

[519] [520 <./plans/artifacts/ssl-lstm-neutra-2026-07-14/phase-8-predictive-des
ign/direct-visual-validation/ssl-lstm-launch-traces-z.png (PNG copy)> <./plans/
artifacts/ssl-lstm-neutra-2026-07-14/phase-8-predictive-design/direct-visual-va
lidation/ssl-lstm-launch-traces-theta.png (PNG copy)>] [521 <./plans/artifacts/
ssl-lstm-neutra-2026-07-14/phase-8-predictive-design/direct-visual-validation/s
sl-lstm-predictive-fans.png (PNG copy)>] [522 <./plans/artifacts/ssl-lstm-neutr
a-2026-07-14/phase-8-predictive-design/direct-visual-validation/ssl-lstm-moment
-differences.png (PNG copy)> <./plans/artifacts/ssl-lstm-neutra-2026-07-14/phas
e-8-predictive-design/direct-visual-validation/ssl-lstm-controlled-calibration.
png (PNG copy)>]

LaTeX Warning: Reference `eq:bf-ssl-lstm-dense-local-chain-rule' on page 523 un
defined on input line 1202.


LaTeX Warning: Reference `eq:bf-ssl-lstm-transition-jvp-definition' on page 523
 undefined on input line 1203.


LaTeX Warning: Reference `eq:bf-ssl-lstm-state' on page 523 undefined on input 
line 1216.

[523]

LaTeX Warning: Reference `eq:bf-ssl-lstm-dense-local-chain-rule' on page 524 un
defined on input line 1252.


LaTeX Warning: Reference `eq:bf-ssl-lstm-observation-jvp-definition' on page 52
4 undefined on input line 1253.


LaTeX Warning: Reference `eq:bf-ssl-lstm-gate-preactivation-jvp' on page 524 un
defined on input line 1282.


LaTeX Warning: Reference `eq:bf-ssl-lstm-state-jvp' on page 524 undefined on in
put line 1283.


LaTeX Warning: Reference `eq:bf-ssl-lstm-parameter-count' on page 524 undefined
 on input line 1320.

[524]

Package natbib Warning: Citation `zhao2024ttsequential' on page 525 undefined o
n input line 1375.

[525]

LaTeX Warning: Reference `sec:bf-ledh-ot-jvp' on page 526 undefined on input li
ne 1379.

[526]) (./chapters/ch29_nk_svd_case_study.tex [527]
Chapter 54.
[528]) (./chapters/ch30_cip_afns_case_study.tex [529]
Chapter 55.
[530]) (./chapters/ch31_nawm_design_target.tex [531]
Chapter 56.
) (./chapters/ch32_production_checklist.tex [532] [533]
Chapter 57.
[534] [535]) [536] [537] (./appendices/app_a_notation.tex
Appendix A.
[538]) (./appendices/app_b_matrix_calculus.tex [539]
Appendix B.

LaTeX Warning: Reference `ch:bf-kalman-score' on page 540 undefined on input li
ne 28.

) (./appendices/app_c_factor_derivative_proofs.tex [540]
Appendix C.

LaTeX Warning: Reference `ch:bf-square-root-sigma-point' on page 541 undefined 
on input line 4.


LaTeX Warning: Reference `ch:bf-factor-derivatives' on page 541 undefined on in
put line 7.

) (./appendices/app_d_mathdevmcp_workflows.tex [541]
Appendix D.
) (./appendices/app_e_researchassistant_workflows.tex [542]
Appendix E.
[543]) (./appendices/app_f_source_map.tex [544]
Appendix F.
) (./appendices/app_g_experiment_templates.tex [545]
Appendix G.
[546]) [547]
No file main.bbl.

Package natbib Warning: There were undefined citations.


(/home/ubuntu/python/BayesFilter/docs/plans/artifacts/hmc-remaining-gaps-2026-0
9-24/f-r1/book-r2/build/main.aux)

LaTeX Warning: There were undefined references.


LaTeX Warning: Label(s) may have changed. Rerun to get cross-references right.


Package rerunfilecheck Warning: File `main.out' has changed.
(rerunfilecheck)                Rerun to get outlines right
(rerunfilecheck)                or use package `bookmark'.

 )
(see the transcript file for additional information) </home/ubuntu/.texlive2021
/texmf-var/fonts/pk/ljfour/jknappen/ec/tcrm1200.600pk></usr/share/texlive/texmf
-dist/fonts/type1/public/amsfonts/cm/cmbx12.pfb></usr/share/texlive/texmf-dist/
fonts/type1/public/amsfonts/cm/cmbx8.pfb></usr/share/texlive/texmf-dist/fonts/t
ype1/public/amsfonts/cm/cmbxti10.pfb></usr/share/texlive/texmf-dist/fonts/type1
/public/amsfonts/cm/cmex10.pfb></usr/share/texlive/texmf-dist/fonts/type1/publi
c/amsfonts/cmextra/cmex8.pfb></usr/share/texlive/texmf-dist/fonts/type1/public/
amsfonts/cm/cmitt10.pfb></usr/share/texlive/texmf-dist/fonts/type1/public/amsfo
nts/cm/cmmi10.pfb></usr/share/texlive/texmf-dist/fonts/type1/public/amsfonts/cm
/cmmi12.pfb></usr/share/texlive/texmf-dist/fonts/type1/public/amsfonts/cm/cmmi6
.pfb></usr/share/texlive/texmf-dist/fonts/type1/public/amsfonts/cm/cmmi8.pfb></
usr/share/texlive/texmf-dist/fonts/type1/public/amsfonts/cm/cmr10.pfb></usr/sha
re/texlive/texmf-dist/fonts/type1/public/amsfonts/cm/cmr12.pfb></usr/share/texl
ive/texmf-dist/fonts/type1/public/amsfonts/cm/cmr17.pfb></usr/share/texlive/tex
mf-dist/fonts/type1/public/amsfonts/cm/cmr6.pfb></usr/share/texlive/texmf-dist/
fonts/type1/public/amsfonts/cm/cmr7.pfb></usr/share/texlive/texmf-dist/fonts/ty
pe1/public/amsfonts/cm/cmr8.pfb></usr/share/texlive/texmf-dist/fonts/type1/publ
ic/amsfonts/cm/cmsl12.pfb></usr/share/texlive/texmf-dist/fonts/type1/public/ams
fonts/cm/cmss8.pfb></usr/share/texlive/texmf-dist/fonts/type1/public/amsfonts/c
m/cmsy10.pfb></usr/share/texlive/texmf-dist/fonts/type1/public/amsfonts/cm/cmsy
6.pfb></usr/share/texlive/texmf-dist/fonts/type1/public/amsfonts/cm/cmsy8.pfb><
/usr/share/texlive/texmf-dist/fonts/type1/public/amsfonts/cm/cmti12.pfb></usr/s
hare/texlive/texmf-dist/fonts/type1/public/amsfonts/cm/cmtt10.pfb></usr/share/t
exlive/texmf-dist/fonts/type1/public/amsfonts/cm/cmtt12.pfb></usr/share/texlive
/texmf-dist/fonts/type1/public/amsfonts/euler/eufm10.pfb></usr/share/texlive/te
xmf-dist/fonts/type1/public/amsfonts/symbols/msam10.pfb></usr/share/texlive/tex
mf-dist/fonts/type1/public/amsfonts/symbols/msbm10.pfb>
Output written on /home/ubuntu/python/BayesFilter/docs/plans/artifacts/hmc-rema
ining-gaps-2026-09-24/f-r1/book-r2/build/main.pdf (549 pages, 2271630 bytes).
Transcript written on /home/ubuntu/python/BayesFilter/docs/plans/artifacts/hmc-
remaining-gaps-2026-09-24/f-r1/book-r2/build/main.log.
Latexmk: Missing bbl file '/home/ubuntu/python/BayesFilter/docs/plans/artifacts/hmc-remaining-gaps-2026-09-24/f-r1/book-r2/build/main.bbl' in following:
 No file main.bbl.
Latexmk: References changed.
Latexmk: References changed.
Latexmk: Log file says output to '/home/ubuntu/python/BayesFilter/docs/plans/artifacts/hmc-remaining-gaps-2026-09-24/f-r1/book-r2/build/main.pdf'
Latexmk: List of undefined refs and citations:
  Citation `Afshar2015' on page 447 undefined on input line 462
  Citation `Afshar2015' on page 449 undefined on input line 511
  Citation `Gorinova2020' on page 448 undefined on input line 494
  Citation `Pakman2014' on page 447 undefined on input line 457
  Citation `Pakman2014' on page 449 undefined on input line 510
  Citation `abid2018greedy' on page 165 undefined on input line 418
  Citation `acevedodewiljesreich2017secondorder' on page 169 undefined on input line 694
  Citation `acevedodewiljesreich2017secondorder' on page 171 undefined on input line 857
  Citation `acevedodewiljesreich2017secondorder' on page 172 undefined on input line 905
  Citation `adurthi2012cut' on page 55 undefined on input line 45
  Citation `adurthi2012cutfiltering' on page 55 undefined on input line 45
  Citation `alaya2019screenkhorn' on page 165 undefined on input line 418
  Citation `altschuler2017nearlinear' on page 165 undefined on input line 418
  Citation `altschuler2019nystrom' on page 242 undefined on input line 436
  Citation `altschuler2019nystrom' on page 242 undefined on input line 484
  Citation `altschuler2019nystrom' on page 292 undefined on input line 591
  Citation `amos2017icnn' on page 249 undefined on input line 17
  Citation `amos2017icnn' on page 253 undefined on input line 253
  Citation `amos2017icnn' on page 276 undefined on input line 284
  Citation `an2007bayesian' on page 82 undefined on input line 109
  Citation `an2007bayesian' on page 82 undefined on input line 127
  Citation `andreasen2018pruned' on page 82 undefined on input line 113
  Citation `andreasen2018pruned' on page 82 undefined on input line 132
  Citation `andrieu2009pseudo' on page 124 undefined on input line 404
  Citation `andrieu2009pseudo' on page 272 undefined on input line 24
  Citation `andrieu2009pseudo' on page 274 undefined on input line 151
  Citation `andrieu2010particle' on page 124 undefined on input line 404
  Citation `andrieu2010particle' on page 126 undefined on input line 560
  Citation `andrieu2010particle' on page 272 undefined on input line 24
  Citation `andrieu2010particle' on page 274 undefined on input line 151
  Citation `andrieu2010particle' on page 83 undefined on input line 145
  Citation `andrieu2010particle' on page 84 undefined on input line 241
  Citation `arulampalam2002tutorial' on page 313 undefined on input line 1198
  Citation `arulampalam2002tutorial' on page 501 undefined on input line 104
  Citation `bengtsson2008curse' on page 127 undefined on input line 623
  Citation `bengtsson2008curse' on page 313 undefined on input line 1199
  Citation `bengtsson2008curse' on page 374 undefined on input line 348
  Citation `betancourt2017conceptual' on page 272 undefined on input line 20
  Citation `betancourt2017conceptual' on page 388 undefined on input line 6
  Citation `charlier2021keops' on page 161 undefined on input line 139
  Citation `charlier2021keops' on page 165 undefined on input line 379
  Citation `charlier2021keops' on page 242 undefined on input line 454
  Citation `charlier2021keops' on page 292 undefined on input line 588
  Citation `chenxiezhang2024sicnn' on page 257 undefined on input line 515
  Citation `chopin2020introduction' on page 140 undefined on input line 48
  Citation `chopin2020introduction' on page 150 undefined on input line 38
  Citation `chopin2020introduction' on page 154 undefined on input line 25
  Citation `chopin2020introduction' on page 170 undefined on input line 790
  Citation `chopin2020introduction' on page 90 undefined on input line 597
  Citation `corenflos2021differentiable' on page 145 undefined on input line 384
  Citation `corenflos2021differentiable' on page 150 undefined on input line 20
  Citation `corenflos2021differentiable' on page 156 undefined on input line 201
  Citation `corenflos2021differentiable' on page 172 undefined on input line 908
  Citation `corenflos2021differentiable' on page 202 undefined on input line 64
  Citation `corenflos2021differentiable' on page 276 undefined on input line 254
  Citation `cui2022deep' on page 383 undefined on input line 990
  Citation `cui2022deep' on page 384 undefined on input line 1125
  Citation `cui2023selfreinforced' on page 383 undefined on input line 990
  Citation `cui2023selfreinforced' on page 384 undefined on input line 1125
  Citation `cuturi2013sinkhorn' on page 161 undefined on input line 103
  Citation `cuturi2013sinkhorn' on page 202 undefined on input line 65
  Citation `cuturi2013sinkhorn' on page 276 undefined on input line 254
  Citation `daumhuang2008' on page 130 undefined on input line 69
  Citation `davis1980multiplicative' on page 299 undefined on input line 33
  Citation `davis1980multiplicative' on page 311 undefined on input line 1107
  Citation `davis1980multiplicative' on page 314 undefined on input line 1275
  Citation `delmoral2015uniform' on page 211 undefined on input line 787
  Citation `delmoral2015uniform' on page 215 undefined on input line 1107
  Citation `deshpande2019maxsliced' on page 266 undefined on input line 367
  Citation `deshpande2019maxsliced' on page 292 undefined on input line 594
  Citation `dhulipala2022latent' on page 279 undefined on input line 448
  Citation `dhulipala2022latent' on page 481 undefined on input line 25
  Citation `dhulipala2022latent' on page 484 undefined on input line 305
  Citation `doucet2001sequential' on page 124 undefined on input line 403
  Citation `doucet2001sequential' on page 126 undefined on input line 559
  Citation `doucet2001sequential' on page 140 undefined on input line 48
  Citation `doucet2001sequential' on page 150 undefined on input line 38
  Citation `doucet2001sequential' on page 154 undefined on input line 25
  Citation `doucet2001sequential' on page 170 undefined on input line 790
  Citation `doucet2001sequential' on page 83 undefined on input line 145
  Citation `doucet2001sequential' on page 84 undefined on input line 241
  Citation `durbin2012time' on page 82 undefined on input line 127
  Citation `durbin2012time' on page 83 undefined on input line 169
  Citation `dvurechensky2018computational' on page 165 undefined on input line 418
  Citation `easley2021higherorder' on page 188 undefined on input line 2185
  Citation `ebeigbe2025genut' on page 180 undefined on input line 1652
  Citation `ebeigbe2025genut' on page 188 undefined on input line 2181
  Citation `feydy2019geomloss' on page 161 undefined on input line 139
  Citation `feydy2019geomloss' on page 165 undefined on input line 379
  Citation `feydy2019geomloss' on page 242 undefined on input line 454
  Citation `feydy2019geomloss' on page 292 undefined on input line 588
  Citation `flegal2010batchmeans' on page 510 undefined on input line 458
  Citation `flegalgongfixedwidth' on page 457 undefined on input line 189
  Citation `forrow2019factored' on page 242 undefined on input line 436
  Citation `forrow2019factored' on page 245 undefined on input line 675
  Citation `forrow2019factored' on page 257 undefined on input line 515
  Citation `forrow2019factored' on page 292 undefined on input line 591
  Citation `gandy2021mcmctesting' on page 411 undefined on input line 640
  Citation `gandy2021mcmctesting' on page 411 undefined on input line 651
  Citation `genevay2016stochastic' on page 165 undefined on input line 418
  Citation `genevay2016stochastic' on page 242 undefined on input line 436
  Citation `genevay2016stochastic' on page 246 undefined on input line 777
  Citation `genevay2018samplecomplexity' on page 242 undefined on input line 436
  Citation `genevay2018samplecomplexity' on page 246 undefined on input line 777
  Citation `geuter2025unot' on page 257 undefined on input line 515
  Citation `girshfeld2025nlwr' on page 268 undefined on input line 497
  Citation `gneiting2007proper' on page 511 undefined on input line 524
  Citation `gneiting2007proper' on page 517 undefined on input line 941
  Citation `gordon1993novel' on page 124 undefined on input line 402
  Citation `gordon1993novel' on page 170 undefined on input line 790
  Citation `gordon1993novel' on page 313 undefined on input line 1197
  Citation `gordon1993novel' on page 501 undefined on input line 104
  Citation `gordon1993novel' on page 83 undefined on input line 145
  Citation `gordon1993novel' on page 84 undefined on input line 241
  Citation `gracykchen2024geonet' on page 264 undefined on input line 250
  Citation `gracykchen2024geonet' on page 276 undefined on input line 284
  Citation `gretton2012kernel' on page 508 undefined on input line 321
  Citation `greydanus2019hamiltonian' on page 279 undefined on input line 448
  Citation `hanebeck2023progressiveot' on page 264 undefined on input line 250
  Citation `hansen1982gmm' on page 509 undefined on input line 369
  Citation `herbst2015bayesian' on page 82 undefined on input line 109
  Citation `herbst2015bayesian' on page 82 undefined on input line 127
  Citation `higham2002accuracy' on page 175 undefined on input line 1280
  Citation `hochreiter1997lstm' on page 505 undefined on input line 85
  Citation `hoffman2014nuts' on page 388 undefined on input line 30
  Citation `hoffman2019neutra' on page 279 undefined on input line 448
  Citation `hoffman2019neutra' on page 464 undefined on input line 7
  Citation `hoffman2019neutra' on page 514 undefined on input line 714
  Citation `hu2021particle' on page 130 undefined on input line 73
  Citation `ionescu2015matrixbackprop' on page 114 undefined on input line 2608
  Citation `ionescu2015matrixbackprop' on page 72 undefined on input line 629
  Citation `johnson1979bounds' on page 189 undefined on input line 2225
  Citation `jonschkowski2018differentiable' on page 150 undefined on input line 17
  Citation `jonschkowski2018differentiable' on page 151 undefined on input line 97
  Citation `jonschkowski2018differentiable' on page 276 undefined on input line 238
  Citation `julier1996general' on page 83 undefined on input line 140
  Citation `julier1996general' on page 86 undefined on input line 358
  Citation `julier1996general' on page 87 undefined on input line 396
  Citation `julier1996general' on page 94 undefined on input line 1004
  Citation `julier1997new' on page 83 undefined on input line 140
  Citation `julier1997new' on page 86 undefined on input line 358
  Citation `julier1997new' on page 95 undefined on input line 1081
  Citation `karkus2018particle' on page 150 undefined on input line 19
  Citation `karkus2018particle' on page 151 undefined on input line 106
  Citation `karkus2018particle' on page 276 undefined on input line 238
  Citation `kim2008calculating' on page 82 undefined on input line 113
  Citation `kim2008calculating' on page 82 undefined on input line 132
  Citation `kitagawa1996montecarlo' on page 501 undefined on input line 69
  Citation `kolouri2019generalized' on page 266 undefined on input line 367
  Citation `kolouri2019generalized' on page 292 undefined on input line 594
  Citation `kovachki2023neuraloperator' on page 264 undefined on input line 322
  Citation `li2017particle' on page 130 undefined on input line 70
  Citation `li2017particle' on page 136 undefined on input line 576
  Citation `li2017particle' on page 136 undefined on input line 588
  Citation `li2017particle' on page 140 undefined on input line 50
  Citation `li2017particle' on page 143 undefined on input line 230
  Citation `li2017particle' on page 202 undefined on input line 63
  Citation `li2019ttfiltering' on page 299 undefined on input line 35
  Citation `li2021fourier' on page 264 undefined on input line 322
  Citation `lin2019efficient' on page 165 undefined on input line 418
  Citation `liuchen2026wgsolver' on page 264 undefined on input line 250
  Citation `lu2021deeponet' on page 264 undefined on input line 322
  Citation `makkuva2020otmapping' on page 249 undefined on input line 17
  Citation `makkuva2020otmapping' on page 253 undefined on input line 253
  Citation `makkuva2020otmapping' on page 276 undefined on input line 284
  Citation `marquardt1963algorithm' on page 189 undefined on input line 2303
  Citation `meng2025regularity' on page 299 undefined on input line 35
  Citation `meng2025regularity' on page 312 undefined on input line 1151
  Citation `micheli2026rnot' on page 268 undefined on input line 497
  Citation `modrak2023sbcquantities' on page 412 undefined on input line 698
  Citation `neal2011mcmc' on page 272 undefined on input line 20
  Citation `neal2011mcmc' on page 388 undefined on input line 6
  Citation `neweywest1987' on page 510 undefined on input line 458
  Citation `nguyen2021partialminibatch' on page 242 undefined on input line 436
  Citation `nguyen2021partialminibatch' on page 246 undefined on input line 777
  Citation `nguyen2022bomb' on page 242 undefined on input line 436
  Citation `nguyen2022bomb' on page 246 undefined on input line 777
  Citation `nguyen2025sliced' on page 266 undefined on input line 367
  Citation `nguyen2025sliced' on page 292 undefined on input line 594
  Citation `osborne1976levenberg' on page 189 undefined on input line 2304
  Citation `parno2018transport' on page 279 undefined on input line 448
  Citation `paty2019subspace' on page 266 undefined on input line 367
  Citation `paty2019subspace' on page 292 undefined on input line 594
  Citation `peyre2019computational' on page 154 undefined on input line 13
  Citation `peyre2019computational' on page 154 undefined on input line 41
  Citation `peyre2019computational' on page 161 undefined on input line 103
  Citation `peyre2019computational' on page 202 undefined on input line 66
  Citation `peyre2019computational' on page 252 undefined on input line 184
  Citation `peyre2019computational' on page 276 undefined on input line 254
  Citation `reich2013nonparametric' on page 145 undefined on input line 384
  Citation `reich2013nonparametric' on page 154 undefined on input line 13
  Citation `reich2013nonparametric' on page 154 undefined on input line 41
  Citation `reich2013nonparametric' on page 156 undefined on input line 201
  Citation `reich2013nonparametric' on page 171 undefined on input line 857
  Citation `reich2013nonparametric' on page 172 undefined on input line 908
  Citation `reich2013nonparametric' on page 276 undefined on input line 254
  Citation `scetbon2020positivefeatures' on page 242 undefined on input line 436
  Citation `scetbon2020positivefeatures' on page 243 undefined on input line 580
  Citation `scetbon2020positivefeatures' on page 292 undefined on input line 591
  Citation `scetbon2021lowrank' on page 242 undefined on input line 436
  Citation `scetbon2021lowrank' on page 245 undefined on input line 675
  Citation `scetbon2021lowrank' on page 292 undefined on input line 591
  Citation `scetbon2022lowrank' on page 242 undefined on input line 436
  Citation `scetbon2022lowrank' on page 245 undefined on input line 675
  Citation `scetbon2023unbalanced' on page 245 undefined on input line 675
  Citation `schmitzer2016sparse' on page 165 undefined on input line 418
  Citation `schmitzer2019stabilized' on page 165 undefined on input line 418
  Citation `snyder2008obstacles' on page 127 undefined on input line 623
  Citation `snyder2008obstacles' on page 313 undefined on input line 1199
  Citation `snyder2008obstacles' on page 374 undefined on input line 348
  Citation `spantini2022coupling' on page 172 undefined on input line 906
  Citation `sriperumbudur2010hilbert' on page 508 undefined on input line 321
  Citation `talts2020sbc' on page 412 undefined on input line 697
  Citation `uscidda2023mongegap' on page 249 undefined on input line 17
  Citation `uscidda2023mongegap' on page 255 undefined on input line 399
  Citation `uscidda2023mongegap' on page 276 undefined on input line 284
  Citation `vandergrift2026m2mtransformers' on page 268 undefined on input line 497
  Citation `vandermerwe2004sigma' on page 83 undefined on input line 140
  Citation `vandermerwe2004sigma' on page 86 undefined on input line 360
  Citation `vandermerwe2004sigma' on page 87 undefined on input line 400
  Citation `vandermerwe2004sigma' on page 94 undefined on input line 1004
  Citation `vanhandel2007filtering' on page 311 undefined on input line 1072
  Citation `vats2021lugsail' on page 455 undefined on input line 110
  Citation `vehtari2021rank' on page 456 undefined on input line 164
  Citation `vesseron2024brenier' on page 252 undefined on input line 184
  Citation `villani2003topics' on page 154 undefined on input line 13
  Citation `villani2003topics' on page 252 undefined on input line 184
  Citation `xiao2026fastsinkhorn' on page 161 undefined on input line 139
  Citation `xiao2026fastsinkhorn' on page 165 undefined on input line 379
  Citation `xiao2026fastsinkhorn' on page 242 undefined on input line 454
  Citation `xiao2026fastsinkhorn' on page 292 undefined on input line 588
  Citation `xu2025flowot' on page 257 undefined on input line 515
  Citation `xu2026accelerating' on page 165 undefined on input line 418
  Citation `yau2000realtime' on page 299 undefined on input line 34
  Citation `yau2000realtime' on page 312 undefined on input line 1114
  Citation `yau2000realtime' on page 312 undefined on input line 1130
  Citation `yau2000realtime' on page 314 undefined on input line 1275
  Citation `yau2008realtime' on page 299 undefined on input line 34
  Citation `yau2008realtime' on page 312 undefined on input line 1114
  Citation `yau2008realtime' on page 312 undefined on input line 1130
  Citation `yau2008realtime' on page 314 undefined on input line 1275
  Citation `ye2026flashsinkhorn' on page 161 undefined on input line 139
  Citation `ye2026flashsinkhorn' on page 165 undefined on input line 379
  Citation `ye2026flashsinkhorn' on page 242 undefined on input line 454
  Citation `ye2026flashsinkhorn' on page 292 undefined on input line 588
  Citation `zhao2024ttsequential' on page 192 undefined on input line 2480
  Citation `zhao2024ttsequential' on page 346 undefined on input line 278
  Citation `zhao2024ttsequential' on page 376 undefined on input line 447
  Citation `zhao2024ttsequential' on page 379 undefined on input line 715
  Citation `zhao2024ttsequential' on page 380 undefined on input line 752
  Citation `zhao2024ttsequential' on page 381 undefined on input line 834
  Citation `zhao2024ttsequential' on page 381 undefined on input line 873
  Citation `zhao2024ttsequential' on page 382 undefined on input line 893
  Citation `zhao2024ttsequential' on page 382 undefined on input line 916
  Citation `zhao2024ttsequential' on page 382 undefined on input line 947
  Citation `zhao2024ttsequential' on page 383 undefined on input line 1054
  Citation `zhao2024ttsequential' on page 384 undefined on input line 1101
  Citation `zhao2024ttsequential' on page 525 undefined on input line 1375
  Citation `zhumurphyjonschkowski2020' on page 150 undefined on input line 18
  Citation `zhumurphyjonschkowski2020' on page 151 undefined on input line 97
  Citation `zhumurphyjonschkowski2020' on page 276 undefined on input line 238
  Reference `alg:bf-hnn-safe-hmc' on page 494 undefined on input line 948
  Reference `alg:bf-hnn-safe-hmc' on page 494 undefined on input line 983
  Reference `ass:bf-exp-affine-factorization' on page 102 undefined on input line 1660
  Reference `ass:bf-hd-dominated' on page 300 undefined on input line 102
  Reference `ass:bf-hd-dominated' on page 306 undefined on input line 673
  Reference `ass:bf-hd-dominated' on page 307 undefined on input line 756
  Reference `ch:bf-api-design' on page 82 undefined on input line 94
  Reference `ch:bf-boundary-gradients' on page 449 undefined on input line 508
  Reference `ch:bf-custom-gradient-wrappers' on page 202 undefined on input line 60
  Reference `ch:bf-custom-gradient-wrappers' on page 67 undefined on input line 73
  Reference `ch:bf-derivative-validation' on page 67 undefined on input line 75
  Reference `ch:bf-diagnostics' on page 405 undefined on input line 583
  Reference `ch:bf-diagnostics' on page 429 undefined on input line 76
  Reference `ch:bf-diagnostics' on page 471 undefined on input line 444
  Reference `ch:bf-dpf-entropic-ot-sinkhorn' on page 247 undefined on input line 824
  Reference `ch:bf-dpf-entropic-ot-sinkhorn' on page 247 undefined on input line 846
  Reference `ch:bf-dpf-entropic-ot-sinkhorn' on page 291 undefined on input line 547
  Reference `ch:bf-dpf-hmc-target-suitability' on page 269 undefined on input line 578
  Reference `ch:bf-dpf-hmc-target-suitability' on page 291 undefined on input line 557
  Reference `ch:bf-dpf-learned-ot' on page 291 undefined on input line 552
  Reference `ch:bf-dpf-ot-baseline' on page 291 undefined on input line 547
  Reference `ch:bf-dpf-particle-flow-foundations' on page 291 undefined on input line 537
  Reference `ch:bf-dpf-pfpf' on page 275 undefined on input line 211
  Reference `ch:bf-dpf-pfpf' on page 291 undefined on input line 542
  Reference `ch:bf-dpf-soft-resampling' on page 291 undefined on input line 547
  Reference `ch:bf-factor-derivatives' on page 39 undefined on input line 224
  Reference `ch:bf-factor-derivatives' on page 45 undefined on input line 20
  Reference `ch:bf-factor-derivatives' on page 541 undefined on input line 7
  Reference `ch:bf-factor-derivatives' on page 62 undefined on input line 233
  Reference `ch:bf-factor-derivatives' on page 67 undefined on input line 72
  Reference `ch:bf-highdim-candidate-synthesis' on page 299 undefined on input line 49
  Reference `ch:bf-highdim-fixed-branch-same-scalar' on page 327 undefined on input line 420
  Reference `ch:bf-highdim-fixed-branch-same-scalar' on page 353 undefined on input line 353
  Reference `ch:bf-highdim-fixed-cloud-sgqf-validation' on page 321 undefined on input line 26
  Reference `ch:bf-highdim-fixed-cloud-sgqf-validation' on page 326 undefined on input line 398
  Reference `ch:bf-highdim-fixed-cloud-sgqf-validation' on page 327 undefined on input line 415
  Reference `ch:bf-highdim-fixed-cloud-sgqf-validation' on page 362 undefined on input line 62
  Reference `ch:bf-highdim-fixed-cloud-sgqf-validation' on page 371 undefined on input line 119
  Reference `ch:bf-highdim-fixed-cloud-sgqf-validation' on page 371 undefined on input line 147
  Reference `ch:bf-highdim-fixed-cloud-sgqf-validation' on page 372 undefined on input line 182
  Reference `ch:bf-highdim-gaussian-quadrature' on page 371 undefined on input line 118
  Reference `ch:bf-highdim-gaussian-quadrature' on page 371 undefined on input line 143
  Reference `ch:bf-highdim-hmc-research' on page 307 undefined on input line 775
  Reference `ch:bf-highdim-hmc-research' on page 371 undefined on input line 124
  Reference `ch:bf-highdim-hmc-research' on page 371 undefined on input line 160
  Reference `ch:bf-highdim-hmc-research' on page 372 undefined on input line 214
  Reference `ch:bf-highdim-low-rank-density-kr' on page 327 undefined on input line 418
  Reference `ch:bf-highdim-low-rank-density-kr' on page 371 undefined on input line 121
  Reference `ch:bf-highdim-low-rank-density-kr' on page 371 undefined on input line 152
  Reference `ch:bf-highdim-nonlinear-foundations' on page 299 undefined on input line 49
  Reference `ch:bf-highdim-nonlinear-foundations' on page 315 undefined on input line 22
  Reference `ch:bf-highdim-nonlinear-foundations' on page 315 undefined on input line 30
  Reference `ch:bf-highdim-nonlinear-foundations' on page 337 undefined on input line 712
  Reference `ch:bf-highdim-nonlinear-foundations' on page 343 undefined on input line 14
  Reference `ch:bf-highdim-nonlinear-foundations' on page 370 undefined on input line 103
  Reference `ch:bf-highdim-nonlinear-foundations' on page 371 undefined on input line 116
  Reference `ch:bf-highdim-nonlinear-foundations' on page 371 undefined on input line 139
  Reference `ch:bf-highdim-particle-transport-tensor' on page 374 undefined on input line 326
  Reference `ch:bf-highdim-sparse-grid-fixed-cloud' on page 315 undefined on input line 26
  Reference `ch:bf-highdim-sparse-grid-fixed-cloud' on page 319 undefined on input line 328
  Reference `ch:bf-highdim-squared-tt-fixed-branch-likelihoods' on page 347 undefined on input line 306
  Reference `ch:bf-highdim-squared-tt-fixed-branch-likelihoods' on page 362 undefined on input line 64
  Reference `ch:bf-highdim-squared-tt-fixed-branch-likelihoods' on page 371 undefined on input line 122
  Reference `ch:bf-highdim-squared-tt-fixed-branch-likelihoods' on page 371 undefined on input line 156
  Reference `ch:bf-highdim-squared-tt-fixed-branch-likelihoods' on page 375 undefined on input line 379
  Reference `ch:bf-highdim-validation-defect-promotion' on page 327 undefined on input line 423
  Reference `ch:bf-hmc-for-state-space' on page 449 undefined on input line 509
  Reference `ch:bf-hmc-target-requirements' on page 18 undefined on input line 130
  Reference `ch:bf-hmc-tuning-interfaces' on page 390 undefined on input line 127
  Reference `ch:bf-hnn-surrogate-hmc' on page 279 undefined on input line 449
  Reference `ch:bf-kalman-hessian' on page 16 undefined on input line 8
  Reference `ch:bf-kalman-hessian' on page 36 undefined on input line 56
  Reference `ch:bf-kalman-hessian' on page 40 undefined on input line 7
  Reference `ch:bf-kalman-hessian' on page 42 undefined on input line 226
  Reference `ch:bf-kalman-hessian' on page 67 undefined on input line 66
  Reference `ch:bf-kalman-hessian' on page 75 undefined on input line 817
  Reference `ch:bf-kalman-hessian' on page 78 undefined on input line 1127
  Reference `ch:bf-kalman-score' on page 16 undefined on input line 8
  Reference `ch:bf-kalman-score' on page 33 undefined on input line 104
  Reference `ch:bf-kalman-score' on page 36 undefined on input line 55
  Reference `ch:bf-kalman-score' on page 40 undefined on input line 7
  Reference `ch:bf-kalman-score' on page 42 undefined on input line 226
  Reference `ch:bf-kalman-score' on page 540 undefined on input line 28
  Reference `ch:bf-kalman-score' on page 75 undefined on input line 817
  Reference `ch:bf-ledh-pfpf-ot-custom-gradient' on page 168 undefined on input line 590
  Reference `ch:bf-nonlinear-ssm-validation' on page 70 undefined on input line 384
  Reference `ch:bf-obc-discontinuous-gradient' on page 449 undefined on input line 520
  Reference `ch:bf-particle-filters' on page 291 undefined on input line 532
  Reference `ch:bf-prediction-error-decomposition' on page 19 undefined on input line 4
  Reference `ch:bf-prediction-error-decomposition' on page 25 undefined on input line 54
  Reference `ch:bf-prediction-error-decomposition' on page 26 undefined on input line 117
  Reference `ch:bf-prediction-error-decomposition' on page 29 undefined on input line 5
  Reference `ch:bf-prediction-error-decomposition' on page 53 undefined on input line 5
  Reference `ch:bf-production-checklist' on page 115 undefined on input line 2693
  Reference `ch:bf-production-checklist' on page 117 undefined on input line 2757
  Reference `ch:bf-sigma-point-filters' on page 319 undefined on input line 287
  Reference `ch:bf-sigma-point-filters' on page 84 undefined on input line 234
  Reference `ch:bf-square-root-sigma-point' on page 108 undefined on input line 2102
  Reference `ch:bf-square-root-sigma-point' on page 319 undefined on input line 288
  Reference `ch:bf-square-root-sigma-point' on page 541 undefined on input line 4
  Reference `ch:bf-state-space-contracts' on page 81 undefined on input line 23
  Reference `ch:bf-state-space-contracts' on page 82 undefined on input line 104
  Reference `ch:bf-state-space-contracts' on page 83 undefined on input line 195
  Reference `ch:bf-structural-derivatives' on page 45 undefined on input line 20
  Reference `ch:bf-structural-derivatives' on page 67 undefined on input line 71
  Reference `ch:bf-structural-deterministic-dynamics' on page 11 undefined on input line 94
  Reference `ch:bf-structural-deterministic-dynamics' on page 5 undefined on input line 77
  Reference `ch:bf-structural-deterministic-dynamics' on page 57 undefined on input line 153
  Reference `ch:bf-structural-deterministic-dynamics' on page 70 undefined on input line 362
  Reference `ch:bf-svd-sigma-point' on page 108 undefined on input line 2103
  Reference `ch:bf-svd-sigma-point' on page 175 undefined on input line 1276
  Reference `ch:bf-svd-sigma-point' on page 43 undefined on input line 257
  Reference `ch:bf-svd-sigma-point' on page 503 undefined on input line 247
  Reference `ch:bf-svd-sigma-point' on page 60 undefined on input line 85
  Reference `ch:bf-svd-sigma-point' on page 86 undefined on input line 338
  Reference `ch:bf-xla-jit' on page 78 undefined on input line 1164
  Reference `def:bf-filtering-target' on page 388 undefined on input line 14
  Reference `def:bf-filtering-target' on page 7 undefined on input line 30
  Reference `def:bf-ssm-contract' on page 16 undefined on input line 13
  Reference `def:bf-structural-state-partition' on page 22 undefined on input line 51
  Reference `eq:bf-affine-support-log-density' on page 65 undefined on input line 468
  Reference `eq:bf-collapsed-gain-identity-example' on page 113 undefined on input line 2561
  Reference `eq:bf-collapsed-gain-identity-example' on page 113 undefined on input line 2574
  Reference `eq:bf-collapsed-identity-residual' on page 111 undefined on input line 2358
  Reference `eq:bf-collapsed-law-equivalence' on page 112 undefined on input line 2463
  Reference `eq:bf-collapsed-support-leakage' on page 111 undefined on input line 2359
  Reference `eq:bf-collapsed-ukf-likelihood-gain-change' on page 113 undefined on input line 2577
  Reference `eq:bf-collapsed-ukf-likelihood-gain-change' on page 114 undefined on input line 2586
  Reference `eq:bf-collapsed-ukf-object-errors' on page 112 undefined on input line 2450
  Reference `eq:bf-custom-primal-target' on page 46 undefined on input line 97
  Reference `eq:bf-cut4-quadrature' on page 56 undefined on input line 90
  Reference `eq:bf-dpf-adapted-proposal-log-weight' on page 284 undefined on input line 90
  Reference `eq:bf-dpf-hmc-contract' on page 274 undefined on input line 117
  Reference `eq:bf-dpf-hmc-contract' on page 274 undefined on input line 168
  Reference `eq:bf-dpf-hmc-contract' on page 287 undefined on input line 384
  Reference `eq:bf-dpf-hmc-contract' on page 291 undefined on input line 558
  Reference `eq:bf-dpf-optimal-proposal-cancellation' on page 285 undefined on input line 163
  Reference `eq:bf-dpf-optimal-proposal-identity' on page 284 undefined on input line 89
  Reference `eq:bf-eot-D-covariance-gap' on page 170 undefined on input line 749
  Reference `eq:bf-eot-D-covariance-gap' on page 170 undefined on input line 755
  Reference `eq:bf-eot-D-covariance-gap' on page 183 undefined on input line 1862
  Reference `eq:bf-eot-a-balance' on page 164 undefined on input line 311
  Reference `eq:bf-eot-b-balance' on page 164 undefined on input line 311
  Reference `eq:bf-eot-barycentric' on page 287 undefined on input line 366
  Reference `eq:bf-eot-barycentric-covariance-contraction' on page 167 undefined on input line 549
  Reference `eq:bf-eot-barycentric-covariance-contraction' on page 287 undefined on input line 372
  Reference `eq:bf-eot-barycentric-equal' on page 167 undefined on input line 506
  Reference `eq:bf-eot-contract-e-chol-affine' on page 176 undefined on input line 1345
  Reference `eq:bf-eot-contract-e-chol-affine' on page 176 undefined on input line 1351
  Reference `eq:bf-eot-contract-e-chol-affine' on page 177 undefined on input line 1372
  Reference `eq:bf-eot-cubature-affine' on page 182 undefined on input line 1753
  Reference `eq:bf-eot-cubature-barycentric' on page 179 undefined on input line 1550
  Reference `eq:bf-eot-deterministic-baseline-repeat' on page 160 undefined on input line 35
  Reference `eq:bf-eot-factorization' on page 163 undefined on input line 269
  Reference `eq:bf-eot-factorization' on page 164 undefined on input line 310
  Reference `eq:bf-eot-factorization' on page 287 undefined on input line 360
  Reference `eq:bf-eot-finite-increment' on page 180 undefined on input line 1624
  Reference `eq:bf-eot-finite-increment' on page 182 undefined on input line 1771
  Reference `eq:bf-eot-first-order-transform-contract' on page 169 undefined on input line 676
  Reference `eq:bf-eot-first-order-transform-contract' on page 169 undefined on input line 689
  Reference `eq:bf-eot-first-order-transform-contract' on page 169 undefined on input line 703
  Reference `eq:bf-eot-first-order-transform-contract' on page 169 undefined on input line 726
  Reference `eq:bf-eot-first-row-balance' on page 287 undefined on input line 360
  Reference `eq:bf-eot-hm-barycentric' on page 191 undefined on input line 2408
  Reference `eq:bf-eot-hm-coefficients' on page 191 undefined on input line 2390
  Reference `eq:bf-eot-hm-coefficients' on page 196 undefined on input line 2855
  Reference `eq:bf-eot-hm-contract-e' on page 187 undefined on input line 2134
  Reference `eq:bf-eot-hm-contract-e' on page 188 undefined on input line 2145
  Reference `eq:bf-eot-hm-contract-e' on page 191 undefined on input line 2410
  Reference `eq:bf-eot-hm-directions' on page 190 undefined on input line 2342
  Reference `eq:bf-eot-hm-finite-n-kurtosis-bound' on page 189 undefined on input line 2229
  Reference `eq:bf-eot-hm-finite-n-kurtosis-bound' on page 189 undefined on input line 2249
  Reference `eq:bf-eot-hm-jacobian' on page 190 undefined on input line 2344
  Reference `eq:bf-eot-hm-likelihood' on page 188 undefined on input line 2160
  Reference `eq:bf-eot-hm-likelihood' on page 191 undefined on input line 2405
  Reference `eq:bf-eot-hm-map-back' on page 190 undefined on input line 2377
  Reference `eq:bf-eot-hm-map-back' on page 191 undefined on input line 2386
  Reference `eq:bf-eot-hm-map-back' on page 191 undefined on input line 2414
  Reference `eq:bf-eot-hm-map-back' on page 196 undefined on input line 2855
  Reference `eq:bf-eot-hm-pearson-bound' on page 189 undefined on input line 2248
  Reference `eq:bf-eot-hm-residual' on page 191 undefined on input line 2409
  Reference `eq:bf-eot-hm-scaled-lm-system' on page 191 undefined on input line 2412
  Reference `eq:bf-eot-hm-sinkhorn' on page 191 undefined on input line 2407
  Reference `eq:bf-eot-hm-smooth-trust-cap' on page 191 undefined on input line 2392
  Reference `eq:bf-eot-hm-smooth-trust-cap' on page 191 undefined on input line 2412
  Reference `eq:bf-eot-hm-target-moments' on page 191 undefined on input line 2411
  Reference `eq:bf-eot-hm-target-moments' on page 192 undefined on input line 2470
  Reference `eq:bf-eot-hm-target-moments' on page 196 undefined on input line 2851
  Reference `eq:bf-eot-hm-transition' on page 191 undefined on input line 2403
  Reference `eq:bf-eot-hm-weights' on page 191 undefined on input line 2405
  Reference `eq:bf-eot-positive-spread-gap-formula' on page 173 undefined on input line 998
  Reference `eq:bf-eot-primal' on page 161 undefined on input line 133
  Reference `eq:bf-eot-primal' on page 162 undefined on input line 203
  Reference `eq:bf-eot-primal' on page 164 undefined on input line 309
  Reference `eq:bf-eot-primal' on page 164 undefined on input line 344
  Reference `eq:bf-eot-primal' on page 287 undefined on input line 360
  Reference `eq:bf-eot-primal' on page 291 undefined on input line 548
  Reference `eq:bf-eot-residual-affine-map' on page 175 undefined on input line 1188
  Reference `eq:bf-eot-residual-expected-covariance' on page 174 undefined on input line 1092
  Reference `eq:bf-eot-residual-noise-cloud' on page 173 undefined on input line 1058
  Reference `eq:bf-eot-second-order-cloud-contract' on page 169 undefined on input line 718
  Reference `eq:bf-eot-second-order-matrix-contract' on page 169 undefined on input line 689
  Reference `eq:bf-eot-second-order-matrix-contract' on page 169 undefined on input line 695
  Reference `eq:bf-eot-second-order-matrix-contract' on page 171 undefined on input line 840
  Reference `eq:bf-eot-tt-teacher-adjacent-target' on page 198 undefined on input line 2975
  Reference `eq:bf-eot-tt-teacher-affine-form-integral' on page 196 undefined on input line 2818
  Reference `eq:bf-eot-tt-teacher-affine-moments' on page 195 undefined on input line 2761
  Reference `eq:bf-eot-tt-teacher-affine-moments' on page 195 undefined on input line 2770
  Reference `eq:bf-eot-tt-teacher-als-jvp' on page 194 undefined on input line 2669
  Reference `eq:bf-eot-tt-teacher-als-jvp' on page 198 undefined on input line 2989
  Reference `eq:bf-eot-tt-teacher-als-jvp' on page 200 undefined on input line 3104
  Reference `eq:bf-eot-tt-teacher-als-update' on page 194 undefined on input line 2606
  Reference `eq:bf-eot-tt-teacher-als-update' on page 194 undefined on input line 2671
  Reference `eq:bf-eot-tt-teacher-als-update' on page 198 undefined on input line 2988
  Reference `eq:bf-eot-tt-teacher-als-update' on page 200 undefined on input line 3088
  Reference `eq:bf-eot-tt-teacher-chart-pullback' on page 198 undefined on input line 2980
  Reference `eq:bf-eot-tt-teacher-functional-tt' on page 195 undefined on input line 2711
  Reference `eq:bf-eot-tt-teacher-normalized-jvp' on page 197 undefined on input line 2932
  Reference `eq:bf-eot-tt-teacher-normalized-jvp' on page 198 undefined on input line 2941
  Reference `eq:bf-eot-tt-teacher-normalized-observable' on page 195 undefined on input line 2737
  Reference `eq:bf-eot-tt-teacher-observable-contraction' on page 195 undefined on input line 2735
  Reference `eq:bf-eot-tt-teacher-operator-matrix' on page 195 undefined on input line 2742
  Reference `eq:bf-eot-tt-teacher-paired-transfer' on page 195 undefined on input line 2734
  Reference `eq:bf-eot-tt-teacher-polynomial-automaton' on page 196 undefined on input line 2796
  Reference `eq:bf-eot-tt-teacher-polynomial-automaton' on page 196 undefined on input line 2815
  Reference `eq:bf-eot-tt-teacher-shape-targets' on page 196 undefined on input line 2853
  Reference `eq:bf-eot-tt-teacher-shape-targets' on page 197 undefined on input line 2880
  Reference `eq:bf-eot-tt-teacher-square-root-jvp' on page 194 undefined on input line 2659
  Reference `eq:bf-eot-tt-teacher-square-root-jvp' on page 198 undefined on input line 2984
  Reference `eq:bf-eot-tt-teacher-square-root-target' on page 193 undefined on input line 2558
  Reference `eq:bf-eot-tt-teacher-square-root-target' on page 193 undefined on input line 2577
  Reference `eq:bf-eot-tt-teacher-square-root-target' on page 198 undefined on input line 2983
  Reference `eq:bf-eot-tt-teacher-squared-density' on page 193 undefined on input line 2583
  Reference `eq:bf-eot-tt-teacher-squared-density' on page 194 undefined on input line 2647
  Reference `eq:bf-eot-tt-teacher-transfer-jvp' on page 197 undefined on input line 2932
  Reference `eq:bf-eot-tt-teacher-transfer-jvp' on page 198 undefined on input line 2941
  Reference `eq:bf-exp-affine-observation' on page 107 undefined on input line 2071
  Reference `eq:bf-exp-affine-observation-map' on page 103 undefined on input line 1714
  Reference `eq:bf-exp-affine-observation-pushforward' on page 103 undefined on input line 1715
  Reference `eq:bf-exp-affine-observation-pushforward' on page 103 undefined on input line 1744
  Reference `eq:bf-exp-affine-pushforward' on page 102 undefined on input line 1615
  Reference `eq:bf-exp-affine-pushforward' on page 102 undefined on input line 1664
  Reference `eq:bf-exp-affine-pushforward' on page 103 undefined on input line 1713
  Reference `eq:bf-exp-affine-pushforward' on page 103 undefined on input line 1723
  Reference `eq:bf-exp-affine-pushforward' on page 103 undefined on input line 1742
  Reference `eq:bf-exp-affine-structural-identity' on page 102 undefined on input line 1681
  Reference `eq:bf-exp-affine-structural-identity' on page 103 undefined on input line 1721
  Reference `eq:bf-exp-affine-structural-identity' on page 103 undefined on input line 1728
  Reference `eq:bf-exp-affine-transition-k' on page 102 undefined on input line 1668
  Reference `eq:bf-exp-affine-transition-k' on page 102 undefined on input line 1680
  Reference `eq:bf-exp-affine-transition-m' on page 102 undefined on input line 1658
  Reference `eq:bf-exp-affine-transition-m' on page 102 undefined on input line 1668
  Reference `eq:bf-exp-affine-transition-m' on page 102 undefined on input line 1679
  Reference `eq:bf-exp-affine-transition-state' on page 102 undefined on input line 1658
  Reference `eq:bf-factor-qr-r-first' on page 42 undefined on input line 198
  Reference `eq:bf-factor-qr-r-second' on page 42 undefined on input line 198
  Reference `eq:bf-factor-reconstruction-first' on page 40 undefined on input line 57
  Reference `eq:bf-factor-reconstruction-first' on page 42 undefined on input line 224
  Reference `eq:bf-factor-reconstruction-first' on page 43 undefined on input line 254
  Reference `eq:bf-factor-reconstruction-first' on page 43 undefined on input line 273
  Reference `eq:bf-factor-reconstruction-first' on page 49 undefined on input line 85
  Reference `eq:bf-factor-reconstruction-second' on page 40 undefined on input line 57
  Reference `eq:bf-factor-reconstruction-second' on page 42 undefined on input line 224
  Reference `eq:bf-factor-reconstruction-second' on page 43 undefined on input line 254
  Reference `eq:bf-factor-reconstruction-second' on page 43 undefined on input line 273
  Reference `eq:bf-factor-reconstruction-second' on page 49 undefined on input line 85
  Reference `eq:bf-hd-actual-sv-normalizer' on page 302 undefined on input line 261
  Reference `eq:bf-hd-actual-sv-normalizer' on page 303 undefined on input line 348
  Reference `eq:bf-hd-actual-sv-normalizer' on page 303 undefined on input line 360
  Reference `eq:bf-hd-actual-sv-normalizer' on page 305 undefined on input line 556
  Reference `eq:bf-hd-actual-sv-normalizer' on page 305 undefined on input line 595
  Reference `eq:bf-hd-actual-sv-raw-observation' on page 301 undefined on input line 197
  Reference `eq:bf-hd-actual-sv-raw-observation' on page 302 undefined on input line 252
  Reference `eq:bf-hd-actual-sv-srukf-augmented-law' on page 305 undefined on input line 519
  Reference `eq:bf-hd-actual-sv-srukf-collapsed-law-equivalence' on page 305 undefined on input line 577
  Reference `eq:bf-hd-actual-sv-srukf-initial-factor-derivatives' on page 305 undefined on input line 516
  Reference `eq:bf-hd-actual-sv-srukf-initial-law' on page 305 undefined on input line 515
  Reference `eq:bf-hd-actual-sv-srukf-observation-map' on page 304 undefined on input line 440
  Reference `eq:bf-hd-actual-sv-transform-density' on page 302 undefined on input line 231
  Reference `eq:bf-hd-actual-sv-transform-density' on page 302 undefined on input line 246
  Reference `eq:bf-hd-actual-sv-transform-density' on page 302 undefined on input line 254
  Reference `eq:bf-hd-actual-sv-z-definition' on page 304 undefined on input line 443
  Reference `eq:bf-hd-approx-posterior' on page 312 undefined on input line 1187
  Reference `eq:bf-hd-approx-posterior' on page 313 undefined on input line 1231
  Reference `eq:bf-hd-boxmass' on page 377 undefined on input line 565
  Reference `eq:bf-hd-boxmass' on page 378 undefined on input line 599
  Reference `eq:bf-hd-c3-target' on page 381 undefined on input line 816
  Reference `eq:bf-hd-exact-posterior' on page 312 undefined on input line 1188
  Reference `eq:bf-hd-gaussian-closure-log-density-remainder' on page 303 undefined on input line 324
  Reference `eq:bf-hd-gaussian-closure-remainder-bound' on page 303 undefined on input line 333
  Reference `eq:bf-hd-gaussian-closure-surrogate-bound' on page 303 undefined on input line 332
  Reference `eq:bf-hd-ledh-compact-prediction-sensitivity' on page 310 undefined on input line 1019
  Reference `eq:bf-hd-ledh-compact-prediction-sensitivity' on page 310 undefined on input line 1038
  Reference `eq:bf-hd-ledh-compact-score' on page 310 undefined on input line 1043
  Reference `eq:bf-hd-ledh-compact-sinkhorn-recursion' on page 309 undefined on input line 957
  Reference `eq:bf-hd-ledh-compact-softmin' on page 309 undefined on input line 933
  Reference `eq:bf-hd-ledh-compact-softmin-jvp' on page 309 undefined on input line 958
  Reference `eq:bf-hd-ledh-compact-transport-application' on page 310 undefined on input line 998
  Reference `eq:bf-hd-ledh-compact-transport-jvp' on page 310 undefined on input line 1005
  Reference `eq:bf-hd-ledh-compact-transport-jvp' on page 310 undefined on input line 1020
  Reference `eq:bf-hd-ledh-compact-transport-jvp' on page 310 undefined on input line 1039
  Reference `eq:bf-hd-likelihood-factor' on page 301 undefined on input line 174
  Reference `eq:bf-hd-likelihood-factor' on page 302 undefined on input line 268
  Reference `eq:bf-hd-likelihood-factor' on page 307 undefined on input line 768
  Reference `eq:bf-hd-likelihood-factor' on page 314 undefined on input line 1267
  Reference `eq:bf-hd-likelihood-gradient' on page 307 undefined on input line 767
  Reference `eq:bf-hd-likelihood-gradient' on page 313 undefined on input line 1235
  Reference `eq:bf-hd-normalizer-gradient' on page 307 undefined on input line 765
  Reference `eq:bf-hd-prediction' on page 300 undefined on input line 131
  Reference `eq:bf-hd-prediction' on page 306 undefined on input line 673
  Reference `eq:bf-hd-prediction' on page 314 undefined on input line 1263
  Reference `eq:bf-hd-prediction-sensitivity' on page 307 undefined on input line 758
  Reference `eq:bf-hd-prediction-sensitivity' on page 307 undefined on input line 764
  Reference `eq:bf-hd-rowcov-ess' on page 376 undefined on input line 466
  Reference `eq:bf-hd-rowcov-ess' on page 376 undefined on input line 475
  Reference `eq:bf-hd-rowcov-precond' on page 376 undefined on input line 481
  Reference `eq:bf-hd-score' on page 306 undefined on input line 641
  Reference `eq:bf-hd-sgqf-3d-active-indices' on page 325 undefined on input line 303
  Reference `eq:bf-hd-sgqf-3d-merge-counts' on page 326 undefined on input line 375
  Reference `eq:bf-hd-sgqf-3d-origin-cancel' on page 325 undefined on input line 307
  Reference `eq:bf-hd-sgqf-central-diff' on page 337 undefined on input line 698
  Reference `eq:bf-hd-sgqf-fd-relative-error' on page 336 undefined on input line 675
  Reference `eq:bf-hd-sgqf-loglik' on page 302 undefined on input line 256
  Reference `eq:bf-hd-sgqf-loglik' on page 302 undefined on input line 279
  Reference `eq:bf-hd-sgqf-loglik' on page 328 undefined on input line 29
  Reference `eq:bf-hd-sgqf-loglik' on page 329 undefined on input line 128
  Reference `eq:bf-hd-sgqf-loglik' on page 329 undefined on input line 129
  Reference `eq:bf-hd-sgqf-pred-cov' on page 329 undefined on input line 74
  Reference `eq:bf-hd-squared-tt-dot-ridge-system' on page 358 undefined on input line 697
  Reference `eq:bf-hd-squared-tt-forward-ridge-system' on page 357 undefined on input line 648
  Reference `eq:bf-hd-squared-tt-frozen-derivative-ledger' on page 352 undefined on input line 252
  Reference `eq:bf-hd-squared-tt-heldout-cross-entropy' on page 356 undefined on input line 598
  Reference `eq:bf-hd-squared-tt-stored-derivative' on page 360 undefined on input line 852
  Reference `eq:bf-hd-ssm' on page 300 undefined on input line 91
  Reference `eq:bf-hd-ssm' on page 306 undefined on input line 657
  Reference `eq:bf-hd-synth-ess' on page 374 undefined on input line 367
  Reference `eq:bf-hd-ttkr-dot-mass-recursion' on page 365 undefined on input line 300
  Reference `eq:bf-hd-ttkr-fixed-solve-derivative' on page 364 undefined on input line 236
  Reference `eq:bf-hd-ttkr-retained-query-rule' on page 366 undefined on input line 428
  Reference `eq:bf-hd-ttkr-retained-query-rule' on page 366 undefined on input line 431
  Reference `eq:bf-hd-update' on page 301 undefined on input line 141
  Reference `eq:bf-hd-update' on page 306 undefined on input line 641
  Reference `eq:bf-hd-update' on page 314 undefined on input line 1263
  Reference `eq:bf-hd-update' on page 314 undefined on input line 1267
  Reference `eq:bf-hd-update-sensitivity' on page 307 undefined on input line 750
  Reference `eq:bf-hd-update-sensitivity' on page 307 undefined on input line 758
  Reference `eq:bf-hd-update-sensitivity' on page 307 undefined on input line 770
  Reference `eq:bf-hd-zakai-density' on page 311 undefined on input line 1091
  Reference `eq:bf-hessian-filtered-cov' on page 34 undefined on input line 265
  Reference `eq:bf-hessian-filtered-mean' on page 34 undefined on input line 265
  Reference `eq:bf-hessian-gain-second' on page 42 undefined on input line 222
  Reference `eq:bf-hessian-precision-first' on page 34 undefined on input line 236
  Reference `eq:bf-hessian-precision-second' on page 34 undefined on input line 236
  Reference `eq:bf-hnn-cost-neural' on page 482 undefined on input line 61
  Reference `eq:bf-hnn-cost-neural' on page 482 undefined on input line 83
  Reference `eq:bf-hnn-cost-ordinary' on page 482 undefined on input line 61
  Reference `eq:bf-hnn-cost-ordinary' on page 482 undefined on input line 84
  Reference `eq:bf-hnn-drift' on page 483 undefined on input line 203
  Reference `eq:bf-hnn-exact-posterior' on page 488 undefined on input line 575
  Reference `eq:bf-hnn-exact-posterior' on page 489 undefined on input line 661
  Reference `eq:bf-hnn-filter-potential' on page 481 undefined on input line 42
  Reference `eq:bf-hnn-fixed-randomness-target' on page 489 undefined on input line 619
  Reference `eq:bf-hnn-jacobian-acceptance' on page 486 undefined on input line 424
  Reference `eq:bf-hnn-jacobian-acceptance' on page 486 undefined on input line 431
  Reference `eq:bf-hnn-joint-target' on page 483 undefined on input line 159
  Reference `eq:bf-hnn-joint-target' on page 484 undefined on input line 253
  Reference `eq:bf-hnn-joint-target' on page 484 undefined on input line 273
  Reference `eq:bf-hnn-kick' on page 483 undefined on input line 203
  Reference `eq:bf-hnn-pseudo-marginal-target' on page 489 undefined on input line 660
  Reference `eq:bf-hnn-pseudo-marginal-target' on page 489 undefined on input line 665
  Reference `eq:bf-hnn-residual-potential' on page 493 undefined on input line 914
  Reference `eq:bf-hnn-stage1-balance' on page 487 undefined on input line 484
  Reference `eq:bf-hnn-stage1-balance' on page 487 undefined on input line 511
  Reference `eq:bf-hnn-stage1-balance' on page 487 undefined on input line 528
  Reference `eq:bf-hnn-stage2-da' on page 487 undefined on input line 468
  Reference `eq:bf-hnn-stage2-da' on page 487 undefined on input line 498
  Reference `eq:bf-hnn-stage2-da' on page 487 undefined on input line 505
  Reference `eq:bf-hnn-true-energy-acceptance' on page 483 undefined on input line 145
  Reference `eq:bf-hnn-true-energy-acceptance' on page 484 undefined on input line 252
  Reference `eq:bf-hnn-true-energy-acceptance' on page 486 undefined on input line 410
  Reference `eq:bf-hnn-true-energy-acceptance' on page 486 undefined on input line 444
  Reference `eq:bf-hnn-true-energy-acceptance' on page 489 undefined on input line 691
  Reference `eq:bf-k-transition' on page 83 undefined on input line 198
  Reference `eq:bf-k-transition' on page 84 undefined on input line 217
  Reference `eq:bf-k-transition' on page 88 undefined on input line 511
  Reference `eq:bf-kalman-update-cov' on page 17 undefined on input line 65
  Reference `eq:bf-kernel-exact-prediction' on page 90 undefined on input line 628
  Reference `eq:bf-kernel-exact-prediction' on page 90 undefined on input line 653
  Reference `eq:bf-kernel-exact-update' on page 90 undefined on input line 629
  Reference `eq:bf-kernel-ukf-joint-gaussian' on page 91 undefined on input line 736
  Reference `eq:bf-kernel-ukf-observation-moments' on page 91 undefined on input line 773
  Reference `eq:bf-learned-ot-equivariance' on page 287 undefined on input line 378
  Reference `eq:bf-learned-ot-equivariance' on page 291 undefined on input line 553
  Reference `eq:bf-learned-ot-residual' on page 287 undefined on input line 378
  Reference `eq:bf-learned-ot-residual' on page 291 undefined on input line 553
  Reference `eq:bf-learned-ot-student-map' on page 287 undefined on input line 378
  Reference `eq:bf-learned-ot-student-map' on page 291 undefined on input line 553
  Reference `eq:bf-ledh-actual-sv-differentiated-constraint' on page 220 undefined on input line 1533
  Reference `eq:bf-ledh-actual-sv-fd-relative-error' on page 223 undefined on input line 1721
  Reference `eq:bf-ledh-actual-sv-kkt-jvp-a' on page 220 undefined on input line 1530
  Reference `eq:bf-ledh-actual-sv-kkt-jvp-a' on page 221 undefined on input line 1582
  Reference `eq:bf-ledh-actual-sv-kkt-jvp-b' on page 220 undefined on input line 1531
  Reference `eq:bf-ledh-actual-sv-kkt-jvp-b' on page 221 undefined on input line 1583
  Reference `eq:bf-ledh-actual-sv-reference-projection' on page 219 undefined on input line 1438
  Reference `eq:bf-ledh-actual-sv-reference-projection' on page 219 undefined on input line 1462
  Reference `eq:bf-ledh-actual-sv-reference-projection' on page 221 undefined on input line 1571
  Reference `eq:bf-ledh-average-opg-metric' on page 230 undefined on input line 2259
  Reference `eq:bf-ledh-cached-cost' on page 208 undefined on input line 624
  Reference `eq:bf-ledh-cached-cost' on page 209 undefined on input line 646
  Reference `eq:bf-ledh-cached-cost-jvp' on page 208 undefined on input line 624
  Reference `eq:bf-ledh-cached-cost-jvp' on page 209 undefined on input line 648
  Reference `eq:bf-ledh-contract-e-row-quotient' on page 232 undefined on input line 2380
  Reference `eq:bf-ledh-contract-e-row-quotient-jvp-vjp' on page 203 undefined on input line 178
  Reference `eq:bf-ledh-contract-e-total-source-pullback' on page 232 undefined on input line 2383
  Reference `eq:bf-ledh-ot-reverse-loop' on page 208 undefined on input line 553
  Reference `eq:bf-ledh-ot-softmin' on page 207 undefined on input line 489
  Reference `eq:bf-ledh-ot-softmin-vjp-costs' on page 207 undefined on input line 499
  Reference `eq:bf-ledh-ot-softmin-vjp-values' on page 207 undefined on input line 498
  Reference `eq:bf-ledh-ot-softmin-vjp-values' on page 207 undefined on input line 514
  Reference `eq:bf-ledh-ot-transport-form' on page 205 undefined on input line 324
  Reference `eq:bf-ledh-ot-transport-form' on page 205 undefined on input line 333
  Reference `eq:bf-ledh-ot-vjp-barycentric' on page 204 undefined on input line 273
  Reference `eq:bf-ledh-ot-vjp-barycentric' on page 204 undefined on input line 276
  Reference `eq:bf-ledh-ot-vjp-barycentric' on page 232 undefined on input line 2377
  Reference `eq:bf-ledh-ot-vjp-cost' on page 206 undefined on input line 386
  Reference `eq:bf-ledh-ot-vjp-cost' on page 232 undefined on input line 2385
  Reference `eq:bf-ledh-ot-vjp-cost-points' on page 206 undefined on input line 434
  Reference `eq:bf-ledh-ot-vjp-cost-points' on page 206 undefined on input line 440
  Reference `eq:bf-ledh-ot-vjp-f' on page 206 undefined on input line 386
  Reference `eq:bf-ledh-ot-vjp-logw' on page 205 undefined on input line 353
  Reference `eq:bf-ledh-ot-vjp-logw' on page 206 undefined on input line 388
  Reference `eq:bf-ledh-ot-vjp-logw' on page 232 undefined on input line 2385
  Reference `eq:bf-ledh-progressive-backward-weight' on page 216 undefined on input line 1172
  Reference `eq:bf-ledh-progressive-complete-score' on page 215 undefined on input line 1136
  Reference `eq:bf-ledh-progressive-dr-match' on page 217 undefined on input line 1238
  Reference `eq:bf-ledh-progressive-kkt-program' on page 220 undefined on input line 1495
  Reference `eq:bf-ledh-progressive-kkt-program' on page 220 undefined on input line 1517
  Reference `eq:bf-ledh-progressive-kkt-solution' on page 220 undefined on input line 1522
  Reference `eq:bf-ledh-progressive-kkt-solution' on page 221 undefined on input line 1578
  Reference `eq:bf-ledh-progressive-rc-match' on page 217 undefined on input line 1239
  Reference `eq:bf-ledh-progressive-score-covariance' on page 215 undefined on input line 1145
  Reference `eq:bf-ledh-progressive-score-recursion' on page 216 undefined on input line 1173
  Reference `eq:bf-ledh-progressive-score-recursion' on page 216 undefined on input line 1200
  Reference `eq:bf-ledh-progressive-score-total-derivative' on page 215 undefined on input line 1148
  Reference `eq:bf-ledh-progressive-score-total-derivative' on page 217 undefined on input line 1236
  Reference `eq:bf-ledh-score-aware-feasibility' on page 213 undefined on input line 905
  Reference `eq:bf-ledh-score-aware-feature-value-identity' on page 214 undefined on input line 1008
  Reference `eq:bf-ledh-score-aware-feature-value-identity' on page 214 undefined on input line 1052
  Reference `eq:bf-ledh-score-aware-kkt-solution' on page 214 undefined on input line 979
  Reference `eq:bf-ledh-score-aware-teacher-measure' on page 213 undefined on input line 902
  Reference `eq:bf-ledh-score-aware-weight-tangent' on page 213 undefined on input line 960
  Reference `eq:bf-ledh-score-aware-weight-tangent' on page 214 undefined on input line 1010
  Reference `eq:bf-ledh-score-energy-relative' on page 229 undefined on input line 2153
  Reference `eq:bf-ledh-score-opg-error' on page 230 undefined on input line 2213
  Reference `eq:bf-ledh-score-total-relative' on page 229 undefined on input line 2152
  Reference `eq:bf-ledh-tangent-measure-definition' on page 214 undefined on input line 1017
  Reference `eq:bf-lgssm-observation' on page 17 undefined on input line 102
  Reference `eq:bf-lgssm-state' on page 17 undefined on input line 102
  Reference `eq:bf-lugsail-mcse' on page 456 undefined on input line 137
  Reference `eq:bf-m-transition' on page 83 undefined on input line 198
  Reference `eq:bf-m-transition' on page 84 undefined on input line 217
  Reference `eq:bf-m-transition' on page 88 undefined on input line 511
  Reference `eq:bf-neutra-filter-likelihood' on page 472 undefined on input line 525
  Reference `eq:bf-neutra-filter-likelihood' on page 473 undefined on input line 563
  Reference `eq:bf-neutra-filter-predict' on page 472 undefined on input line 523
  Reference `eq:bf-neutra-filter-predict' on page 473 undefined on input line 563
  Reference `eq:bf-neutra-filter-update' on page 472 undefined on input line 523
  Reference `eq:bf-neutra-reverse-kl' on page 469 undefined on input line 325
  Reference `eq:bf-neutra-score' on page 466 undefined on input line 155
  Reference `eq:bf-neutra-source-target' on page 471 undefined on input line 475
  Reference `eq:bf-neutra-structural-model' on page 472 undefined on input line 492
  Reference `eq:bf-neutra-transported-target' on page 469 undefined on input line 329
  Reference `eq:bf-neutra-truth-tail' on page 473 undefined on input line 584
  Reference `eq:bf-ot-baseline-lp' on page 158 undefined on input line 303
  Reference `eq:bf-ot-baseline-lp' on page 291 undefined on input line 548
  Reference `eq:bf-ped-loglik' on page 17 undefined on input line 101
  Reference `eq:bf-ped-loglik' on page 17 undefined on input line 123
  Reference `eq:bf-ped-loglik' on page 19 undefined on input line 24
  Reference `eq:bf-ped-loglik' on page 20 undefined on input line 77
  Reference `eq:bf-ped-loglik' on page 22 undefined on input line 23
  Reference `eq:bf-ped-loglik' on page 53 undefined on input line 50
  Reference `eq:bf-pf-average-weight' on page 287 undefined on input line 312
  Reference `eq:bf-pf-bootstrap-likelihood-estimator' on page 124 undefined on input line 444
  Reference `eq:bf-pf-bootstrap-likelihood-estimator' on page 287 undefined on input line 312
  Reference `eq:bf-pf-bootstrap-likelihood-estimator' on page 291 undefined on input line 533
  Reference `eq:bf-pf-bootstrap-proposal' on page 123 undefined on input line 375
  Reference `eq:bf-pf-empirical-measure' on page 127 undefined on input line 617
  Reference `eq:bf-pf-filtering-law' on page 122 undefined on input line 246
  Reference `eq:bf-pf-filtering-law' on page 287 undefined on input line 306
  Reference `eq:bf-pf-filtering-law' on page 291 undefined on input line 533
  Reference `eq:bf-pf-marginal-factorization' on page 122 undefined on input line 262
  Reference `eq:bf-pf-marginal-factorization' on page 124 undefined on input line 415
  Reference `eq:bf-pf-predictive-law' on page 121 undefined on input line 234
  Reference `eq:bf-pf-predictive-law' on page 122 undefined on input line 262
  Reference `eq:bf-pf-predictive-law' on page 287 undefined on input line 306
  Reference `eq:bf-pf-sis-recursion' on page 123 undefined on input line 350
  Reference `eq:bf-pf-sis-recursion' on page 123 undefined on input line 376
  Reference `eq:bf-pf-sis-recursion' on page 284 undefined on input line 61
  Reference `eq:bf-pf-trajectory-proposal' on page 123 undefined on input line 333
  Reference `eq:bf-pf-trajectory-target' on page 123 undefined on input line 333
  Reference `eq:bf-pff-continuity-equation' on page 132 undefined on input line 261
  Reference `eq:bf-pff-edh-ode' on page 134 undefined on input line 434
  Reference `eq:bf-pff-edh-ode' on page 291 undefined on input line 538
  Reference `eq:bf-pff-edh-velocity' on page 287 undefined on input line 324
  Reference `eq:bf-pff-homotopy-cov-derivative' on page 134 undefined on input line 385
  Reference `eq:bf-pff-homotopy-normalizer' on page 131 undefined on input line 174
  Reference `eq:bf-pff-kalman-endpoint' on page 287 undefined on input line 324
  Reference `eq:bf-pff-ledh-ode' on page 287 undefined on input line 330
  Reference `eq:bf-pff-ledh-ode' on page 291 undefined on input line 538
  Reference `eq:bf-pff-local-jacobian' on page 287 undefined on input line 330
  Reference `eq:bf-pff-log-density-continuity' on page 132 undefined on input line 270
  Reference `eq:bf-pff-log-homotopy' on page 131 undefined on input line 160
  Reference `eq:bf-pff-log-homotopy' on page 287 undefined on input line 318
  Reference `eq:bf-pff-log-homotopy-derivative' on page 131 undefined on input line 203
  Reference `eq:bf-pff-log-homotopy-derivative' on page 132 undefined on input line 269
  Reference `eq:bf-pff-log-homotopy-derivative' on page 287 undefined on input line 318
  Reference `eq:bf-pff-log-homotopy-derivative' on page 291 undefined on input line 538
  Reference `eq:bf-pfpf-alg1-covariance-lifecycle' on page 143 undefined on input line 253
  Reference `eq:bf-pfpf-alg1-det-product' on page 145 undefined on input line 400
  Reference `eq:bf-pfpf-alg1-resampling-triple' on page 144 undefined on input line 362
  Reference `eq:bf-pfpf-jacobian-ode' on page 287 undefined on input line 342
  Reference `eq:bf-pfpf-logdet-affine' on page 287 undefined on input line 342
  Reference `eq:bf-pfpf-logdet-ode' on page 147 undefined on input line 528
  Reference `eq:bf-pfpf-logdet-ode' on page 287 undefined on input line 342
  Reference `eq:bf-pfpf-logdet-ode' on page 291 undefined on input line 543
  Reference `eq:bf-pfpf-postflow-density' on page 141 undefined on input line 105
  Reference `eq:bf-pfpf-postflow-density' on page 145 undefined on input line 423
  Reference `eq:bf-pfpf-postflow-density' on page 147 undefined on input line 522
  Reference `eq:bf-pfpf-postflow-density' on page 287 undefined on input line 336
  Reference `eq:bf-pfpf-preflo-density' on page 287 undefined on input line 336
  Reference `eq:bf-pfpf-weight' on page 142 undefined on input line 184
  Reference `eq:bf-pfpf-weight' on page 144 undefined on input line 309
  Reference `eq:bf-pfpf-weight' on page 146 undefined on input line 480
  Reference `eq:bf-pfpf-weight' on page 147 undefined on input line 526
  Reference `eq:bf-pfpf-weight' on page 287 undefined on input line 336
  Reference `eq:bf-pfpf-weight' on page 291 undefined on input line 543
  Reference `eq:bf-scaled-ukf-points' on page 88 undefined on input line 452
  Reference `eq:bf-scaled-ukf-weights' on page 88 undefined on input line 453
  Reference `eq:bf-score-filtered-cov-first' on page 30 undefined on input line 141
  Reference `eq:bf-score-gain-first' on page 42 undefined on input line 221
  Reference `eq:bf-score-innovation-cov-first' on page 30 undefined on input line 98
  Reference `eq:bf-score-innovation-first' on page 30 undefined on input line 98
  Reference `eq:bf-score-predicted-cov-first' on page 32 undefined on input line 41
  Reference `eq:bf-score-predicted-mean-first' on page 32 undefined on input line 41
  Reference `eq:bf-soft-categorical-choice' on page 287 undefined on input line 348
  Reference `eq:bf-soft-categorical-choice' on page 291 undefined on input line 548
  Reference `eq:bf-soft-mean-preservation' on page 152 undefined on input line 197
  Reference `eq:bf-soft-mean-preservation' on page 287 undefined on input line 354
  Reference `eq:bf-soft-mean-preservation' on page 291 undefined on input line 548
  Reference `eq:bf-soft-rule-eqn' on page 287 undefined on input line 354
  Reference `eq:bf-solve-hessian-logdet' on page 33 undefined on input line 150
  Reference `eq:bf-solve-hessian-quadratic' on page 33 undefined on input line 150
  Reference `eq:bf-solve-hessian-quadratic' on page 70 undefined on input line 354
  Reference `eq:bf-solve-hessian-summary' on page 33 undefined on input line 151
  Reference `eq:bf-solve-hessian-w-dot' on page 33 undefined on input line 112
  Reference `eq:bf-solve-hessian-w-dot' on page 70 undefined on input line 354
  Reference `eq:bf-srukf-factor-reconstruction-first' on page 62 undefined on input line 232
  Reference `eq:bf-srukf-factor-reconstruction-first' on page 63 undefined on input line 391
  Reference `eq:bf-srukf-filtered-factor-first' on page 305 undefined on input line 543
  Reference `eq:bf-srukf-filtered-factor-first' on page 63 undefined on input line 382
  Reference `eq:bf-srukf-filtered-factor-first' on page 63 undefined on input line 392
  Reference `eq:bf-srukf-filtered-mean-first' on page 305 undefined on input line 542
  Reference `eq:bf-srukf-filtered-mean-first' on page 63 undefined on input line 381
  Reference `eq:bf-srukf-innovation-factor' on page 63 undefined on input line 315
  Reference `eq:bf-srukf-propagated-point-first' on page 304 undefined on input line 447
  Reference `eq:bf-srukf-score-first' on page 305 undefined on input line 540
  Reference `eq:bf-ssl-lstm-average-wald-region' on page 516 undefined on input line 850
  Reference `eq:bf-ssl-lstm-dense-local-chain-rule' on page 523 undefined on input line 1202
  Reference `eq:bf-ssl-lstm-dense-local-chain-rule' on page 524 undefined on input line 1252
  Reference `eq:bf-ssl-lstm-exact-neutra-target' on page 515 undefined on input line 789
  Reference `eq:bf-ssl-lstm-fixed-batch-limit' on page 515 undefined on input line 804
  Reference `eq:bf-ssl-lstm-gate-preactivation-jvp' on page 524 undefined on input line 1282
  Reference `eq:bf-ssl-lstm-gates' on page 505 undefined on input line 116
  Reference `eq:bf-ssl-lstm-gates' on page 505 undefined on input line 84
  Reference `eq:bf-ssl-lstm-gates' on page 519 undefined on input line 1115
  Reference `eq:bf-ssl-lstm-growing-hac' on page 510 undefined on input line 476
  Reference `eq:bf-ssl-lstm-horizon-wald-region' on page 516 undefined on input line 851
  Reference `eq:bf-ssl-lstm-initial-law' on page 519 undefined on input line 1116
  Reference `eq:bf-ssl-lstm-joint-predictive-law' on page 514 undefined on input line 735
  Reference `eq:bf-ssl-lstm-loss-region-decision' on page 513 undefined on input line 704
  Reference `eq:bf-ssl-lstm-loss-region-decision' on page 515 undefined on input line 805
  Reference `eq:bf-ssl-lstm-observation-jvp-definition' on page 524 undefined on input line 1253
  Reference `eq:bf-ssl-lstm-parameter-count' on page 524 undefined on input line 1320
  Reference `eq:bf-ssl-lstm-rao-blackwell-estimator' on page 509 undefined on input line 347
  Reference `eq:bf-ssl-lstm-rao-blackwell-influence' on page 508 undefined on input line 278
  Reference `eq:bf-ssl-lstm-rao-blackwell-influence' on page 509 undefined on input line 348
  Reference `eq:bf-ssl-lstm-rao-blackwell-influence' on page 516 undefined on input line 861
  Reference `eq:bf-ssl-lstm-state' on page 505 undefined on input line 118
  Reference `eq:bf-ssl-lstm-state' on page 523 undefined on input line 1216
  Reference `eq:bf-ssl-lstm-state-jvp' on page 524 undefined on input line 1283
  Reference `eq:bf-ssl-lstm-state-observation' on page 505 undefined on input line 116
  Reference `eq:bf-ssl-lstm-state-observation' on page 505 undefined on input line 84
  Reference `eq:bf-ssl-lstm-transition-jvp-definition' on page 523 undefined on input line 1203
  Reference `eq:bf-structural-first-provider' on page 36 undefined on input line 54
  Reference `eq:bf-structural-first-provider' on page 38 undefined on input line 209
  Reference `eq:bf-structural-gain-identity-example' on page 113 undefined on input line 2562
  Reference `eq:bf-structural-map' on page 37 undefined on input line 114
  Reference `eq:bf-structural-map' on page 38 undefined on input line 206
  Reference `eq:bf-structural-map-definition' on page 90 undefined on input line 635
  Reference `eq:bf-structural-map-definition' on page 93 undefined on input line 923
  Reference `eq:bf-structural-second-provider' on page 36 undefined on input line 54
  Reference `eq:bf-structural-second-provider' on page 38 undefined on input line 209
  Reference `eq:bf-structural-stationary-cov-first' on page 37 undefined on input line 146
  Reference `eq:bf-structural-stationary-mean-first' on page 37 undefined on input line 145
  Reference `eq:bf-structural-transform-first' on page 39 undefined on input line 212
  Reference `eq:bf-structural-transform-second' on page 39 undefined on input line 212
  Reference `eq:bf-structural-ukf-loglik-object' on page 112 undefined on input line 2481
  Reference `eq:bf-structural-ukf-loglik-object' on page 113 undefined on input line 2490
  Reference `eq:bf-structural-ukf-loglik-object' on page 71 undefined on input line 530
  Reference `eq:bf-structural-ukf-moment-objects' on page 112 undefined on input line 2435
  Reference `eq:bf-structural-ukf-moment-objects' on page 112 undefined on input line 2462
  Reference `eq:bf-structural-ukf-moment-objects' on page 112 undefined on input line 2468
  Reference `eq:bf-structural-ukf-prop-pushforward' on page 93 undefined on input line 884
  Reference `eq:bf-structural-ukf-prop-pushforward' on page 93 undefined on input line 906
  Reference `eq:bf-structural-ukf-second-order-cov' on page 94 undefined on input line 1002
  Reference `eq:bf-structural-ukf-second-order-mean' on page 94 undefined on input line 989
  Reference `eq:bf-structural-ukf-second-order-mean' on page 94 undefined on input line 993
  Reference `eq:bf-structural-ukf-update-objects' on page 112 undefined on input line 2476
  Reference `eq:bf-structural-ukf-update-objects' on page 113 undefined on input line 2489
  Reference `eq:bf-svd-cut-cloud' on page 76 undefined on input line 924
  Reference `eq:bf-svd-cut-cov-first' on page 77 undefined on input line 1032
  Reference `eq:bf-svd-cut-cov-first' on page 78 undefined on input line 1112
  Reference `eq:bf-svd-cut-cov-second' on page 77 undefined on input line 1033
  Reference `eq:bf-svd-cut-cov-second' on page 78 undefined on input line 1113
  Reference `eq:bf-svd-cut-hessian' on page 78 undefined on input line 1126
  Reference `eq:bf-svd-cut-hessian-pieces' on page 78 undefined on input line 1125
  Reference `eq:bf-svd-cut-innovation-derivatives' on page 78 undefined on input line 1115
  Reference `eq:bf-svd-cut-loglik' on page 78 undefined on input line 1124
  Reference `eq:bf-svd-cut-map-first' on page 77 undefined on input line 1016
  Reference `eq:bf-svd-cut-map-second' on page 77 undefined on input line 1016
  Reference `eq:bf-svd-cut-mean-first' on page 77 undefined on input line 1019
  Reference `eq:bf-svd-cut-mean-second' on page 77 undefined on input line 1019
  Reference `eq:bf-svd-cut-point-first' on page 77 undefined on input line 1013
  Reference `eq:bf-svd-cut-point-second' on page 77 undefined on input line 1014
  Reference `eq:bf-svd-cut-quadrature' on page 75 undefined on input line 882
  Reference `eq:bf-svd-cut-quadrature' on page 76 undefined on input line 924
  Reference `eq:bf-svd-cut-score' on page 78 undefined on input line 1123
  Reference `eq:bf-svd-cut-w-dot' on page 78 undefined on input line 1120
  Reference `eq:bf-svd-eigenvalue-first' on page 72 undefined on input line 620
  Reference `eq:bf-svd-eigenvector-first' on page 73 undefined on input line 702
  Reference `eq:bf-svd-factor-column-second' on page 72 undefined on input line 620
  Reference `eq:bf-svd-factor-reconstruction-first' on page 73 undefined on input line 665
  Reference `eq:bf-svd-factor-reconstruction-first' on page 75 undefined on input line 821
  Reference `eq:bf-svd-factor-reconstruction-first' on page 78 undefined on input line 1149
  Reference `eq:bf-svd-factor-reconstruction-second' on page 73 undefined on input line 665
  Reference `eq:bf-svd-factor-reconstruction-second' on page 75 undefined on input line 821
  Reference `eq:bf-svd-factor-reconstruction-second' on page 78 undefined on input line 1149
  Reference `eq:bf-svd-principal-sqrt-first' on page 73 undefined on input line 707
  Reference `eq:bf-svd-principal-sqrt-first' on page 74 undefined on input line 794
  Reference `eq:bf-svd-principal-sqrt-first' on page 74 undefined on input line 797
  Reference `eq:bf-svd-principal-sqrt-innovation-first' on page 74 undefined on input line 771
  Reference `eq:bf-svd-principal-sqrt-innovation-first' on page 74 undefined on input line 795
  Reference `eq:bf-svd-principal-sqrt-innovation-first' on page 74 undefined on input line 798
  Reference `eq:bf-svd-principal-sqrt-innovation-logdet-first' on page 74 undefined on input line 772
  Reference `eq:bf-svd-sp-cloud' on page 68 undefined on input line 196
  Reference `eq:bf-svd-sp-cloud' on page 70 undefined on input line 357
  Reference `eq:bf-svd-sp-cov-second' on page 68 undefined on input line 188
  Reference `eq:bf-svd-sp-cov-second' on page 68 undefined on input line 200
  Reference `eq:bf-svd-sp-cross-second' on page 73 undefined on input line 728
  Reference `eq:bf-svd-sp-filtered-cov-second' on page 70 undefined on input line 357
  Reference `eq:bf-svd-sp-fixed-support-gap-condition' on page 71 undefined on input line 536
  Reference `eq:bf-svd-sp-fixed-support-null-conditions' on page 71 undefined on input line 448
  Reference `eq:bf-svd-sp-fixed-support-null-conditions' on page 71 undefined on input line 535
  Reference `eq:bf-svd-sp-fixed-support-reconstruction' on page 71 undefined on input line 537
  Reference `eq:bf-svd-sp-mean-first' on page 68 undefined on input line 200
  Reference `eq:bf-svd-sp-point-first' on page 68 undefined on input line 188
  Reference `eq:bf-svd-sp-score' on page 74 undefined on input line 752
  Reference `eq:bf-svd-sp-structural-input-law' on page 70 undefined on input line 378
  Reference `eq:bf-svd-sp-structural-point-map' on page 70 undefined on input line 379
  Reference `eq:bf-svd-sp-transformed-cov' on page 73 undefined on input line 728
  Reference `eq:bf-transported-potential' on page 461 undefined on input line 32
  Reference `eq:bf-ukf-example-k' on page 95 undefined on input line 1095
  Reference `eq:bf-ukf-example-m' on page 100 undefined on input line 1441
  Reference `eq:bf-ukf-example-y' on page 100 undefined on input line 1441
  Reference `eq:bf-ukf-example-y' on page 97 undefined on input line 1212
  Reference `eq:softplus-smooth' on page 436 undefined on input line 37
  Reference `eq:softplus-smooth' on page 437 undefined on input line 63
  Reference `eq:softplus-smooth' on page 438 undefined on input line 106
  Reference `fig:bf-ssl-lstm-controlled-calibration' on page 519 undefined on input line 1090
  Reference `fig:bf-ssl-lstm-launch-traces-theta' on page 518 undefined on input line 990
  Reference `fig:bf-ssl-lstm-launch-traces-z' on page 518 undefined on input line 989
  Reference `fig:bf-ssl-lstm-predictive-fans' on page 519 undefined on input line 1022
  Reference `lem:bf-hd-containment-nesting' on page 378 undefined on input line 646
  Reference `lem:bf-hd-containment-nesting' on page 379 undefined on input line 708
  Reference `lem:bf-hd-containment-nesting' on page 381 undefined on input line 863
  Reference `lem:bf-hd-containment-nesting' on page 384 undefined on input line 1084
  Reference `lem:bf-hnn-kdk-reversible' on page 484 undefined on input line 265
  Reference `lem:bf-hnn-shear-volume' on page 484 undefined on input line 259
  Reference `mdf@pagelabel-1' on page 81 undefined on input line 16
  Reference `mdf@pagelabel-2' on page 85 undefined on input line 297
  Reference `prop:bf-degenerate-covariance-formal-ut-accuracy' on page 109 undefined on input line 2170
  Reference `prop:bf-eot-barycentric-not-second-order' on page 173 undefined on input line 985
  Reference `prop:bf-eot-barycentric-not-second-order' on page 173 undefined on input line 991
  Reference `prop:bf-eot-cubature-design-moments' on page 179 undefined on input line 1526
  Reference `prop:bf-eot-cubature-design-moments' on page 180 undefined on input line 1610
  Reference `prop:bf-eot-cubature-restoration' on page 182 undefined on input line 1756
  Reference `prop:bf-eot-cubature-restoration' on page 182 undefined on input line 1793
  Reference `prop:bf-eot-genut-axis' on page 188 undefined on input line 2208
  Reference `prop:bf-eot-genut-positivity' on page 181 undefined on input line 1746
  Reference `prop:bf-eot-hm-rewhitening' on page 197 undefined on input line 2874
  Reference `prop:bf-eot-hm-score' on page 198 undefined on input line 2944
  Reference `prop:bf-eot-residual-affine-restoration' on page 174 undefined on input line 1101
  Reference `prop:bf-eot-residual-affine-restoration' on page 175 undefined on input line 1225
  Reference `prop:bf-eot-tt-teacher-observable-contraction' on page 195 undefined on input line 2767
  Reference `prop:bf-hd-c2-degree-collapse' on page 383 undefined on input line 1053
  Reference `prop:bf-hd-c2-degree-collapse' on page 383 undefined on input line 984
  Reference `prop:bf-hd-c2-degree-collapse' on page 384 undefined on input line 1109
  Reference `prop:bf-hd-c3-algebra' on page 381 undefined on input line 828
  Reference `prop:bf-hd-c3-algebra' on page 384 undefined on input line 1095
  Reference `prop:bf-hd-conditioning-tv' on page 378 undefined on input line 650
  Reference `prop:bf-hd-conditioning-tv' on page 381 undefined on input line 848
  Reference `prop:bf-hd-conditioning-tv' on page 384 undefined on input line 1087
  Reference `prop:bf-hd-defensive-mixture-bias' on page 381 undefined on input line 855
  Reference `prop:bf-hd-defensive-mixture-bias' on page 384 undefined on input line 1102
  Reference `prop:bf-hd-domination-failure' on page 382 undefined on input line 945
  Reference `prop:bf-hd-domination-failure' on page 384 undefined on input line 1089
  Reference `prop:bf-hd-domination-failure' on page 384 undefined on input line 1106
  Reference `prop:bf-hd-gaussian-box-mass' on page 377 undefined on input line 570
  Reference `prop:bf-hd-gaussian-box-mass' on page 381 undefined on input line 846
  Reference `prop:bf-hd-gaussian-box-mass' on page 384 undefined on input line 1086
  Reference `prop:bf-hd-gaussian-closure-surrogate-regime' on page 303 undefined on input line 358
  Reference `prop:bf-hd-hermite-mass-identity' on page 381 undefined on input line 826
  Reference `prop:bf-hd-likelihood-sensitivity' on page 314 undefined on input line 1271
  Reference `prop:bf-hd-truncation-growth' on page 378 undefined on input line 649
  Reference `prop:bf-hd-truncation-growth' on page 379 undefined on input line 677
  Reference `prop:bf-hd-truncation-growth' on page 381 undefined on input line 847
  Reference `prop:bf-hnn-cost-condition' on page 482 undefined on input line 90
  Reference `prop:bf-hnn-da-balance' on page 487 undefined on input line 530
  Reference `prop:bf-hnn-deterministic-mh' on page 484 undefined on input line 271
  Reference `prop:bf-hnn-deterministic-mh' on page 484 undefined on input line 311
  Reference `prop:bf-hnn-even-momentum' on page 485 undefined on input line 378
  Reference `prop:bf-hnn-safe-exactness' on page 484 undefined on input line 287
  Reference `prop:bf-hnn-safe-exactness' on page 487 undefined on input line 533
  Reference `prop:bf-hnn-safe-exactness' on page 488 undefined on input line 572
  Reference `prop:bf-hnn-safe-exactness' on page 488 undefined on input line 580
  Reference `prop:bf-hnn-safe-exactness' on page 488 undefined on input line 609
  Reference `prop:bf-hnn-safe-exactness' on page 489 undefined on input line 686
  Reference `prop:bf-ledh-actual-sv-reference-projection' on page 221 undefined on input line 1613
  Reference `prop:bf-ledh-ot-cost-vjp' on page 207 undefined on input line 551
  Reference `prop:bf-ledh-ot-cost-vjp' on page 208 undefined on input line 565
  Reference `prop:bf-ledh-ot-normalized-transport-vjp' on page 207 undefined on input line 549
  Reference `prop:bf-ledh-ot-normalized-transport-vjp' on page 208 undefined on input line 564
  Reference `prop:bf-ledh-ot-softmin-vjp' on page 207 undefined on input line 502
  Reference `prop:bf-ledh-ot-softmin-vjp' on page 208 undefined on input line 566
  Reference `prop:bf-ledh-progressive-kkt-chart' on page 221 undefined on input line 1614
  Reference `prop:bf-ledh-progressive-score-tangent-representation' on page 216 undefined on input line 1219
  Reference `prop:bf-ledh-score-aware-fixed-chart' on page 214 undefined on input line 986
  Reference `prop:bf-ledh-score-aware-positive-coreset' on page 213 undefined on input line 925
  Reference `prop:bf-structural-ukf-pushforward' on page 109 undefined on input line 2174
  Reference `prop:bf-structural-ukf-pushforward' on page 70 undefined on input line 380
  Reference `prop:bf-structural-ukf-pushforward' on page 94 undefined on input line 973
  Reference `prop:bf-structural-ukf-ut-accuracy' on page 302 undefined on input line 283
  Reference `prop:bf-structural-ukf-ut-accuracy' on page 302 undefined on input line 285
  Reference `sec:bf-cut-rules' on page 65 undefined on input line 480
  Reference `sec:bf-dpf-hmc-banking-gates' on page 291 undefined on input line 557
  Reference `sec:bf-dpf-hmc-contract' on page 291 undefined on input line 557
  Reference `sec:bf-fixed-rank-rectangular-qr' on page 65 undefined on input line 456
  Reference `sec:bf-fixed-transport-candidate-selection' on page 469 undefined on input line 350
  Reference `sec:bf-hd-defect-containment' on page 376 undefined on input line 491
  Reference `sec:bf-hd-defect-containment' on page 381 undefined on input line 860
  Reference `sec:bf-hd-defect-row-coverage' on page 376 undefined on input line 499
  Reference `sec:bf-hd-refdom' on page 376 undefined on input line 492
  Reference `sec:bf-hd-sgqf-worked-example' on page 337 undefined on input line 695
  Reference `sec:bf-hnn-evaluation' on page 495 undefined on input line 1031
  Reference `sec:bf-hnn-safe-construction' on page 486 undefined on input line 443
  Reference `sec:bf-ledh-actual-sv-overcomplete-certification' on page 233 undefined on input line 2401
  Reference `sec:bf-ledh-ot-jvp' on page 526 undefined on input line 1379
  Reference `sec:bf-pf-likelihood-estimator' on page 291 undefined on input line 532
  Reference `sec:bf-pf-ssm-recursion' on page 291 undefined on input line 532
  Reference `sec:bf-pff-homotopy' on page 291 undefined on input line 537
  Reference `sec:bf-pff-ledh' on page 291 undefined on input line 537
  Reference `sec:bf-pfpf-change-of-variables' on page 291 undefined on input line 542
  Reference `sec:bf-pfpf-logdet' on page 291 undefined on input line 542
  Reference `sec:bf-score-masks' on page 38 undefined on input line 174
  Reference `sec:bf-score-masks' on page 49 undefined on input line 89
  Reference `sec:bf-srukf-factor-propagating-score-contract' on page 303 undefined on input line 356
  Reference `sec:bf-srukf-implemented-direct-qr' on page 80 undefined on input line 1249
  Reference `sec:bf-svd-factor-derivative-contract' on page 78 undefined on input line 1154
  Reference `sec:bf-svd-principal-sqrt-backend' on page 60 undefined on input line 87
  Reference `tab:bf-dpf-hmc-rungs' on page 278 undefined on input line 356
  Reference `tab:bf-hnn-corrected-results' on page 494 undefined on input line 992
  Reference `tab:bf-ledh-score-aware-lgssm-witness' on page 227 undefined on input line 2028
  Reference `tab:bf-neutra-common-summary' on page 475 undefined on input line 699
  Reference `tab:bf-ssl-lstm-complexity-ladder' on page 519 undefined on input line 1128
  Reference `tab:bf-ssl-lstm-direct-forecast-summary' on page 519 undefined on input line 1025
Latexmk: Examining '/home/ubuntu/python/BayesFilter/docs/plans/artifacts/hmc-remaining-gaps-2026-09-24/f-r1/book-r2/build/main.log'
=== TeX engine is 'pdfTeX'
Latexmk: Found bibliography file(s) [references.bib]
Rule 'bibtex /home/ubuntu/python/BayesFilter/docs/plans/artifacts/hmc-remaining-gaps-2026-09-24/f-r1/book-r2/build/main': File changes, etc:
   Changed files, or newly in use since previous run(s):
      '/home/ubuntu/python/BayesFilter/docs/plans/artifacts/hmc-remaining-gaps-2026-09-24/f-r1/book-r2/build/main.aux'
------------
Run number 1 of rule 'bibtex /home/ubuntu/python/BayesFilter/docs/plans/artifacts/hmc-remaining-gaps-2026-09-24/f-r1/book-r2/build/main'
------------
Latexmk: applying rule 'bibtex /home/ubuntu/python/BayesFilter/docs/plans/artifacts/hmc-remaining-gaps-2026-09-24/f-r1/book-r2/build/main'...
------------
Running 'bibtex  "main.aux"'
------------
Latexmk: Change directory to '/home/ubuntu/python/BayesFilter/docs/plans/artifacts/hmc-remaining-gaps-2026-09-24/f-r1/book-r2/build/'.
To assist finding of files in document
directory, I set
  BIBINPUTS='/home/ubuntu/python/BayesFilter/docs/plans/artifacts/hmc-remaining-gaps-2026-09-24/f-r1/book-r2/docs:/home/ubuntu/python/BayesFilter/docs/plans/artifacts/hmc-remaining-gaps-2026-09-24/f-r1/book-r2/build:'
  BSTINPUTS='/home/ubuntu/python/BayesFilter/docs/plans/artifacts/hmc-remaining-gaps-2026-09-24/f-r1/book-r2/docs:'.
This is BibTeX, Version 0.99d (TeX Live 2022/dev/Debian)
The top-level auxiliary file: main.aux
The style file: plainnat.bst
Database file #1: references.bib
Rule 'pdflatex': File changes, etc:
   Changed files, or newly in use since previous run(s):
      '/home/ubuntu/python/BayesFilter/docs/plans/artifacts/hmc-remaining-gaps-2026-09-24/f-r1/book-r2/build/main.aux'
      '/home/ubuntu/python/BayesFilter/docs/plans/artifacts/hmc-remaining-gaps-2026-09-24/f-r1/book-r2/build/main.bbl'
      '/home/ubuntu/python/BayesFilter/docs/plans/artifacts/hmc-remaining-gaps-2026-09-24/f-r1/book-r2/build/main.out'
------------
Run number 2 of rule 'pdflatex'
------------
------------
Running 'pdflatex  -interaction=nonstopmode -halt-on-error -recorder -output-directory="/home/ubuntu/python/BayesFilter/docs/plans/artifacts/hmc-remaining-gaps-2026-09-24/f-r1/book-r2/build"  "main.tex"'
------------
Latexmk: Change directory back to '/home/ubuntu/python/BayesFilter/docs/plans/artifacts/hmc-remaining-gaps-2026-09-24/f-r1/book-r2/docs'
Latexmk: applying rule 'pdflatex'...
This is pdfTeX, Version 3.141592653-2.6-1.40.22 (TeX Live 2022/dev/Debian) (preloaded format=pdflatex)
 restricted \write18 enabled.
entering extended mode
(./main.tex
LaTeX2e <2021-11-15> patch level 1
L3 programming layer <2022-01-21>
(/usr/share/texlive/texmf-dist/tex/latex/base/book.cls
Document Class: book 2021/10/04 v1.4n Standard LaTeX document class
(/usr/share/texlive/texmf-dist/tex/latex/base/bk12.clo)) (./preamble.tex
(/usr/share/texlive/texmf-dist/tex/latex/geometry/geometry.sty
(/usr/share/texlive/texmf-dist/tex/latex/graphics/keyval.sty)
(/usr/share/texlive/texmf-dist/tex/generic/iftex/ifvtex.sty
(/usr/share/texlive/texmf-dist/tex/generic/iftex/iftex.sty)))
(/usr/share/texlive/texmf-dist/tex/latex/amsmath/amsmath.sty
For additional information on amsmath, use the `?' option.
(/usr/share/texlive/texmf-dist/tex/latex/amsmath/amstext.sty
(/usr/share/texlive/texmf-dist/tex/latex/amsmath/amsgen.sty))
(/usr/share/texlive/texmf-dist/tex/latex/amsmath/amsbsy.sty)
(/usr/share/texlive/texmf-dist/tex/latex/amsmath/amsopn.sty))
(/usr/share/texlive/texmf-dist/tex/latex/amsfonts/amssymb.sty
(/usr/share/texlive/texmf-dist/tex/latex/amsfonts/amsfonts.sty))
(/usr/share/texlive/texmf-dist/tex/latex/amscls/amsthm.sty)
(/usr/share/texlive/texmf-dist/tex/latex/tools/bm.sty)
(/usr/share/texlive/texmf-dist/tex/latex/mathtools/mathtools.sty
(/usr/share/texlive/texmf-dist/tex/latex/tools/calc.sty)
(/usr/share/texlive/texmf-dist/tex/latex/mathtools/mhsetup.sty))
(/usr/share/texlive/texmf-dist/tex/latex/booktabs/booktabs.sty)
(/usr/share/texlive/texmf-dist/tex/latex/tools/longtable.sty)
(/usr/share/texlive/texmf-dist/tex/latex/tools/array.sty)
(/usr/share/texlive/texmf-dist/tex/latex/enumitem/enumitem.sty)
(/usr/share/texlive/texmf-dist/tex/latex/placeins/placeins.sty)
(/usr/share/texlive/texmf-dist/tex/latex/graphics/graphicx.sty
(/usr/share/texlive/texmf-dist/tex/latex/graphics/graphics.sty
(/usr/share/texlive/texmf-dist/tex/latex/graphics/trig.sty)
(/usr/share/texlive/texmf-dist/tex/latex/graphics-cfg/graphics.cfg)
(/usr/share/texlive/texmf-dist/tex/latex/graphics-def/pdftex.def)))
(/usr/share/texlive/texmf-dist/tex/latex/pgf/frontendlayer/tikz.sty
(/usr/share/texlive/texmf-dist/tex/latex/pgf/basiclayer/pgf.sty
(/usr/share/texlive/texmf-dist/tex/latex/pgf/utilities/pgfrcs.sty
(/usr/share/texlive/texmf-dist/tex/generic/pgf/utilities/pgfutil-common.tex
(/usr/share/texlive/texmf-dist/tex/generic/pgf/utilities/pgfutil-common-lists.t
ex)) (/usr/share/texlive/texmf-dist/tex/generic/pgf/utilities/pgfutil-latex.def
) (/usr/share/texlive/texmf-dist/tex/generic/pgf/utilities/pgfrcs.code.tex
(/usr/share/texlive/texmf-dist/tex/generic/pgf/pgf.revision.tex)))
(/usr/share/texlive/texmf-dist/tex/latex/pgf/basiclayer/pgfcore.sty
(/usr/share/texlive/texmf-dist/tex/latex/pgf/systemlayer/pgfsys.sty
(/usr/share/texlive/texmf-dist/tex/generic/pgf/systemlayer/pgfsys.code.tex
(/usr/share/texlive/texmf-dist/tex/generic/pgf/utilities/pgfkeys.code.tex
(/usr/share/texlive/texmf-dist/tex/generic/pgf/utilities/pgfkeysfiltered.code.t
ex)) (/usr/share/texlive/texmf-dist/tex/generic/pgf/systemlayer/pgf.cfg)
(/usr/share/texlive/texmf-dist/tex/generic/pgf/systemlayer/pgfsys-pdftex.def
(/usr/share/texlive/texmf-dist/tex/generic/pgf/systemlayer/pgfsys-common-pdf.de
f)))
(/usr/share/texlive/texmf-dist/tex/generic/pgf/systemlayer/pgfsyssoftpath.code.
tex)
(/usr/share/texlive/texmf-dist/tex/generic/pgf/systemlayer/pgfsysprotocol.code.
tex)) (/usr/share/texlive/texmf-dist/tex/latex/xcolor/xcolor.sty
(/usr/share/texlive/texmf-dist/tex/latex/graphics-cfg/color.cfg))
(/usr/share/texlive/texmf-dist/tex/generic/pgf/basiclayer/pgfcore.code.tex
(/usr/share/texlive/texmf-dist/tex/generic/pgf/math/pgfmath.code.tex
(/usr/share/texlive/texmf-dist/tex/generic/pgf/math/pgfmathcalc.code.tex
(/usr/share/texlive/texmf-dist/tex/generic/pgf/math/pgfmathutil.code.tex)
(/usr/share/texlive/texmf-dist/tex/generic/pgf/math/pgfmathparser.code.tex)
(/usr/share/texlive/texmf-dist/tex/generic/pgf/math/pgfmathfunctions.code.tex
(/usr/share/texlive/texmf-dist/tex/generic/pgf/math/pgfmathfunctions.basic.code
.tex)
(/usr/share/texlive/texmf-dist/tex/generic/pgf/math/pgfmathfunctions.trigonomet
ric.code.tex)
(/usr/share/texlive/texmf-dist/tex/generic/pgf/math/pgfmathfunctions.random.cod
e.tex)
(/usr/share/texlive/texmf-dist/tex/generic/pgf/math/pgfmathfunctions.comparison
.code.tex)
(/usr/share/texlive/texmf-dist/tex/generic/pgf/math/pgfmathfunctions.base.code.
tex)
(/usr/share/texlive/texmf-dist/tex/generic/pgf/math/pgfmathfunctions.round.code
.tex)
(/usr/share/texlive/texmf-dist/tex/generic/pgf/math/pgfmathfunctions.misc.code.
tex)
(/usr/share/texlive/texmf-dist/tex/generic/pgf/math/pgfmathfunctions.integerari
thmetics.code.tex)))
(/usr/share/texlive/texmf-dist/tex/generic/pgf/math/pgfmathfloat.code.tex))
(/usr/share/texlive/texmf-dist/tex/generic/pgf/math/pgfint.code.tex)
(/usr/share/texlive/texmf-dist/tex/generic/pgf/basiclayer/pgfcorepoints.code.te
x)
(/usr/share/texlive/texmf-dist/tex/generic/pgf/basiclayer/pgfcorepathconstruct.
code.tex)
(/usr/share/texlive/texmf-dist/tex/generic/pgf/basiclayer/pgfcorepathusage.code
.tex)
(/usr/share/texlive/texmf-dist/tex/generic/pgf/basiclayer/pgfcorescopes.code.te
x)
(/usr/share/texlive/texmf-dist/tex/generic/pgf/basiclayer/pgfcoregraphicstate.c
ode.tex)
(/usr/share/texlive/texmf-dist/tex/generic/pgf/basiclayer/pgfcoretransformation
s.code.tex)
(/usr/share/texlive/texmf-dist/tex/generic/pgf/basiclayer/pgfcorequick.code.tex
)
(/usr/share/texlive/texmf-dist/tex/generic/pgf/basiclayer/pgfcoreobjects.code.t
ex)
(/usr/share/texlive/texmf-dist/tex/generic/pgf/basiclayer/pgfcorepathprocessing
.code.tex)
(/usr/share/texlive/texmf-dist/tex/generic/pgf/basiclayer/pgfcorearrows.code.te
x)
(/usr/share/texlive/texmf-dist/tex/generic/pgf/basiclayer/pgfcoreshade.code.tex
)
(/usr/share/texlive/texmf-dist/tex/generic/pgf/basiclayer/pgfcoreimage.code.tex

(/usr/share/texlive/texmf-dist/tex/generic/pgf/basiclayer/pgfcoreexternal.code.
tex))
(/usr/share/texlive/texmf-dist/tex/generic/pgf/basiclayer/pgfcorelayers.code.te
x)
(/usr/share/texlive/texmf-dist/tex/generic/pgf/basiclayer/pgfcoretransparency.c
ode.tex)
(/usr/share/texlive/texmf-dist/tex/generic/pgf/basiclayer/pgfcorepatterns.code.
tex)
(/usr/share/texlive/texmf-dist/tex/generic/pgf/basiclayer/pgfcorerdf.code.tex))
)
(/usr/share/texlive/texmf-dist/tex/generic/pgf/modules/pgfmoduleshapes.code.tex
) (/usr/share/texlive/texmf-dist/tex/generic/pgf/modules/pgfmoduleplot.code.tex
)
(/usr/share/texlive/texmf-dist/tex/latex/pgf/compatibility/pgfcomp-version-0-65
.sty)
(/usr/share/texlive/texmf-dist/tex/latex/pgf/compatibility/pgfcomp-version-1-18
.sty)) (/usr/share/texlive/texmf-dist/tex/latex/pgf/utilities/pgffor.sty
(/usr/share/texlive/texmf-dist/tex/latex/pgf/utilities/pgfkeys.sty
(/usr/share/texlive/texmf-dist/tex/generic/pgf/utilities/pgfkeys.code.tex))
(/usr/share/texlive/texmf-dist/tex/latex/pgf/math/pgfmath.sty
(/usr/share/texlive/texmf-dist/tex/generic/pgf/math/pgfmath.code.tex))
(/usr/share/texlive/texmf-dist/tex/generic/pgf/utilities/pgffor.code.tex
(/usr/share/texlive/texmf-dist/tex/generic/pgf/math/pgfmath.code.tex)))
(/usr/share/texlive/texmf-dist/tex/generic/pgf/frontendlayer/tikz/tikz.code.tex

(/usr/share/texlive/texmf-dist/tex/generic/pgf/libraries/pgflibraryplothandlers
.code.tex)
(/usr/share/texlive/texmf-dist/tex/generic/pgf/modules/pgfmodulematrix.code.tex
)
(/usr/share/texlive/texmf-dist/tex/generic/pgf/frontendlayer/tikz/libraries/tik
zlibrarytopaths.code.tex)))
(/usr/share/texlive/texmf-dist/tex/generic/pgf/libraries/pgflibraryarrows.meta.
code.tex)
(/usr/share/texlive/texmf-dist/tex/generic/pgf/frontendlayer/tikz/libraries/tik
zlibrarycalc.code.tex)
(/usr/share/texlive/texmf-dist/tex/generic/pgf/frontendlayer/tikz/libraries/tik
zlibrarypositioning.code.tex)
(/usr/share/texlive/texmf-dist/tex/latex/hyperref/hyperref.sty
(/usr/share/texlive/texmf-dist/tex/generic/ltxcmds/ltxcmds.sty)
(/usr/share/texlive/texmf-dist/tex/generic/pdftexcmds/pdftexcmds.sty
(/usr/share/texlive/texmf-dist/tex/generic/infwarerr/infwarerr.sty))
(/usr/share/texlive/texmf-dist/tex/generic/kvsetkeys/kvsetkeys.sty)
(/usr/share/texlive/texmf-dist/tex/generic/kvdefinekeys/kvdefinekeys.sty)
(/usr/share/texlive/texmf-dist/tex/generic/pdfescape/pdfescape.sty)
(/usr/share/texlive/texmf-dist/tex/latex/hycolor/hycolor.sty)
(/usr/share/texlive/texmf-dist/tex/latex/letltxmacro/letltxmacro.sty)
(/usr/share/texlive/texmf-dist/tex/latex/auxhook/auxhook.sty)
(/usr/share/texlive/texmf-dist/tex/latex/kvoptions/kvoptions.sty)
(/usr/share/texlive/texmf-dist/tex/latex/hyperref/pd1enc.def)
(/usr/share/texlive/texmf-dist/tex/latex/hyperref/hyperref-langpatches.def)
(/usr/share/texlive/texmf-dist/tex/generic/intcalc/intcalc.sty)
(/usr/share/texlive/texmf-dist/tex/generic/etexcmds/etexcmds.sty)
(/usr/share/texlive/texmf-dist/tex/latex/hyperref/puenc.def)
(/usr/share/texlive/texmf-dist/tex/latex/url/url.sty)
(/usr/share/texlive/texmf-dist/tex/generic/bitset/bitset.sty
(/usr/share/texlive/texmf-dist/tex/generic/bigintcalc/bigintcalc.sty))
(/usr/share/texlive/texmf-dist/tex/latex/base/atbegshi-ltx.sty))
(/usr/share/texlive/texmf-dist/tex/latex/hyperref/hpdftex.def
(/usr/share/texlive/texmf-dist/tex/latex/base/atveryend-ltx.sty)
(/usr/share/texlive/texmf-dist/tex/latex/rerunfilecheck/rerunfilecheck.sty
(/usr/share/texlive/texmf-dist/tex/generic/uniquecounter/uniquecounter.sty)))
(/usr/share/texlive/texmf-dist/tex/latex/natbib/natbib.sty)
(/usr/share/texlive/texmf-dist/tex/latex/mdframed/mdframed.sty
(/usr/share/texlive/texmf-dist/tex/latex/l3packages/xparse/xparse.sty
(/usr/share/texlive/texmf-dist/tex/latex/l3kernel/expl3.sty
(/usr/share/texlive/texmf-dist/tex/latex/l3backend/l3backend-pdftex.def)))
(/usr/share/texlive/texmf-dist/tex/latex/etoolbox/etoolbox.sty)
(/usr/share/texlive/texmf-dist/tex/latex/zref/zref-abspage.sty
(/usr/share/texlive/texmf-dist/tex/latex/zref/zref-base.sty))
(/usr/share/texlive/texmf-dist/tex/latex/needspace/needspace.sty)
(/usr/share/texlive/texmf-dist/tex/latex/mdframed/md-frame-0.mdf))
(/usr/share/texlive/texmf-dist/tex/latex/algorithms/algorithm.sty
(/usr/share/texlive/texmf-dist/tex/latex/float/float.sty)
(/usr/share/texlive/texmf-dist/tex/latex/base/ifthen.sty))
(/usr/share/texlive/texmf-dist/tex/latex/algorithmicx/algpseudocode.sty
(/usr/share/texlive/texmf-dist/tex/latex/algorithmicx/algorithmicx.sty
Document Style algorithmicx 1.2 - a greatly improved `algorithmic' style
)
Document Style - pseudocode environments for use with the `algorithmicx' style
) (/usr/share/texlive/texmf-dist/tex/latex/listings/listings.sty
(/usr/share/texlive/texmf-dist/tex/latex/listings/lstmisc.sty)
(/usr/share/texlive/texmf-dist/tex/latex/listings/listings.cfg)))
(/home/ubuntu/python/BayesFilter/docs/plans/artifacts/hmc-remaining-gaps-2026-0
9-24/f-r1/book-r2/build/main.aux)
*geometry* driver: auto-detecting
*geometry* detected driver: pdftex
(/usr/share/texlive/texmf-dist/tex/context/base/mkii/supp-pdf.mkii
[Loading MPS to PDF converter (version 2006.09.02).]
) (/usr/share/texlive/texmf-dist/tex/latex/epstopdf-pkg/epstopdf-base.sty
(/usr/share/texlive/texmf-dist/tex/latex/latexconfig/epstopdf-sys.cfg))
(/usr/share/texlive/texmf-dist/tex/latex/hyperref/nameref.sty
(/usr/share/texlive/texmf-dist/tex/latex/refcount/refcount.sty)
(/usr/share/texlive/texmf-dist/tex/generic/gettitlestring/gettitlestring.sty))
(/home/ubuntu/python/BayesFilter/docs/plans/artifacts/hmc-remaining-gaps-2026-0
9-24/f-r1/book-r2/build/main.out)
(/home/ubuntu/python/BayesFilter/docs/plans/artifacts/hmc-remaining-gaps-2026-0
9-24/f-r1/book-r2/build/main.out)
(/usr/share/texlive/texmf-dist/tex/latex/amsfonts/umsa.fd)
(/usr/share/texlive/texmf-dist/tex/latex/amsfonts/umsb.fd) [1{/var/lib/texmf/fo
nts/map/pdftex/updmap/pdftex.map}]
(/home/ubuntu/python/BayesFilter/docs/plans/artifacts/hmc-remaining-gaps-2026-0
9-24/f-r1/book-r2/build/main.toc [2] [3] [4] [5] [6] [7] [8] [9] [10] [11]
Overfull \hbox (2.71497pt too wide) in paragraph at lines 564--564
 [][] [][][]\OT1/cmr/m/n/12 Fixed-Branch Ap-prox-i-mate Like-li-hoods Across Th
e Three Op-er-a-tional Lay- 
[12] [13]
Overfull \hbox (2.46931pt too wide) in paragraph at lines 642--642
 [] [][][]\OT1/cmr/bx/n/12 Occasionally Bind-ing Con-straints, Gra-di-ent Dis-c
on-ti-nu-ities, and a Failed 
[14] [15] [16] [17]) [18] [1] (./chapters/ch01_introduction.tex
Chapter 1.
[2]) (./chapters/ch02_state_space_contracts.tex [3]
Chapter 2.

Overfull \hbox (7.30852pt too wide) in paragraph at lines 34--36
\OT1/cmr/m/it/12 data that de-com-poses the la-tent state co-or-di-nates into d
e-clared roles. The min-i-mal BayesFil-
[4] [5]) (./chapters/ch03_hmc_target_requirements.tex [6]
Chapter 3.
[7]) (./chapters/ch04_bayesfilter_api.tex [8]
Chapter 4.

Overfull \hbox (0.90378pt too wide) in paragraph at lines 36--38
\OT1/cmr/m/n/12 The ex-act soft-ware in-ter-face may change, but im-ple-men-ta-
tions should be au-ditable against

Underfull \vbox (badness 3240) has occurred while \output is active [9]
[10]
Overfull \hbox (26.99707pt too wide) in paragraph at lines 104--107
[]\OT1/cmr/bx/n/12 Fail-closed par-ti-tion val-i-da-tion: \OT1/cmr/m/n/12 mixed
 mod-els must de-clare stochas-tic, deterministic-

Overfull \hbox (13.88249pt too wide) in paragraph at lines 125--129
[]\OT1/cmr/m/n/12 DSGE and Macro-Fi-nance adapters should sup-ply model tim-ing
 and eco-nomics. BayesFil-
[11] [12]) [13] [14] [15] (./chapters/ch05_prediction_error_decomposition.tex
Chapter 5.
[16] [17]) (./chapters/ch06_stable_linear_filtering.tex [18]
Chapter 6.
[19] [20]) (./chapters/ch07_missing_data_mixed_frequency.tex [21]
Chapter 7.
[22]) (./chapters/ch08_large_scale_lgssm.tex [23]
Chapter 8.
[24] [25]) [26] [27] [28] (./chapters/ch09_kalman_score.tex
Chapter 9.
[29]) (./chapters/ch10_kalman_hessian.tex [30] [31]
Chapter 10.
[32] [33] [34]) (./chapters/ch11_structural_derivatives.tex [35]
Chapter 11.
[36] [37] [38]) (./chapters/ch12_factor_derivatives.tex [39]
Chapter 12.
[40] [41]
Overfull \hbox (10.90388pt too wide) in paragraph at lines 183--186
\OT1/cmr/m/n/12 The generic for-mu-las above en-ter the fil-ter through stack f
ac-tor-iza-tions. If $\OML/cmm/m/it/12 C[]C[] \OT1/cmr/m/n/12 =
[42] [43]
Overfull \hbox (2.67781pt too wide) in paragraph at lines 339--339
[]\OT1/cmr/bx/n/17.28 Affine-Support Gaus-sian Like-li-hood and Deriva-
) (./chapters/ch13_custom_gradient_wrappers.tex
Overfull \hbox (4.11865pt too wide) in paragraph at lines 358--1
\OT1/cmr/m/n/12 The deriva-tive in-cludes mo-tion of the sup-port ba-sis and th
e in-no-va-tion. A log-determinant-
[44]
Chapter 13.
[45] [46]) (./chapters/ch14_derivative_validation.tex [47]
Chapter 14.
[48] [49] [50]) [51] [52] (./chapters/ch15_ekf.tex
Chapter 15.
[53]) (./chapters/ch16_sigma_point_filters.tex [54]
Chapter 16.

Package natbib Warning: Citation `adurthi2012cut' on page 55 undefined on input
 line 45.


Package natbib Warning: Citation `adurthi2012cutfiltering' on page 55 undefined
 on input line 45.

[55] [56] [57]) (./chapters/ch17_square_root_sigma_point.tex [58]
Chapter 17.

Overfull \hbox (19.65202pt too wide) in paragraph at lines 14--21
\OT1/cmr/m/n/12 For a model with sep-a-rate first- and second-order state com-p
o-nents, use \OT1/cmtt/m/n/12 TFPrunedSRUKFModel
[59] [60] [61] [62] [63] [64]) (./chapters/ch18_svd_sigma_point.tex [65]
Chapter 18.
[66] [67] [68] [69] [70] [71]

Package natbib Warning: Citation `ionescu2015matrixbackprop' on page 72 undefin
ed on input line 629.

[72] [73]
Overfull \hbox (0.14557pt too wide) in paragraph at lines 804--809
[]\OT1/cmr/m/n/12 The Phase 2026-06 strict-SPD im-ple-men-ta-tion ev-i-dence is
 bounded: re-peated positive-

Overfull \hbox (14.28558pt too wide) in paragraph at lines 804--809
\OT1/cmr/m/n/12 spectrum fix-tures, re-con-struc-tion checks, com-piled val-ue/
s-core smoke, and the two-candidate
[74] [75] [76] [77] [78] [79])
(./chapters/ch18b_structural_deterministic_dynamics.tex [80]
Chapter 19.
[81]
Overfull \hbox (11.80775pt too wide) in paragraph at lines 67--72
\OT1/cmr/m/it/12 To place sigma points on a ran-dom vari-able means to choose w
eighted points $\OMS/cmsy/m/n/12 f\OML/cmm/m/it/12 a[]; w[]; w[]\OMS/cmsy/m/n/1
2 g$

Package natbib Warning: Citation `herbst2015bayesian' on page 82 undefined on i
nput line 109.


Package natbib Warning: Citation `an2007bayesian' on page 82 undefined on input
 line 109.


Package natbib Warning: Citation `kim2008calculating' on page 82 undefined on i
nput line 113.


Package natbib Warning: Citation `andreasen2018pruned' on page 82 undefined on 
input line 113.


Package natbib Warning: Citation `durbin2012time' on page 82 undefined on input
 line 127.


Package natbib Warning: Citation `herbst2015bayesian' on page 82 undefined on i
nput line 127.


Package natbib Warning: Citation `an2007bayesian' on page 82 undefined on input
 line 127.


Overfull \hbox (12.278pt too wide) in paragraph at lines 123--128
[]\OT1/cmr/bx/n/12 State-space like-li-hoods and DSGE so-lu-tions. \OT1/cmr/m/n
/12 Stan-dard state-space and Bayesian

Package natbib Warning: Citation `kim2008calculating' on page 82 undefined on i
nput line 132.


Package natbib Warning: Citation `andreasen2018pruned' on page 82 undefined on 
input line 132.

[82]

Package natbib Warning: Citation `julier1996general' on page 83 undefined on in
put line 140.


Package natbib Warning: Citation `julier1997new' on page 83 undefined on input 
line 140.


Package natbib Warning: Citation `vandermerwe2004sigma' on page 83 undefined on
 input line 140.


Package natbib Warning: Citation `gordon1993novel' on page 83 undefined on inpu
t line 145.


Package natbib Warning: Citation `doucet2001sequential' on page 83 undefined on
 input line 145.


Package natbib Warning: Citation `andrieu2010particle' on page 83 undefined on 
input line 145.


Package natbib Warning: Citation `durbin2012time' on page 83 undefined on input
 line 169.

[83]

Package natbib Warning: Citation `gordon1993novel' on page 84 undefined on inpu
t line 241.


Package natbib Warning: Citation `doucet2001sequential' on page 84 undefined on
 input line 241.


Package natbib Warning: Citation `andrieu2010particle' on page 84 undefined on 
input line 241.

[84]
Overfull \hbox (3.5873pt too wide) in paragraph at lines 293--296
[]\OT1/cmr/m/n/12 Return the like-li-hood con-tri-bu-tion, fil-tered ap-prox-i-
ma-tion, and meta-data record-
[85]
Overfull \hbox (25.57852pt too wide) in paragraph at lines 322--324
[]\OT1/cmr/m/n/12 an al-tered tran-si-tion law that in-jects new stochas-tic de
-grees of free-dom into deterministic-

Package natbib Warning: Citation `julier1996general' on page 86 undefined on in
put line 358.


Package natbib Warning: Citation `julier1997new' on page 86 undefined on input 
line 358.


Package natbib Warning: Citation `vandermerwe2004sigma' on page 86 undefined on
 input line 360.

[86]

Package natbib Warning: Citation `julier1996general' on page 87 undefined on in
put line 396.


Package natbib Warning: Citation `vandermerwe2004sigma' on page 87 undefined on
 input line 400.

[87] [88]
Overfull \hbox (31.87715pt too wide) in paragraph at lines 536--540
[]\OT1/cmr/bx/n/12 Sigma points. \OT1/cmr/m/n/12 Gen-er-ate $\OMS/cmsy/m/n/12 f
\OML/cmm/m/it/12 a[]; w[]; w[]\OMS/cmsy/m/n/12 g[]$ \OT1/cmr/m/n/12 from $(\OML
/cmm/m/it/12 ^^V[]; P[]\OT1/cmr/m/n/12 )$. Write $\OML/cmm/m/it/12 a[] \OT1/cmr
/m/n/12 = (\OML/cmm/m/it/12 m[]; k[]; "[]\OT1/cmr/m/n/12 )$. 
[89]

Package natbib Warning: Citation `chopin2020introduction' on page 90 undefined 
on input line 597.

[90] [91]
Underfull \hbox (badness 10000) in paragraph at lines 806--806
[]|\OT1/cmr/bx/n/12 Standard additive-noise

Underfull \hbox (badness 10000) in paragraph at lines 812--812
[]|\OT1/cmr/m/n/12 Direct pro-cess

Underfull \hbox (badness 1184) in paragraph at lines 814--814
[]|\OT1/cmr/m/n/12 None un-less con-straints are

Underfull \hbox (badness 10000) in paragraph at lines 819--819
[]|\OT1/cmr/m/n/12 SVD/square-root
[92] [93]

Package natbib Warning: Citation `julier1996general' on page 94 undefined on in
put line 1004.


Package natbib Warning: Citation `vandermerwe2004sigma' on page 94 undefined on
 input line 1004.

[94]

Package natbib Warning: Citation `julier1997new' on page 95 undefined on input 
line 1081.

[95] [96] [97] [98]
Overfull \hbox (11.73978pt too wide) in paragraph at lines 1424--1427
\OT1/cmr/m/n/12 which mixes gen-uine shock-driven vari-a-tion with ar-ti-fi-cia
l per-tur-ba-tions of the deterministic-
[99] [100] [101]
Overfull \hbox (9.63632pt too wide) in paragraph at lines 1668--1670
 []\OT1/cmr/bx/n/12 Deterministic-completion iden-tity.[] \OT1/cmr/m/n/12 Un-de
r []--[], all ad-mis-si-ble la-tent states
[102]
Overfull \hbox (1.82225pt too wide) in paragraph at lines 1736--1737
 []\OT1/cmr/bx/n/12 Failure prop-a-ga-tion and observation-side-only er-ror.[] 
\OT1/cmr/m/n/12 Un-der the pre-ced-ing worked
[103] [104] [105] [106]
Overfull \hbox (3.13388pt too wide) in paragraph at lines 2079--2079
[]\OT1/cmr/bx/n/17.28 Structural De-gen-er-acy, Nu-mer-i-cal De-gen-er-acy,

Underfull \hbox (badness 10000) in paragraph at lines 2089--2089
[]|\OT1/cmr/m/n/12 Some la-tent co-or-di-

Underfull \hbox (badness 5607) in paragraph at lines 2089--2089
\OT1/cmr/m/n/12 nates are deterministic-

Underfull \hbox (badness 10000) in paragraph at lines 2089--2089
\OT1/cmr/m/n/12 completion vari-ables

Underfull \hbox (badness 1596) in paragraph at lines 2090--2090
[]|\OT1/cmr/m/n/12 A co-vari-ance or in-no-va-

Underfull \hbox (badness 1117) in paragraph at lines 2090--2091
[]|\OT1/cmr/m/n/12 Use a sta-ble solve, square-

Underfull \hbox (badness 1253) in paragraph at lines 2090--2091
\OT1/cmr/m/n/12 ap-pro-pri-ate to the de-clared

Underfull \hbox (badness 10000) in paragraph at lines 2091--2091
[]|\OT1/cmr/m/n/12 SVD/square-root

Underfull \hbox (badness 10000) in paragraph at lines 2091--2091
[]|\OT1/cmr/m/n/12 A nu-mer-i-cal back-end

Underfull \hbox (badness 10000) in paragraph at lines 2092--2092
[]|\OT1/cmr/m/n/12 Derivative/spectral

Underfull \hbox (badness 10000) in paragraph at lines 2092--2092
[]|\OT1/cmr/m/n/12 Raw au-tod-iff through

Underfull \hbox (badness 10000) in paragraph at lines 2092--2092
\OT1/cmr/m/n/12 spec-tral or fall-back

Underfull \hbox (badness 10000) in paragraph at lines 2092--2093
[]|\OT1/cmr/m/n/12 Requires deriva-tive au-dits,

Underfull \hbox (badness 7540) in paragraph at lines 2092--2093
\OT1/cmr/m/n/12 stress tests, and pos-si-bly
[107] [108] [109] [110] [111] [112] [113]

Package natbib Warning: Citation `ionescu2015matrixbackprop' on page 114 undefi
ned on input line 2608.

[114]
Overfull \hbox (12.32727pt too wide) in paragraph at lines 2644--2646
[]\OT1/cmr/m/n/12 dimensions and names for the fil-tered state, the de-clared i
n-no-va-tion, and deterministic-
[115] [116]) [117] [118] (./chapters/ch19_particle_filters.tex
Chapter 20.
[119]
Underfull \hbox (badness 1571) in paragraph at lines 98--100
[]|\OT1/cmr/m/n/8 Structural/model pa-ram-e-ter and, in HMC

Underfull \hbox (badness 1005) in paragraph at lines 105--107
[]|\OT1/cmr/m/n/8 Pre- or post-update par-ti-cles, equal-weight

Underfull \hbox (badness 1983) in paragraph at lines 107--107
[]|\OT1/cmr/m/n/8 Weights and em-pir-i-cal

Underfull \hbox (badness 10000) in paragraph at lines 109--110
[]|\OT1/cmr/m/n/8 Unnormalized/normalized weights and

Underfull \hbox (badness 1953) in paragraph at lines 118--118
[]|\OT1/cmr/m/n/8 Flow maps and Ja-co-

Underfull \hbox (badness 1394) in paragraph at lines 157--159
[]|\OT1/cmr/m/n/8 Calling a clo-sure, re-lax-ation, solver, or

Underfull \hbox (badness 1769) in paragraph at lines 159--159
[]|\OT1/cmr/m/n/8 Unbiased par-ti-cle es-ti-

Underfull \hbox (badness 2359) in paragraph at lines 162--163
[]|\OT1/cmr/m/n/8 Inferring un-bi-ased log like-li-hood, score,

Underfull \hbox (badness 10000) in paragraph at lines 163--163
[]|\OT1/cmr/m/n/8 Consistent ap-prox-i-ma-

Underfull \hbox (badness 2495) in paragraph at lines 181--182
[]|\OT1/cmr/m/n/8 Presenting im-ple-men-ta-tion pref-er-ence as
[120] [121]
Overfull \hbox (4.8677pt too wide) in paragraph at lines 243--248
\OT1/cmr/m/n/12 The conditional-independence con-ven-tion of the state-space mo
del re-duces $\OML/cmm/m/it/12 p[]\OT1/cmr/m/n/12 (\OML/cmm/m/it/12 y[] \OMS/cm
sy/m/n/12 j \OML/cmm/m/it/12 x[]; y[]\OT1/cmr/m/n/12 )$
[122]
Overfull \hbox (2.10979pt too wide) in paragraph at lines 360--360
[]\OT1/cmr/bx/n/17.28 Sequential im-por-tance re-sam-pling and the boot-
[123]

Package natbib Warning: Citation `gordon1993novel' on page 124 undefined on inp
ut line 402.


Package natbib Warning: Citation `doucet2001sequential' on page 124 undefined o
n input line 403.


Package natbib Warning: Citation `andrieu2009pseudo' on page 124 undefined on i
nput line 404.


Package natbib Warning: Citation `andrieu2010particle' on page 124 undefined on
 input line 404.

[124] [125]

Package natbib Warning: Citation `doucet2001sequential' on page 126 undefined o
n input line 559.


Package natbib Warning: Citation `andrieu2010particle' on page 126 undefined on
 input line 560.

[126]

Package natbib Warning: Citation `bengtsson2008curse' on page 127 undefined on 
input line 623.


Package natbib Warning: Citation `snyder2008obstacles' on page 127 undefined on
 input line 623.


Overfull \hbox (13.71985pt too wide) in paragraph at lines 616--624
\OT1/cmr/m/n/12 deeper di-men-sion-al-ity prob-lem. The clas-si-cal lit-er-a-tu
re shows that in many high-dimensional

Underfull \hbox (badness 10000) in paragraph at lines 657--659
[]|\OT1/cmr/m/n/8 Compare pre-dic-tive and

Underfull \hbox (badness 10000) in paragraph at lines 657--659
\OT1/cmr/m/n/8 fil-ter-ing fac-tors against

Underfull \hbox (badness 1910) in paragraph at lines 657--659
\OT1/cmr/m/n/8 a Kalman ref-er-ence in a

Underfull \hbox (badness 10000) in paragraph at lines 659--659
[]|\OT1/cmr/m/n/8 Trajectory im-por-tance

Underfull \hbox (badness 10000) in paragraph at lines 660--660
\OT1/cmr/m/n/8 the spec-i-fied tar-get/pro-

Underfull \hbox (badness 2573) in paragraph at lines 665--665
\OT1/cmr/m/n/8 the de-clared pro-posal and

Underfull \hbox (badness 10000) in paragraph at lines 666--667
[]|\OT1/cmr/m/n/8 Compare bounded test-

Underfull \hbox (badness 1960) in paragraph at lines 669--670
[]|\OT1/cmr/m/n/8 Bootstrap pro-posal; con-di-

Underfull \hbox (badness 1286) in paragraph at lines 675--676
\OT1/cmr/m/n/8 nite; di-ag-nos-tic in-ter-preted

Underfull \hbox (badness 1383) in paragraph at lines 675--676
\OT1/cmr/m/n/8 with model di-men-sion and

Underfull \hbox (badness 10000) in paragraph at lines 679--679
[]|\OT1/cmr/m/n/8 Pathwise gra-di-ent

Underfull \hbox (badness 10000) in paragraph at lines 682--684
[]|\OT1/cmr/m/n/8 Finite-difference a fixed-

Underfull \hbox (badness 2245) in paragraph at lines 682--684
\OT1/cmr/m/n/8 seed re-sam-pled path and

Underfull \hbox (badness 4217) in paragraph at lines 682--684
\OT1/cmr/m/n/8 iden-tify dis-con-ti-nu-ities or

Underfull \hbox (badness 10000) in paragraph at lines 682--684
\OT1/cmr/m/n/8 zero-almost-everywhere
[127]) (./chapters/ch19b_dpf_literature_survey.tex [128]
Chapter 21.

Underfull \vbox (badness 10000) has occurred while \output is active [129]

Package natbib Warning: Citation `daumhuang2008' on page 130 undefined on input
 line 69.


Package natbib Warning: Citation `li2017particle' on page 130 undefined on inpu
t line 70.


Package natbib Warning: Citation `hu2021particle' on page 130 undefined on inpu
t line 73.

[130] [131] [132] [133]
Overfull \hbox (4.70761pt too wide) in paragraph at lines 368--372
\OT1/cmr/m/n/12 whose mean and co-vari-ance evo-lu-tion match the Gaus-sian ho-
mo-topy. If $\OML/cmm/m/it/12 X[] \OMS/cmsy/m/n/12 ^^X N\OT1/cmr/m/n/12 (\OML/c
mm/m/it/12 m[]; P[]\OT1/cmr/m/n/12 )$
[134] [135]
Overfull \hbox (2.83334pt too wide) in paragraph at lines 543--546
\OT1/cmr/m/n/12 The lo-cal lin-eariza-tion of the ob-ser-va-tion map near par-t
i-cle $\OML/cmm/m/it/12 x[]$ \OT1/cmr/m/n/12 there-fore pro-duces particle-

Package natbib Warning: Citation `li2017particle' on page 136 undefined on inpu
t line 576.


Package natbib Warning: Citation `li2017particle' on page 136 undefined on inpu
t line 588.

[136] [137]
Underfull \hbox (badness 10000) in paragraph at lines 736--736
[]|\OT1/cmr/m/n/10.95 Normalized ho-mo-

Underfull \hbox (badness 6725) in paragraph at lines 739--740
[]|\OT1/cmr/m/n/10.95 exact con-ser-va-tion state-ment

Underfull \hbox (badness 10000) in paragraph at lines 740--742
[]|\OT1/cmr/m/n/10.95 verify trans-ported test-

Underfull \hbox (badness 10000) in paragraph at lines 740--742
\OT1/cmr/m/n/10.95 function mo-ments against

Underfull \hbox (badness 1082) in paragraph at lines 742--744
[]|\OT1/cmr/m/n/10.95 record the cho-sen field and

Underfull \hbox (badness 10000) in paragraph at lines 742--744
\OT1/cmr/m/n/10.95 com-pare al-ter-na-tives on

Underfull \hbox (badness 3942) in paragraph at lines 744--744
[]|\OT1/cmr/m/n/10.95 EDH Gaus-sian clo-

Underfull \hbox (badness 1275) in paragraph at lines 744--745
\OT1/cmr/m/n/10.95 ex-act fil-ter-ing only in linear-

Underfull \hbox (badness 10000) in paragraph at lines 747--748
[]|\OT1/cmr/m/n/10.95 approximate clo-sure us-ing

Underfull \hbox (badness 10000) in paragraph at lines 747--748
\OT1/cmr/m/n/10.95 particle-local Ja-co-bians and

Underfull \hbox (badness 1881) in paragraph at lines 748--750
[]|\OT1/cmr/m/n/10.95 monitor Ja-co-bian con-di-tion-

Underfull \hbox (badness 1484) in paragraph at lines 748--750
\OT1/cmr/m/n/10.95 ing, lo-cal pre-ci-sion spec-tra,

Underfull \hbox (badness 1472) in paragraph at lines 750--750
[]|\OT1/cmr/m/n/10.95 Pseudo-time in-te-gra-

Underfull \vbox (badness 10000) has occurred while \output is active [138])
(./chapters/ch19c_dpf_implementation_literature.tex [139]
Chapter 22.

Package natbib Warning: Citation `doucet2001sequential' on page 140 undefined o
n input line 48.


Package natbib Warning: Citation `chopin2020introduction' on page 140 undefined
 on input line 48.


Package natbib Warning: Citation `li2017particle' on page 140 undefined on inpu
t line 50.

[140] [141]
Overfull \hbox (45.69102pt too wide) has occurred while \output is active
\OT1/cmr/m/n/12 142 \OT1/cmr/m/sl/12 CHAPTER 22.  PARTICLE-FLOW PARTICLE FILTER
S AND PROPOSAL CORRECTION
[142]

Package natbib Warning: Citation `li2017particle' on page 143 undefined on inpu
t line 230.

[143]
Overfull \hbox (130.15244pt too wide) detected at line 369
[][][][][]

Overfull \hbox (45.69102pt too wide) has occurred while \output is active
\OT1/cmr/m/n/12 144 \OT1/cmr/m/sl/12 CHAPTER 22.  PARTICLE-FLOW PARTICLE FILTER
S AND PROPOSAL CORRECTION
[144]

Package natbib Warning: Citation `reich2013nonparametric' on page 145 undefined
 on input line 384.


Package natbib Warning: Citation `corenflos2021differentiable' on page 145 unde
fined on input line 384.

[145]
Overfull \hbox (45.69102pt too wide) has occurred while \output is active
\OT1/cmr/m/n/12 146 \OT1/cmr/m/sl/12 CHAPTER 22.  PARTICLE-FLOW PARTICLE FILTER
S AND PROPOSAL CORRECTION
[146]
Overfull \hbox (2.70668pt too wide) in paragraph at lines 524--527
[]\OT1/cmr/bx/n/12 Forward/inverse sign check\OT1/cmr/m/n/12 : ver-ify that the
 pro-posal den-sity uses $\OMS/cmsy/m/n/12 ^^@ [] j [] \OML/cmm/m/it/12 D\OT1/c
mr/m/n/12 ^^H[]\OMS/cmsy/m/n/12 j$
[147])
Overfull \hbox (45.69102pt too wide) has occurred while \output is active
\OT1/cmr/m/n/12 148 \OT1/cmr/m/sl/12 CHAPTER 22.  PARTICLE-FLOW PARTICLE FILTER
S AND PROPOSAL CORRECTION
[148] [149] (./chapters/ch32a_soft_differentiable_resampling.tex
Chapter 23.

Package natbib Warning: Citation `jonschkowski2018differentiable' on page 150 u
ndefined on input line 17.


Package natbib Warning: Citation `zhumurphyjonschkowski2020' on page 150 undefi
ned on input line 18.


Package natbib Warning: Citation `karkus2018particle' on page 150 undefined on 
input line 19.


Package natbib Warning: Citation `corenflos2021differentiable' on page 150 unde
fined on input line 20.


Package natbib Warning: Citation `doucet2001sequential' on page 150 undefined o
n input line 38.


Package natbib Warning: Citation `chopin2020introduction' on page 150 undefined
 on input line 38.

[150]

Package natbib Warning: Citation `zhumurphyjonschkowski2020' on page 151 undefi
ned on input line 97.


Package natbib Warning: Citation `jonschkowski2018differentiable' on page 151 u
ndefined on input line 97.


Package natbib Warning: Citation `karkus2018particle' on page 151 undefined on 
input line 106.

[151] [152]) (./chapters/ch32b_deterministic_ot_equalweighting.tex [153]
Chapter 24.

Package natbib Warning: Citation `villani2003topics' on page 154 undefined on i
nput line 13.


Package natbib Warning: Citation `peyre2019computational' on page 154 undefined
 on input line 13.


Package natbib Warning: Citation `reich2013nonparametric' on page 154 undefined
 on input line 13.


Package natbib Warning: Citation `doucet2001sequential' on page 154 undefined o
n input line 25.


Package natbib Warning: Citation `chopin2020introduction' on page 154 undefined
 on input line 25.


Package natbib Warning: Citation `reich2013nonparametric' on page 154 undefined
 on input line 41.


Package natbib Warning: Citation `peyre2019computational' on page 154 undefined
 on input line 41.


Underfull \hbox (badness 3989) in paragraph at lines 47--48
[]|\OT1/cmr/m/n/10.95 What later chap-ters

Underfull \hbox (badness 10000) in paragraph at lines 49--49
[]|\OT1/cmr/m/n/10.95 weighted em-pir-i-cal

Underfull \hbox (badness 10000) in paragraph at lines 49--49
[]|\OT1/cmr/m/n/10.95 deterministic cou-

Underfull \hbox (badness 1990) in paragraph at lines 49--49
\OT1/cmr/m/n/10.95 pling and barycen-

Underfull \hbox (badness 10000) in paragraph at lines 49--49
\OT1/cmr/m/n/10.95 tric equal-weight

Underfull \hbox (badness 7944) in paragraph at lines 50--50
\OT1/cmr/m/n/10.95 ized cou-pling and

Underfull \hbox (badness 2951) in paragraph at lines 50--51
\OT1/cmr/m/n/10.95 is-tic LP by an en-

Underfull \hbox (badness 10000) in paragraph at lines 51--51
\OT1/cmr/m/n/10.95 or target-changing

Underfull \hbox (badness 10000) in paragraph at lines 51--52
[]|\OT1/cmr/m/n/10.95 may pre-serve the

Underfull \hbox (badness 1571) in paragraph at lines 51--52
\OT1/cmr/m/n/10.95 teacher, com-press it,
[154] [155]

Package natbib Warning: Citation `reich2013nonparametric' on page 156 undefined
 on input line 201.


Package natbib Warning: Citation `corenflos2021differentiable' on page 156 unde
fined on input line 201.

[156]
Overfull \hbox (132.04547pt too wide) detected at line 207
[][][][][]
[157] [158]) (./chapters/ch32c_entropic_ot_sinkhorn.tex [159]
Chapter 25.
[160]
Overfull \hbox (14.01982pt too wide) in paragraph at lines 51--51
[]\OT1/cmr/bx/n/17.28 Running three-particle cell with en-tropic smooth-

Package natbib Warning: Citation `cuturi2013sinkhorn' on page 161 undefined on 
input line 103.


Package natbib Warning: Citation `peyre2019computational' on page 161 undefined
 on input line 103.


Package natbib Warning: Citation `feydy2019geomloss' on page 161 undefined on i
nput line 139.


Package natbib Warning: Citation `charlier2021keops' on page 161 undefined on i
nput line 139.


Package natbib Warning: Citation `ye2026flashsinkhorn' on page 161 undefined on
 input line 139.


Package natbib Warning: Citation `xiao2026fastsinkhorn' on page 161 undefined o
n input line 139.

[161]
Overfull \hbox (10.66063pt too wide) in paragraph at lines 166--168
[]\OT1/cmr/m/n/12 For equal-weight barycen-tric out-put, the streamed route sti
ll forms costs of the schematic

Overfull \hbox (7.67172pt too wide) has occurred while \output is active
\OT1/cmr/m/n/12 162 \OT1/cmr/m/sl/12 CHAPTER 25.  ENTROPIC OT, SINKHORN, AND BA
RYCENTRIC PROJECTION
[162] [163]
Overfull \hbox (7.67172pt too wide) has occurred while \output is active
\OT1/cmr/m/n/12 164 \OT1/cmr/m/sl/12 CHAPTER 25.  ENTROPIC OT, SINKHORN, AND BA
RYCENTRIC PROJECTION
[164]

Package natbib Warning: Citation `feydy2019geomloss' on page 165 undefined on i
nput line 379.


Package natbib Warning: Citation `charlier2021keops' on page 165 undefined on i
nput line 379.


Package natbib Warning: Citation `ye2026flashsinkhorn' on page 165 undefined on
 input line 379.


Package natbib Warning: Citation `xiao2026fastsinkhorn' on page 165 undefined o
n input line 379.


Package natbib Warning: Citation `schmitzer2016sparse' on page 165 undefined on
 input line 418.


Package natbib Warning: Citation `alaya2019screenkhorn' on page 165 undefined o
n input line 418.


Package natbib Warning: Citation `schmitzer2019stabilized' on page 165 undefine
d on input line 418.


Package natbib Warning: Citation `altschuler2017nearlinear' on page 165 undefin
ed on input line 418.


Package natbib Warning: Citation `dvurechensky2018computational' on page 165 un
defined on input line 418.


Package natbib Warning: Citation `abid2018greedy' on page 165 undefined on inpu
t line 418.


Package natbib Warning: Citation `lin2019efficient' on page 165 undefined on in
put line 418.


Package natbib Warning: Citation `xu2026accelerating' on page 165 undefined on 
input line 418.


Package natbib Warning: Citation `genevay2016stochastic' on page 165 undefined 
on input line 418.

[165]
Overfull \hbox (7.67172pt too wide) has occurred while \output is active
\OT1/cmr/m/n/12 166 \OT1/cmr/m/sl/12 CHAPTER 25.  ENTROPIC OT, SINKHORN, AND BA
RYCENTRIC PROJECTION
[166] [167]
Overfull \hbox (7.67172pt too wide) has occurred while \output is active
\OT1/cmr/m/n/12 168 \OT1/cmr/m/sl/12 CHAPTER 25.  ENTROPIC OT, SINKHORN, AND BA
RYCENTRIC PROJECTION
[168]

Package natbib Warning: Citation `acevedodewiljesreich2017secondorder' on page 
169 undefined on input line 694.

[169]

Package natbib Warning: Citation `gordon1993novel' on page 170 undefined on inp
ut line 790.


Package natbib Warning: Citation `doucet2001sequential' on page 170 undefined o
n input line 790.


Package natbib Warning: Citation `chopin2020introduction' on page 170 undefined
 on input line 790.


Overfull \hbox (7.67172pt too wide) has occurred while \output is active
\OT1/cmr/m/n/12 170 \OT1/cmr/m/sl/12 CHAPTER 25.  ENTROPIC OT, SINKHORN, AND BA
RYCENTRIC PROJECTION
[170]
Overfull \hbox (27.51414pt too wide) detected at line 835
[][][]\OML/cmm/m/it/12 D[]\OT1/cmr/m/n/12 (\OML/cmm/m/it/12 Q\OT1/cmr/m/n/12 ) 
= \OML/cmm/m/it/12 w\OT1/cmr/bx/n/12 1[] \OT1/cmr/m/n/12 + [] (\OML/cmm/m/it/12
 W \OMS/cmsy/m/n/12 ^^@ \OML/cmm/m/it/12 ww[]\OT1/cmr/m/n/12 )[]\OML/cmm/m/it/1
2 Q;  Q \OMS/cmsy/m/n/12 2 \U/msb/m/n/12 R[]\OML/cmm/m/it/12 ;  Q[]Q \OT1/cmr/m
/n/12 = \OML/cmm/m/it/12 QQ[] \OT1/cmr/m/n/12 = \OML/cmm/m/it/12 I[];  Q\OT1/cm
r/bx/n/12 1 \OT1/cmr/m/n/12 = \OT1/cmr/bx/n/12 1\OML/cmm/m/it/12 :

Package natbib Warning: Citation `reich2013nonparametric' on page 171 undefined
 on input line 857.


Package natbib Warning: Citation `acevedodewiljesreich2017secondorder' on page 
171 undefined on input line 857.

[171]

Package natbib Warning: Citation `acevedodewiljesreich2017secondorder' on page 
172 undefined on input line 905.


Package natbib Warning: Citation `spantini2022coupling' on page 172 undefined o
n input line 906.


Package natbib Warning: Citation `reich2013nonparametric' on page 172 undefined
 on input line 908.


Package natbib Warning: Citation `corenflos2021differentiable' on page 172 unde
fined on input line 908.


Overfull \hbox (7.67172pt too wide) has occurred while \output is active
\OT1/cmr/m/n/12 172 \OT1/cmr/m/sl/12 CHAPTER 25.  ENTROPIC OT, SINKHORN, AND BA
RYCENTRIC PROJECTION
[172] [173]
Overfull \hbox (7.67172pt too wide) has occurred while \output is active
\OT1/cmr/m/n/12 174 \OT1/cmr/m/sl/12 CHAPTER 25.  ENTROPIC OT, SINKHORN, AND BA
RYCENTRIC PROJECTION
[174]
Overfull \hbox (250.80617pt too wide) detected at line 1248
[][]\OT1/cmr/m/n/12 ([]) = \OML/cmm/m/it/12 r[] [] \OMS/cmsy/m/n/12 k\OT1/cmr/m
/n/12 (\OML/cmm/m/it/12 I \OMS/cmsy/m/n/12 ^^@ \OML/cmm/m/it/12 P[]\OT1/cmr/m/n
/12 )\OML/cmm/m/it/12 P[]\OMS/cmsy/m/n/12 k ^^T \OML/cmm/m/it/12 ^^O[];  ^^U[]\
OT1/cmr/m/n/12 ([]) \OML/cmm/m/it/12 > ^^\[];  ^^T[]\OT1/cmr/m/n/12 ([]) \OML/c
mm/m/it/12 < ^^T[];  [] \OMS/cmsy/m/n/12 ^^T \OML/cmm/m/it/12 c[] []

Package natbib Warning: Citation `higham2002accuracy' on page 175 undefined on 
input line 1280.

[175]
Overfull \hbox (1.87894pt too wide) in paragraph at lines 1350--1352
[][]\OT1/cmr/bx/n/12 Proposition 25.7 \OT1/cmr/m/n/12 (Ridged Cholesky restora-
tion)\OT1/cmr/bx/n/12 . []\OT1/cmr/m/it/12 As-sume the Cholesky fac-tors in []

Overfull \hbox (7.67172pt too wide) has occurred while \output is active
\OT1/cmr/m/n/12 176 \OT1/cmr/m/sl/12 CHAPTER 25.  ENTROPIC OT, SINKHORN, AND BA
RYCENTRIC PROJECTION
[176] [177]
Overfull \hbox (7.67172pt too wide) has occurred while \output is active
\OT1/cmr/m/n/12 178 \OT1/cmr/m/sl/12 CHAPTER 25.  ENTROPIC OT, SINKHORN, AND BA
RYCENTRIC PROJECTION
[178] [179]
Overfull \hbox (14.8375pt too wide) in paragraph at lines 1623--1629
\OT1/cmr/m/it/12 changed rel-a-tive to canon-i-cal Con-tract E. On a fixed fini
te-arithmetic branch, with parameter-

Overfull \hbox (11.65013pt too wide) in paragraph at lines 1632--1639
\OT1/cmr/m/n/12 the flow Ja-co-bian. The full scalar is a com-po-si-tion throug
h $(\OML/cmm/m/it/12 x; ; \OT1/cmr/m/n/12 ^^E\OML/cmm/m/it/12 ; Y[]; ^^V[]; \O
T1/cmr/m/n/12 ^^F[]\OML/cmm/m/it/12 ; []; A[]; X[]\OT1/cmr/m/n/12 )$.

Package natbib Warning: Citation `ebeigbe2025genut' on page 180 undefined on in
put line 1652.


Overfull \hbox (7.67172pt too wide) has occurred while \output is active
\OT1/cmr/m/n/12 180 \OT1/cmr/m/sl/12 CHAPTER 25.  ENTROPIC OT, SINKHORN, AND BA
RYCENTRIC PROJECTION
[180]
Overfull \hbox (0.91524pt too wide) in paragraph at lines 1692--1701
[]\OT1/cmr/m/n/12 The first con-straint gives $\OML/cmm/m/it/12 b[] \OT1/cmr/m/
n/12 = \OML/cmm/m/it/12 c[]v[]=u[]$\OT1/cmr/m/n/12 . Sub-sti-tu-tion into the s
ec-ond gives $\OML/cmm/m/it/12 c[]v[]\OT1/cmr/m/n/12 (\OML/cmm/m/it/12 u[] \OT1
/cmr/m/n/12 +
[181]
Underfull \hbox (badness 2469) in paragraph at lines 1808--1808
[]|\OT1/cmr/m/n/8 Feasible pos-i-tive GenUT

Underfull \hbox (badness 10000) in paragraph at lines 1813--1813
[]|\OT1/cmr/m/n/8 symmetric second-order

Overfull \hbox (7.67172pt too wide) has occurred while \output is active
\OT1/cmr/m/n/12 182 \OT1/cmr/m/sl/12 CHAPTER 25.  ENTROPIC OT, SINKHORN, AND BA
RYCENTRIC PROJECTION
[182]
Underfull \hbox (badness 10000) in paragraph at lines 1836--1836
[]|\OT1/cmr/m/n/8 discontinuous ran-dom

Underfull \hbox (badness 10000) in paragraph at lines 1836--1837
[]|\OT1/cmr/m/n/8 estimator con-tract,

Underfull \hbox (badness 10000) in paragraph at lines 1837--1837
[]|\OT1/cmr/m/n/8 possible neg-a-tive trans-

Underfull \hbox (badness 10000) in paragraph at lines 1838--1838
[]|\OT1/cmr/m/n/8 new fi-nite tar-get and

Underfull \hbox (badness 10000) in paragraph at lines 1838--1839
[]|\OT1/cmr/m/n/8 LGSSM val-ue/-gra-di-

Underfull \hbox (badness 10000) in paragraph at lines 1838--1839
\OT1/cmr/m/n/8 ent gate and state-

Underfull \hbox (badness 10000) in paragraph at lines 1839--1839
[]|\OT1/cmr/m/n/8 Positive residual-affine

Underfull \hbox (badness 10000) in paragraph at lines 1839--1839
[]|\OT1/cmr/m/n/8 novel ran-dom-ized fi-nite

Underfull \hbox (badness 8132) in paragraph at lines 1839--1839
\OT1/cmr/m/n/8 tar-get and con-di-tion-ing

Underfull \hbox (badness 10000) in paragraph at lines 1839--1840
\OT1/cmr/m/n/8 same-scalar gra-di-ent

Underfull \hbox (badness 3861) in paragraph at lines 1840--1840
[]|\OT1/cmr/m/n/8 avoids un-nec-es-sary de-ter-

Underfull \hbox (badness 1859) in paragraph at lines 1840--1840
[]|\OT1/cmr/m/n/8 leaves weight de-gen-er-acy

Underfull \hbox (badness 10000) in paragraph at lines 1840--1841
[]|\OT1/cmr/m/n/8 ESS pol-icy and

Underfull \hbox (badness 10000) in paragraph at lines 1840--1841
\OT1/cmr/m/n/8 weighted-cloud com-
[183]
Overfull \hbox (7.67172pt too wide) has occurred while \output is active
\OT1/cmr/m/n/12 184 \OT1/cmr/m/sl/12 CHAPTER 25.  ENTROPIC OT, SINKHORN, AND BA
RYCENTRIC PROJECTION
[184]
Underfull \hbox (badness 3780) in paragraph at lines 1950--1950
[]|\OT1/cmr/m/n/10.95 What is be-ing dif-fer-en-ti-

Underfull \hbox (badness 10000) in paragraph at lines 1953--1953
[]|\OT1/cmr/m/n/10.95 Finite un-rolled

Underfull \hbox (badness 10000) in paragraph at lines 1954--1954
[]|\OT1/cmr/m/n/10.95 Downstream scalar

Underfull \hbox (badness 10000) in paragraph at lines 1954--1954
\OT1/cmr/m/n/10.95 built from fi-nite

Underfull \hbox (badness 2213) in paragraph at lines 1954--1954
[]|\OT1/cmr/m/n/10.95 the ac-tual re-ported value
[185]
Overfull \hbox (7.67172pt too wide) has occurred while \output is active
\OT1/cmr/m/n/12 186 \OT1/cmr/m/sl/12 CHAPTER 25.  ENTROPIC OT, SINKHORN, AND BA
RYCENTRIC PROJECTION
[186] [187]

Package natbib Warning: Citation `ebeigbe2025genut' on page 188 undefined on in
put line 2181.


Package natbib Warning: Citation `easley2021higherorder' on page 188 undefined 
on input line 2185.


Overfull \hbox (7.67172pt too wide) has occurred while \output is active
\OT1/cmr/m/n/12 188 \OT1/cmr/m/sl/12 CHAPTER 25.  ENTROPIC OT, SINKHORN, AND BA
RYCENTRIC PROJECTION
[188]

Package natbib Warning: Citation `johnson1979bounds' on page 189 undefined on i
nput line 2225.


Package natbib Warning: Citation `marquardt1963algorithm' on page 189 undefined
 on input line 2303.


Package natbib Warning: Citation `osborne1976levenberg' on page 189 undefined o
n input line 2304.

[189]
Overfull \hbox (7.67172pt too wide) has occurred while \output is active
\OT1/cmr/m/n/12 190 \OT1/cmr/m/sl/12 CHAPTER 25.  ENTROPIC OT, SINKHORN, AND BA
RYCENTRIC PROJECTION
[190] [191]

Package natbib Warning: Citation `zhao2024ttsequential' on page 192 undefined o
n input line 2480.


Overfull \hbox (367.19017pt too wide) in paragraph at lines 2478--2489
\OT1/cmr/m/n/12 136, and per-forms squared-TT marginal re-cur-sions in \OT1/cmt
t/m/n/12 third[]party/audit/zhao[]cui[]tensor[]ssm[]p10/source/deep-tensor.dev/
src/@TTSIRT/marginalise.m\OT1/cmr/m/n/12 ,

Overfull \hbox (7.67172pt too wide) has occurred while \output is active
\OT1/cmr/m/n/12 192 \OT1/cmr/m/sl/12 CHAPTER 25.  ENTROPIC OT, SINKHORN, AND BA
RYCENTRIC PROJECTION
[192]
Overfull \hbox (15.45029pt too wide) detected at line 2537
[][][]\OML/cmm/m/it/12 ^^U[] \OMS/cmsy/m/n/12 ^^U \OT1/cmr/m/n/12 0\OML/cmm/m/i
t/12 ;  ^^\[] \OT1/cmr/m/n/12 = \OML/cmm/m/it/12 e[]^^U[];  []\OT1/cmr/m/n/12 (
\OML/cmm/m/it/12 r\OT1/cmr/m/n/12 ) = \OML/cmm/m/it/12 h[]\OT1/cmr/m/n/12 (\OML
/cmm/m/it/12 r\OT1/cmr/m/n/12 )[] + \OML/cmm/m/it/12 ^^\[]q[]\OT1/cmr/m/n/12 (\
OML/cmm/m/it/12 r\OT1/cmr/m/n/12 )\OML/cmm/m/it/12 ;  Z[] \OT1/cmr/m/n/12 = [] 
[](\OML/cmm/m/it/12 r\OT1/cmr/m/n/12 ) \OML/cmm/m/it/12 d^^W\OT1/cmr/m/n/12 (\O
ML/cmm/m/it/12 r\OT1/cmr/m/n/12 )\OML/cmm/m/it/12 ;  ^^W \OT1/cmr/m/n/12 = [] \
OML/cmm/m/it/12 ^^W[]:
[193]
Overfull \hbox (7.67172pt too wide) has occurred while \output is active
\OT1/cmr/m/n/12 194 \OT1/cmr/m/sl/12 CHAPTER 25.  ENTROPIC OT, SINKHORN, AND BA
RYCENTRIC PROJECTION
[194] [195]
Overfull \hbox (7.67172pt too wide) has occurred while \output is active
\OT1/cmr/m/n/12 196 \OT1/cmr/m/sl/12 CHAPTER 25.  ENTROPIC OT, SINKHORN, AND BA
RYCENTRIC PROJECTION
[196] [197]
Overfull \hbox (7.67172pt too wide) has occurred while \output is active
\OT1/cmr/m/n/12 198 \OT1/cmr/m/sl/12 CHAPTER 25.  ENTROPIC OT, SINKHORN, AND BA
RYCENTRIC PROJECTION
[198] [199]
Overfull \hbox (261.31076pt too wide) in paragraph at lines 3049--3065
[]\OT1/cmr/m/n/12 The cur-rent variable-rank TT con-tain-ers and the ref-er-enc
e fixed-ALS re-play in \OT1/cmtt/m/n/12 bayesfilter/highdim/zhao[]cui[]moment[]
teacher[]als.py
) (./chapters/ch32c2_ledh_pfpf_ot_custom_gradient.tex
Overfull \hbox (7.67172pt too wide) has occurred while \output is active
\OT1/cmr/m/n/12 200 \OT1/cmr/m/sl/12 CHAPTER 25.  ENTROPIC OT, SINKHORN, AND BA
RYCENTRIC PROJECTION
[200]
Chapter 26.

Overfull \hbox (0.69759pt too wide) in paragraph at lines 38--43
\OT1/cmr/m/n/12 where $\OML/cmm/m/it/12 ^^X$ \OT1/cmr/m/n/12 de-notes the fixed
 par-ti-cle and process-noise streams, $\OML/cmm/m/it/12 K$ \OT1/cmr/m/n/12 de-
notes the fi-nite Sinkhorn
[201]

Package natbib Warning: Citation `li2017particle' on page 202 undefined on inpu
t line 63.


Package natbib Warning: Citation `corenflos2021differentiable' on page 202 unde
fined on input line 64.


Package natbib Warning: Citation `cuturi2013sinkhorn' on page 202 undefined on 
input line 65.


Package natbib Warning: Citation `peyre2019computational' on page 202 undefined
 on input line 66.


Overfull \hbox (153.0057pt too wide) in paragraph at lines 107--120
\OT1/cmr/m/n/12 derivative com-po-si-tion iden-ti-fier is \OT1/cmtt/m/n/12 cont
ract[]e[]chol[]total[]direct[]moments[]weights[]plus[]streaming[]transport[]v1\
OT1/cmr/m/n/12 .

Overfull \hbox (21.06894pt too wide) in paragraph at lines 107--120
\OT1/cmr/m/n/12 A raw barycen-tric cloud, com-pact for-ward sen-si-tiv-ity of t
hat raw scalar, or full-history/manual
[202] [203] [204] [205] [206] [207] [208] [209] [210]

Package natbib Warning: Citation `delmoral2015uniform' on page 211 undefined on
 input line 787.

[211] [212] [213] [214]

Package natbib Warning: Citation `delmoral2015uniform' on page 215 undefined on
 input line 1107.

[215]
Overfull \hbox (0.28387pt too wide) in paragraph at lines 1218--1221
[][]\OT1/cmr/bx/n/12 Proposition 26.13 \OT1/cmr/m/n/12 (One-step his-tor-i-cal-
s-core iden-tity for a dom-i-nated fil-ter)\OT1/cmr/bx/n/12 . []\OT1/cmr/m/it/1
2 Let teacher
[216] [217] [218] [219] [220] [221] [222] [223] [224]
Underfull \vbox (badness 10000) has occurred while \output is active [225]
[226] [227]
Overfull \hbox (10.22386pt too wide) in paragraph at lines 2101--2101
[]\OT1/cmr/bx/n/17.28 Model-agnostic com-par-i-son of finite-filter scores 
[228] [229] [230]
Overfull \hbox (5.93877pt too wide) in paragraph at lines 2317--2329
[]\OT1/cmr/m/n/12 The canon-i-cal Ten-sor-Flow im-ple-men-ta-tion is owned by \
OT1/cmtt/m/n/12 ledh[]contract[]e[]reset[]tf.py\OT1/cmr/m/n/12 ,
[231] [232]) [233] [234] (./chapters/ch32d_retained_teacher_neural_ot.tex
Chapter 27.

Underfull \hbox (badness 1874) in paragraph at lines 56--56
[]|\OT1/cmr/m/n/10.95 finite nu-mer-i-cal teacher
[235] [236] [237] [238]
Overfull \hbox (37.74982pt too wide) in paragraph at lines 274--274
[]\OT1/cmr/bx/n/17.28 Algorithm: retained-teacher warm-started Sinkhorn 

Underfull \hbox (badness 2261) in paragraph at lines 285--286
[]\OT1/cmr/m/n/12 For a new weighted cloud $(\OML/cmm/m/it/12 X; w\OT1/cmr/m/n/
12 )$, com-pute the stu-dent pre-dic-tion $\OML/cmm/m/it/12 h[] \OT1/cmr/m/n/12
 =
[239]
Overfull \hbox (3.82295pt too wide) detected at line 343
[][][]\OML/cmm/m/it/12 S[]\OT1/cmr/m/n/12 (\OML/cmm/m/it/12 PX; Pw\OT1/cmr/m/n/
12 ; \OML/cmm/m/it/12 "; N; d[]\OT1/cmr/m/n/12 ) = \OML/cmm/m/it/12 P S[]\OT1/c
mr/m/n/12 (\OML/cmm/m/it/12 X; w\OT1/cmr/m/n/12 ; \OML/cmm/m/it/12 "; N; d[]\OT
1/cmr/m/n/12 ) []
[240]
Overfull \hbox (8.27463pt too wide) in paragraph at lines 415--421
\OT1/cmr/m/n/12 A use-ful first-year rule of thumb is: if the marginal con-stra
ints are good but the transported-
[241]

Package natbib Warning: Citation `altschuler2019nystrom' on page 242 undefined 
on input line 436.


Package natbib Warning: Citation `scetbon2020positivefeatures' on page 242 unde
fined on input line 436.


Package natbib Warning: Citation `forrow2019factored' on page 242 undefined on 
input line 436.


Package natbib Warning: Citation `scetbon2021lowrank' on page 242 undefined on 
input line 436.


Package natbib Warning: Citation `scetbon2022lowrank' on page 242 undefined on 
input line 436.


Package natbib Warning: Citation `genevay2016stochastic' on page 242 undefined 
on input line 436.


Package natbib Warning: Citation `genevay2018samplecomplexity' on page 242 unde
fined on input line 436.


Package natbib Warning: Citation `nguyen2022bomb' on page 242 undefined on inpu
t line 436.


Package natbib Warning: Citation `nguyen2021partialminibatch' on page 242 undef
ined on input line 436.


Package natbib Warning: Citation `feydy2019geomloss' on page 242 undefined on i
nput line 454.


Package natbib Warning: Citation `charlier2021keops' on page 242 undefined on i
nput line 454.


Package natbib Warning: Citation `ye2026flashsinkhorn' on page 242 undefined on
 input line 454.


Package natbib Warning: Citation `xiao2026fastsinkhorn' on page 242 undefined o
n input line 454.


Package natbib Warning: Citation `altschuler2019nystrom' on page 242 undefined 
on input line 484.

[242]

Package natbib Warning: Citation `scetbon2020positivefeatures' on page 243 unde
fined on input line 580.

[243] [244]

Package natbib Warning: Citation `forrow2019factored' on page 245 undefined on 
input line 675.


Package natbib Warning: Citation `scetbon2021lowrank' on page 245 undefined on 
input line 675.


Package natbib Warning: Citation `scetbon2022lowrank' on page 245 undefined on 
input line 675.


Package natbib Warning: Citation `scetbon2023unbalanced' on page 245 undefined 
on input line 675.

[245]

Package natbib Warning: Citation `genevay2016stochastic' on page 246 undefined 
on input line 777.


Package natbib Warning: Citation `genevay2018samplecomplexity' on page 246 unde
fined on input line 777.


Package natbib Warning: Citation `nguyen2022bomb' on page 246 undefined on inpu
t line 777.


Package natbib Warning: Citation `nguyen2021partialminibatch' on page 246 undef
ined on input line 777.


Underfull \hbox (badness 10000) in paragraph at lines 806--806
[]|\OT1/cmr/m/n/10.95 What is ap-prox-i-

Underfull \hbox (badness 10000) in paragraph at lines 808--808
[]|\OT1/cmr/m/n/10.95 solver ini-tial-iza-tion

Underfull \hbox (badness 10000) in paragraph at lines 808--808
[]|\OT1/cmr/m/n/10.95 finite Sinkhorn

Underfull \hbox (badness 10000) in paragraph at lines 809--809
[]|\OT1/cmr/m/n/10.95 Nystrom /

Underfull \hbox (badness 1147) in paragraph at lines 809--810
[]|\OT1/cmr/m/n/10.95 marginal and teacher-

Underfull \hbox (badness 10000) in paragraph at lines 810--810
[]|\OT1/cmr/m/n/10.95 Low-rank cou-

Underfull \hbox (badness 10000) in paragraph at lines 810--811
[]|\OT1/cmr/m/n/10.95 coupling/cloud par-ity

Underfull \hbox (badness 10000) in paragraph at lines 811--811
[]|\OT1/cmr/m/n/10.95 Minibatch /

Underfull \hbox (badness 10000) in paragraph at lines 811--811
[]|\OT1/cmr/m/n/10.95 local or sam-pled

Underfull \hbox (badness 2698) in paragraph at lines 811--812
[]|\OT1/cmr/m/n/10.95 full-ensemble marginal
[246]
Overfull \hbox (4.89658pt too wide) in paragraph at lines 816--816
[]\OT1/cmr/bx/n/14.4 How the broader retained-teacher ap-prox-i-ma-tions fit he
re 
[247]) (./chapters/ch32e_icnn_brenier_monge_gap_map_learning.tex [248]
Chapter 28.

Package natbib Warning: Citation `amos2017icnn' on page 249 undefined on input 
line 17.


Package natbib Warning: Citation `makkuva2020otmapping' on page 249 undefined o
n input line 17.


Package natbib Warning: Citation `uscidda2023mongegap' on page 249 undefined on
 input line 17.

[249]
Overfull \hbox (30.06377pt too wide) in paragraph at lines 105--105
[]\OT1/cmr/bx/n/17.28 Direct-map lane: ob-ject changed, ev-i-dence changed 

Overfull \hbox (33.5092pt too wide) has occurred while \output is active
\OT1/cmr/m/n/12 250 \OT1/cmr/m/sl/12 CHAPTER 28.  ICNN, BRENIER MAPS, AND MONGE
-GAP DIRECT MAP LEARNING
[250]
Underfull \hbox (badness 1436) in paragraph at lines 148--148
[]|\OT1/cmr/m/n/10.95 primary learned ob-

Underfull \hbox (badness 10000) in paragraph at lines 150--150
[]|\OT1/cmr/m/n/10.95 transport-cost /

Underfull \hbox (badness 10000) in paragraph at lines 150--150
[]|\OT1/cmr/m/n/10.95 auxiliary OT-

Underfull \hbox (badness 10000) in paragraph at lines 151--151
[]|\OT1/cmr/m/n/10.95 downstream scalar

Underfull \hbox (badness 10000) in paragraph at lines 151--151
\OT1/cmr/m/n/10.95 built from mapped

Underfull \hbox (badness 3428) in paragraph at lines 151--151
[]|\OT1/cmr/m/n/10.95 implementation con-

Underfull \hbox (badness 6592) in paragraph at lines 170--170
[]|\OT1/cmr/m/n/10.95 convex po-ten-tial $\OML/cmm/m/it/10.95  []$

Underfull \hbox (badness 10000) in paragraph at lines 170--170
\OT1/cmr/m/n/10.95 and end-point map

Underfull \hbox (badness 10000) in paragraph at lines 170--170
\OT1/cmr/m/n/10.95 source sam-ples and

Underfull \hbox (badness 10000) in paragraph at lines 170--171
\OT1/cmr/m/n/10.95 structure plau-si-

Underfull \hbox (badness 10000) in paragraph at lines 171--171
\OT1/cmr/m/n/10.95 em-pir-i-cal Monge-gap

Underfull \hbox (badness 10000) in paragraph at lines 171--172
[]|\OT1/cmr/m/n/10.95 endpoint fit,

Underfull \hbox (badness 10000) in paragraph at lines 171--172
\OT1/cmr/m/n/10.95 ior, down-stream
[251]

Package natbib Warning: Citation `villani2003topics' on page 252 undefined on i
nput line 184.


Package natbib Warning: Citation `peyre2019computational' on page 252 undefined
 on input line 184.


Package natbib Warning: Citation `vesseron2024brenier' on page 252 undefined on
 input line 184.


Overfull \hbox (33.5092pt too wide) has occurred while \output is active
\OT1/cmr/m/n/12 252 \OT1/cmr/m/sl/12 CHAPTER 28.  ICNN, BRENIER MAPS, AND MONGE
-GAP DIRECT MAP LEARNING
[252]

Package natbib Warning: Citation `amos2017icnn' on page 253 undefined on input 
line 253.


Package natbib Warning: Citation `makkuva2020otmapping' on page 253 undefined o
n input line 253.

[253]
Overfull \hbox (33.5092pt too wide) has occurred while \output is active
\OT1/cmr/m/n/12 254 \OT1/cmr/m/sl/12 CHAPTER 28.  ICNN, BRENIER MAPS, AND MONGE
-GAP DIRECT MAP LEARNING
[254]

Package natbib Warning: Citation `uscidda2023mongegap' on page 255 undefined on
 input line 399.

[255]
Overfull \hbox (33.5092pt too wide) has occurred while \output is active
\OT1/cmr/m/n/12 256 \OT1/cmr/m/sl/12 CHAPTER 28.  ICNN, BRENIER MAPS, AND MONGE
-GAP DIRECT MAP LEARNING
[256]

Package natbib Warning: Citation `forrow2019factored' on page 257 undefined on 
input line 515.


Package natbib Warning: Citation `chenxiezhang2024sicnn' on page 257 undefined 
on input line 515.


Package natbib Warning: Citation `xu2025flowot' on page 257 undefined on input 
line 515.


Package natbib Warning: Citation `geuter2025unot' on page 257 undefined on inpu
t line 515.

[257]
Underfull \hbox (badness 10000) in paragraph at lines 535--535
[]|\OT1/cmr/m/n/10.95 Corrective teacher

Underfull \hbox (badness 10000) in paragraph at lines 537--537
[]|\OT1/cmr/m/n/10.95 Retained-teacher

Underfull \hbox (badness 10000) in paragraph at lines 537--538
[]|\OT1/cmr/m/n/10.95 teacher-preservation

Underfull \hbox (badness 10000) in paragraph at lines 538--538
[]|\OT1/cmr/m/n/10.95 Direct-map

Underfull \hbox (badness 2635) in paragraph at lines 538--538
[]|\OT1/cmr/m/n/10.95 endpoint map or

Underfull \hbox (badness 10000) in paragraph at lines 538--538
\OT1/cmr/m/n/10.95 potential-derived

Underfull \hbox (badness 3148) in paragraph at lines 538--539
[]|\OT1/cmr/m/n/10.95 endpoint, OT-structure,

Underfull \hbox (badness 3838) in paragraph at lines 538--539
\OT1/cmr/m/n/10.95 and down-stream scalar

Overfull \hbox (7.19466pt too wide) in paragraph at lines 539--539
[]|\OT1/cmr/m/n/10.95 Dynamic/operator

Underfull \hbox (badness 1466) in paragraph at lines 539--540
[]|\OT1/cmr/m/n/10.95 target-status and same-

Underfull \hbox (badness 4036) in paragraph at lines 539--540
\OT1/cmr/m/n/10.95 scalar co-her-ence across

Overfull \hbox (33.5092pt too wide) has occurred while \output is active
\OT1/cmr/m/n/12 258 \OT1/cmr/m/sl/12 CHAPTER 28.  ICNN, BRENIER MAPS, AND MONGE
-GAP DIRECT MAP LEARNING
[258]) (./chapters/ch32f_dynamic_geodesic_operator_learning_target_contract.tex
[259]
Chapter 29.
[260]
Underfull \hbox (badness 10000) in paragraph at lines 50--50
[]|\OT1/cmr/m/n/10.95 Family in this

Underfull \hbox (badness 10000) in paragraph at lines 53--53
[]|\OT1/cmr/m/n/10.95 one prob-lem be-

Underfull \hbox (badness 8132) in paragraph at lines 53--53
\OT1/cmr/m/n/10.95 comes a class of

Underfull \hbox (badness 1867) in paragraph at lines 53--54
[]|\OT1/cmr/m/n/10.95 what tar-get is in-duced

Underfull \hbox (badness 10000) in paragraph at lines 54--54
[]|\OT1/cmr/m/n/10.95 Target-changing

Underfull \hbox (badness 10000) in paragraph at lines 54--54
\OT1/cmr/m/n/10.95 re-place-ment trans-

Overfull \hbox (2.70734pt too wide) in paragraph at lines 48--57
 [] 
[261]
Overfull \hbox (2.97581pt too wide) in paragraph at lines 164--164
[]\OT1/cmr/bx/n/17.28 Richer-object au-dit: end-point, path, scalar, gra-

Overfull \hbox (192.92593pt too wide) has occurred while \output is active
\OT1/cmr/m/n/12 262 \OT1/cmr/m/sl/12 CHAPTER 29.  DYNAMIC GEODESIC AND OPERATOR
 LEARNERS, AND THE FILTERING TARGET CONTRACT
[262]
Overfull \hbox (13.2897pt too wide) in paragraph at lines 205--206
 []\OT1/cmr/bx/n/12 Same-scalar tem-plate.[] \OT1/cmr/m/n/12 The chap-ter's mai
n in-ter-pre-tive con-tract can be writ-ten schemat-

Overfull \hbox (10.13397pt too wide) in paragraph at lines 215--227
\OT1/cmr/m/n/12 stream scalar built from that ob-ject, and $\OML/cmm/m/it/12 g[
]$ \OT1/cmr/m/n/12 is the re-ported gra-di-ent. A con-crete BayesFilter-
[263]
Underfull \hbox (badness 10000) in paragraph at lines 236--236
[]|\OT1/cmr/m/n/10.95 family-level input-

Package natbib Warning: Citation `hanebeck2023progressiveot' on page 264 undefi
ned on input line 250.


Package natbib Warning: Citation `gracykchen2024geonet' on page 264 undefined o
n input line 250.


Package natbib Warning: Citation `liuchen2026wgsolver' on page 264 undefined on
 input line 250.


Package natbib Warning: Citation `lu2021deeponet' on page 264 undefined on inpu
t line 322.


Package natbib Warning: Citation `li2021fourier' on page 264 undefined on input
 line 322.


Package natbib Warning: Citation `kovachki2023neuraloperator' on page 264 undef
ined on input line 322.


Overfull \hbox (192.92593pt too wide) has occurred while \output is active
\OT1/cmr/m/n/12 264 \OT1/cmr/m/sl/12 CHAPTER 29.  DYNAMIC GEODESIC AND OPERATOR
 LEARNERS, AND THE FILTERING TARGET CONTRACT
[264] [265]

Package natbib Warning: Citation `kolouri2019generalized' on page 266 undefined
 on input line 367.


Package natbib Warning: Citation `deshpande2019maxsliced' on page 266 undefined
 on input line 367.


Package natbib Warning: Citation `paty2019subspace' on page 266 undefined on in
put line 367.


Package natbib Warning: Citation `nguyen2025sliced' on page 266 undefined on in
put line 367.


Overfull \hbox (23.94482pt too wide) in paragraph at lines 430--430
[]\OT1/cmr/bx/n/14.4 Sliced, sub-space, and lo-cal-iza-tion fam-i-lies as targe
t-changing

Overfull \hbox (192.92593pt too wide) has occurred while \output is active
\OT1/cmr/m/n/12 266 \OT1/cmr/m/sl/12 CHAPTER 29.  DYNAMIC GEODESIC AND OPERATOR
 LEARNERS, AND THE FILTERING TARGET CONTRACT
[266] [267]

Package natbib Warning: Citation `vandergrift2026m2mtransformers' on page 268 u
ndefined on input line 497.


Package natbib Warning: Citation `girshfeld2025nlwr' on page 268 undefined on i
nput line 497.


Package natbib Warning: Citation `micheli2026rnot' on page 268 undefined on inp
ut line 497.


Underfull \hbox (badness 2285) in paragraph at lines 546--547
[]\OT1/cmr/m/n/12 learned out-put ob-ject (map, path, or op-er-a-tor), down-str
eam scalar-

Overfull \hbox (192.92593pt too wide) has occurred while \output is active
\OT1/cmr/m/n/12 268 \OT1/cmr/m/sl/12 CHAPTER 29.  DYNAMIC GEODESIC AND OPERATOR
 LEARNERS, AND THE FILTERING TARGET CONTRACT
[268]
Underfull \vbox (badness 1867) has occurred while \output is active [269])
Overfull \hbox (192.92593pt too wide) has occurred while \output is active
\OT1/cmr/m/n/12 270 \OT1/cmr/m/sl/12 CHAPTER 29.  DYNAMIC GEODESIC AND OPERATOR
 LEARNERS, AND THE FILTERING TARGET CONTRACT
[270] [271] (./chapters/ch19e_dpf_hmc_target_suitability.tex
Chapter 30.

Package natbib Warning: Citation `neal2011mcmc' on page 272 undefined on input 
line 20.


Package natbib Warning: Citation `betancourt2017conceptual' on page 272 undefin
ed on input line 20.


Package natbib Warning: Citation `andrieu2009pseudo' on page 272 undefined on i
nput line 24.


Package natbib Warning: Citation `andrieu2010particle' on page 272 undefined on
 input line 24.

[272]
Underfull \hbox (badness 10000) in paragraph at lines 68--68
[]|\OT1/cmr/m/n/12 Parameter $\OML/cmm/m/it/12 u$

Underfull \hbox (badness 10000) in paragraph at lines 68--68
\OT1/cmr/m/n/12 and trans-form

Underfull \hbox (badness 2310) in paragraph at lines 75--76
[]|\OT1/cmr/m/n/12 Is $\OML/cmm/m/it/12 `[]$ \OT1/cmr/m/n/12 ex-act, pseudo-mar
ginal

Underfull \hbox (badness 10000) in paragraph at lines 75--76
\OT1/cmr/m/n/12 extended-space, re-laxed, or

Underfull \hbox (badness 10000) in paragraph at lines 79--79
[]|\OT1/cmr/m/n/12 Momentum $\OML/cmm/m/it/12 p$

Underfull \hbox (badness 2865) in paragraph at lines 80--81
[]|\OT1/cmr/m/n/12 Auxiliary Gaus-sian mo-men-tum

Underfull \hbox (badness 1448) in paragraph at lines 80--81
\OML/cmm/m/it/12 p \OMS/cmsy/m/n/12 ^^X N\OT1/cmr/m/n/12 (0\OML/cmm/m/it/12 ; M
\OT1/cmr/m/n/12 )$ used to de-fine

Underfull \hbox (badness 10000) in paragraph at lines 84--84
[]|\OT1/cmr/m/n/12 Hamiltonian

Underfull \hbox (badness 5316) in paragraph at lines 86--87
[]|\OT1/cmr/m/n/12 Does the ac-cep-t/re-ject step

Underfull \hbox (badness 3250) in paragraph at lines 89--91
\OT1/cmr/m/n/12 cor-rec-tion, or is a dif-fer-ent

Underfull \hbox (badness 1062) in paragraph at lines 93--95
\OT1/cmr/m/n/12 ex-plic-itly cor-rected and di-ag-

Underfull \hbox (badness 10000) in paragraph at lines 95--95
[]|\OT1/cmr/m/n/12 Accept/reject

Underfull \hbox (badness 10000) in paragraph at lines 99--99
[]|\OT1/cmr/m/n/12 Target-status

Underfull \hbox (badness 7291) in paragraph at lines 101--103
\OT1/cmr/m/n/12 learned, and diagnostic-only
[273]

Package natbib Warning: Citation `andrieu2009pseudo' on page 274 undefined on i
nput line 151.


Package natbib Warning: Citation `andrieu2010particle' on page 274 undefined on
 input line 151.


Overfull \hbox (92.1045pt too wide) has occurred while \output is active
\OT1/cmr/m/n/12 274 \OT1/cmr/m/sl/12 CHAPTER 30.  DPF HMC TARGET CORRECTNESS AN
D STRUCTURAL-MODEL SUITABILITY
[274] [275]

Package natbib Warning: Citation `zhumurphyjonschkowski2020' on page 276 undefi
ned on input line 238.


Package natbib Warning: Citation `jonschkowski2018differentiable' on page 276 u
ndefined on input line 238.


Package natbib Warning: Citation `karkus2018particle' on page 276 undefined on 
input line 238.


Package natbib Warning: Citation `reich2013nonparametric' on page 276 undefined
 on input line 254.


Package natbib Warning: Citation `cuturi2013sinkhorn' on page 276 undefined on 
input line 254.


Package natbib Warning: Citation `peyre2019computational' on page 276 undefined
 on input line 254.


Package natbib Warning: Citation `corenflos2021differentiable' on page 276 unde
fined on input line 254.


Package natbib Warning: Citation `amos2017icnn' on page 276 undefined on input 
line 284.


Package natbib Warning: Citation `makkuva2020otmapping' on page 276 undefined o
n input line 284.


Package natbib Warning: Citation `uscidda2023mongegap' on page 276 undefined on
 input line 284.


Package natbib Warning: Citation `gracykchen2024geonet' on page 276 undefined o
n input line 284.


Overfull \hbox (92.1045pt too wide) has occurred while \output is active
\OT1/cmr/m/n/12 276 \OT1/cmr/m/sl/12 CHAPTER 30.  DPF HMC TARGET CORRECTNESS AN
D STRUCTURAL-MODEL SUITABILITY
[276]
Overfull \hbox (8.72278pt too wide) in paragraph at lines 289--299
[]\OT1/cmr/m/n/12 The scalable-OT sur-vey helps sep-a-rate two cases that shoul
d not be con-flated. Retained-

Overfull \hbox (11.76172pt too wide) in alignment at lines 311--317
 [] [] [] [] [] 

Overfull \hbox (11.76172pt too wide) in alignment at lines 317--321
 [] [] [] [] [] 

Overfull \hbox (14.94208pt too wide) in paragraph at lines 322--322
[]|\OT1/cmr/m/n/12 EDH/LEDH| 

Underfull \hbox (badness 10000) in paragraph at lines 323--323
[]|\OT1/cmr/m/n/12 Gaussian-closure

Underfull \hbox (badness 10000) in paragraph at lines 323--323
\OT1/cmr/m/n/12 or local-flow

Underfull \hbox (badness 10000) in paragraph at lines 324--324
\OT1/cmr/m/n/12 if im-ple-mented

Underfull \hbox (badness 10000) in paragraph at lines 325--325
[]|\OT1/cmr/m/n/12 Exact only

Underfull \hbox (badness 10000) in paragraph at lines 325--325
\OT1/cmr/m/n/12 in re-cov-

Underfull \hbox (badness 10000) in paragraph at lines 325--325
\OT1/cmr/m/n/12 ery cases;

Underfull \hbox (badness 10000) in paragraph at lines 325--325
\OT1/cmr/m/n/12 oth-er-wise

Underfull \hbox (badness 10000) in paragraph at lines 325--325
\OT1/cmr/m/n/12 ap-prox-i-mate

Underfull \hbox (badness 10000) in paragraph at lines 326--328
[]|\OT1/cmr/m/n/12 Linear-Gaussian re-

Underfull \hbox (badness 10000) in paragraph at lines 326--328
\OT1/cmr/m/n/12 cov-ery, non-lin-ear

Underfull \hbox (badness 1484) in paragraph at lines 326--328
\OT1/cmr/m/n/12 likelihood-error stud-

Underfull \hbox (badness 10000) in paragraph at lines 329--329
[]|\OT1/cmr/m/n/12 Proposal-

Underfull \hbox (badness 10000) in paragraph at lines 329--329
\OT1/cmr/m/n/12 corrected par-

Underfull \hbox (badness 1184) in paragraph at lines 329--329
\OT1/cmr/m/n/12 ti-cle scalar with

Underfull \hbox (badness 10000) in paragraph at lines 329--329
\OT1/cmr/m/n/12 Jacobian/log-det

Underfull \hbox (badness 10000) in paragraph at lines 330--330
\OT1/cmr/m/n/12 same cor-rected

Underfull \hbox (badness 2302) in paragraph at lines 330--330
\OT1/cmr/m/n/12 scalar, in-clud-ing

Underfull \hbox (badness 10000) in paragraph at lines 331--332
[]|\OT1/cmr/m/n/12 First rung

Underfull \hbox (badness 7273) in paragraph at lines 331--332
\OT1/cmr/m/n/12 with ex-plicit

Underfull \hbox (badness 10000) in paragraph at lines 331--332
\OT1/cmr/m/n/12 proposal-

Underfull \hbox (badness 10000) in paragraph at lines 331--332
\OT1/cmr/m/n/12 correction

Underfull \hbox (badness 10000) in paragraph at lines 331--332
\OT1/cmr/m/n/12 in-ter-pre-ta-

Underfull \hbox (badness 10000) in paragraph at lines 331--332
\OT1/cmr/m/n/12 can-di-date

Underfull \hbox (badness 10000) in paragraph at lines 333--335
[]|\OT1/cmr/m/n/12 Finite-particle vari-

Underfull \hbox (badness 10000) in paragraph at lines 333--335
\OT1/cmr/m/n/12 ance, Jacobian/log-

Underfull \hbox (badness 10000) in paragraph at lines 333--335
\OT1/cmr/m/n/12 det au-dit, value-

Underfull \hbox (badness 10000) in paragraph at lines 333--335
\OT1/cmr/m/n/12 gradient par-ity,

Underfull \hbox (badness 10000) in paragraph at lines 333--335
\OT1/cmr/m/n/12 com-piled re-peated

Underfull \hbox (badness 7722) in paragraph at lines 333--335
\OT1/cmr/m/n/12 eval-u-a-tion, ran-dom-

Underfull \hbox (badness 10000) in paragraph at lines 335--335
[]|\OT1/cmr/m/n/12 Soft re-

Underfull \hbox (badness 6944) in paragraph at lines 336--336
[]|\OT1/cmr/m/n/12 Soft or shrink-

Underfull \hbox (badness 10000) in paragraph at lines 336--336
\OT1/cmr/m/n/12 age re-sam-pling

Underfull \hbox (badness 10000) in paragraph at lines 337--337
[]|\OT1/cmr/m/n/12 Derivative

Underfull \hbox (badness 10000) in paragraph at lines 337--337
\OT1/cmr/m/n/12 through the

Underfull \hbox (badness 10000) in paragraph at lines 338--338
[]|\OT1/cmr/m/n/12 Relaxed or

Underfull \hbox (badness 10000) in paragraph at lines 338--338
\OT1/cmr/m/n/12 sur-ro-gate

Underfull \hbox (badness 10000) in paragraph at lines 339--341
[]|\OT1/cmr/m/n/12 Posterior sen-si-tiv-ity

Underfull \hbox (badness 10000) in paragraph at lines 339--341
\OT1/cmr/m/n/12 against cat-e-gor-i-cal

Underfull \hbox (badness 10000) in paragraph at lines 339--341
\OT1/cmr/m/n/12 or trusted ref-er-

Underfull \hbox (badness 10000) in paragraph at lines 339--341
\OT1/cmr/m/n/12 ences, non-lin-ear

Underfull \hbox (badness 10000) in paragraph at lines 339--341
\OT1/cmr/m/n/12 test-function bias,

Underfull \hbox (badness 10000) in paragraph at lines 342--342
[]|\OT1/cmr/m/n/12 Transport-

Underfull \hbox (badness 10000) in paragraph at lines 342--342
\OT1/cmr/m/n/12 relaxed scalar

Underfull \hbox (badness 10000) in paragraph at lines 342--342
\OT1/cmr/m/n/12 with cost, en-

Underfull \hbox (badness 10000) in paragraph at lines 342--342
\OT1/cmr/m/n/12 tropy, $\OML/cmm/m/it/12 "$\OT1/cmr/m/n/12 , and

Underfull \hbox (badness 10000) in paragraph at lines 343--343
[]|\OT1/cmr/m/n/12 Derivative

Underfull \hbox (badness 10000) in paragraph at lines 343--343
\OT1/cmr/m/n/12 through the

Underfull \hbox (badness 10000) in paragraph at lines 343--343
\OT1/cmr/m/n/12 im-plicit solver

Underfull \hbox (badness 10000) in paragraph at lines 344--344
[]|\OT1/cmr/m/n/12 Relaxed

Underfull \hbox (badness 10000) in paragraph at lines 345--347
[]|$\OML/cmm/m/it/12 "$ \OT1/cmr/m/n/12 and Sinkhorn-

Underfull \hbox (badness 10000) in paragraph at lines 345--347
\OT1/cmr/m/n/12 budget sen-si-tiv-ity,

Underfull \hbox (badness 10000) in paragraph at lines 345--347
\OT1/cmr/m/n/12 resid-ual tol-er-ances,

Underfull \hbox (badness 10000) in paragraph at lines 345--347
\OT1/cmr/m/n/12 sta-bi-liza-tion au-dit,

Underfull \hbox (badness 10000) in paragraph at lines 345--347
\OT1/cmr/m/n/12 teacher pos-te-rior

Underfull \hbox (badness 10000) in paragraph at lines 347--347
[]|\OT1/cmr/m/n/12 Learned

Underfull \hbox (badness 10000) in paragraph at lines 348--348
[]|\OT1/cmr/m/n/12 Learned ap-

Underfull \hbox (badness 10000) in paragraph at lines 348--348
\OT1/cmr/m/n/12 prox-i-ma-tion to

Underfull \hbox (badness 10000) in paragraph at lines 348--348
\OT1/cmr/m/n/12 an OT/EOT

Underfull \hbox (badness 10000) in paragraph at lines 348--348
\OT1/cmr/m/n/12 or residual-

Underfull \hbox (badness 10000) in paragraph at lines 349--349
[]|\OT1/cmr/m/n/12 Derivative

Underfull \hbox (badness 10000) in paragraph at lines 349--349
\OT1/cmr/m/n/12 through the

Underfull \hbox (badness 6842) in paragraph at lines 349--349
\OT1/cmr/m/n/12 re-tained teacher

Underfull \hbox (badness 5893) in paragraph at lines 350--350
[]|\OT1/cmr/m/n/12 Learned sur-

Underfull \hbox (badness 2547) in paragraph at lines 350--350
\OT1/cmr/m/n/12 ro-gate un-less

Underfull \hbox (badness 5908) in paragraph at lines 351--353
[]|\OT1/cmr/m/n/12 Teacher resid-ual to

Overfull \hbox (11.76172pt too wide) in alignment at lines 321--354
 [] [] [] [] [] 
[277]
Underfull \vbox (badness 2213) has occurred while \output is active
Overfull \hbox (92.1045pt too wide) has occurred while \output is active
\OT1/cmr/m/n/12 278 \OT1/cmr/m/sl/12 CHAPTER 30.  DPF HMC TARGET CORRECTNESS AN
D STRUCTURAL-MODEL SUITABILITY
[278]
Overfull \hbox (5.32317pt too wide) in paragraph at lines 406--409
[]\OT1/cmr/bx/n/12 Latent-state se-man-tics\OT1/cmr/m/n/12 : deterministic-comp
letion co-or-di-nates and stochas-tic state

Package natbib Warning: Citation `greydanus2019hamiltonian' on page 279 undefin
ed on input line 448.


Package natbib Warning: Citation `dhulipala2022latent' on page 279 undefined on
 input line 448.


Package natbib Warning: Citation `hoffman2019neutra' on page 279 undefined on i
nput line 448.


Package natbib Warning: Citation `parno2018transport' on page 279 undefined on 
input line 448.

[279]
Underfull \hbox (badness 10000) in paragraph at lines 469--469
[]|\OT1/cmr/m/n/12 What is ap-prox-i-

Underfull \hbox (badness 10000) in paragraph at lines 473--473
[]|\OT1/cmr/m/n/12 What is ap-prox-i-

Underfull \hbox (badness 2875) in paragraph at lines 476--476
[]|\OT1/cmr/m/n/12 Classical ex-act

Underfull \hbox (badness 10000) in paragraph at lines 477--477
[]|\OT1/cmr/m/n/12 Hamiltonian tra-jec-

Underfull \hbox (badness 10000) in paragraph at lines 477--477
\OT1/cmr/m/n/12 tory by nu-mer-i-cal

Underfull \hbox (badness 10000) in paragraph at lines 478--479
[]|\OT1/cmr/m/n/12 Target pre-served

Underfull \hbox (badness 10000) in paragraph at lines 478--479
\OT1/cmr/m/n/12 af-ter Metropo-lis

Underfull \hbox (badness 10000) in paragraph at lines 478--479
\OT1/cmr/m/n/12 cor-rec-tion when

Underfull \hbox (badness 1210) in paragraph at lines 478--479
\OT1/cmr/m/n/12 pro-posal con-di-tions

Underfull \hbox (badness 10000) in paragraph at lines 481--481
[]|\OT1/cmr/m/n/12 Pseudo-

Underfull \hbox (badness 10000) in paragraph at lines 481--481
\OT1/cmr/m/n/12 marginal

Underfull \hbox (badness 10000) in paragraph at lines 483--483
[]|\OT1/cmr/m/n/12 Marginal pos-te-rior

Underfull \hbox (badness 10000) in paragraph at lines 483--483
\OT1/cmr/m/n/12 pseudo-marginal

Underfull \hbox (badness 1292) in paragraph at lines 484--485
[]|\OT1/cmr/m/n/12 Corrected extended-

Underfull \hbox (badness 10000) in paragraph at lines 484--485
\OT1/cmr/m/n/12 space chain, not

Underfull \hbox (badness 10000) in paragraph at lines 484--485
\OT1/cmr/m/n/12 smooth surrogate-

Underfull \hbox (badness 10000) in paragraph at lines 485--485
[]|\OT1/cmr/m/n/12 Noisy-gradient

Underfull \hbox (badness 1270) in paragraph at lines 487--487
[]|\OT1/cmr/m/n/12 No ex-act pos-te-rior

Underfull \hbox (badness 1436) in paragraph at lines 487--487
\OT1/cmr/m/n/12 claim with-out cor-

Underfull \hbox (badness 10000) in paragraph at lines 488--489
[]|\OT1/cmr/m/n/12 Diagnostic or ap-

Underfull \hbox (badness 10000) in paragraph at lines 488--489
\OT1/cmr/m/n/12 prox-i-mate un-less

Underfull \hbox (badness 10000) in paragraph at lines 489--489
[]|\OT1/cmr/m/n/12 Delayed-

Underfull \hbox (badness 10000) in paragraph at lines 489--489
\OT1/cmr/m/n/12 acceptance

Underfull \hbox (badness 1939) in paragraph at lines 490--490
[]|\OT1/cmr/m/n/12 Early-stage value or

Underfull \hbox (badness 10000) in paragraph at lines 491--491
[]|\OT1/cmr/m/n/12 Can pre-serve in-

Underfull \hbox (badness 10000) in paragraph at lines 492--493
[]|\OT1/cmr/m/n/12 Surrogate-assisted,

Underfull \hbox (badness 10000) in paragraph at lines 492--493
\OT1/cmr/m/n/12 not target-defining,

Underfull \hbox (badness 10000) in paragraph at lines 494--494
[]|\OT1/cmr/m/n/12 Filtering like-li-hood

Underfull \hbox (badness 10000) in paragraph at lines 496--497
[]|\OT1/cmr/m/n/12 Relaxed-target

Underfull \hbox (badness 10000) in paragraph at lines 498--498
[]|\OT1/cmr/m/n/12 Transport, resid-ual,

Underfull \hbox (badness 10000) in paragraph at lines 499--499
[]|\OT1/cmr/m/n/12 Posterior changes

Underfull \hbox (badness 10000) in paragraph at lines 500--501
[]|\OT1/cmr/m/n/12 Learned-surrogate

Underfull \hbox (badness 3199) in paragraph at lines 500--501
\OT1/cmr/m/n/12 HMC pend-ing cor-

Overfull \hbox (92.1045pt too wide) has occurred while \output is active
\OT1/cmr/m/n/12 280 \OT1/cmr/m/sl/12 CHAPTER 30.  DPF HMC TARGET CORRECTNESS AN
D STRUCTURAL-MODEL SUITABILITY
[280]
Underfull \hbox (badness 3460) in paragraph at lines 516--517
[]|\OT1/cmr/m/n/12 Disallowed short-

Underfull \hbox (badness 3460) in paragraph at lines 520--521
[]|\OT1/cmr/m/n/12 Disallowed short-

Underfull \hbox (badness 1881) in paragraph at lines 524--524
[]|\OT1/cmr/m/n/12 The rung is worth

Underfull \hbox (badness 10000) in paragraph at lines 524--524
\OT1/cmr/m/n/12 study-ing on con-

Underfull \hbox (badness 10000) in paragraph at lines 525--526
[]|\OT1/cmr/m/n/12 Named scalar value,

Underfull \hbox (badness 10000) in paragraph at lines 525--526
\OT1/cmr/m/n/12 value-gradient check,

Underfull \hbox (badness 10000) in paragraph at lines 527--528
[]|\OT1/cmr/m/n/12 Calling the

Underfull \hbox (badness 10000) in paragraph at lines 527--528
\OT1/cmr/m/n/12 method suit-

Underfull \hbox (badness 10000) in paragraph at lines 528--528
[]|\OT1/cmr/m/n/12 Credible re-

Underfull \hbox (badness 10000) in paragraph at lines 530--531
[]|\OT1/cmr/m/n/12 Source-grounded

Underfull \hbox (badness 10000) in paragraph at lines 530--531
\OT1/cmr/m/n/12 deriva-tion, re-peated

Underfull \hbox (badness 1983) in paragraph at lines 530--531
\OT1/cmr/m/n/12 fixed-seed and varied-

Underfull \hbox (badness 10000) in paragraph at lines 530--531
\OT1/cmr/m/n/12 seed tests, pos-te-rior

Underfull \hbox (badness 10000) in paragraph at lines 530--531
\OT1/cmr/m/n/12 com-par-isons, failure-

Underfull \hbox (badness 10000) in paragraph at lines 532--533
[]|\OT1/cmr/m/n/12 Treating a toy

Underfull \hbox (badness 10000) in paragraph at lines 532--533
\OT1/cmr/m/n/12 for DSGE or

Underfull \hbox (badness 10000) in paragraph at lines 532--533
\OT1/cmr/m/n/12 Macro-Fi-nance

Underfull \hbox (badness 4467) in paragraph at lines 533--533
[]|\OT1/cmr/m/n/12 Broader ex-ter-

Underfull \hbox (badness 3612) in paragraph at lines 534--535
[]|\OT1/cmr/m/n/12 The rung sup-ports

Underfull \hbox (badness 8075) in paragraph at lines 534--535
\OT1/cmr/m/n/12 a re-stricted ex-ter-

Underfull \hbox (badness 10000) in paragraph at lines 536--537
[]|\OT1/cmr/m/n/12 Reproducible demon-

Underfull \hbox (badness 10000) in paragraph at lines 536--537
\OT1/cmr/m/n/12 stra-tions, model-

Underfull \hbox (badness 10000) in paragraph at lines 536--537
\OT1/cmr/m/n/12 specific stress tests,

Underfull \hbox (badness 10000) in paragraph at lines 536--537
\OT1/cmr/m/n/12 chal-lenger com-par-

Underfull \hbox (badness 10000) in paragraph at lines 538--539
[]|\OT1/cmr/m/n/12 Using run-time

Underfull \hbox (badness 10000) in paragraph at lines 538--539
\OT1/cmr/m/n/12 im-prove-ment as

Underfull \hbox (badness 10000) in paragraph at lines 538--539
\OT1/cmr/m/n/12 target-correctness

Underfull \hbox (badness 10000) in paragraph at lines 539--539
[]|\OT1/cmr/m/n/12 Operational

Underfull \hbox (badness 10000) in paragraph at lines 541--542
[]|\OT1/cmr/m/n/12 Independent re-view,

Underfull \hbox (badness 1694) in paragraph at lines 541--542
\OT1/cmr/m/n/12 change con-trol, mon-i-

Underfull \hbox (badness 2302) in paragraph at lines 541--542
\OT1/cmr/m/n/12 tor-ing, roll-back, data

Underfull \hbox (badness 10000) in paragraph at lines 541--542
\OT1/cmr/m/n/12 and model sta-bil-ity

Underfull \hbox (badness 10000) in paragraph at lines 543--544
[]|\OT1/cmr/m/n/12 Inferring op-er-a-

Underfull \hbox (badness 10000) in paragraph at lines 543--544
\OT1/cmr/m/n/12 tional readi-ness
[281]
Overfull \hbox (1.9039pt too wide) in paragraph at lines 590--592
[]\OT1/cmr/m/n/12 that PF-PF has al-ready passed finite-particle, Ja-co-bian, c
ompiled-path, or posterior-
) (./chapters/ch19f_dpf_debugging_crosswalk.tex
Overfull \hbox (92.1045pt too wide) has occurred while \output is active
\OT1/cmr/m/n/12 282 \OT1/cmr/m/sl/12 CHAPTER 30.  DPF HMC TARGET CORRECTNESS AN
D STRUCTURAL-MODEL SUITABILITY
[282]
Chapter 31.
[283]
Overfull \hbox (70.30922pt too wide) in paragraph at lines 128--137
\OT1/cmr/m/n/12 density-evaluation node. Equiv-a-lently, one may call a helper 
such as \OT1/cmtt/m/n/12 optimal[]proposal[]log[]prob(...)

Overfull \hbox (17.705pt too wide) has occurred while \output is active
\OT1/cmr/m/n/12 284 \OT1/cmr/m/sl/12 CHAPTER 31.  DPF LITERATURE-TO-DEBUGGING V
ERIFICATION CONTRACT
[284] [285]
Overfull \hbox (17.705pt too wide) has occurred while \output is active
\OT1/cmr/m/n/12 286 \OT1/cmr/m/sl/12 CHAPTER 31.  DPF LITERATURE-TO-DEBUGGING V
ERIFICATION CONTRACT
[286]
Underfull \hbox (badness 10000) in paragraph at lines 295--295
[]|\OT1/cmr/m/n/8 Implementation

Underfull \hbox (badness 10000) in paragraph at lines 295--296
[]|\OT1/cmr/m/n/8 Narrow fail-ure

Overfull \hbox (23.7617pt too wide) in alignment at lines 291--297
 [] [] [] [] [] [] 

Underfull \hbox (badness 10000) in paragraph at lines 300--300
[]|\OT1/cmr/m/n/8 Implementation

Underfull \hbox (badness 10000) in paragraph at lines 300--301
[]|\OT1/cmr/m/n/8 Narrow fail-ure

Overfull \hbox (23.7617pt too wide) in alignment at lines 297--302
 [] [] [] [] [] [] 

Overfull \hbox (23.7617pt too wide) in alignment at lines 302--304
 [] [] [] [] [] [] 

Underfull \hbox (badness 10000) in paragraph at lines 307--307
[]|\OT1/cmr/m/n/8 linear-Gaussian

Underfull \hbox (badness 10000) in paragraph at lines 307--307
\OT1/cmr/m/n/8 state-space model

Underfull \hbox (badness 1292) in paragraph at lines 308--308
[]|\OT1/cmr/m/n/8 predict/update law,

Underfull \hbox (badness 1859) in paragraph at lines 308--308
\OT1/cmr/m/n/8 nor-mal-ized weights,

Underfull \hbox (badness 10000) in paragraph at lines 309--309
[]|\OT1/cmr/m/n/8 moments match

Underfull \hbox (badness 10000) in paragraph at lines 309--309
\OT1/cmr/m/n/8 ref-er-ence within

Underfull \hbox (badness 10000) in paragraph at lines 309--309
\OT1/cmr/m/n/8 de-clared Monte

Underfull \hbox (badness 10000) in paragraph at lines 310--311
[]|\OT1/cmr/m/n/8 recursion, nor-

Underfull \hbox (badness 10000) in paragraph at lines 310--311
\OT1/cmr/m/n/8 mal-iza-tion, or

Underfull \hbox (badness 10000) in paragraph at lines 310--311
\OT1/cmr/m/n/8 model-interface

Underfull \hbox (badness 10000) in paragraph at lines 310--311
\OT1/cmr/m/n/8 or learned-map

Underfull \hbox (badness 1466) in paragraph at lines 311--311
[]|\OT1/cmr/m/n/8 Bootstrap like-

Underfull \hbox (badness 7397) in paragraph at lines 311--311
\OT1/cmr/m/n/8 li-hood es-ti-ma-

Underfull \hbox (badness 10000) in paragraph at lines 313--313
[]|\OT1/cmr/m/n/8 same linear-

Underfull \hbox (badness 10000) in paragraph at lines 313--313
\OT1/cmr/m/n/8 Gaussian model;

Underfull \hbox (badness 10000) in paragraph at lines 313--313
\OT1/cmr/m/n/8 fixed seeds and

Underfull \hbox (badness 10000) in paragraph at lines 314--314
[]|\OT1/cmr/m/n/8 per-period av-er-age

Underfull \hbox (badness 10000) in paragraph at lines 314--314
\OT1/cmr/m/n/8 weights and log

Underfull \hbox (badness 10000) in paragraph at lines 315--315
[]|\OT1/cmr/m/n/8 Monte Carlo

Underfull \hbox (badness 2932) in paragraph at lines 315--315
\OT1/cmr/m/n/8 mean ap-proaches

Underfull \hbox (badness 10000) in paragraph at lines 315--315
\OT1/cmr/m/n/8 Kalman like-li-

Underfull \hbox (badness 10000) in paragraph at lines 315--315
\OT1/cmr/m/n/8 hood; vari-ance

Underfull \hbox (badness 4454) in paragraph at lines 316--317
\OT1/cmr/m/n/8 or weight bug;

Underfull \hbox (badness 10000) in paragraph at lines 316--317
\OT1/cmr/m/n/8 not ev-i-dence

Underfull \hbox (badness 10000) in paragraph at lines 316--317
\OT1/cmr/m/n/8 about dif-fer-en-

Underfull \hbox (badness 10000) in paragraph at lines 317--317
[]|\OT1/cmr/m/n/8 Homotopy

Underfull \hbox (badness 3954) in paragraph at lines 319--319
\OT1/cmr/m/n/8 ser-va-tion with an-

Underfull \hbox (badness 2318) in paragraph at lines 319--319
\OT1/cmr/m/n/8 a-lytic log-likelihood

Underfull \hbox (badness 4621) in paragraph at lines 320--320
[]|\OT1/cmr/m/n/8 finite dif-fer-ence in

Underfull \hbox (badness 10000) in paragraph at lines 320--320
\OML/cmm/m/it/8 ^^U$ \OT1/cmr/m/n/8 ver-sus an-a-lytic

Underfull \hbox (badness 3525) in paragraph at lines 321--321
[]|\OT1/cmr/m/n/8 central dif-fer-ence

Underfull \hbox (badness 10000) in paragraph at lines 321--321
\OT1/cmr/m/n/8 and an-a-lytic

Underfull \hbox (badness 10000) in paragraph at lines 321--321
\OT1/cmr/m/n/8 deriva-tive agree

Underfull \hbox (badness 10000) in paragraph at lines 322--323
[]|\OT1/cmr/m/n/8 homotopy al-ge-

Underfull \hbox (badness 3240) in paragraph at lines 322--323
\OT1/cmr/m/n/8 deriva-tive is-sue;

Underfull \hbox (badness 10000) in paragraph at lines 325--325
[]|\OT1/cmr/m/n/8 linear-Gaussian re-

Underfull \hbox (badness 1571) in paragraph at lines 325--325
\OT1/cmr/m/n/8 cov-ery with known

Underfull \hbox (badness 10000) in paragraph at lines 325--325
\OT1/cmr/m/n/8 pos-te-rior mean/-co-

Underfull \hbox (badness 1609) in paragraph at lines 326--326
\OT1/cmr/m/n/8 cles, mean, co-vari-

Underfull \hbox (badness 10000) in paragraph at lines 327--327
\OT1/cmr/m/n/8 match Kalman

Underfull \hbox (badness 10000) in paragraph at lines 327--327
\OT1/cmr/m/n/8 up-date within

Underfull \hbox (badness 4518) in paragraph at lines 327--327
\OT1/cmr/m/n/8 flow and Monte

Underfull \hbox (badness 10000) in paragraph at lines 328--329
[]|\OT1/cmr/m/n/8 flow ODE or

Underfull \hbox (badness 10000) in paragraph at lines 328--329
\OT1/cmr/m/n/8 Gaussian-closure

Underfull \hbox (badness 10000) in paragraph at lines 328--329
\OT1/cmr/m/n/8 im-ple-men-ta-tion

Underfull \hbox (badness 10000) in paragraph at lines 329--329
[]|\OT1/cmr/m/n/8 LEDH lo-cal

Underfull \hbox (badness 10000) in paragraph at lines 331--331
[]|\OT1/cmr/m/n/8 synthetic ob-ser-va-

Underfull \hbox (badness 10000) in paragraph at lines 331--331
\OT1/cmr/m/n/8 tion with known

Underfull \hbox (badness 10000) in paragraph at lines 332--332
[]|\OT1/cmr/m/n/8 particle-local Ja-co-

Underfull \hbox (badness 4739) in paragraph at lines 332--332
\OT1/cmr/m/n/8 bians, lo-cal pre-ci-

Underfull \hbox (badness 1584) in paragraph at lines 332--332
\OT1/cmr/m/n/8 sion, and end-point

Underfull \hbox (badness 10000) in paragraph at lines 333--333
[]|\OT1/cmr/m/n/8 local quan-ti-ties

Underfull \hbox (badness 10000) in paragraph at lines 333--333
\OT1/cmr/m/n/8 are fi-nite and

Underfull \hbox (badness 10000) in paragraph at lines 334--335
[]|\OT1/cmr/m/n/8 local lin-eariza-

Underfull \hbox (badness 10000) in paragraph at lines 336--336
[]|[]\OT1/cmr/m/n/8 , [],

Underfull \hbox (badness 10000) in paragraph at lines 338--338
[]|\OT1/cmr/m/n/8 proposal den-sity,

Underfull \hbox (badness 10000) in paragraph at lines 339--339
[]|\OT1/cmr/m/n/8 manual den-sity

Underfull \hbox (badness 2213) in paragraph at lines 339--339
\OT1/cmr/m/n/8 ra-tio and im-ple-

Underfull \hbox (badness 10000) in paragraph at lines 339--339
\OT1/cmr/m/n/8 mented weight

Underfull \hbox (badness 10000) in paragraph at lines 340--341
[]|\OT1/cmr/m/n/8 proposal-density

Underfull \hbox (badness 10000) in paragraph at lines 340--341
\OT1/cmr/m/n/8 or cor-rec-tion

Underfull \hbox (badness 10000) in paragraph at lines 340--341
\OT1/cmr/m/n/8 a re-sam-pling

Underfull \hbox (badness 10000) in paragraph at lines 341--341
[]|\OT1/cmr/m/n/8 Log-

Underfull \hbox (badness 10000) in paragraph at lines 341--341
\OT1/cmr/m/n/8 determinant

Underfull \hbox (badness 10000) in paragraph at lines 342--342
[]|[]\OT1/cmr/m/n/8 , [],

Underfull \hbox (badness 4120) in paragraph at lines 343--343
[]|\OT1/cmr/m/n/8 affine flow $\OML/cmm/m/it/8 x[] \OT1/cmr/m/n/8 =

Underfull \hbox (badness 6842) in paragraph at lines 344--344
[]|\OT1/cmr/m/n/8 integrated log de-

Underfull \hbox (badness 10000) in paragraph at lines 344--344
\OT1/cmr/m/n/8 ter-mi-nant and

Underfull \hbox (badness 7308) in paragraph at lines 344--344
\OT1/cmr/m/n/8 finite-difference de-

Underfull \hbox (badness 2591) in paragraph at lines 345--345
[]|\OT1/cmr/m/n/8 sign and mag-ni-

Underfull \hbox (badness 5175) in paragraph at lines 345--345
\OT1/cmr/m/n/8 tude match un-

Underfull \hbox (badness 3503) in paragraph at lines 345--345
\OT1/cmr/m/n/8 der step-size re-

Underfull \hbox (badness 10000) in paragraph at lines 346--347
[]|\OT1/cmr/m/n/8 Jacobian sign,

Underfull \hbox (badness 2318) in paragraph at lines 346--347
\OT1/cmr/m/n/8 in-te-gra-tor is-sue;

Underfull \hbox (badness 6284) in paragraph at lines 349--349
[]|\OT1/cmr/m/n/8 two-particle re-sam-

Underfull \hbox (badness 8189) in paragraph at lines 349--349
\OT1/cmr/m/n/8 pling with weight

Underfull \hbox (badness 2443) in paragraph at lines 351--351
\OT1/cmr/m/n/8 pected; no false

Underfull \hbox (badness 10000) in paragraph at lines 352--353
[]|\OT1/cmr/m/n/8 discrete re-sam-

Underfull \hbox (badness 10000) in paragraph at lines 352--353
\OT1/cmr/m/n/8 pling is be-ing

Underfull \hbox (badness 10000) in paragraph at lines 352--353
\OT1/cmr/m/n/8 dif-fer-en-ti-ated

Underfull \hbox (badness 2856) in paragraph at lines 352--353
\OT1/cmr/m/n/8 in-cor-rectly; not

Underfull \hbox (badness 10000) in paragraph at lines 353--353
[]|\OT1/cmr/m/n/8 Soft-resampling

Underfull \hbox (badness 2735) in paragraph at lines 355--355
[]|\OT1/cmr/m/n/8 two-particle non-lin-

Underfull \hbox (badness 10000) in paragraph at lines 356--356
[]|\OT1/cmr/m/n/8 mean preser-va-tion

Underfull \hbox (badness 1253) in paragraph at lines 356--356
\OT1/cmr/m/n/8 and non-lin-ear test-

Underfull \hbox (badness 10000) in paragraph at lines 358--359
[]|\OT1/cmr/m/n/8 surrogate-law

Underfull \hbox (badness 10000) in paragraph at lines 358--359
\OT1/cmr/m/n/8 ef-fect; not

Underfull \hbox (badness 10000) in paragraph at lines 358--359
\OT1/cmr/m/n/8 ev-i-dence of

Underfull \hbox (badness 10000) in paragraph at lines 358--359
\OT1/cmr/m/n/8 categorical-

Underfull \hbox (badness 4454) in paragraph at lines 358--359
\OT1/cmr/m/n/8 target preser-va-

Underfull \hbox (badness 10000) in paragraph at lines 359--359
[]|\OT1/cmr/m/n/8 EOT/Sinkhorn

Underfull \hbox (badness 10000) in paragraph at lines 360--360
[]|[]\OT1/cmr/m/n/8 , [],

Underfull \hbox (badness 10000) in paragraph at lines 361--361
[]|\OT1/cmr/m/n/8 small cost ma-trix

Underfull \hbox (badness 10000) in paragraph at lines 361--361
\OT1/cmr/m/n/8 with pre-scribed

Underfull \hbox (badness 3635) in paragraph at lines 362--362
\OT1/cmr/m/n/8 resid-ual, cost, en-

Underfull \hbox (badness 3792) in paragraph at lines 362--362
\OT1/cmr/m/n/8 tropy, $\OML/cmm/m/it/8 "$\OT1/cmr/m/n/8 , it-er-a-tion

Underfull \hbox (badness 1454) in paragraph at lines 363--363
[]|\OT1/cmr/m/n/8 residuals fall be-

Underfull \hbox (badness 2165) in paragraph at lines 363--363
\OT1/cmr/m/n/8 are sta-ble un-der

Underfull \hbox (badness 10000) in paragraph at lines 364--365
[]|\OT1/cmr/m/n/8 finite-solver or

Underfull \hbox (badness 10000) in paragraph at lines 364--365
\OT1/cmr/m/n/8 sta-bi-liza-tion

Underfull \hbox (badness 2334) in paragraph at lines 364--365
\OT1/cmr/m/n/8 of pos-te-rior in-

Underfull \hbox (badness 10000) in paragraph at lines 365--365
[]|\OT1/cmr/m/n/8 Barycentric

Underfull \hbox (badness 10000) in paragraph at lines 367--367
\OT1/cmr/m/n/8 known col-umn

Underfull \hbox (badness 10000) in paragraph at lines 368--368
[]|\OT1/cmr/m/n/8 projected equal-

Underfull \hbox (badness 10000) in paragraph at lines 368--368
\OT1/cmr/m/n/8 weight sup-port

Underfull \hbox (badness 8189) in paragraph at lines 368--368
\OT1/cmr/m/n/8 cloud and di-men-

Underfull \hbox (badness 10000) in paragraph at lines 369--369
[]|\OT1/cmr/m/n/8 output has de-

Underfull \hbox (badness 10000) in paragraph at lines 370--371
[]|\OT1/cmr/m/n/8 projection or

Underfull \hbox (badness 1308) in paragraph at lines 370--371
\OT1/cmr/m/n/8 shape bug; not

Underfull \hbox (badness 10000) in paragraph at lines 370--371
\OT1/cmr/m/n/8 a coupling-

Underfull \hbox (badness 10000) in paragraph at lines 371--371
[]|\OT1/cmr/m/n/8 Barycentric

Underfull \hbox (badness 10000) in paragraph at lines 371--371
\OT1/cmr/m/n/8 mo-ment con-

Underfull \hbox (badness 10000) in paragraph at lines 373--373
\OT1/cmr/m/n/8 no-OT weighted

Underfull \hbox (badness 10000) in paragraph at lines 374--374
[]|\OT1/cmr/m/n/8 pre-reset weighted

Underfull \hbox (badness 10000) in paragraph at lines 374--374
\OT1/cmr/m/n/8 mean/-co-vari-ance,

Underfull \hbox (badness 10000) in paragraph at lines 374--374
\OT1/cmr/m/n/8 post-reset equal-

Underfull \hbox (badness 10000) in paragraph at lines 374--374
\OT1/cmr/m/n/8 weight mean/-

Underfull \hbox (badness 10000) in paragraph at lines 374--374
\OT1/cmr/m/n/8 co-vari-ance, and

Underfull \hbox (badness 10000) in paragraph at lines 374--374
\OT1/cmr/m/n/8 down-stream value

Underfull \hbox (badness 1515) in paragraph at lines 375--375
\OT1/cmr/m/n/8 and de-clared co-

Underfull \hbox (badness 3525) in paragraph at lines 375--375
\OT1/cmr/m/n/8 vari-ance con-trac-

Underfull \hbox (badness 5091) in paragraph at lines 375--375
\OT1/cmr/m/n/8 tion are vis-i-ble;

Underfull \hbox (badness 8019) in paragraph at lines 375--375
\OT1/cmr/m/n/8 any Kalman or

Underfull \hbox (badness 10000) in paragraph at lines 375--375
\OT1/cmr/m/n/8 exact-likelihood

Underfull \hbox (badness 10000) in paragraph at lines 375--375
\OT1/cmr/m/n/8 gate is la-beled

Underfull \hbox (badness 10000) in paragraph at lines 375--375
\OT1/cmr/m/n/8 same-scalar

Underfull \hbox (badness 10000) in paragraph at lines 375--375
\OT1/cmr/m/n/8 or moment-

Underfull \hbox (badness 10000) in paragraph at lines 376--377
[]|\OT1/cmr/m/n/8 finite-$\OML/cmm/m/it/8 N$ \OT1/cmr/m/n/8 re-set

Underfull \hbox (badness 10000) in paragraph at lines 376--377
\OT1/cmr/m/n/8 changes the

Underfull \hbox (badness 10000) in paragraph at lines 376--377
\OT1/cmr/m/n/8 fil-ter-ing scalar;

Underfull \hbox (badness 10000) in paragraph at lines 376--377
\OT1/cmr/m/n/8 a same-scalar

Underfull \hbox (badness 5388) in paragraph at lines 376--377
\OT1/cmr/m/n/8 gra-di-ent as an

Underfull \hbox (badness 10000) in paragraph at lines 376--377
\OT1/cmr/m/n/8 exact-likelihood

Underfull \hbox (badness 10000) in paragraph at lines 377--377
[]|\OT1/cmr/m/n/8 Learned-map

Underfull \hbox (badness 10000) in paragraph at lines 378--378
[]|[]\OT1/cmr/m/n/8 , [],

Underfull \hbox (badness 10000) in paragraph at lines 379--379
[]|\OT1/cmr/m/n/8 permutation-

Underfull \hbox (badness 10000) in paragraph at lines 379--379
\OT1/cmr/m/n/8 equivariance test

Underfull \hbox (badness 10000) in paragraph at lines 380--380
[]|\OT1/cmr/m/n/8 teacher/student

Underfull \hbox (badness 10000) in paragraph at lines 380--380
\OT1/cmr/m/n/8 resid-u-als, per-mu-

Underfull \hbox (badness 10000) in paragraph at lines 380--380
\OT1/cmr/m/n/8 ta-tion resid-ual,

Underfull \hbox (badness 10000) in paragraph at lines 380--380
\OT1/cmr/m/n/8 training-distribution

Underfull \hbox (badness 1077) in paragraph at lines 381--381
\OT1/cmr/m/n/8 low thresh-old on

Underfull \hbox (badness 10000) in paragraph at lines 382--383
[]|\OT1/cmr/m/n/8 student or

Underfull \hbox (badness 10000) in paragraph at lines 382--383
\OT1/cmr/m/n/8 distribution-shift

Underfull \hbox (badness 10000) in paragraph at lines 382--383
\OT1/cmr/m/n/8 is-sue; not a

Underfull \hbox (badness 10000) in paragraph at lines 382--383
\OT1/cmr/m/n/8 teacher-map

Underfull \hbox (badness 10000) in paragraph at lines 383--383
[]|\OT1/cmr/m/n/8 HMC value-

Underfull \hbox (badness 10000) in paragraph at lines 383--383
\OT1/cmr/m/n/8 gradient con-

Underfull \hbox (badness 10000) in paragraph at lines 385--385
[]|\OT1/cmr/m/n/8 finite-difference

Underfull \hbox (badness 6978) in paragraph at lines 385--385
\OT1/cmr/m/n/8 check on a fixed

Underfull \hbox (badness 10000) in paragraph at lines 385--385
\OT1/cmr/m/n/8 scalar tar-get and

Underfull \hbox (badness 3954) in paragraph at lines 385--385
\OT1/cmr/m/n/8 fixed ran-dom seed

Underfull \hbox (badness 2617) in paragraph at lines 386--386
\OT1/cmr/m/n/8 iff gra-di-ent, finite-

Underfull \hbox (badness 8189) in paragraph at lines 386--386
\OT1/cmr/m/n/8 difference gra-di-ent,

Underfull \hbox (badness 5374) in paragraph at lines 387--387
\OT1/cmr/m/n/8 the same scalar

Underfull \hbox (badness 10000) in paragraph at lines 387--387
\OT1/cmr/m/n/8 and gra-di-ents

Underfull \hbox (badness 1231) in paragraph at lines 387--387
\OT1/cmr/m/n/8 agree within tol-

Underfull \hbox (badness 10000) in paragraph at lines 388--389
[]|\OT1/cmr/m/n/8 target-interface

Underfull \hbox (badness 10000) in paragraph at lines 388--389
\OT1/cmr/m/n/8 HMC be-fore

Overfull \hbox (23.7617pt too wide) in alignment at lines 304--389
 [] [] [] [] [] [] 
[287]
Underfull \hbox (badness 10000) in paragraph at lines 406--406
[]|\OT1/cmr/m/n/12 Linear-

Underfull \hbox (badness 10000) in paragraph at lines 406--406
\OT1/cmr/m/n/12 Gaussian

Underfull \hbox (badness 10000) in paragraph at lines 407--408
[]|\OT1/cmr/m/n/12 Known tran-si-tion,

Underfull \hbox (badness 10000) in paragraph at lines 407--408
\OT1/cmr/m/n/12 ob-ser-va-tion, co-

Underfull \hbox (badness 10000) in paragraph at lines 407--408
\OT1/cmr/m/n/12 vari-ance ma-tri-ces,

Underfull \hbox (badness 10000) in paragraph at lines 407--408
\OT1/cmr/m/n/12 Kalman like-li-hood,

Underfull \hbox (badness 10000) in paragraph at lines 409--410
[]|\OT1/cmr/m/n/12 Particle re-cur-sion,

Underfull \hbox (badness 5667) in paragraph at lines 409--410
\OT1/cmr/m/n/12 EDH end-point, and

Underfull \hbox (badness 10000) in paragraph at lines 409--410
\OT1/cmr/m/n/12 like-li-hood es-ti-mates

Underfull \hbox (badness 10000) in paragraph at lines 409--410
\OT1/cmr/m/n/12 ref-er-ence un-der in-

Underfull \hbox (badness 5787) in paragraph at lines 409--410
\OT1/cmr/m/n/12 creas-ing par-ti-cles or

Underfull \hbox (badness 6157) in paragraph at lines 409--410
\OT1/cmr/m/n/12 de-creas-ing flow step

Underfull \hbox (badness 10000) in paragraph at lines 411--412
[]|\OT1/cmr/m/n/12 Nonlinear DSGE

Underfull \hbox (badness 10000) in paragraph at lines 413--413
\OT1/cmr/m/n/12 an-a-lytic de-ter-mi-

Underfull \hbox (badness 10000) in paragraph at lines 413--413
\OT1/cmr/m/n/12 nant, and known

Underfull \hbox (badness 2012) in paragraph at lines 414--414
[]|\OT1/cmr/m/n/12 PF-PF den-sity ra-tio,

Underfull \hbox (badness 3029) in paragraph at lines 414--414
\OT1/cmr/m/n/12 weight, and log de-

Underfull \hbox (badness 10000) in paragraph at lines 415--416
[]|\OT1/cmr/m/n/12 Correctness for

Underfull \hbox (badness 10000) in paragraph at lines 415--416
\OT1/cmr/m/n/12 non-lin-ear flow

Underfull \hbox (badness 10000) in paragraph at lines 416--416
[]|\OT1/cmr/m/n/12 Scalar non-lin-

Underfull \hbox (badness 10000) in paragraph at lines 417--418
[]|\OT1/cmr/m/n/12 One-dimensional

Underfull \hbox (badness 10000) in paragraph at lines 419--420
[]|\OT1/cmr/m/n/12 Homotopy deriva-tive

Underfull \hbox (badness 10000) in paragraph at lines 419--420
\OT1/cmr/m/n/12 di-ag-nos-tics show

Underfull \hbox (badness 10000) in paragraph at lines 419--420
\OT1/cmr/m/n/12 ex-pected er-ror as

Underfull \hbox (badness 10000) in paragraph at lines 421--422
[]|\OT1/cmr/m/n/12 High-dimensional

Underfull \hbox (badness 10000) in paragraph at lines 422--422
[]|\OT1/cmr/m/n/12 Two-particle

Underfull \hbox (badness 10000) in paragraph at lines 422--422
\OT1/cmr/m/n/12 soft-resampling

Underfull \hbox (badness 10000) in paragraph at lines 423--423
[]|\OT1/cmr/m/n/12 Two par-ti-cles,

Underfull \hbox (badness 5954) in paragraph at lines 423--423
\OT1/cmr/m/n/12 and non-lin-ear test

Underfull \hbox (badness 10000) in paragraph at lines 425--426
[]|\OT1/cmr/m/n/12 Acceptability of

Underfull \hbox (badness 2980) in paragraph at lines 427--428
\OT1/cmr/m/n/12 weights, equal tar-

Underfull \hbox (badness 1122) in paragraph at lines 427--428
\OT1/cmr/m/n/12 and known resid-ual

Underfull \hbox (badness 10000) in paragraph at lines 429--430
[]|\OT1/cmr/m/n/12 Row/column resid-

Underfull \hbox (badness 10000) in paragraph at lines 429--430
\OT1/cmr/m/n/12 u-als and sta-bi-lized

Underfull \hbox (badness 10000) in paragraph at lines 429--430
\OT1/cmr/m/n/12 sis-tently with the

Underfull \hbox (badness 10000) in paragraph at lines 431--432
[]|\OT1/cmr/m/n/12 Posterior equiv-a-

Underfull \hbox (badness 10000) in paragraph at lines 432--432
[]|\OT1/cmr/m/n/12 Permutation-

Underfull \hbox (badness 10000) in paragraph at lines 432--432
\OT1/cmr/m/n/12 equivariance

Underfull \hbox (badness 10000) in paragraph at lines 432--432
\OT1/cmr/m/n/12 learned-map

Underfull \hbox (badness 10000) in paragraph at lines 433--433
[]|\OT1/cmr/m/n/12 Teacher clouds,

Underfull \hbox (badness 10000) in paragraph at lines 433--433
\OT1/cmr/m/n/12 learned map, and

Underfull \hbox (badness 10000) in paragraph at lines 433--433
\OT1/cmr/m/n/12 per-mu-ta-tion ma-tri-

Underfull \hbox (badness 1303) in paragraph at lines 436--437
[]|\OT1/cmr/m/n/12 Small teacher/s-tu-

Underfull \hbox (badness 10000) in paragraph at lines 437--437
[]|\OT1/cmr/m/n/12 Finite-

Underfull \hbox (badness 10000) in paragraph at lines 437--437
\OT1/cmr/m/n/12 difference

Underfull \hbox (badness 5504) in paragraph at lines 437--437
\OT1/cmr/m/n/12 HMC gra-di-ent

Underfull \hbox (badness 10000) in paragraph at lines 438--439
[]|\OT1/cmr/m/n/12 Fixed scalar tar-

Underfull \hbox (badness 7151) in paragraph at lines 438--439
\OT1/cmr/m/n/12 get, fixed ran-dom

Underfull \hbox (badness 5036) in paragraph at lines 438--439
\OT1/cmr/m/n/12 seed pol-icy, finite-

Underfull \hbox (badness 10000) in paragraph at lines 438--439
\OT1/cmr/m/n/12 difference step

Underfull \hbox (badness 10000) in paragraph at lines 440--441
[]|\OT1/cmr/m/n/12 Autodiff and finite-

Underfull \hbox (badness 10000) in paragraph at lines 440--441
\OT1/cmr/m/n/12 difference gra-di-ents

Underfull \hbox (badness 3623) in paragraph at lines 440--441
\OT1/cmr/m/n/12 agree for the scalar

Underfull \hbox (badness 6125) in paragraph at lines 442--443
\OT1/cmr/m/n/12 Markov chain or

Underfull \vbox (badness 1210) has occurred while \output is active
Overfull \hbox (17.705pt too wide) has occurred while \output is active
\OT1/cmr/m/n/12 288 \OT1/cmr/m/sl/12 CHAPTER 31.  DPF LITERATURE-TO-DEBUGGING V
ERIFICATION CONTRACT
[288]
Underfull \vbox (badness 10000) has occurred while \output is active [289]
Underfull \hbox (badness 10000) in paragraph at lines 469--470
[]|\OT1/cmr/m/n/12 Non-

Overfull \hbox (11.76863pt too wide) in alignment at lines 465--471
 [] [] [] [] [] 

Underfull \hbox (badness 10000) in paragraph at lines 473--474
[]|\OT1/cmr/m/n/12 Non-

Overfull \hbox (11.76863pt too wide) in alignment at lines 471--475
 [] [] [] [] [] 

Underfull \hbox (badness 3009) in paragraph at lines 476--476
[]|\OT1/cmr/m/n/12 Filtering re-

Underfull \hbox (badness 3679) in paragraph at lines 476--476
\OT1/cmr/m/n/12 cur-sion par-

Underfull \hbox (badness 10000) in paragraph at lines 477--477
\OT1/cmr/m/n/12 fixed par-ti-cles,

Underfull \hbox (badness 10000) in paragraph at lines 478--479
\OT1/cmr/m/n/12 de-creases with

Underfull \hbox (badness 4739) in paragraph at lines 478--479
\OML/cmm/m/it/12 N$\OT1/cmr/m/n/12 ; de-ter-min-is-tic

Underfull \hbox (badness 10000) in paragraph at lines 478--479
\OT1/cmr/m/n/12 quan-ti-ties match

Underfull \hbox (badness 10000) in paragraph at lines 478--479
\OT1/cmr/m/n/12 ref-er-ence when

Underfull \hbox (badness 10000) in paragraph at lines 480--480
[]|\OT1/cmr/m/n/12 State-space

Underfull \hbox (badness 10000) in paragraph at lines 480--480
\OT1/cmr/m/n/12 in-ter-face, nor-

Underfull \hbox (badness 10000) in paragraph at lines 480--480
\OT1/cmr/m/n/12 mal-iza-tion, or

Underfull \hbox (badness 10000) in paragraph at lines 480--480
\OT1/cmr/m/n/12 weight up-date

Underfull \hbox (badness 10000) in paragraph at lines 481--482
[]|\OT1/cmr/m/n/12 Does not

Underfull \hbox (badness 10000) in paragraph at lines 481--482
\OT1/cmr/m/n/12 re-ject OT,

Underfull \hbox (badness 10000) in paragraph at lines 481--482
\OT1/cmr/m/n/12 learned OT,

Underfull \hbox (badness 10000) in paragraph at lines 482--482
[]|\OT1/cmr/m/n/12 Flow end-

Underfull \hbox (badness 10000) in paragraph at lines 483--483
[]|\OT1/cmr/m/n/12 Linear-Gaussian

Underfull \hbox (badness 10000) in paragraph at lines 484--484
[]|\OT1/cmr/m/n/12 Endpoint er-ror

Underfull \hbox (badness 1248) in paragraph at lines 484--484
\OT1/cmr/m/n/12 de-creases as flow

Underfull \hbox (badness 10000) in paragraph at lines 484--484
\OT1/cmr/m/n/12 in-te-gra-tion is

Underfull \hbox (badness 10000) in paragraph at lines 486--487
[]|\OT1/cmr/m/n/12 Does not

Underfull \hbox (badness 2302) in paragraph at lines 486--487
\OT1/cmr/m/n/12 prove PF-PF

Underfull \hbox (badness 10000) in paragraph at lines 486--487
\OT1/cmr/m/n/12 cor-rec-tion is

Underfull \hbox (badness 1325) in paragraph at lines 487--487
[]|\OT1/cmr/m/n/12 PF-PF al-ge-

Underfull \hbox (badness 1521) in paragraph at lines 488--488
[]|\OT1/cmr/m/n/12 Affine flow, an-a-

Underfull \hbox (badness 10000) in paragraph at lines 488--488
\OT1/cmr/m/n/12 ex-plicit pro-posal

Underfull \hbox (badness 1259) in paragraph at lines 489--489
[]|\OT1/cmr/m/n/12 Log-weight dif-fer-

Underfull \hbox (badness 10000) in paragraph at lines 490--490
[]|\OT1/cmr/m/n/12 Density-ratio,

Underfull \hbox (badness 1184) in paragraph at lines 491--492
[]|\OT1/cmr/m/n/12 Does not di-

Underfull \hbox (badness 10000) in paragraph at lines 492--492
[]|\OT1/cmr/m/n/12 Soft-

Underfull \hbox (badness 10000) in paragraph at lines 492--492
\OT1/cmr/m/n/12 resampling

Underfull \hbox (badness 10000) in paragraph at lines 494--494
[]|\OT1/cmr/m/n/12 Bias sign and

Underfull \hbox (badness 2057) in paragraph at lines 494--494
\OT1/cmr/m/n/12 mag-ni-tude match

Underfull \hbox (badness 2452) in paragraph at lines 494--494
\OT1/cmr/m/n/12 within arith-metic

Underfull \hbox (badness 1184) in paragraph at lines 495--495
\OT1/cmr/m/n/12 with cat-e-gor-i-cal

Underfull \hbox (badness 10000) in paragraph at lines 496--497
[]|\OT1/cmr/m/n/12 Does not

Underfull \hbox (badness 10000) in paragraph at lines 496--497
\OT1/cmr/m/n/12 prove soft

Underfull \hbox (badness 1776) in paragraph at lines 496--497
\OT1/cmr/m/n/12 re-sam-pling is

Underfull \hbox (badness 10000) in paragraph at lines 497--497
[]|\OT1/cmr/m/n/12 Sinkhorn

Underfull \hbox (badness 10000) in paragraph at lines 497--497
\OT1/cmr/m/n/12 resid-ual

Underfull \hbox (badness 10000) in paragraph at lines 499--499
[]|\OT1/cmr/m/n/12 Row/column

Underfull \hbox (badness 10000) in paragraph at lines 499--499
\OT1/cmr/m/n/12 resid-u-als be-low

Underfull \hbox (badness 6380) in paragraph at lines 500--500
[]|\OT1/cmr/m/n/12 Finite-solver or

Underfull \hbox (badness 5832) in paragraph at lines 500--500
\OT1/cmr/m/n/12 sta-bi-liza-tion is-

Underfull \hbox (badness 10000) in paragraph at lines 501--502
[]|\OT1/cmr/m/n/12 Does not

Underfull \hbox (badness 10000) in paragraph at lines 501--502
\OT1/cmr/m/n/12 prove EOT

Underfull \hbox (badness 10000) in paragraph at lines 501--502
\OT1/cmr/m/n/12 is a valid

Underfull \hbox (badness 10000) in paragraph at lines 501--502
\OT1/cmr/m/n/12 pos-te-rior

Underfull \hbox (badness 10000) in paragraph at lines 502--502
[]|\OT1/cmr/m/n/12 Learned

Underfull \hbox (badness 10000) in paragraph at lines 502--502
\OT1/cmr/m/n/12 resid-ual

Underfull \hbox (badness 10000) in paragraph at lines 503--503
[]|\OT1/cmr/m/n/12 Teacher out-puts,

Underfull \hbox (badness 10000) in paragraph at lines 503--503
\OT1/cmr/m/n/12 held-out clouds,

Underfull \hbox (badness 10000) in paragraph at lines 505--505
[]|\OT1/cmr/m/n/12 Student ap-

Underfull \hbox (badness 10000) in paragraph at lines 505--505
\OT1/cmr/m/n/12 prox-i-ma-tion or

Underfull \hbox (badness 10000) in paragraph at lines 505--505
\OT1/cmr/m/n/12 ex-trap-o-la-tion

Underfull \hbox (badness 10000) in paragraph at lines 506--507
[]|\OT1/cmr/m/n/12 Does not

Underfull \hbox (badness 2351) in paragraph at lines 507--507
[]|\OT1/cmr/m/n/12 HMC value-

Underfull \hbox (badness 10000) in paragraph at lines 507--507
\OT1/cmr/m/n/12 gradient

Underfull \hbox (badness 1142) in paragraph at lines 508--508
[]|\OT1/cmr/m/n/12 Scalar value, au-

Underfull \hbox (badness 10000) in paragraph at lines 509--509
[]|\OT1/cmr/m/n/12 Gradient er-rors

Underfull \hbox (badness 10000) in paragraph at lines 509--509
\OT1/cmr/m/n/12 re-fine-ment un-til

Underfull \hbox (badness 10000) in paragraph at lines 510--510
[]|\OT1/cmr/m/n/12 Value-gradient

Underfull \hbox (badness 10000) in paragraph at lines 510--510
\OT1/cmr/m/n/12 mis-match or

Underfull \hbox (badness 10000) in paragraph at lines 510--510
\OT1/cmr/m/n/12 non-dif-fer-en-tiable

Underfull \hbox (badness 10000) in paragraph at lines 511--512
[]|\OT1/cmr/m/n/12 Does not

Underfull \hbox (badness 10000) in paragraph at lines 511--512
\OT1/cmr/m/n/12 prove chain

Overfull \hbox (11.76863pt too wide) in alignment at lines 475--513
 [] [] [] [] [] 

Overfull \hbox (17.705pt too wide) has occurred while \output is active
\OT1/cmr/m/n/12 290 \OT1/cmr/m/sl/12 CHAPTER 31.  DPF LITERATURE-TO-DEBUGGING V
ERIFICATION CONTRACT
[290]
Underfull \hbox (badness 10000) in paragraph at lines 524--525
[]|\OT1/cmr/m/n/8 Implementation quan-

Overfull \hbox (2.69351pt too wide) in alignment at lines 520--526
 [] [] [] [] [] 

Underfull \hbox (badness 10000) in paragraph at lines 528--529
[]|\OT1/cmr/m/n/8 Implementation quan-

Overfull \hbox (2.69351pt too wide) in alignment at lines 526--530
 [] [] [] [] [] 

Underfull \hbox (badness 10000) in paragraph at lines 532--532
[]|\OT1/cmr/m/n/8 Chapter [][]20[][], Sec-

Underfull \hbox (badness 10000) in paragraph at lines 537--537
[]|\OT1/cmr/m/n/8 Chapter [][]21[][], Sec-

Underfull \hbox (badness 10000) in paragraph at lines 540--541
[]|\OT1/cmr/m/n/8 flow field, end-point

Underfull \hbox (badness 10000) in paragraph at lines 541--541
[]|\OT1/cmr/m/n/8 PF-PF cor-rec-

Underfull \hbox (badness 10000) in paragraph at lines 542--542
[]|\OT1/cmr/m/n/8 Chapter [][]22[][], Sec-

Underfull \hbox (badness 10000) in paragraph at lines 544--544
[]|\OT1/cmr/m/n/8 proposal cor-rec-

Underfull \hbox (badness 4072) in paragraph at lines 544--544
\OT1/cmr/m/n/8 tion and change-of-

Underfull \hbox (badness 1852) in paragraph at lines 546--546
[]|\OT1/cmr/m/n/8 Resampling and

Underfull \hbox (badness 3989) in paragraph at lines 547--547
[]|\OT1/cmr/m/n/8 Chapter [][]23[][]; Chap-

Underfull \hbox (badness 1342) in paragraph at lines 548--548
[]|[]\OT1/cmr/m/n/8 , [], [],

Underfull \hbox (badness 7256) in paragraph at lines 549--549
[]|\OT1/cmr/m/n/8 differentiable re-sam-

Underfull \hbox (badness 10000) in paragraph at lines 557--557
[]|\OT1/cmr/m/n/8 Chapter [][]30[][], Sec-

Underfull \hbox (badness 10000) in paragraph at lines 559--559
[]|\OT1/cmr/m/n/8 HMC, pseudo-

Underfull \hbox (badness 4660) in paragraph at lines 559--559
\OT1/cmr/m/n/8 marginal, surrogate-

Underfull \hbox (badness 2486) in paragraph at lines 560--561
[]|\OT1/cmr/m/n/8 scalar value, gra-di-ent,

Underfull \hbox (badness 10000) in paragraph at lines 560--561
\OT1/cmr/m/n/8 ac-cep-t/re-ject value,

Overfull \hbox (2.69351pt too wide) in alignment at lines 530--562
 [] [] [] [] [] 
[291]

Package natbib Warning: Citation `feydy2019geomloss' on page 292 undefined on i
nput line 588.


Package natbib Warning: Citation `charlier2021keops' on page 292 undefined on i
nput line 588.


Package natbib Warning: Citation `ye2026flashsinkhorn' on page 292 undefined on
 input line 588.


Package natbib Warning: Citation `xiao2026fastsinkhorn' on page 292 undefined o
n input line 588.


Package natbib Warning: Citation `altschuler2019nystrom' on page 292 undefined 
on input line 591.


Package natbib Warning: Citation `scetbon2020positivefeatures' on page 292 unde
fined on input line 591.


Package natbib Warning: Citation `forrow2019factored' on page 292 undefined on 
input line 591.


Package natbib Warning: Citation `scetbon2021lowrank' on page 292 undefined on 
input line 591.


Package natbib Warning: Citation `kolouri2019generalized' on page 292 undefined
 on input line 594.


Package natbib Warning: Citation `deshpande2019maxsliced' on page 292 undefined
 on input line 594.


Package natbib Warning: Citation `paty2019subspace' on page 292 undefined on in
put line 594.


Package natbib Warning: Citation `nguyen2025sliced' on page 292 undefined on in
put line 594.


Underfull \hbox (badness 10000) in paragraph at lines 607--607
[]|\OT1/cmr/m/n/8 Exact on-line /

Underfull \hbox (badness 6792) in paragraph at lines 607--607
[]|\OT1/cmr/m/n/8 Exact ref-er-

Underfull \hbox (badness 10000) in paragraph at lines 607--608
[]|\OT1/cmr/m/n/8 marginal resid-ual

Underfull \hbox (badness 10000) in paragraph at lines 607--608
\OT1/cmr/m/n/8 and barycen-tric

Underfull \hbox (badness 10000) in paragraph at lines 608--608
[]|\OT1/cmr/m/n/8 Retained-

Underfull \hbox (badness 8000) in paragraph at lines 608--608
[]|\OT1/cmr/m/n/8 corrected teacher-

Underfull \hbox (badness 10000) in paragraph at lines 608--608
\OT1/cmr/m/n/8 side cou-pling or

Underfull \hbox (badness 4940) in paragraph at lines 608--608
[]|\OT1/cmr/m/n/8 kernel or cou-pling

Underfull \hbox (badness 10000) in paragraph at lines 608--609
[]|\OT1/cmr/m/n/8 teacher-

Underfull \hbox (badness 2460) in paragraph at lines 608--609
\OT1/cmr/m/n/8 preservation resid-

Underfull \hbox (badness 1635) in paragraph at lines 609--609
[]|\OT1/cmr/m/n/8 Sparse / screened

Underfull \hbox (badness 10000) in paragraph at lines 609--609
[]|\OT1/cmr/m/n/8 Boundary

Underfull \hbox (badness 1231) in paragraph at lines 609--609
[]|\OT1/cmr/m/n/8 same fi-nite ob-ject

Underfull \hbox (badness 1194) in paragraph at lines 609--610
[]|\OT1/cmr/m/n/8 same-object par-ity

Underfull \hbox (badness 10000) in paragraph at lines 610--610
[]|\OT1/cmr/m/n/8 Structure-

Underfull \hbox (badness 1184) in paragraph at lines 610--610
\OT1/cmr/m/n/8 re-place-ment trans-

Underfull \hbox (badness 10000) in paragraph at lines 610--610
[]|\OT1/cmr/m/n/8 full-state trans-port

Underfull \hbox (badness 10000) in paragraph at lines 610--611
[]|\OT1/cmr/m/n/8 declared re-place-

Underfull \hbox (badness 10000) in paragraph at lines 610--611
\OT1/cmr/m/n/8 down-stream di-ag-

Underfull \hbox (badness 10000) in paragraph at lines 643--643
[]|\OT1/cmr/m/n/8 Object ex-

Underfull \hbox (badness 1009) in paragraph at lines 645--645
[]|\OT1/cmr/m/n/8 strongest when

Overfull \hbox (8.56433pt too wide) in paragraph at lines 645--645
\OT1/cmr/m/n/8 TensorFlow/TFP-

Underfull \hbox (badness 2057) in paragraph at lines 645--645
[]|\OT1/cmr/m/n/8 exact se-man-tics but

Underfull \hbox (badness 6412) in paragraph at lines 645--645
\OT1/cmr/m/n/8 poor scal-ing if all

Underfull \hbox (badness 10000) in paragraph at lines 646--646
[]|\OT1/cmr/m/n/8 Retained-teacher

Underfull \hbox (badness 10000) in paragraph at lines 646--646
[]|\OT1/cmr/m/n/8 only if cor-

Underfull \hbox (badness 10000) in paragraph at lines 646--646
\OT1/cmr/m/n/8 or barycen-tric

Underfull \hbox (badness 6477) in paragraph at lines 646--646
\OT1/cmr/m/n/8 out-put is ex-

Underfull \hbox (badness 1342) in paragraph at lines 646--646
[]|\OT1/cmr/m/n/8 latent ap-prox-i-ma-tion

Underfull \hbox (badness 8170) in paragraph at lines 646--646
\OT1/cmr/m/n/8 may hide se-man-tic

Underfull \hbox (badness 10000) in paragraph at lines 646--647
[]|\OT1/cmr/m/n/8 useful only with

Underfull \hbox (badness 10000) in paragraph at lines 646--647
\OT1/cmr/m/n/8 teacher-preservation

Underfull \hbox (badness 10000) in paragraph at lines 647--647
[]|\OT1/cmr/m/n/8 often spe-cial-

Underfull \hbox (badness 10000) in paragraph at lines 647--647
[]|\OT1/cmr/m/n/8 support re-stric-tion

Underfull \hbox (badness 10000) in paragraph at lines 648--648
[]|\OT1/cmr/m/n/8 Minibatch or

Underfull \hbox (badness 10000) in paragraph at lines 648--648
\OT1/cmr/m/n/8 min-is-tic re-sam-pling

Overfull \hbox (17.705pt too wide) has occurred while \output is active
\OT1/cmr/m/n/12 292 \OT1/cmr/m/sl/12 CHAPTER 31.  DPF LITERATURE-TO-DEBUGGING V
ERIFICATION CONTRACT
[292] [293]
Underfull \hbox (badness 7777) in paragraph at lines 734--735
[]|\OT1/cmr/m/n/12 Layer-local smoke tests

Underfull \hbox (badness 10000) in paragraph at lines 734--735
\OT1/cmr/m/n/12 pass on min-i-mal con-

Underfull \hbox (badness 6284) in paragraph at lines 736--736
[]|\OT1/cmr/m/n/12 Treating smooth-ness or

Underfull \hbox (badness 10000) in paragraph at lines 737--738
[]|\OT1/cmr/m/n/12 May run

Underfull \hbox (badness 10000) in paragraph at lines 737--738
\OT1/cmr/m/n/12 more ex-

Underfull \hbox (badness 10000) in paragraph at lines 738--738
[]|\OT1/cmr/m/n/12 Credible re-

Underfull \hbox (badness 10000) in paragraph at lines 738--738
\OT1/cmr/m/n/12 search im-ple-

Underfull \hbox (badness 1997) in paragraph at lines 739--740
[]|\OT1/cmr/m/n/12 Classical PF, flow, PF-

Underfull \hbox (badness 10000) in paragraph at lines 739--740
\OT1/cmr/m/n/12 PF, re-sam-pling/OT,

Underfull \hbox (badness 3547) in paragraph at lines 739--740
\OT1/cmr/m/n/12 learned-map, and HMC

Underfull \hbox (badness 1158) in paragraph at lines 739--740
\OT1/cmr/m/n/12 on named model classes

Underfull \hbox (badness 10000) in paragraph at lines 741--742
[]|\OT1/cmr/m/n/12 Generalizing be-yond

Underfull \hbox (badness 1168) in paragraph at lines 741--742
\OT1/cmr/m/n/12 tested $\OML/cmm/m/it/12 N$\OT1/cmr/m/n/12 , $\OML/cmm/m/it/12 
d[]$\OT1/cmr/m/n/12 , $\OML/cmm/m/it/12 "$\OT1/cmr/m/n/12 , model

Underfull \hbox (badness 2452) in paragraph at lines 743--744
[]|\OT1/cmr/m/n/12 May make

Underfull \hbox (badness 10000) in paragraph at lines 743--744
\OT1/cmr/m/n/12 bounded

Underfull \hbox (badness 10000) in paragraph at lines 743--744
\OT1/cmr/m/n/12 re-search

Underfull \hbox (badness 10000) in paragraph at lines 745--746
[]|\OT1/cmr/m/n/12 Research checks plus

Underfull \hbox (badness 10000) in paragraph at lines 745--746
\OT1/cmr/m/n/12 pos-te-rior com-par-isons,

Underfull \hbox (badness 10000) in paragraph at lines 745--746
\OT1/cmr/m/n/12 stress regimes, re-pro-

Underfull \hbox (badness 10000) in paragraph at lines 745--746
\OT1/cmr/m/n/12 ducible demon-stra-tions,

Underfull \hbox (badness 5388) in paragraph at lines 745--746
\OT1/cmr/m/n/12 and doc-u-mented fail-ure

Underfull \hbox (badness 10000) in paragraph at lines 748--749
[]|\OT1/cmr/m/n/12 Requires

Underfull \hbox (badness 10000) in paragraph at lines 748--749
\OT1/cmr/m/n/12 sep-a-rate

Underfull \hbox (badness 10000) in paragraph at lines 748--749
\OT1/cmr/m/n/12 do-main

Underfull \hbox (badness 2150) in paragraph at lines 749--749
[]|\OT1/cmr/m/n/12 Operational de-

Underfull \hbox (badness 10000) in paragraph at lines 750--751
[]|\OT1/cmr/m/n/12 Independent re-view,

Underfull \hbox (badness 10000) in paragraph at lines 750--751
\OT1/cmr/m/n/12 change con-trol, mon-i-

Underfull \hbox (badness 4752) in paragraph at lines 750--751
\OT1/cmr/m/n/12 tor-ing, roll-back, data/-

Underfull \hbox (badness 10000) in paragraph at lines 750--751
\OT1/cmr/m/n/12 sta-bil-ity, and on-go-ing

Underfull \hbox (badness 10000) in paragraph at lines 752--752
[]|\OT1/cmr/m/n/12 Assuming chapter-level

Underfull \hbox (badness 10000) in paragraph at lines 752--752
\OT1/cmr/m/n/12 math-e-mat-ics alone is

Underfull \hbox (badness 10000) in paragraph at lines 753--754
[]|\OT1/cmr/m/n/12 Requires

Underfull \hbox (badness 3826) in paragraph at lines 753--754
\OT1/cmr/m/n/12 a sep-a-rate

Underfull \hbox (badness 10000) in paragraph at lines 753--754
\OT1/cmr/m/n/12 op-er-a-tional

Overfull \hbox (17.705pt too wide) has occurred while \output is active
\OT1/cmr/m/n/12 294 \OT1/cmr/m/sl/12 CHAPTER 31.  DPF LITERATURE-TO-DEBUGGING V
ERIFICATION CONTRACT
[294]) (./chapters/ch20_filter_choice.tex [295]
Chapter 32.
[296]
Overfull \hbox (13.3968pt too wide) in paragraph at lines 65--66
\OT1/cmr/m/n/12 principal-square-root deriva-tive route, us-ing the his-tor-i-c
al eigen-deriva-tive/SVD branch
) [297] [298] (./chapters/ch33_highdim_nonlinear_filtering_foundations.tex
Chapter 33.

Package natbib Warning: Citation `davis1980multiplicative' on page 299 undefine
d on input line 33.


Package natbib Warning: Citation `yau2000realtime' on page 299 undefined on inp
ut line 34.


Package natbib Warning: Citation `yau2008realtime' on page 299 undefined on inp
ut line 34.


Package natbib Warning: Citation `li2019ttfiltering' on page 299 undefined on i
nput line 35.


Package natbib Warning: Citation `meng2025regularity' on page 299 undefined on 
input line 35.


Overfull \hbox (9.09616pt too wide) in paragraph at lines 48--50
 []\OT1/cmr/bx/n/12 Running quadratic-observation cell.[] \OT1/cmr/m/n/12 The s
ame teach-ing ex-am-ple will be used through
[299]
Underfull \hbox (badness 10000) in paragraph at lines 79--79
[]|\OT1/cmr/m/n/10.95 One-step pre-dic-tive like-li-hood
[300] [301] [302] [303]
Overfull \hbox (39.26727pt too wide) detected at line 479
[]
[304] [305] [306]
Overfull \hbox (9.87534pt too wide) in paragraph at lines 756--761
[][]\OT1/cmr/bx/n/12 Proposition 33.4 \OT1/cmr/m/n/12 (Dis-crete--time like-li-
hood sen-si-tiv-ity re-cur-sion)\OT1/cmr/bx/n/12 . []\OT1/cmr/m/it/12 Un-der As
-sump-tion [][]33.1[][],

Overfull \hbox (17.76286pt too wide) in paragraph at lines 775--779
[]\OT1/cmr/m/n/12 This re-cur-sion is the an-a-lyt-i-cal ob-ject needed by Chap
-ter [][]39[][]. An automatic-differentiation

Overfull \hbox (10.41348pt too wide) has occurred while \output is active
\OT1/cmr/m/sl/12 33.3.  ANALYTICAL LIKELIHOOD-GRADIENT AND FILTERING SENSITIVIT
IES \OT1/cmr/m/n/12 307
[307]
Overfull \hbox (5.36063pt too wide) detected at line 817
[]

Overfull \hbox (41.97708pt too wide) detected at line 833
[]

Overfull \hbox (149.02919pt too wide) detected at line 856
[]
[308]
Overfull \hbox (7.2032pt too wide) detected at line 968
[]
[309] [310]

Package natbib Warning: Citation `vanhandel2007filtering' on page 311 undefined
 on input line 1072.


Package natbib Warning: Citation `davis1980multiplicative' on page 311 undefine
d on input line 1107.

[311]

Package natbib Warning: Citation `yau2000realtime' on page 312 undefined on inp
ut line 1114.


Package natbib Warning: Citation `yau2008realtime' on page 312 undefined on inp
ut line 1114.


Package natbib Warning: Citation `yau2000realtime' on page 312 undefined on inp
ut line 1130.


Package natbib Warning: Citation `yau2008realtime' on page 312 undefined on inp
ut line 1130.


Package natbib Warning: Citation `meng2025regularity' on page 312 undefined on 
input line 1151.

[312]

Package natbib Warning: Citation `gordon1993novel' on page 313 undefined on inp
ut line 1197.


Package natbib Warning: Citation `arulampalam2002tutorial' on page 313 undefine
d on input line 1198.


Package natbib Warning: Citation `bengtsson2008curse' on page 313 undefined on 
input line 1199.


Package natbib Warning: Citation `snyder2008obstacles' on page 313 undefined on
 input line 1199.


Overfull \hbox (1.87334pt too wide) in paragraph at lines 1238--1241
[]\OT1/cmr/m/n/12 Density/PDE for-mu-la-tions re-quire mass, pos-i-tiv-ity, bou
nd-ary, and reg-u-lar-ity checks.
[313]
Overfull \hbox (1.60382pt too wide) in paragraph at lines 1256--1256
[]|\OT1/cmr/m/n/8 Approximation

Underfull \hbox (badness 10000) in paragraph at lines 1257--1257
[]|\OT1/cmr/m/n/8 Promotion

Overfull \hbox (17.66794pt too wide) in paragraph at lines 1257--1258
[]|\OT1/cmr/m/n/8 Citation/derivation

Underfull \hbox (badness 10000) in paragraph at lines 1260--1260
[]|\OT1/cmr/m/n/8 Conditional

Underfull \hbox (badness 10000) in paragraph at lines 1261--1261
[]|\OT1/cmr/m/n/8 mean-only or

Underfull \hbox (badness 10000) in paragraph at lines 1261--1262
[]|\OT1/cmr/m/n/8 mass, pos-i-tiv-

Underfull \hbox (badness 10000) in paragraph at lines 1261--1262
\OT1/cmr/m/n/8 ity, ref-er-ence

Underfull \hbox (badness 5832) in paragraph at lines 1262--1262
[]|\OT1/cmr/m/n/8 state di-

Underfull \hbox (badness 10000) in paragraph at lines 1262--1262
[]|\OT1/cmr/m/n/8 law se-man-

Underfull \hbox (badness 1796) in paragraph at lines 1264--1264
[]|$\OML/cmm/m/it/8 Z[] \OT1/cmr/m/n/8 = \OML/cmm/m/it/8 p\OT1/cmr/m/n/8 (\OML/
cmm/m/it/8 y[] \OMS/cmsy/m/n/8 j

Underfull \hbox (badness 10000) in paragraph at lines 1264--1265
[]|\OT1/cmr/m/n/8 quadrature,

Underfull \hbox (badness 5064) in paragraph at lines 1264--1265
\OT1/cmr/m/n/8 Monte Carlo,

Underfull \hbox (badness 10000) in paragraph at lines 1264--1265
\OT1/cmr/m/n/8 ten-sor/PDE

Underfull \hbox (badness 10000) in paragraph at lines 1265--1265
[]|\OT1/cmr/m/n/8 wrong like-li-

Underfull \hbox (badness 10000) in paragraph at lines 1265--1265
[]|\OT1/cmr/m/n/8 finite pos-i-

Underfull \hbox (badness 10000) in paragraph at lines 1266--1266
[]|\OT1/cmr/m/n/8 integral

Underfull \hbox (badness 10000) in paragraph at lines 1266--1266
[]|\OT1/cmr/m/n/8 scalar like-

Underfull \hbox (badness 10000) in paragraph at lines 1266--1266
\OT1/cmr/m/n/8 li-hood re-

Underfull \hbox (badness 10000) in paragraph at lines 1268--1268
[]|\OT1/cmr/m/n/8 Likelihood

Underfull \hbox (badness 6961) in paragraph at lines 1269--1269
[]|\OT1/cmr/m/n/8 gradient of a

Underfull \hbox (badness 10000) in paragraph at lines 1269--1270
[]|\OT1/cmr/m/n/8 finite-difference

Underfull \hbox (badness 10000) in paragraph at lines 1269--1270
\OT1/cmr/m/n/8 par-ity, same-

Underfull \hbox (badness 10000) in paragraph at lines 1270--1270
[]|\OT1/cmr/m/n/8 filter-

Underfull \hbox (badness 10000) in paragraph at lines 1270--1270
\OT1/cmr/m/n/8 gradient

Underfull \hbox (badness 10000) in paragraph at lines 1270--1270
[]|\OT1/cmr/m/n/8 value and

Underfull \hbox (badness 10000) in paragraph at lines 1270--1270
\OT1/cmr/m/n/8 gra-di-ent

Overfull \hbox (5.5511pt too wide) in paragraph at lines 1271--1272
[]|\OT1/cmr/m/n/8 Proposition [][]33.4[][]| 

Underfull \hbox (badness 10000) in paragraph at lines 1272--1272
[]|\OT1/cmr/m/n/8 DMZ/PDE

Underfull \hbox (badness 10000) in paragraph at lines 1272--1272
[]|\OT1/cmr/m/n/8 unnormalized

Underfull \hbox (badness 10000) in paragraph at lines 1272--1273
[]|\OT1/cmr/m/n/8 spatial dis-

Underfull \hbox (badness 10000) in paragraph at lines 1272--1273
\OT1/cmr/m/n/8 cretiza-tion,

Underfull \hbox (badness 10000) in paragraph at lines 1272--1273
\OT1/cmr/m/n/8 op-er-a-tor

Underfull \hbox (badness 10000) in paragraph at lines 1273--1273
[]|\OT1/cmr/m/n/8 mass, bound-

Underfull \hbox (badness 1565) in paragraph at lines 1273--1274
[]|\OT1/cmr/m/n/8 residual, mass,

Underfull \hbox (badness 10000) in paragraph at lines 1273--1274
\OT1/cmr/m/n/8 pos-i-tiv-ity,

Underfull \hbox (badness 10000) in paragraph at lines 1273--1274
\OT1/cmr/m/n/8 bound-ary

Underfull \hbox (badness 10000) in paragraph at lines 1274--1274
[]|\OT1/cmr/m/n/8 source as-

Underfull \hbox (badness 10000) in paragraph at lines 1274--1274
\OT1/cmr/m/n/8 sump-tions

Package natbib Warning: Citation `davis1980multiplicative' on page 314 undefine
d on input line 1275.


Package natbib Warning: Citation `yau2000realtime' on page 314 undefined on inp
ut line 1275.


Package natbib Warning: Citation `yau2008realtime' on page 314 undefined on inp
ut line 1275.

) (./chapters/ch34_highdim_gaussian_projection_and_point_rule_foundations.tex
[314]
Chapter 34.
[315]
Overfull \hbox (89.31276pt too wide) has occurred while \output is active
\OT1/cmr/m/n/12 316 \OT1/cmr/m/sl/12 CHAPTER 34.  DETERMINISTIC GAUSSIAN PROJEC
TION AND POINT-RULE FOUNDATIONS
[316] [317]
Overfull \hbox (89.31276pt too wide) has occurred while \output is active
\OT1/cmr/m/n/12 318 \OT1/cmr/m/sl/12 CHAPTER 34.  DETERMINISTIC GAUSSIAN PROJEC
TION AND POINT-RULE FOUNDATIONS
[318]
Overfull \hbox (11.57782pt too wide) in paragraph at lines 315--315
[]\OT1/cmr/bx/n/17.28 Exports To Sparse-Grid Spe-cial-iza-tion And Later
) (./chapters/ch35_highdim_sparse_grid_quadrature_and_fixed_cloud_scalar.tex
[319]
Overfull \hbox (89.31276pt too wide) has occurred while \output is active
\OT1/cmr/m/n/12 320 \OT1/cmr/m/sl/12 CHAPTER 34.  DETERMINISTIC GAUSSIAN PROJEC
TION AND POINT-RULE FOUNDATIONS
[320]
Chapter 35.
[321]
Overfull \hbox (14.81763pt too wide) in paragraph at lines 112--115
\OT1/cmr/m/n/12 The chap-ter fixes the odd-point standard-normal GHQ lad-der as
 its con-crete one-dimensional

Overfull \hbox (154.47713pt too wide) detected at line 122
[][][]\OML/cmm/m/it/12 I[] \OT1/cmr/m/n/12 = []\OML/cmm/m/it/12 ;  I[] \OT1/cmr
/m/n/12 = []\OML/cmm/m/it/12 ;  I[] \OT1/cmr/m/n/12 = []\OML/cmm/m/it/12 ;
[322] [323] [324]
Overfull \hbox (36.64975pt too wide) detected at line 316
[][][]\OT1/cmr/m/n/12 10 [] [][]\OMS/cmsy/m/n/12 ! \OT1/cmr/m/n/12 7 [] [][]\OM
S/cmsy/m/n/12 ! \OT1/cmr/m/n/12 6 []\OML/cmm/m/it/12 :
[325]
Overfull \hbox (122.09415pt too wide) in paragraph at lines 359--365
\OT1/cmr/m/n/12 this sec-tion is a stored cloud builder rou-tine of the form \O
T1/cmtt/m/n/12 build[]fixed[]sparse[]grid[]cloud($\OT1/cmr/m/n/12 (\OML/cmm/m/i
t/12 b; L; \OMS/cmsy/m/n/12 f\OML/cmm/m/it/12 I[]\OMS/cmsy/m/n/12 g\OML/cmm/m/i
t/12 ; ^^\[]; ^^\[]\OT1/cmr/m/n/12 )$\OT1/cmtt/m/n/12 )

Overfull \hbox (56.03583pt too wide) detected at line 396
[][][][][]
[326]
Overfull \hbox (4.8357pt too wide) in paragraph at lines 423--427
[]\OT1/cmr/m/n/12 Chapter [][]40[][] may im-port only the de-clared Gaussian-pr
ojection de-fect, point-explosion
) (./chapters/ch35b_highdim_fixed_cloud_filtering_and_sgqf_validation.tex
[327]
Chapter 36.
[328]
Overfull \hbox (0.63177pt too wide) in paragraph at lines 73--79
\OT1/cmr/m/n/12 After [], BayesFil-ter sym-metrizes $\OML/cmm/m/it/12 P[]$ \OT1
/cmr/m/n/12 and checks the de-clared positive-definite branch.
[329]
Overfull \hbox (137.68306pt too wide) has occurred while \output is active
\OT1/cmr/m/n/12 330 \OT1/cmr/m/sl/12 CHAPTER 36.  FIXED-CLOUD FILTERING, SAME-B
RANCH SGQF, AND LANE-SPECIFIC VALIDATION
[330] [331]
Overfull \hbox (137.68306pt too wide) has occurred while \output is active
\OT1/cmr/m/n/12 332 \OT1/cmr/m/sl/12 CHAPTER 36.  FIXED-CLOUD FILTERING, SAME-B
RANCH SGQF, AND LANE-SPECIFIC VALIDATION
[332] [333]
Overfull \hbox (137.68306pt too wide) has occurred while \output is active
\OT1/cmr/m/n/12 334 \OT1/cmr/m/sl/12 CHAPTER 36.  FIXED-CLOUD FILTERING, SAME-B
RANCH SGQF, AND LANE-SPECIFIC VALIDATION
[334] (/usr/share/texlive/texmf-dist/tex/latex/amsfonts/ueuf.fd)
Overfull \hbox (435.33475pt too wide) detected at line 604
[][][]\U/euf/m/n/12 B[] \OT1/cmr/m/n/12 = \OMS/cmsy/m/n/12 fC[]\OML/cmm/m/it/12
 ;  [];  [];  [];  [];  [];  [];  []\OMS/cmsy/m/n/12 g\OML/cmm/m/it/12 :
[335]
Overfull \hbox (211.66898pt too wide) detected at line 638
[][][][][]

Overfull \hbox (99.3027pt too wide) in paragraph at lines 665--668
 []\OT1/cmr/bx/n/12 Implementation-facing FD check-list.[] \OT1/cmr/m/n/12 A ro
u-tine of the form \OT1/cmtt/m/n/12 same[]scalar[]fd[]check($\OML/cmm/m/it/12 i
; h[]; ^^R; \U/euf/m/n/12 B[]$\OT1/cmtt/m/n/12 )

Overfull \hbox (137.68306pt too wide) has occurred while \output is active
\OT1/cmr/m/n/12 336 \OT1/cmr/m/sl/12 CHAPTER 36.  FIXED-CLOUD FILTERING, SAME-B
RANCH SGQF, AND LANE-SPECIFIC VALIDATION
[336]
Overfull \hbox (207.07246pt too wide) detected at line 764
[][][]\OMS/cmsy/m/n/12 R[] \OT1/cmr/m/n/12 = \OMS/cmsy/m/n/12 f\OML/cmm/m/it/12
 M[];  [];  [] ^^U\OT1/cmr/m/n/12 (\OML/cmm/m/it/12 P[]\OT1/cmr/m/n/12 )\OML/cm
m/m/it/12 ;  [] ^^U\OT1/cmr/m/n/12 (\OML/cmm/m/it/12 S[]\OT1/cmr/m/n/12 )\OML/c
mm/m/it/12 ;  [] ^^U\OT1/cmr/m/n/12 (\OML/cmm/m/it/12 P[]\OT1/cmr/m/n/12 )\OML/
cmm/m/it/12 ;  [];  [];  [];  []\OMS/cmsy/m/n/12 g\OML/cmm/m/it/12 :
[337]
Overfull \hbox (45.40488pt too wide) detected at line 775
[][][][] \OT1/cmr/m/n/12 = []

Underfull \hbox (badness 10000) in paragraph at lines 796--796
[]|\OT1/cmr/m/n/10.95 standardized sparse-grid

Underfull \hbox (badness 3229) in paragraph at lines 798--798
[]|\OT1/cmr/m/n/10.95 covariance fac-tors on de-

Underfull \hbox (badness 4316) in paragraph at lines 799--800
[]|\OT1/cmr/m/n/10.95 transition value and

Underfull \hbox (badness 10000) in paragraph at lines 803--803
[]|\OT1/cmr/m/n/10.95 Gaussian pro-jec-tion mo-

Underfull \hbox (badness 3009) in paragraph at lines 803--803
[]|$\OML/cmm/m/it/10.95 n[]$\OT1/cmr/m/n/10.95 , $\OML/cmm/m/it/10.95 n[] \OMS/
cmsy/m/n/10.95 ^^B \OML/cmm/m/it/10.95 n[]$\OT1/cmr/m/n/10.95 ,

Underfull \hbox (badness 10000) in paragraph at lines 804--805
[]|\OT1/cmr/m/n/10.95 likelihood, up-date,

Underfull \hbox (badness 10000) in paragraph at lines 808--809
[]|\OT1/cmr/m/n/10.95 value and gra-di-ent

Underfull \hbox (badness 1721) in paragraph at lines 809--809
[]|\OT1/cmr/m/n/10.95 cloud, rules, merge tol-er-

Underfull \hbox (badness 1616) in paragraph at lines 809--809
\OT1/cmr/m/n/10.95 then-veto rule, thresh-olds,

Underfull \hbox (badness 3407) in paragraph at lines 809--809
\OT1/cmr/m/n/10.95 ac-cept-ed/-fail-ure stage-time

Underfull \vbox (badness 10000) has occurred while \output is active
Overfull \hbox (137.68306pt too wide) has occurred while \output is active
\OT1/cmr/m/n/12 338 \OT1/cmr/m/sl/12 CHAPTER 36.  FIXED-CLOUD FILTERING, SAME-B
RANCH SGQF, AND LANE-SPECIFIC VALIDATION
[338] [339]
Underfull \hbox (badness 10000) in paragraph at lines 916--917
[]|\OT1/cmr/m/n/10.95 removes ac-cu-mu-lated numerical-zero

Underfull \hbox (badness 10000) in paragraph at lines 920--920
[]|\OT1/cmr/m/n/10.95 finite-difference rel-a-

Underfull \hbox (badness 10000) in paragraph at lines 921--921
[]|\OT1/cmr/m/n/10.95 maximum branch-

Overfull \hbox (137.68306pt too wide) has occurred while \output is active
\OT1/cmr/m/n/12 340 \OT1/cmr/m/sl/12 CHAPTER 36.  FIXED-CLOUD FILTERING, SAME-B
RANCH SGQF, AND LANE-SPECIFIC VALIDATION
[340]
Underfull \hbox (badness 10000) in paragraph at lines 962--962
[]\OT1/cmr/m/n/12 Check the weight-sum in-vari-ant. If it fails, re-turn $\OMS/
cmsy/m/n/12 F \OT1/cmr/m/n/12 =
[341]) (./chapters/ch36_highdim_low_rank_density_filters_and_kr_maps.tex
Overfull \hbox (137.68306pt too wide) has occurred while \output is active
\OT1/cmr/m/n/12 342 \OT1/cmr/m/sl/12 CHAPTER 36.  FIXED-CLOUD FILTERING, SAME-B
RANCH SGQF, AND LANE-SPECIFIC VALIDATION
[342]
Chapter 37.
[343]
Overfull \hbox (41.43549pt too wide) has occurred while \output is active
\OT1/cmr/m/n/12 344 \OT1/cmr/m/sl/12 CHAPTER 37.  LOW-RANK DENSITY FILTERS, KR 
MAPS, AND RETAINED OBJECTS
[344]
Overfull \hbox (20.89111pt too wide) has occurred while \output is active
\OT1/cmr/m/sl/12 37.5.  COORDINATE SYSTEMS, CONDITIONAL MAPS, AND RETAINED OBJE
CTS \OT1/cmr/m/n/12 345
[345]

Package natbib Warning: Citation `zhao2024ttsequential' on page 346 undefined o
n input line 278.


Overfull \hbox (41.43549pt too wide) has occurred while \output is active
\OT1/cmr/m/n/12 346 \OT1/cmr/m/sl/12 CHAPTER 37.  LOW-RANK DENSITY FILTERS, KR 
MAPS, AND RETAINED OBJECTS
[346]
Overfull \hbox (4.40985pt too wide) in paragraph at lines 311--311
[]\OT1/cmr/bx/n/17.28 Tensor-Network Kalman And Square-Root Cau-
[347])
(./chapters/ch36b_highdim_squared_tt_recursion_and_fixed_branch_likelihoods.tex

Overfull \hbox (41.43549pt too wide) has occurred while \output is active
\OT1/cmr/m/n/12 348 \OT1/cmr/m/sl/12 CHAPTER 37.  LOW-RANK DENSITY FILTERS, KR 
MAPS, AND RETAINED OBJECTS
[348]
Chapter 38.

Overfull \hbox (10.19765pt too wide) in paragraph at lines 35--35
[]\OT1/cmr/bx/n/17.28 Squared-TT Fil-ter-ing Ob-ject And Re-cur-sive Clo-

Underfull \vbox (badness 10000) has occurred while \output is active [349]
Overfull \hbox (5.14679pt too wide) in paragraph at lines 44--49
\OT1/cmr/m/n/12 The ex-act adjacent-state tar-get is a many-variable func-tion 
rather than a finite-dimensional

Overfull \hbox (107.18758pt too wide) has occurred while \output is active
\OT1/cmr/m/n/12 350 \OT1/cmr/m/sl/12 CHAPTER 38.  SQUARED-TT RECURSION AND FIXE
D-BRANCH LIKELIHOOD CONSTRUCTION
[350] [351]
Overfull \hbox (107.18758pt too wide) has occurred while \output is active
\OT1/cmr/m/n/12 352 \OT1/cmr/m/sl/12 CHAPTER 38.  SQUARED-TT RECURSION AND FIXE
D-BRANCH LIKELIHOOD CONSTRUCTION
[352]
Overfull \hbox (178.92273pt too wide) detected at line 377
[][][][] \OT1/cmr/m/n/12 = [] + [] + [] + []\OML/cmm/m/it/12 :
[353]
Overfull \hbox (107.18758pt too wide) has occurred while \output is active
\OT1/cmr/m/n/12 354 \OT1/cmr/m/sl/12 CHAPTER 38.  SQUARED-TT RECURSION AND FIXE
D-BRANCH LIKELIHOOD CONSTRUCTION
[354] [355]
Overfull \hbox (107.18758pt too wide) has occurred while \output is active
\OT1/cmr/m/n/12 356 \OT1/cmr/m/sl/12 CHAPTER 38.  SQUARED-TT RECURSION AND FIXE
D-BRANCH LIKELIHOOD CONSTRUCTION
[356] [357]
Overfull \hbox (107.18758pt too wide) has occurred while \output is active
\OT1/cmr/m/n/12 358 \OT1/cmr/m/sl/12 CHAPTER 38.  SQUARED-TT RECURSION AND FIXE
D-BRANCH LIKELIHOOD CONSTRUCTION
[358]
Underfull \hbox (badness 4096) in paragraph at lines 777--777
[]|\OT1/cmr/m/n/12 Nonpositive tar-get for

Underfull \hbox (badness 1590) in paragraph at lines 779--779
[]|\OT1/cmr/m/n/12 Finite-difference branch

Underfull \hbox (badness 1377) in paragraph at lines 779--779
\OT1/cmr/m/n/12 ure path dif-fer across $\OML/cmm/m/it/12 ^^L \OMS/cmsy/m/n/12 
^^@
[359])
(./chapters/ch37_highdim_fixed_branch_likelihoods_and_same_scalar_gradients.tex

Overfull \hbox (107.18758pt too wide) has occurred while \output is active
\OT1/cmr/m/n/12 360 \OT1/cmr/m/sl/12 CHAPTER 38.  SQUARED-TT RECURSION AND FIXE
D-BRANCH LIKELIHOOD CONSTRUCTION
[360]
Chapter 39.

Overfull \hbox (9.7122pt too wide) in paragraph at lines 33--35
[]$\OMS/cmsy/m/n/12 H[]\OT1/cmr/m/n/12 (\OML/cmm/m/it/12 ^^R\OT1/cmr/m/n/12 )$ 
con-tains the parameter-dependent nu-mer-i-cal val-ues re-com-puted on that bra
nch, 
[361]
Overfull \hbox (1.98186pt too wide) in paragraph at lines 108--108
[]\OT1/cmr/bx/n/17.28 Finite-Difference Con-tract And Branch-Validity

Overfull \hbox (113.28755pt too wide) has occurred while \output is active
\OT1/cmr/m/n/12 362 \OT1/cmr/m/sl/12 CHAPTER 39.  FIXED-BRANCH APPROXIMATE LIKE
LIHOODS AND SAME-SCALAR GRADIENTS
[362]
Overfull \hbox (6.6955pt too wide) in paragraph at lines 139--141
 []\OT1/cmr/bx/n/12 Copied-core and branch-identity au-dit pro-to-col.[] \OT1/c
mr/m/n/12 The op-er-a-tional di-ag-nos-tic should
[363]
Underfull \hbox (badness 4242) in paragraph at lines 214--215
[]|$[][] \OT1/cmr/m/n/12 = \OML/cmm/m/it/12 J[]\OT1/cmr/m/n/12 ([][]\OML/cmm/m/
it/12 f[]g[] \OT1/cmr/m/n/12 + [][]\OML/cmm/m/it/12 g[] \OT1/cmr/m/n/12 +

Overfull \hbox (113.28755pt too wide) has occurred while \output is active
\OT1/cmr/m/n/12 364 \OT1/cmr/m/sl/12 CHAPTER 39.  FIXED-BRANCH APPROXIMATE LIKE
LIHOODS AND SAME-SCALAR GRADIENTS
[364]
Overfull \hbox (51.19658pt too wide) has occurred while \output is active
\OT1/cmr/m/sl/12 39.5.  VALUE PATH, DERIVATIVE PATH, AND WHAT IS ACTUALLY DIFFE
RENTIATED \OT1/cmr/m/n/12 365
[365]
Overfull \hbox (113.28755pt too wide) has occurred while \output is active
\OT1/cmr/m/n/12 366 \OT1/cmr/m/sl/12 CHAPTER 39.  FIXED-BRANCH APPROXIMATE LIKE
LIHOODS AND SAME-SCALAR GRADIENTS
[366]
Overfull \hbox (8.35983pt too wide) in paragraph at lines 473--473
[]\OT1/cmr/bx/n/17.28 Approximate Tar-gets, Exact-Target Cor-rec-tions,

Overfull \hbox (96.58759pt too wide) has occurred while \output is active
\OT1/cmr/m/sl/12 39.6.  APPROXIMATE TARGETS, EXACT-TARGET CORRECTIONS, AND HMC 
ADMISSIBILITY \OT1/cmr/m/n/12 367
[367]) (./chapters/ch38_highdim_validation_defect_calculus_and_promotion.tex
Overfull \hbox (113.28755pt too wide) has occurred while \output is active
\OT1/cmr/m/n/12 368 \OT1/cmr/m/sl/12 CHAPTER 39.  FIXED-BRANCH APPROXIMATE LIKE
LIHOODS AND SAME-SCALAR GRADIENTS
[368]
Chapter 40.
[369]
Overfull \hbox (17.6179pt too wide) in paragraph at lines 50--50
[]\OT1/cmr/bx/n/17.28 Finite-Difference Ver-i-fi-ca-tion As The First Shared

Overfull \hbox (14.52165pt too wide) has occurred while \output is active
\OT1/cmr/m/n/12 370 \OT1/cmr/m/sl/12 CHAPTER 40.  VALIDATION, DEFECT CALCULUS, 
AND METHOD PROMOTION
[370]
Underfull \hbox (badness 10000) in paragraph at lines 135--136
[]|\OT1/cmr/m/n/8 Exported di-ag-nos-

Underfull \hbox (badness 2495) in paragraph at lines 139--140
[]|\OT1/cmr/m/n/8 conditional law, nor-

Underfull \hbox (badness 10000) in paragraph at lines 140--141
[]|\OT1/cmr/m/n/8 wrong tar-get, miss-ing

Underfull \hbox (badness 7540) in paragraph at lines 141--141
\OT1/cmr/m/n/8 i-tiv-ity, same-scalar

Underfull \hbox (badness 1406) in paragraph at lines 148--149
[]|\OT1/cmr/m/n/8 merge mis-match, signed-

Underfull \hbox (badness 10000) in paragraph at lines 149--150
\OT1/cmr/m/n/8 branch-valid FD,

Underfull \hbox (badness 10000) in paragraph at lines 149--150
\OT1/cmr/m/n/8 minimum-eigenvalue

Underfull \hbox (badness 4505) in paragraph at lines 149--150
\OT1/cmr/m/n/8 veto, cloud re-pro-

Underfull \hbox (badness 10000) in paragraph at lines 150--152
[]|\OT1/cmr/m/n/8 deterministic Gaus-

Underfull \hbox (badness 1019) in paragraph at lines 153--154
[]|\OT1/cmr/m/n/8 support fail-ure, Ja-co-bian

Underfull \hbox (badness 2744) in paragraph at lines 153--154
\OT1/cmr/m/n/8 mis-match, rank/se-man-tic

Underfull \hbox (badness 10000) in paragraph at lines 154--154
[]|\OT1/cmr/m/n/8 support/logdet,

Underfull \hbox (badness 10000) in paragraph at lines 156--157
[]|\OT1/cmr/m/n/8 fixed-branch TT/KR

Underfull \hbox (badness 10000) in paragraph at lines 156--157
\OT1/cmr/m/n/8 scalar, stored-field

Underfull \hbox (badness 10000) in paragraph at lines 157--158
[]|\OT1/cmr/m/n/8 wrong saved ob-ject,

Underfull \hbox (badness 4954) in paragraph at lines 157--158
\OT1/cmr/m/n/8 branch-identity loss, in-

Underfull \hbox (badness 10000) in paragraph at lines 158--159
[]|\OT1/cmr/m/n/8 stored-field au-dit,

Underfull \hbox (badness 10000) in paragraph at lines 158--159
\OT1/cmr/m/n/8 retained-marginal

Underfull \hbox (badness 10000) in paragraph at lines 159--160
[]|\OT1/cmr/m/n/8 operational mid-dle

Underfull \hbox (badness 3364) in paragraph at lines 161--161
\OT1/cmr/m/n/8 ver-gences, in-valid trans-

Underfull \hbox (badness 1194) in paragraph at lines 161--162
[]|\OT1/cmr/m/n/8 scalar par-ity, fi-nite

Underfull \hbox (badness 10000) in paragraph at lines 161--162
\OT1/cmr/m/n/8 sup-port-/-Ja-co-bian,

Underfull \hbox (badness 4819) in paragraph at lines 162--163
[]|\OT1/cmr/m/n/8 downstream sam-pler
[371]
Overfull \hbox (6.10307pt too wide) in paragraph at lines 233--243
 []\OT1/cmr/bx/n/12 Benchmark-specific in-ter-pre-ta-tion.[] \OT1/cmr/m/n/12 Th
e bench-mark ledger should stay ex-plicit about

Overfull \hbox (14.52165pt too wide) has occurred while \output is active
\OT1/cmr/m/n/12 372 \OT1/cmr/m/sl/12 CHAPTER 40.  VALIDATION, DEFECT CALCULUS, 
AND METHOD PROMOTION
[372]
Overfull \hbox (24.47234pt too wide) detected at line 300
[][][]\OML/cmm/m/it/12 V[] \OT1/cmr/m/n/12 = \OT1/cmr/bx/n/12 1\OMS/cmsy/m/n/12
 f\OML/cmm/m/it/12 B\OT1/cmr/m/n/12 (\OML/cmm/m/it/12 ^^L \OT1/cmr/m/n/12 + \OM
L/cmm/m/it/12 h\OT1/cmr/m/n/12 ) \OMS/cmsy/m/n/12 6\OT1/cmr/m/n/12 = \OML/cmm/m
/it/12 B\OT1/cmr/m/n/12 (\OML/cmm/m/it/12 ^^L\OT1/cmr/m/n/12 ) [] \OML/cmm/m/it
/12 B\OT1/cmr/m/n/12 (\OML/cmm/m/it/12 ^^L \OMS/cmsy/m/n/12 ^^@ \OML/cmm/m/it/1
2 h\OT1/cmr/m/n/12 ) \OMS/cmsy/m/n/12 6\OT1/cmr/m/n/12 = \OML/cmm/m/it/12 B\OT1
/cmr/m/n/12 (\OML/cmm/m/it/12 ^^L\OT1/cmr/m/n/12 ) []\OMS/cmsy/m/n/12 g\OML/cmm
/m/it/12 :
[373]

Package natbib Warning: Citation `bengtsson2008curse' on page 374 undefined on 
input line 348.


Package natbib Warning: Citation `snyder2008obstacles' on page 374 undefined on
 input line 348.


Overfull \hbox (14.52165pt too wide) has occurred while \output is active
\OT1/cmr/m/n/12 374 \OT1/cmr/m/sl/12 CHAPTER 40.  VALIDATION, DEFECT CALCULUS, 
AND METHOD PROMOTION
[374]
Overfull \hbox (26.75392pt too wide) in paragraph at lines 375--375
[]\OT1/cmr/bx/n/17.28 Defect 2: Fixed-Box Row De-signs Col-lapse Against
[375]

Package natbib Warning: Citation `zhao2024ttsequential' on page 376 undefined o
n input line 447.


Overfull \hbox (14.52165pt too wide) has occurred while \output is active
\OT1/cmr/m/n/12 376 \OT1/cmr/m/sl/12 CHAPTER 40.  VALIDATION, DEFECT CALCULUS, 
AND METHOD PROMOTION
[376] [377]
Overfull \hbox (53.53732pt too wide) in paragraph at lines 594--601
\OT1/cmr/m/n/12 ues eval-u-ate [] di-rectly (di-ag-nos-tic script \OT1/cmtt/m/n
/12 check[]reference[]domain[]selection[]20260823.py\OT1/cmr/m/n/12 ).

Overfull \hbox (14.52165pt too wide) has occurred while \output is active
\OT1/cmr/m/n/12 378 \OT1/cmr/m/sl/12 CHAPTER 40.  VALIDATION, DEFECT CALCULUS, 
AND METHOD PROMOTION
[378]

Package natbib Warning: Citation `zhao2024ttsequential' on page 379 undefined o
n input line 715.

[379]

Package natbib Warning: Citation `zhao2024ttsequential' on page 380 undefined o
n input line 752.


Overfull \hbox (14.52165pt too wide) has occurred while \output is active
\OT1/cmr/m/n/12 380 \OT1/cmr/m/sl/12 CHAPTER 40.  VALIDATION, DEFECT CALCULUS, 
AND METHOD PROMOTION
[380]

Package natbib Warning: Citation `zhao2024ttsequential' on page 381 undefined o
n input line 834.


Package natbib Warning: Citation `zhao2024ttsequential' on page 381 undefined o
n input line 873.

[381]

Package natbib Warning: Citation `zhao2024ttsequential' on page 382 undefined o
n input line 893.


Package natbib Warning: Citation `zhao2024ttsequential' on page 382 undefined o
n input line 916.


Package natbib Warning: Citation `zhao2024ttsequential' on page 382 undefined o
n input line 947.


Overfull \hbox (14.52165pt too wide) has occurred while \output is active
\OT1/cmr/m/n/12 382 \OT1/cmr/m/sl/12 CHAPTER 40.  VALIDATION, DEFECT CALCULUS, 
AND METHOD PROMOTION
[382]

Package natbib Warning: Citation `cui2022deep' on page 383 undefined on input l
ine 990.


Package natbib Warning: Citation `cui2023selfreinforced' on page 383 undefined 
on input line 990.


Package natbib Warning: Citation `zhao2024ttsequential' on page 383 undefined o
n input line 1054.

[383]
Overfull \hbox (22.75829pt too wide) in paragraph at lines 1068--1081
 [] 

Package natbib Warning: Citation `zhao2024ttsequential' on page 384 undefined o
n input line 1101.


Package natbib Warning: Citation `cui2022deep' on page 384 undefined on input l
ine 1125.


Package natbib Warning: Citation `cui2023selfreinforced' on page 384 undefined 
on input line 1125.


Overfull \hbox (14.52165pt too wide) has occurred while \output is active
\OT1/cmr/m/n/12 384 \OT1/cmr/m/sl/12 CHAPTER 40.  VALIDATION, DEFECT CALCULUS, 
AND METHOD PROMOTION
[384] [385])
Overfull \hbox (14.52165pt too wide) has occurred while \output is active
\OT1/cmr/m/n/12 386 \OT1/cmr/m/sl/12 CHAPTER 40.  VALIDATION, DEFECT CALCULUS, 
AND METHOD PROMOTION
[386] [387] (./chapters/ch21_hmc_for_state_space.tex
Chapter 41.

Package natbib Warning: Citation `neal2011mcmc' on page 388 undefined on input 
line 6.


Package natbib Warning: Citation `betancourt2017conceptual' on page 388 undefin
ed on input line 6.


Package natbib Warning: Citation `hoffman2014nuts' on page 388 undefined on inp
ut line 30.

[388] [389]) (./chapters/ch21b_hmc_tuning_interfaces.tex [390]
Chapter 42.

Overfull \hbox (6.56288pt too wide) in paragraph at lines 27--33
[]\OT1/cmr/m/n/12 The ca-pa-bil-ity reg-istry $\OT1/cmtt/m/n/12 HMC _ TUNING _ 
INTERFACE _ CAPABILITIES$ \OT1/cmr/m/n/12 iden-ti-fies the sup-ported
(/usr/share/texlive/texmf-dist/tex/latex/listings/lstlang1.sty)
(./examples/hmc_tuning_route_selection.py [391])
Underfull \vbox (badness 1292) has occurred while \output is active [392]
Overfull \hbox (25.45012pt too wide) in paragraph at lines 96--106
[]\OT1/cmr/m/n/12 An op-tional fi-nite startup probe is avail-able through $\OT
1/cmtt/m/n/12 HMCKernelTuningConfig(bootstrap _
[393] [394]
Overfull \hbox (5.36368pt too wide) in paragraph at lines 183--194
[]\OT1/cmr/m/n/12 The op-tional $\OT1/cmtt/m/n/12 metric _ probe _ num _ result
s$ \OT1/cmr/m/n/12 ex-tends each of the four in-de-pen-dent metric-
(./examples/hmc_tuning_covariance_first.py [395]
Underfull \vbox (badness 10000) has occurred while \output is active [396])
Overfull \hbox (28.25664pt too wide) in paragraph at lines 214--222
\OT1/cmr/m/n/12 ac-tual post-warmup start bank. The nu-mer-i-cal fac-tory $\OT1
/cmtt/m/n/12 bind _ hmc _ candidate _ set _ execution _
[397] [398]
Overfull \hbox (2.5301pt too wide) has occurred while \output is active
\OT1/cmr/m/sl/12 42.4.  ACCEPTANCE, NUMERICAL HEALTH, AND POSTERIOR DIAGNOSTICS
 \OT1/cmr/m/n/12 399
[399] [400] (./examples/hmc_tuning_fixed_transport.py [401])
Overfull \hbox (28.70445pt too wide) in paragraph at lines 462--469
$\OT1/cmtt/m/n/12 bind _ neural _ force _ hmc _ tuning _ runner$ \OT1/cmr/m/n/1
2 binds a de-clared position-only field to its coordinate-

Overfull \hbox (118.78334pt too wide) in paragraph at lines 462--469
\OT1/cmr/m/n/12 consistent end-point po-ten-tial. The pub-lic fa-cade ac-cepts 
that bind-ing with $\OT1/cmtt/m/n/12 TensorFlowHMCKernelTuningConfig$\OT1/cmr/m
/n/12 .
(./examples/hmc_tuning_neural_force_binding.py [402]
Underfull \vbox (badness 10000) has occurred while \output is active [403]
Underfull \vbox (badness 10000) has occurred while \output is active [404])
Overfull \hbox (11.97737pt too wide) in paragraph at lines 515--521
$\OT1/cmtt/m/n/12 verified _ candidate _ ids$ \OT1/cmr/m/n/12 re-tains ev-ery v
er-i-fied mem-ber with no im-plicit nom-i-nee. $\OT1/cmtt/m/n/12 viable _

Overfull \hbox (14.50671pt too wide) in paragraph at lines 543--550
[]\OT1/cmr/m/n/12 Before frozen ex-e-cu-tion ex-ists, $\OT1/cmtt/m/n/12 prepara
tion _ progress . json$ \OT1/cmr/m/n/12 records prepa-ra-tion phases,

Overfull \hbox (0.27277pt too wide) in paragraph at lines 551--564
[]\OT1/cmr/m/n/12 Call bud-gets count at-tempted work. Can-di-date reser-va-tio
ns pro-tect manda-tory stages;
[405]
Overfull \hbox (18.6808pt too wide) in paragraph at lines 620--628
\OT1/cmr/m/n/12 pact mem-ber files. Copy the bun-dle when mov-ing the mem-bers,
 or use $\OT1/cmtt/m/n/12 runner . export(path ,[]
[406] (./examples/hmc_tuning_ordinary.py)
(./examples/hmc_candidate_set_retained.py [407]
Underfull \vbox (badness 10000) has occurred while \output is active [408]
Underfull \vbox (badness 10000) has occurred while \output is active [409]
Underfull \vbox (badness 10000) has occurred while \output is active [410])

Package natbib Warning: Citation `gandy2021mcmctesting' on page 411 undefined o
n input line 640.


Package natbib Warning: Citation `gandy2021mcmctesting' on page 411 undefined o
n input line 651.

[411]

Package natbib Warning: Citation `talts2020sbc' on page 412 undefined on input 
line 697.


Package natbib Warning: Citation `modrak2023sbcquantities' on page 412 undefine
d on input line 698.

[412]
Overfull \hbox (10.63037pt too wide) in paragraph at lines 753--794
\OT1/cmr/m/n/12 mented in $\OT1/cmtt/m/n/12 docs / plans / bayesfilter-[]infere
nce-[]validation-[]24h-[]result-[]2026-[]09-[]16 .

Underfull \vbox (badness 4291) has occurred while \output is active [413]
[414] [415] (./generated/inference_validation_coverage.tex [416] [417] [418]
[419]) (./generated/hmc_tuning_route_table.tex [420] [421] [422] [423] [424]
[425] [426])) (./chapters/ch22_mass_matrices.tex [427]
Chapter 43.
[428]
Overfull \hbox (157.55728pt too wide) in paragraph at lines 52--54
[]\OT1/cmr/m/n/12 Historical stage sched-ules use this sum-mary to al-lo-cate l
o-cal work through \OT1/cmtt/m/n/12 HMCGeometryScaledBudgetTimingPolicy\OT1/cmr
/m/n/12 .
[429] [430]) (./chapters/ch23_boundary_gradients.tex [431] [432]
Chapter 44.
[433]) (./chapters/ch23b_obc_discontinuous_gradient_hmc.tex [434]
Chapter 45.
[435] [436] [437] [438] [439] [440]

Package hyperref Warning: Token not allowed in a PDF string (Unicode):
(hyperref)                removing `math shift' on input line 252.


Package hyperref Warning: Token not allowed in a PDF string (Unicode):
(hyperref)                removing `\succeq' on input line 252.


Package hyperref Warning: Token not allowed in a PDF string (Unicode):
(hyperref)                removing `math shift' on input line 252.

[441] [442]
Overfull \hbox (16.64816pt too wide) in paragraph at lines 308--309
[]\OT1/cmr/m/n/12 The ex-e-cuted tar-get was filter-free joint HMC over la-tent
 states, not UKF-marginalized. 
[443] [444] [445] [446]

Package natbib Warning: Citation `Pakman2014' on page 447 undefined on input li
ne 457.


Package natbib Warning: Citation `Afshar2015' on page 447 undefined on input li
ne 462.

[447]

Package natbib Warning: Citation `Gorinova2020' on page 448 undefined on input 
line 494.

[448]

Package natbib Warning: Citation `Pakman2014' on page 449 undefined on input li
ne 510.


Package natbib Warning: Citation `Afshar2015' on page 449 undefined on input li
ne 511.


Overfull \hbox (2.07877pt too wide) in paragraph at lines 520--521
\OT1/cmr/m/n/12 smoothed oc-ca-sion-ally bind-ing con-straints cre-ate gra-di-e
nt dis-con-ti-nu-ities when
[449] [450]) (./chapters/ch24_xla_jit.tex [451]
Chapter 46.

Overfull \hbox (2.31145pt too wide) in paragraph at lines 4--8
\OT1/cmr/m/n/12 sam-pler is not fully com-piled merely be-cause an outer func-t
ion is wrapped in \OT1/cmtt/m/n/12 tf.function\OT1/cmr/m/n/12 .
[452]) (./chapters/ch25_diagnostics.tex [453]
Chapter 47.
[454]

Package natbib Warning: Citation `vats2021lugsail' on page 455 undefined on inp
ut line 110.

[455]

Package natbib Warning: Citation `vehtari2021rank' on page 456 undefined on inp
ut line 164.

[456]

Package natbib Warning: Citation `flegalgongfixedwidth' on page 457 undefined o
n input line 189.

(./examples/hmc_posterior_precision.py [457]
Underfull \vbox (badness 10000) has occurred while \output is active [458])
Underfull \vbox (badness 10000) has occurred while \output is active [459])
(./chapters/ch26_transport_surrogates.tex [460]
Chapter 48.
[461]) (./chapters/ch26b_neutra_transport_hmc.tex [462] [463]
Chapter 49.

Package natbib Warning: Citation `hoffman2019neutra' on page 464 undefined on i
nput line 7.

[464] [465] [466] [467] [468] [469] [470] [471] [472] [473] [474] [475]
[476] [477] [478]) (./chapters/ch26c_hnn_surrogate_hmc.tex [479] [480]
Chapter 50.

Package natbib Warning: Citation `dhulipala2022latent' on page 481 undefined on
 input line 25.

[481] [482] [483]

Package natbib Warning: Citation `dhulipala2022latent' on page 484 undefined on
 input line 305.

[484] [485] [486] [487] [488] [489]
Underfull \hbox (badness 10000) in paragraph at lines 715--716
[]|\OT1/cmr/m/n/10.95 Unsupported

Underfull \hbox (badness 10000) in paragraph at lines 719--720
[]|\OT1/cmr/m/n/10.95 Unsupported

Underfull \hbox (badness 10000) in paragraph at lines 722--723
[]|\OT1/cmr/m/n/10.95 None be-yond

Underfull \hbox (badness 10000) in paragraph at lines 722--723
\OT1/cmr/m/n/10.95 finite-run con-ver-

Underfull \hbox (badness 10000) in paragraph at lines 724--724
[]|\OT1/cmr/m/n/10.95 Exact for the fixed-

Underfull \hbox (badness 10000) in paragraph at lines 724--725
[]|\OT1/cmr/m/n/10.95 Pseudo-marginal

Underfull \hbox (badness 10000) in paragraph at lines 725--725
[]|\OT1/cmr/m/n/10.95 Relaxed or

Underfull \hbox (badness 10000) in paragraph at lines 725--725
\OT1/cmr/m/n/10.95 learned fil-ter

Underfull \hbox (badness 10000) in paragraph at lines 725--725
[]|\OT1/cmr/m/n/10.95 Exact for the re-

Underfull \hbox (badness 10000) in paragraph at lines 725--726
[]|\OT1/cmr/m/n/10.95 Original-filter

Underfull \hbox (badness 10000) in paragraph at lines 725--726
\OT1/cmr/m/n/10.95 or latent-model

Underfull \hbox (badness 1389) in paragraph at lines 726--727
[]|\OT1/cmr/m/n/10.95 Naive HMC with

Underfull \hbox (badness 10000) in paragraph at lines 726--727
\OT1/cmr/m/n/10.95 fresh es-ti-ma-tor

Underfull \hbox (badness 5985) in paragraph at lines 727--727
[]|\OT1/cmr/m/n/10.95 Fresh noisy log

Underfull \hbox (badness 10000) in paragraph at lines 727--728
[]|\OT1/cmr/m/n/10.95 Deterministic or

Underfull \hbox (badness 10000) in paragraph at lines 727--728
\OT1/cmr/m/n/10.95 pseudo-marginal
[490] [491] [492] [493] [494] [495]) [496] [497]
(./chapters/ch27_lgssm_validation.tex
Chapter 51.
[498]) (./chapters/ch28_nonlinear_ssm_validation.tex [499]
Chapter 52.
[500]

Package natbib Warning: Citation `kitagawa1996montecarlo' on page 501 undefined
 on input line 69.


Package natbib Warning: Citation `gordon1993novel' on page 501 undefined on inp
ut line 104.


Package natbib Warning: Citation `arulampalam2002tutorial' on page 501 undefine
d on input line 104.

[501] [502])
(./chapters/ch28a_neural_network_state_space_model_applications.tex [503]
Chapter 53.
[504]

Package natbib Warning: Citation `hochreiter1997lstm' on page 505 undefined on 
input line 85.

[505] [506] [507]

Package natbib Warning: Citation `gretton2012kernel' on page 508 undefined on i
nput line 321.


Package natbib Warning: Citation `sriperumbudur2010hilbert' on page 508 undefin
ed on input line 321.

[508]

Package natbib Warning: Citation `hansen1982gmm' on page 509 undefined on input
 line 369.


Overfull \hbox (12.04987pt too wide) in paragraph at lines 378--378
[]\OT1/cmr/bx/n/17.28 Dependence-Aware Es-ti-ma-tion of Pre-dic-tive Fea-
[509]

Package natbib Warning: Citation `neweywest1987' on page 510 undefined on input
 line 458.


Package natbib Warning: Citation `flegal2010batchmeans' on page 510 undefined o
n input line 458.

[510]

Package natbib Warning: Citation `gneiting2007proper' on page 511 undefined on 
input line 524.

[511] [512] [513]

Package natbib Warning: Citation `hoffman2019neutra' on page 514 undefined on i
nput line 714.

[514]
Overfull \hbox (2.6649pt too wide) in paragraph at lines 787--797
\OT1/cmr/m/n/12 lytic score, finite-difference, round-trip, se-ri-al-iza-tion, 
scalar/-batch, and trusted GPU/XLA
[515] [516]
Underfull \hbox (badness 2376) in paragraph at lines 913--914
[]|\OT1/cmr/m/n/12 Does the im-ple-men-ta-tion

Underfull \hbox (badness 10000) in paragraph at lines 913--914
\OT1/cmr/m/n/12 eval-u-ate the in-tended

Underfull \hbox (badness 10000) in paragraph at lines 914--917
[]|\OT1/cmr/m/n/12 Equation-to-code checks,

Underfull \hbox (badness 10000) in paragraph at lines 914--917
\OT1/cmr/m/n/12 de-ter-min-is-tic re-cur-sions,

Underfull \hbox (badness 3701) in paragraph at lines 914--917
\OT1/cmr/m/n/12 linear-Gaussian fore-cast or-

Underfull \hbox (badness 10000) in paragraph at lines 914--917
\OT1/cmr/m/n/12 a-cles, scalar/-batch par-ity,

Underfull \hbox (badness 10000) in paragraph at lines 917--921
[]|\OT1/cmr/m/n/12 Native di-ver-gence teleme-

Underfull \hbox (badness 3158) in paragraph at lines 917--921
\OT1/cmr/m/n/12 try, fi-nite log prob-a-bil-i-ties

Underfull \hbox (badness 7379) in paragraph at lines 917--921
\OT1/cmr/m/n/12 and gra-di-ents, ac-cep-tance,

Underfull \hbox (badness 6526) in paragraph at lines 917--921
\OT1/cmr/m/n/12 move-ment, chain-aware R-

Underfull \hbox (badness 10000) in paragraph at lines 921--921
[]|\OT1/cmr/m/n/12 Predictive-

Underfull \hbox (badness 10000) in paragraph at lines 921--921
\OT1/cmr/m/n/12 functional equiv-a-

Underfull \hbox (badness 10000) in paragraph at lines 922--925
[]|\OT1/cmr/m/n/12 Simultaneous mean/log-

Underfull \hbox (badness 4168) in paragraph at lines 922--925
\OT1/cmr/m/n/12 variance equiv-a-lence, joint-

Underfull \hbox (badness 10000) in paragraph at lines 922--925
\OT1/cmr/m/n/12 path characteristic-function

Package natbib Warning: Citation `gneiting2007proper' on page 517 undefined on 
input line 941.

[517] [518] [519] [520 <./plans/artifacts/ssl-lstm-neutra-2026-07-14/phase-8-pr
edictive-design/direct-visual-validation/ssl-lstm-launch-traces-z.png (PNG copy
)> <./plans/artifacts/ssl-lstm-neutra-2026-07-14/phase-8-predictive-design/dire
ct-visual-validation/ssl-lstm-launch-traces-theta.png (PNG copy)>] [521 <./plan
s/artifacts/ssl-lstm-neutra-2026-07-14/phase-8-predictive-design/direct-visual-
validation/ssl-lstm-predictive-fans.png (PNG copy)>] [522 <./plans/artifacts/ss
l-lstm-neutra-2026-07-14/phase-8-predictive-design/direct-visual-validation/ssl
-lstm-moment-differences.png (PNG copy)> <./plans/artifacts/ssl-lstm-neutra-202
6-07-14/phase-8-predictive-design/direct-visual-validation/ssl-lstm-controlled-
calibration.png (PNG copy)>] [523] [524]

Package natbib Warning: Citation `zhao2024ttsequential' on page 525 undefined o
n input line 1375.

[525] [526]) (./chapters/ch29_nk_svd_case_study.tex [527]
Chapter 54.
[528]) (./chapters/ch30_cip_afns_case_study.tex [529]
Chapter 55.
[530]) (./chapters/ch31_nawm_design_target.tex [531]
Chapter 56.
) (./chapters/ch32_production_checklist.tex [532] [533]
Chapter 57.
[534] [535]) [536] [537] (./appendices/app_a_notation.tex
Appendix A.
[538]) (./appendices/app_b_matrix_calculus.tex [539]
Appendix B.
) (./appendices/app_c_factor_derivative_proofs.tex [540]
Appendix C.
) (./appendices/app_d_mathdevmcp_workflows.tex [541]
Appendix D.
) (./appendices/app_e_researchassistant_workflows.tex [542]
Appendix E.
[543]) (./appendices/app_f_source_map.tex [544]
Appendix F.
) (./appendices/app_g_experiment_templates.tex [545]
Appendix G.
[546]) [547]
(/home/ubuntu/python/BayesFilter/docs/plans/artifacts/hmc-remaining-gaps-2026-0
9-24/f-r1/book-r2/build/main.bbl
Underfull \hbox (badness 1472) in paragraph at lines 41--47
[]\OT1/cmr/m/n/12 Hadi Mo-hasel Af-shar and Justin Domke.  Re-flec-tion, re-fra
c-tion, and Hamil-to-
[548] [549]
Underfull \hbox (badness 1742) in paragraph at lines 230--235
\OT1/cmr/m/it/12 Jour-nal on Un-cer-tainty Quan-tifi-ca-tion\OT1/cmr/m/n/12 , 9
(4):1603--1633, 2021.  doi: $10 . 1137 /
[550] [551] [552] [553]
Underfull \hbox (badness 2205) in paragraph at lines 564--567
[]\OT1/cmr/m/n/12 Khai Nguyen.  An in-tro-duc-tion to sliced op-ti-mal trans-po
rt.  \OT1/cmr/m/it/12 arXiv preprint
[554] [555])

Package natbib Warning: There were undefined citations.

[556]
(/home/ubuntu/python/BayesFilter/docs/plans/artifacts/hmc-remaining-gaps-2026-0
9-24/f-r1/book-r2/build/main.aux

Package natbib Warning: Citation(s) may have changed.
(natbib)                Rerun to get citations correct.

)

LaTeX Warning: Label(s) may have changed. Rerun to get cross-references right.

 )
(see the transcript file for additional information) </home/ubuntu/.texlive2021
/texmf-var/fonts/pk/ljfour/jknappen/ec/tcrm1200.600pk></usr/share/texlive/texmf
-dist/fonts/type1/public/amsfonts/cm/cmbx12.pfb></usr/share/texlive/texmf-dist/
fonts/type1/public/amsfonts/cm/cmbx8.pfb></usr/share/texlive/texmf-dist/fonts/t
ype1/public/amsfonts/cm/cmbxti10.pfb></usr/share/texlive/texmf-dist/fonts/type1
/public/amsfonts/cm/cmex10.pfb></usr/share/texlive/texmf-dist/fonts/type1/publi
c/amsfonts/cmextra/cmex8.pfb></usr/share/texlive/texmf-dist/fonts/type1/public/
amsfonts/cm/cmitt10.pfb></usr/share/texlive/texmf-dist/fonts/type1/public/amsfo
nts/cm/cmmi10.pfb></usr/share/texlive/texmf-dist/fonts/type1/public/amsfonts/cm
/cmmi12.pfb></usr/share/texlive/texmf-dist/fonts/type1/public/amsfonts/cm/cmmi6
.pfb></usr/share/texlive/texmf-dist/fonts/type1/public/amsfonts/cm/cmmi8.pfb></
usr/share/texlive/texmf-dist/fonts/type1/public/amsfonts/cm/cmr10.pfb></usr/sha
re/texlive/texmf-dist/fonts/type1/public/amsfonts/cm/cmr12.pfb></usr/share/texl
ive/texmf-dist/fonts/type1/public/amsfonts/cm/cmr17.pfb></usr/share/texlive/tex
mf-dist/fonts/type1/public/amsfonts/cm/cmr6.pfb></usr/share/texlive/texmf-dist/
fonts/type1/public/amsfonts/cm/cmr7.pfb></usr/share/texlive/texmf-dist/fonts/ty
pe1/public/amsfonts/cm/cmr8.pfb></usr/share/texlive/texmf-dist/fonts/type1/publ
ic/amsfonts/cm/cmsl12.pfb></usr/share/texlive/texmf-dist/fonts/type1/public/ams
fonts/cm/cmss8.pfb></usr/share/texlive/texmf-dist/fonts/type1/public/amsfonts/c
m/cmsy10.pfb></usr/share/texlive/texmf-dist/fonts/type1/public/amsfonts/cm/cmsy
6.pfb></usr/share/texlive/texmf-dist/fonts/type1/public/amsfonts/cm/cmsy8.pfb><
/usr/share/texlive/texmf-dist/fonts/type1/public/amsfonts/cm/cmti12.pfb></usr/s
hare/texlive/texmf-dist/fonts/type1/public/amsfonts/cm/cmtt10.pfb></usr/share/t
exlive/texmf-dist/fonts/type1/public/amsfonts/cm/cmtt12.pfb></usr/share/texlive
/texmf-dist/fonts/type1/public/amsfonts/euler/eufm10.pfb></usr/share/texlive/te
xmf-dist/fonts/type1/public/amsfonts/symbols/msam10.pfb></usr/share/texlive/tex
mf-dist/fonts/type1/public/amsfonts/symbols/msbm10.pfb>
Output written on /home/ubuntu/python/BayesFilter/docs/plans/artifacts/hmc-rema
ining-gaps-2026-09-24/f-r1/book-r2/build/main.pdf (574 pages, 2440542 bytes).
Transcript written on /home/ubuntu/python/BayesFilter/docs/plans/artifacts/hmc-
remaining-gaps-2026-09-24/f-r1/book-r2/build/main.log.
Latexmk: Found input bbl file '/home/ubuntu/python/BayesFilter/docs/plans/artifacts/hmc-remaining-gaps-2026-09-24/f-r1/book-r2/build/main.bbl'
Latexmk: References changed.
Latexmk: References changed.
Latexmk: Log file says output to '/home/ubuntu/python/BayesFilter/docs/plans/artifacts/hmc-remaining-gaps-2026-09-24/f-r1/book-r2/build/main.pdf'
Latexmk: List of undefined refs and citations:
  Citation `Afshar2015' on page 447 undefined on input line 462
  Citation `Afshar2015' on page 449 undefined on input line 511
  Citation `Gorinova2020' on page 448 undefined on input line 494
  Citation `Pakman2014' on page 447 undefined on input line 457
  Citation `Pakman2014' on page 449 undefined on input line 510
  Citation `abid2018greedy' on page 165 undefined on input line 418
  Citation `acevedodewiljesreich2017secondorder' on page 169 undefined on input line 694
  Citation `acevedodewiljesreich2017secondorder' on page 171 undefined on input line 857
  Citation `acevedodewiljesreich2017secondorder' on page 172 undefined on input line 905
  Citation `adurthi2012cut' on page 55 undefined on input line 45
  Citation `adurthi2012cutfiltering' on page 55 undefined on input line 45
  Citation `alaya2019screenkhorn' on page 165 undefined on input line 418
  Citation `altschuler2017nearlinear' on page 165 undefined on input line 418
  Citation `altschuler2019nystrom' on page 242 undefined on input line 436
  Citation `altschuler2019nystrom' on page 242 undefined on input line 484
  Citation `altschuler2019nystrom' on page 292 undefined on input line 591
  Citation `amos2017icnn' on page 249 undefined on input line 17
  Citation `amos2017icnn' on page 253 undefined on input line 253
  Citation `amos2017icnn' on page 276 undefined on input line 284
  Citation `an2007bayesian' on page 82 undefined on input line 109
  Citation `an2007bayesian' on page 82 undefined on input line 127
  Citation `andreasen2018pruned' on page 82 undefined on input line 113
  Citation `andreasen2018pruned' on page 82 undefined on input line 132
  Citation `andrieu2009pseudo' on page 124 undefined on input line 404
  Citation `andrieu2009pseudo' on page 272 undefined on input line 24
  Citation `andrieu2009pseudo' on page 274 undefined on input line 151
  Citation `andrieu2010particle' on page 124 undefined on input line 404
  Citation `andrieu2010particle' on page 126 undefined on input line 560
  Citation `andrieu2010particle' on page 272 undefined on input line 24
  Citation `andrieu2010particle' on page 274 undefined on input line 151
  Citation `andrieu2010particle' on page 83 undefined on input line 145
  Citation `andrieu2010particle' on page 84 undefined on input line 241
  Citation `arulampalam2002tutorial' on page 313 undefined on input line 1198
  Citation `arulampalam2002tutorial' on page 501 undefined on input line 104
  Citation `bengtsson2008curse' on page 127 undefined on input line 623
  Citation `bengtsson2008curse' on page 313 undefined on input line 1199
  Citation `bengtsson2008curse' on page 374 undefined on input line 348
  Citation `betancourt2017conceptual' on page 272 undefined on input line 20
  Citation `betancourt2017conceptual' on page 388 undefined on input line 6
  Citation `charlier2021keops' on page 161 undefined on input line 139
  Citation `charlier2021keops' on page 165 undefined on input line 379
  Citation `charlier2021keops' on page 242 undefined on input line 454
  Citation `charlier2021keops' on page 292 undefined on input line 588
  Citation `chenxiezhang2024sicnn' on page 257 undefined on input line 515
  Citation `chopin2020introduction' on page 140 undefined on input line 48
  Citation `chopin2020introduction' on page 150 undefined on input line 38
  Citation `chopin2020introduction' on page 154 undefined on input line 25
  Citation `chopin2020introduction' on page 170 undefined on input line 790
  Citation `chopin2020introduction' on page 90 undefined on input line 597
  Citation `corenflos2021differentiable' on page 145 undefined on input line 384
  Citation `corenflos2021differentiable' on page 150 undefined on input line 20
  Citation `corenflos2021differentiable' on page 156 undefined on input line 201
  Citation `corenflos2021differentiable' on page 172 undefined on input line 908
  Citation `corenflos2021differentiable' on page 202 undefined on input line 64
  Citation `corenflos2021differentiable' on page 276 undefined on input line 254
  Citation `cui2022deep' on page 383 undefined on input line 990
  Citation `cui2022deep' on page 384 undefined on input line 1125
  Citation `cui2023selfreinforced' on page 383 undefined on input line 990
  Citation `cui2023selfreinforced' on page 384 undefined on input line 1125
  Citation `cuturi2013sinkhorn' on page 161 undefined on input line 103
  Citation `cuturi2013sinkhorn' on page 202 undefined on input line 65
  Citation `cuturi2013sinkhorn' on page 276 undefined on input line 254
  Citation `daumhuang2008' on page 130 undefined on input line 69
  Citation `davis1980multiplicative' on page 299 undefined on input line 33
  Citation `davis1980multiplicative' on page 311 undefined on input line 1107
  Citation `davis1980multiplicative' on page 314 undefined on input line 1275
  Citation `delmoral2015uniform' on page 211 undefined on input line 787
  Citation `delmoral2015uniform' on page 215 undefined on input line 1107
  Citation `deshpande2019maxsliced' on page 266 undefined on input line 367
  Citation `deshpande2019maxsliced' on page 292 undefined on input line 594
  Citation `dhulipala2022latent' on page 279 undefined on input line 448
  Citation `dhulipala2022latent' on page 481 undefined on input line 25
  Citation `dhulipala2022latent' on page 484 undefined on input line 305
  Citation `doucet2001sequential' on page 124 undefined on input line 403
  Citation `doucet2001sequential' on page 126 undefined on input line 559
  Citation `doucet2001sequential' on page 140 undefined on input line 48
  Citation `doucet2001sequential' on page 150 undefined on input line 38
  Citation `doucet2001sequential' on page 154 undefined on input line 25
  Citation `doucet2001sequential' on page 170 undefined on input line 790
  Citation `doucet2001sequential' on page 83 undefined on input line 145
  Citation `doucet2001sequential' on page 84 undefined on input line 241
  Citation `durbin2012time' on page 82 undefined on input line 127
  Citation `durbin2012time' on page 83 undefined on input line 169
  Citation `dvurechensky2018computational' on page 165 undefined on input line 418
  Citation `easley2021higherorder' on page 188 undefined on input line 2185
  Citation `ebeigbe2025genut' on page 180 undefined on input line 1652
  Citation `ebeigbe2025genut' on page 188 undefined on input line 2181
  Citation `feydy2019geomloss' on page 161 undefined on input line 139
  Citation `feydy2019geomloss' on page 165 undefined on input line 379
  Citation `feydy2019geomloss' on page 242 undefined on input line 454
  Citation `feydy2019geomloss' on page 292 undefined on input line 588
  Citation `flegal2010batchmeans' on page 510 undefined on input line 458
  Citation `flegalgongfixedwidth' on page 457 undefined on input line 189
  Citation `forrow2019factored' on page 242 undefined on input line 436
  Citation `forrow2019factored' on page 245 undefined on input line 675
  Citation `forrow2019factored' on page 257 undefined on input line 515
  Citation `forrow2019factored' on page 292 undefined on input line 591
  Citation `gandy2021mcmctesting' on page 411 undefined on input line 640
  Citation `gandy2021mcmctesting' on page 411 undefined on input line 651
  Citation `genevay2016stochastic' on page 165 undefined on input line 418
  Citation `genevay2016stochastic' on page 242 undefined on input line 436
  Citation `genevay2016stochastic' on page 246 undefined on input line 777
  Citation `genevay2018samplecomplexity' on page 242 undefined on input line 436
  Citation `genevay2018samplecomplexity' on page 246 undefined on input line 777
  Citation `geuter2025unot' on page 257 undefined on input line 515
  Citation `girshfeld2025nlwr' on page 268 undefined on input line 497
  Citation `gneiting2007proper' on page 511 undefined on input line 524
  Citation `gneiting2007proper' on page 517 undefined on input line 941
  Citation `gordon1993novel' on page 124 undefined on input line 402
  Citation `gordon1993novel' on page 170 undefined on input line 790
  Citation `gordon1993novel' on page 313 undefined on input line 1197
  Citation `gordon1993novel' on page 501 undefined on input line 104
  Citation `gordon1993novel' on page 83 undefined on input line 145
  Citation `gordon1993novel' on page 84 undefined on input line 241
  Citation `gracykchen2024geonet' on page 264 undefined on input line 250
  Citation `gracykchen2024geonet' on page 276 undefined on input line 284
  Citation `gretton2012kernel' on page 508 undefined on input line 321
  Citation `greydanus2019hamiltonian' on page 279 undefined on input line 448
  Citation `hanebeck2023progressiveot' on page 264 undefined on input line 250
  Citation `hansen1982gmm' on page 509 undefined on input line 369
  Citation `herbst2015bayesian' on page 82 undefined on input line 109
  Citation `herbst2015bayesian' on page 82 undefined on input line 127
  Citation `higham2002accuracy' on page 175 undefined on input line 1280
  Citation `hochreiter1997lstm' on page 505 undefined on input line 85
  Citation `hoffman2014nuts' on page 388 undefined on input line 30
  Citation `hoffman2019neutra' on page 279 undefined on input line 448
  Citation `hoffman2019neutra' on page 464 undefined on input line 7
  Citation `hoffman2019neutra' on page 514 undefined on input line 714
  Citation `hu2021particle' on page 130 undefined on input line 73
  Citation `ionescu2015matrixbackprop' on page 114 undefined on input line 2608
  Citation `ionescu2015matrixbackprop' on page 72 undefined on input line 629
  Citation `johnson1979bounds' on page 189 undefined on input line 2225
  Citation `jonschkowski2018differentiable' on page 150 undefined on input line 17
  Citation `jonschkowski2018differentiable' on page 151 undefined on input line 97
  Citation `jonschkowski2018differentiable' on page 276 undefined on input line 238
  Citation `julier1996general' on page 83 undefined on input line 140
  Citation `julier1996general' on page 86 undefined on input line 358
  Citation `julier1996general' on page 87 undefined on input line 396
  Citation `julier1996general' on page 94 undefined on input line 1004
  Citation `julier1997new' on page 83 undefined on input line 140
  Citation `julier1997new' on page 86 undefined on input line 358
  Citation `julier1997new' on page 95 undefined on input line 1081
  Citation `karkus2018particle' on page 150 undefined on input line 19
  Citation `karkus2018particle' on page 151 undefined on input line 106
  Citation `karkus2018particle' on page 276 undefined on input line 238
  Citation `kim2008calculating' on page 82 undefined on input line 113
  Citation `kim2008calculating' on page 82 undefined on input line 132
  Citation `kitagawa1996montecarlo' on page 501 undefined on input line 69
  Citation `kolouri2019generalized' on page 266 undefined on input line 367
  Citation `kolouri2019generalized' on page 292 undefined on input line 594
  Citation `kovachki2023neuraloperator' on page 264 undefined on input line 322
  Citation `li2017particle' on page 130 undefined on input line 70
  Citation `li2017particle' on page 136 undefined on input line 576
  Citation `li2017particle' on page 136 undefined on input line 588
  Citation `li2017particle' on page 140 undefined on input line 50
  Citation `li2017particle' on page 143 undefined on input line 230
  Citation `li2017particle' on page 202 undefined on input line 63
  Citation `li2019ttfiltering' on page 299 undefined on input line 35
  Citation `li2021fourier' on page 264 undefined on input line 322
  Citation `lin2019efficient' on page 165 undefined on input line 418
  Citation `liuchen2026wgsolver' on page 264 undefined on input line 250
  Citation `lu2021deeponet' on page 264 undefined on input line 322
  Citation `makkuva2020otmapping' on page 249 undefined on input line 17
  Citation `makkuva2020otmapping' on page 253 undefined on input line 253
  Citation `makkuva2020otmapping' on page 276 undefined on input line 284
  Citation `marquardt1963algorithm' on page 189 undefined on input line 2303
  Citation `meng2025regularity' on page 299 undefined on input line 35
  Citation `meng2025regularity' on page 312 undefined on input line 1151
  Citation `micheli2026rnot' on page 268 undefined on input line 497
  Citation `modrak2023sbcquantities' on page 412 undefined on input line 698
  Citation `neal2011mcmc' on page 272 undefined on input line 20
  Citation `neal2011mcmc' on page 388 undefined on input line 6
  Citation `neweywest1987' on page 510 undefined on input line 458
  Citation `nguyen2021partialminibatch' on page 242 undefined on input line 436
  Citation `nguyen2021partialminibatch' on page 246 undefined on input line 777
  Citation `nguyen2022bomb' on page 242 undefined on input line 436
  Citation `nguyen2022bomb' on page 246 undefined on input line 777
  Citation `nguyen2025sliced' on page 266 undefined on input line 367
  Citation `nguyen2025sliced' on page 292 undefined on input line 594
  Citation `osborne1976levenberg' on page 189 undefined on input line 2304
  Citation `parno2018transport' on page 279 undefined on input line 448
  Citation `paty2019subspace' on page 266 undefined on input line 367
  Citation `paty2019subspace' on page 292 undefined on input line 594
  Citation `peyre2019computational' on page 154 undefined on input line 13
  Citation `peyre2019computational' on page 154 undefined on input line 41
  Citation `peyre2019computational' on page 161 undefined on input line 103
  Citation `peyre2019computational' on page 202 undefined on input line 66
  Citation `peyre2019computational' on page 252 undefined on input line 184
  Citation `peyre2019computational' on page 276 undefined on input line 254
  Citation `reich2013nonparametric' on page 145 undefined on input line 384
  Citation `reich2013nonparametric' on page 154 undefined on input line 13
  Citation `reich2013nonparametric' on page 154 undefined on input line 41
  Citation `reich2013nonparametric' on page 156 undefined on input line 201
  Citation `reich2013nonparametric' on page 171 undefined on input line 857
  Citation `reich2013nonparametric' on page 172 undefined on input line 908
  Citation `reich2013nonparametric' on page 276 undefined on input line 254
  Citation `scetbon2020positivefeatures' on page 242 undefined on input line 436
  Citation `scetbon2020positivefeatures' on page 243 undefined on input line 580
  Citation `scetbon2020positivefeatures' on page 292 undefined on input line 591
  Citation `scetbon2021lowrank' on page 242 undefined on input line 436
  Citation `scetbon2021lowrank' on page 245 undefined on input line 675
  Citation `scetbon2021lowrank' on page 292 undefined on input line 591
  Citation `scetbon2022lowrank' on page 242 undefined on input line 436
  Citation `scetbon2022lowrank' on page 245 undefined on input line 675
  Citation `scetbon2023unbalanced' on page 245 undefined on input line 675
  Citation `schmitzer2016sparse' on page 165 undefined on input line 418
  Citation `schmitzer2019stabilized' on page 165 undefined on input line 418
  Citation `snyder2008obstacles' on page 127 undefined on input line 623
  Citation `snyder2008obstacles' on page 313 undefined on input line 1199
  Citation `snyder2008obstacles' on page 374 undefined on input line 348
  Citation `spantini2022coupling' on page 172 undefined on input line 906
  Citation `sriperumbudur2010hilbert' on page 508 undefined on input line 321
  Citation `talts2020sbc' on page 412 undefined on input line 697
  Citation `uscidda2023mongegap' on page 249 undefined on input line 17
  Citation `uscidda2023mongegap' on page 255 undefined on input line 399
  Citation `uscidda2023mongegap' on page 276 undefined on input line 284
  Citation `vandergrift2026m2mtransformers' on page 268 undefined on input line 497
  Citation `vandermerwe2004sigma' on page 83 undefined on input line 140
  Citation `vandermerwe2004sigma' on page 86 undefined on input line 360
  Citation `vandermerwe2004sigma' on page 87 undefined on input line 400
  Citation `vandermerwe2004sigma' on page 94 undefined on input line 1004
  Citation `vanhandel2007filtering' on page 311 undefined on input line 1072
  Citation `vats2021lugsail' on page 455 undefined on input line 110
  Citation `vehtari2021rank' on page 456 undefined on input line 164
  Citation `vesseron2024brenier' on page 252 undefined on input line 184
  Citation `villani2003topics' on page 154 undefined on input line 13
  Citation `villani2003topics' on page 252 undefined on input line 184
  Citation `xiao2026fastsinkhorn' on page 161 undefined on input line 139
  Citation `xiao2026fastsinkhorn' on page 165 undefined on input line 379
  Citation `xiao2026fastsinkhorn' on page 242 undefined on input line 454
  Citation `xiao2026fastsinkhorn' on page 292 undefined on input line 588
  Citation `xu2025flowot' on page 257 undefined on input line 515
  Citation `xu2026accelerating' on page 165 undefined on input line 418
  Citation `yau2000realtime' on page 299 undefined on input line 34
  Citation `yau2000realtime' on page 312 undefined on input line 1114
  Citation `yau2000realtime' on page 312 undefined on input line 1130
  Citation `yau2000realtime' on page 314 undefined on input line 1275
  Citation `yau2008realtime' on page 299 undefined on input line 34
  Citation `yau2008realtime' on page 312 undefined on input line 1114
  Citation `yau2008realtime' on page 312 undefined on input line 1130
  Citation `yau2008realtime' on page 314 undefined on input line 1275
  Citation `ye2026flashsinkhorn' on page 161 undefined on input line 139
  Citation `ye2026flashsinkhorn' on page 165 undefined on input line 379
  Citation `ye2026flashsinkhorn' on page 242 undefined on input line 454
  Citation `ye2026flashsinkhorn' on page 292 undefined on input line 588
  Citation `zhao2024ttsequential' on page 192 undefined on input line 2480
  Citation `zhao2024ttsequential' on page 346 undefined on input line 278
  Citation `zhao2024ttsequential' on page 376 undefined on input line 447
  Citation `zhao2024ttsequential' on page 379 undefined on input line 715
  Citation `zhao2024ttsequential' on page 380 undefined on input line 752
  Citation `zhao2024ttsequential' on page 381 undefined on input line 834
  Citation `zhao2024ttsequential' on page 381 undefined on input line 873
  Citation `zhao2024ttsequential' on page 382 undefined on input line 893
  Citation `zhao2024ttsequential' on page 382 undefined on input line 916
  Citation `zhao2024ttsequential' on page 382 undefined on input line 947
  Citation `zhao2024ttsequential' on page 383 undefined on input line 1054
  Citation `zhao2024ttsequential' on page 384 undefined on input line 1101
  Citation `zhao2024ttsequential' on page 525 undefined on input line 1375
  Citation `zhumurphyjonschkowski2020' on page 150 undefined on input line 18
  Citation `zhumurphyjonschkowski2020' on page 151 undefined on input line 97
  Citation `zhumurphyjonschkowski2020' on page 276 undefined on input line 238
Latexmk: Examining '/home/ubuntu/python/BayesFilter/docs/plans/artifacts/hmc-remaining-gaps-2026-09-24/f-r1/book-r2/build/main.log'
=== TeX engine is 'pdfTeX'
Latexmk: Found bibliography file(s) [references.bib]
Rule 'bibtex /home/ubuntu/python/BayesFilter/docs/plans/artifacts/hmc-remaining-gaps-2026-09-24/f-r1/book-r2/build/main': File changes, etc:
   Changed files, or newly in use since previous run(s):
      '/home/ubuntu/python/BayesFilter/docs/plans/artifacts/hmc-remaining-gaps-2026-09-24/f-r1/book-r2/build/main.aux'
------------
Run number 2 of rule 'bibtex /home/ubuntu/python/BayesFilter/docs/plans/artifacts/hmc-remaining-gaps-2026-09-24/f-r1/book-r2/build/main'
------------
Latexmk: applying rule 'bibtex /home/ubuntu/python/BayesFilter/docs/plans/artifacts/hmc-remaining-gaps-2026-09-24/f-r1/book-r2/build/main'...
------------
Running 'bibtex  "main.aux"'
------------
Latexmk: Change directory to '/home/ubuntu/python/BayesFilter/docs/plans/artifacts/hmc-remaining-gaps-2026-09-24/f-r1/book-r2/build/'.
To assist finding of files in document
directory, I set
  BIBINPUTS='/home/ubuntu/python/BayesFilter/docs/plans/artifacts/hmc-remaining-gaps-2026-09-24/f-r1/book-r2/docs:/home/ubuntu/python/BayesFilter/docs/plans/artifacts/hmc-remaining-gaps-2026-09-24/f-r1/book-r2/build:'
  BSTINPUTS='/home/ubuntu/python/BayesFilter/docs/plans/artifacts/hmc-remaining-gaps-2026-09-24/f-r1/book-r2/docs:'.
This is BibTeX, Version 0.99d (TeX Live 2022/dev/Debian)
The top-level auxiliary file: main.aux
The style file: plainnat.bst
Database file #1: references.bib
Rule 'pdflatex': File changes, etc:
   Changed files, or newly in use since previous run(s):
      '/home/ubuntu/python/BayesFilter/docs/plans/artifacts/hmc-remaining-gaps-2026-09-24/f-r1/book-r2/build/main.aux'
      '/home/ubuntu/python/BayesFilter/docs/plans/artifacts/hmc-remaining-gaps-2026-09-24/f-r1/book-r2/build/main.toc'
------------
Run number 3 of rule 'pdflatex'
------------
------------
Running 'pdflatex  -interaction=nonstopmode -halt-on-error -recorder -output-directory="/home/ubuntu/python/BayesFilter/docs/plans/artifacts/hmc-remaining-gaps-2026-09-24/f-r1/book-r2/build"  "main.tex"'
------------
Latexmk: Change directory back to '/home/ubuntu/python/BayesFilter/docs/plans/artifacts/hmc-remaining-gaps-2026-09-24/f-r1/book-r2/docs'
Latexmk: applying rule 'pdflatex'...
This is pdfTeX, Version 3.141592653-2.6-1.40.22 (TeX Live 2022/dev/Debian) (preloaded format=pdflatex)
 restricted \write18 enabled.
entering extended mode
(./main.tex
LaTeX2e <2021-11-15> patch level 1
L3 programming layer <2022-01-21>
(/usr/share/texlive/texmf-dist/tex/latex/base/book.cls
Document Class: book 2021/10/04 v1.4n Standard LaTeX document class
(/usr/share/texlive/texmf-dist/tex/latex/base/bk12.clo)) (./preamble.tex
(/usr/share/texlive/texmf-dist/tex/latex/geometry/geometry.sty
(/usr/share/texlive/texmf-dist/tex/latex/graphics/keyval.sty)
(/usr/share/texlive/texmf-dist/tex/generic/iftex/ifvtex.sty
(/usr/share/texlive/texmf-dist/tex/generic/iftex/iftex.sty)))
(/usr/share/texlive/texmf-dist/tex/latex/amsmath/amsmath.sty
For additional information on amsmath, use the `?' option.
(/usr/share/texlive/texmf-dist/tex/latex/amsmath/amstext.sty
(/usr/share/texlive/texmf-dist/tex/latex/amsmath/amsgen.sty))
(/usr/share/texlive/texmf-dist/tex/latex/amsmath/amsbsy.sty)
(/usr/share/texlive/texmf-dist/tex/latex/amsmath/amsopn.sty))
(/usr/share/texlive/texmf-dist/tex/latex/amsfonts/amssymb.sty
(/usr/share/texlive/texmf-dist/tex/latex/amsfonts/amsfonts.sty))
(/usr/share/texlive/texmf-dist/tex/latex/amscls/amsthm.sty)
(/usr/share/texlive/texmf-dist/tex/latex/tools/bm.sty)
(/usr/share/texlive/texmf-dist/tex/latex/mathtools/mathtools.sty
(/usr/share/texlive/texmf-dist/tex/latex/tools/calc.sty)
(/usr/share/texlive/texmf-dist/tex/latex/mathtools/mhsetup.sty))
(/usr/share/texlive/texmf-dist/tex/latex/booktabs/booktabs.sty)
(/usr/share/texlive/texmf-dist/tex/latex/tools/longtable.sty)
(/usr/share/texlive/texmf-dist/tex/latex/tools/array.sty)
(/usr/share/texlive/texmf-dist/tex/latex/enumitem/enumitem.sty)
(/usr/share/texlive/texmf-dist/tex/latex/placeins/placeins.sty)
(/usr/share/texlive/texmf-dist/tex/latex/graphics/graphicx.sty
(/usr/share/texlive/texmf-dist/tex/latex/graphics/graphics.sty
(/usr/share/texlive/texmf-dist/tex/latex/graphics/trig.sty)
(/usr/share/texlive/texmf-dist/tex/latex/graphics-cfg/graphics.cfg)
(/usr/share/texlive/texmf-dist/tex/latex/graphics-def/pdftex.def)))
(/usr/share/texlive/texmf-dist/tex/latex/pgf/frontendlayer/tikz.sty
(/usr/share/texlive/texmf-dist/tex/latex/pgf/basiclayer/pgf.sty
(/usr/share/texlive/texmf-dist/tex/latex/pgf/utilities/pgfrcs.sty
(/usr/share/texlive/texmf-dist/tex/generic/pgf/utilities/pgfutil-common.tex
(/usr/share/texlive/texmf-dist/tex/generic/pgf/utilities/pgfutil-common-lists.t
ex)) (/usr/share/texlive/texmf-dist/tex/generic/pgf/utilities/pgfutil-latex.def
) (/usr/share/texlive/texmf-dist/tex/generic/pgf/utilities/pgfrcs.code.tex
(/usr/share/texlive/texmf-dist/tex/generic/pgf/pgf.revision.tex)))
(/usr/share/texlive/texmf-dist/tex/latex/pgf/basiclayer/pgfcore.sty
(/usr/share/texlive/texmf-dist/tex/latex/pgf/systemlayer/pgfsys.sty
(/usr/share/texlive/texmf-dist/tex/generic/pgf/systemlayer/pgfsys.code.tex
(/usr/share/texlive/texmf-dist/tex/generic/pgf/utilities/pgfkeys.code.tex
(/usr/share/texlive/texmf-dist/tex/generic/pgf/utilities/pgfkeysfiltered.code.t
ex)) (/usr/share/texlive/texmf-dist/tex/generic/pgf/systemlayer/pgf.cfg)
(/usr/share/texlive/texmf-dist/tex/generic/pgf/systemlayer/pgfsys-pdftex.def
(/usr/share/texlive/texmf-dist/tex/generic/pgf/systemlayer/pgfsys-common-pdf.de
f)))
(/usr/share/texlive/texmf-dist/tex/generic/pgf/systemlayer/pgfsyssoftpath.code.
tex)
(/usr/share/texlive/texmf-dist/tex/generic/pgf/systemlayer/pgfsysprotocol.code.
tex)) (/usr/share/texlive/texmf-dist/tex/latex/xcolor/xcolor.sty
(/usr/share/texlive/texmf-dist/tex/latex/graphics-cfg/color.cfg))
(/usr/share/texlive/texmf-dist/tex/generic/pgf/basiclayer/pgfcore.code.tex
(/usr/share/texlive/texmf-dist/tex/generic/pgf/math/pgfmath.code.tex
(/usr/share/texlive/texmf-dist/tex/generic/pgf/math/pgfmathcalc.code.tex
(/usr/share/texlive/texmf-dist/tex/generic/pgf/math/pgfmathutil.code.tex)
(/usr/share/texlive/texmf-dist/tex/generic/pgf/math/pgfmathparser.code.tex)
(/usr/share/texlive/texmf-dist/tex/generic/pgf/math/pgfmathfunctions.code.tex
(/usr/share/texlive/texmf-dist/tex/generic/pgf/math/pgfmathfunctions.basic.code
.tex)
(/usr/share/texlive/texmf-dist/tex/generic/pgf/math/pgfmathfunctions.trigonomet
ric.code.tex)
(/usr/share/texlive/texmf-dist/tex/generic/pgf/math/pgfmathfunctions.random.cod
e.tex)
(/usr/share/texlive/texmf-dist/tex/generic/pgf/math/pgfmathfunctions.comparison
.code.tex)
(/usr/share/texlive/texmf-dist/tex/generic/pgf/math/pgfmathfunctions.base.code.
tex)
(/usr/share/texlive/texmf-dist/tex/generic/pgf/math/pgfmathfunctions.round.code
.tex)
(/usr/share/texlive/texmf-dist/tex/generic/pgf/math/pgfmathfunctions.misc.code.
tex)
(/usr/share/texlive/texmf-dist/tex/generic/pgf/math/pgfmathfunctions.integerari
thmetics.code.tex)))
(/usr/share/texlive/texmf-dist/tex/generic/pgf/math/pgfmathfloat.code.tex))
(/usr/share/texlive/texmf-dist/tex/generic/pgf/math/pgfint.code.tex)
(/usr/share/texlive/texmf-dist/tex/generic/pgf/basiclayer/pgfcorepoints.code.te
x)
(/usr/share/texlive/texmf-dist/tex/generic/pgf/basiclayer/pgfcorepathconstruct.
code.tex)
(/usr/share/texlive/texmf-dist/tex/generic/pgf/basiclayer/pgfcorepathusage.code
.tex)
(/usr/share/texlive/texmf-dist/tex/generic/pgf/basiclayer/pgfcorescopes.code.te
x)
(/usr/share/texlive/texmf-dist/tex/generic/pgf/basiclayer/pgfcoregraphicstate.c
ode.tex)
(/usr/share/texlive/texmf-dist/tex/generic/pgf/basiclayer/pgfcoretransformation
s.code.tex)
(/usr/share/texlive/texmf-dist/tex/generic/pgf/basiclayer/pgfcorequick.code.tex
)
(/usr/share/texlive/texmf-dist/tex/generic/pgf/basiclayer/pgfcoreobjects.code.t
ex)
(/usr/share/texlive/texmf-dist/tex/generic/pgf/basiclayer/pgfcorepathprocessing
.code.tex)
(/usr/share/texlive/texmf-dist/tex/generic/pgf/basiclayer/pgfcorearrows.code.te
x)
(/usr/share/texlive/texmf-dist/tex/generic/pgf/basiclayer/pgfcoreshade.code.tex
)
(/usr/share/texlive/texmf-dist/tex/generic/pgf/basiclayer/pgfcoreimage.code.tex

(/usr/share/texlive/texmf-dist/tex/generic/pgf/basiclayer/pgfcoreexternal.code.
tex))
(/usr/share/texlive/texmf-dist/tex/generic/pgf/basiclayer/pgfcorelayers.code.te
x)
(/usr/share/texlive/texmf-dist/tex/generic/pgf/basiclayer/pgfcoretransparency.c
ode.tex)
(/usr/share/texlive/texmf-dist/tex/generic/pgf/basiclayer/pgfcorepatterns.code.
tex)
(/usr/share/texlive/texmf-dist/tex/generic/pgf/basiclayer/pgfcorerdf.code.tex))
)
(/usr/share/texlive/texmf-dist/tex/generic/pgf/modules/pgfmoduleshapes.code.tex
) (/usr/share/texlive/texmf-dist/tex/generic/pgf/modules/pgfmoduleplot.code.tex
)
(/usr/share/texlive/texmf-dist/tex/latex/pgf/compatibility/pgfcomp-version-0-65
.sty)
(/usr/share/texlive/texmf-dist/tex/latex/pgf/compatibility/pgfcomp-version-1-18
.sty)) (/usr/share/texlive/texmf-dist/tex/latex/pgf/utilities/pgffor.sty
(/usr/share/texlive/texmf-dist/tex/latex/pgf/utilities/pgfkeys.sty
(/usr/share/texlive/texmf-dist/tex/generic/pgf/utilities/pgfkeys.code.tex))
(/usr/share/texlive/texmf-dist/tex/latex/pgf/math/pgfmath.sty
(/usr/share/texlive/texmf-dist/tex/generic/pgf/math/pgfmath.code.tex))
(/usr/share/texlive/texmf-dist/tex/generic/pgf/utilities/pgffor.code.tex
(/usr/share/texlive/texmf-dist/tex/generic/pgf/math/pgfmath.code.tex)))
(/usr/share/texlive/texmf-dist/tex/generic/pgf/frontendlayer/tikz/tikz.code.tex

(/usr/share/texlive/texmf-dist/tex/generic/pgf/libraries/pgflibraryplothandlers
.code.tex)
(/usr/share/texlive/texmf-dist/tex/generic/pgf/modules/pgfmodulematrix.code.tex
)
(/usr/share/texlive/texmf-dist/tex/generic/pgf/frontendlayer/tikz/libraries/tik
zlibrarytopaths.code.tex)))
(/usr/share/texlive/texmf-dist/tex/generic/pgf/libraries/pgflibraryarrows.meta.
code.tex)
(/usr/share/texlive/texmf-dist/tex/generic/pgf/frontendlayer/tikz/libraries/tik
zlibrarycalc.code.tex)
(/usr/share/texlive/texmf-dist/tex/generic/pgf/frontendlayer/tikz/libraries/tik
zlibrarypositioning.code.tex)
(/usr/share/texlive/texmf-dist/tex/latex/hyperref/hyperref.sty
(/usr/share/texlive/texmf-dist/tex/generic/ltxcmds/ltxcmds.sty)
(/usr/share/texlive/texmf-dist/tex/generic/pdftexcmds/pdftexcmds.sty
(/usr/share/texlive/texmf-dist/tex/generic/infwarerr/infwarerr.sty))
(/usr/share/texlive/texmf-dist/tex/generic/kvsetkeys/kvsetkeys.sty)
(/usr/share/texlive/texmf-dist/tex/generic/kvdefinekeys/kvdefinekeys.sty)
(/usr/share/texlive/texmf-dist/tex/generic/pdfescape/pdfescape.sty)
(/usr/share/texlive/texmf-dist/tex/latex/hycolor/hycolor.sty)
(/usr/share/texlive/texmf-dist/tex/latex/letltxmacro/letltxmacro.sty)
(/usr/share/texlive/texmf-dist/tex/latex/auxhook/auxhook.sty)
(/usr/share/texlive/texmf-dist/tex/latex/kvoptions/kvoptions.sty)
(/usr/share/texlive/texmf-dist/tex/latex/hyperref/pd1enc.def)
(/usr/share/texlive/texmf-dist/tex/latex/hyperref/hyperref-langpatches.def)
(/usr/share/texlive/texmf-dist/tex/generic/intcalc/intcalc.sty)
(/usr/share/texlive/texmf-dist/tex/generic/etexcmds/etexcmds.sty)
(/usr/share/texlive/texmf-dist/tex/latex/hyperref/puenc.def)
(/usr/share/texlive/texmf-dist/tex/latex/url/url.sty)
(/usr/share/texlive/texmf-dist/tex/generic/bitset/bitset.sty
(/usr/share/texlive/texmf-dist/tex/generic/bigintcalc/bigintcalc.sty))
(/usr/share/texlive/texmf-dist/tex/latex/base/atbegshi-ltx.sty))
(/usr/share/texlive/texmf-dist/tex/latex/hyperref/hpdftex.def
(/usr/share/texlive/texmf-dist/tex/latex/base/atveryend-ltx.sty)
(/usr/share/texlive/texmf-dist/tex/latex/rerunfilecheck/rerunfilecheck.sty
(/usr/share/texlive/texmf-dist/tex/generic/uniquecounter/uniquecounter.sty)))
(/usr/share/texlive/texmf-dist/tex/latex/natbib/natbib.sty)
(/usr/share/texlive/texmf-dist/tex/latex/mdframed/mdframed.sty
(/usr/share/texlive/texmf-dist/tex/latex/l3packages/xparse/xparse.sty
(/usr/share/texlive/texmf-dist/tex/latex/l3kernel/expl3.sty
(/usr/share/texlive/texmf-dist/tex/latex/l3backend/l3backend-pdftex.def)))
(/usr/share/texlive/texmf-dist/tex/latex/etoolbox/etoolbox.sty)
(/usr/share/texlive/texmf-dist/tex/latex/zref/zref-abspage.sty
(/usr/share/texlive/texmf-dist/tex/latex/zref/zref-base.sty))
(/usr/share/texlive/texmf-dist/tex/latex/needspace/needspace.sty)
(/usr/share/texlive/texmf-dist/tex/latex/mdframed/md-frame-0.mdf))
(/usr/share/texlive/texmf-dist/tex/latex/algorithms/algorithm.sty
(/usr/share/texlive/texmf-dist/tex/latex/float/float.sty)
(/usr/share/texlive/texmf-dist/tex/latex/base/ifthen.sty))
(/usr/share/texlive/texmf-dist/tex/latex/algorithmicx/algpseudocode.sty
(/usr/share/texlive/texmf-dist/tex/latex/algorithmicx/algorithmicx.sty
Document Style algorithmicx 1.2 - a greatly improved `algorithmic' style
)
Document Style - pseudocode environments for use with the `algorithmicx' style
) (/usr/share/texlive/texmf-dist/tex/latex/listings/listings.sty
(/usr/share/texlive/texmf-dist/tex/latex/listings/lstmisc.sty)
(/usr/share/texlive/texmf-dist/tex/latex/listings/listings.cfg)))
(/home/ubuntu/python/BayesFilter/docs/plans/artifacts/hmc-remaining-gaps-2026-0
9-24/f-r1/book-r2/build/main.aux)
*geometry* driver: auto-detecting
*geometry* detected driver: pdftex
(/usr/share/texlive/texmf-dist/tex/context/base/mkii/supp-pdf.mkii
[Loading MPS to PDF converter (version 2006.09.02).]
) (/usr/share/texlive/texmf-dist/tex/latex/epstopdf-pkg/epstopdf-base.sty
(/usr/share/texlive/texmf-dist/tex/latex/latexconfig/epstopdf-sys.cfg))
(/usr/share/texlive/texmf-dist/tex/latex/hyperref/nameref.sty
(/usr/share/texlive/texmf-dist/tex/latex/refcount/refcount.sty)
(/usr/share/texlive/texmf-dist/tex/generic/gettitlestring/gettitlestring.sty))
(/home/ubuntu/python/BayesFilter/docs/plans/artifacts/hmc-remaining-gaps-2026-0
9-24/f-r1/book-r2/build/main.out)
(/home/ubuntu/python/BayesFilter/docs/plans/artifacts/hmc-remaining-gaps-2026-0
9-24/f-r1/book-r2/build/main.out)
(/usr/share/texlive/texmf-dist/tex/latex/amsfonts/umsa.fd)
(/usr/share/texlive/texmf-dist/tex/latex/amsfonts/umsb.fd) [1{/var/lib/texmf/fo
nts/map/pdftex/updmap/pdftex.map}]
(/home/ubuntu/python/BayesFilter/docs/plans/artifacts/hmc-remaining-gaps-2026-0
9-24/f-r1/book-r2/build/main.toc [2] [3] [4] [5] [6] [7] [8] [9] [10] [11]
Overfull \hbox (2.71497pt too wide) in paragraph at lines 564--564
 [][] [][][]\OT1/cmr/m/n/12 Fixed-Branch Ap-prox-i-mate Like-li-hoods Across Th
e Three Op-er-a-tional Lay- 
[12] [13]
Overfull \hbox (2.46931pt too wide) in paragraph at lines 642--642
 [] [][][]\OT1/cmr/bx/n/12 Occasionally Bind-ing Con-straints, Gra-di-ent Dis-c
on-ti-nu-ities, and a Failed 
[14] [15] [16] [17]) [18] [1] (./chapters/ch01_introduction.tex
Chapter 1.
[2]) (./chapters/ch02_state_space_contracts.tex [3]
Chapter 2.

Overfull \hbox (7.30852pt too wide) in paragraph at lines 34--36
\OT1/cmr/m/it/12 data that de-com-poses the la-tent state co-or-di-nates into d
e-clared roles. The min-i-mal BayesFil-
[4] [5]) (./chapters/ch03_hmc_target_requirements.tex [6]
Chapter 3.
[7]) (./chapters/ch04_bayesfilter_api.tex [8]
Chapter 4.

Overfull \hbox (0.90378pt too wide) in paragraph at lines 36--38
\OT1/cmr/m/n/12 The ex-act soft-ware in-ter-face may change, but im-ple-men-ta-
tions should be au-ditable against

Underfull \vbox (badness 3240) has occurred while \output is active [9]
[10]
Overfull \hbox (26.99707pt too wide) in paragraph at lines 104--107
[]\OT1/cmr/bx/n/12 Fail-closed par-ti-tion val-i-da-tion: \OT1/cmr/m/n/12 mixed
 mod-els must de-clare stochas-tic, deterministic-

Overfull \hbox (13.88249pt too wide) in paragraph at lines 125--129
[]\OT1/cmr/m/n/12 DSGE and Macro-Fi-nance adapters should sup-ply model tim-ing
 and eco-nomics. BayesFil-
[11] [12]) [13] [14] [15] (./chapters/ch05_prediction_error_decomposition.tex
Chapter 5.
[16] [17]) (./chapters/ch06_stable_linear_filtering.tex [18]
Chapter 6.
[19] [20]) (./chapters/ch07_missing_data_mixed_frequency.tex [21]
Chapter 7.
[22]) (./chapters/ch08_large_scale_lgssm.tex [23]
Chapter 8.
[24] [25]) [26] [27] [28] (./chapters/ch09_kalman_score.tex
Chapter 9.
[29]) (./chapters/ch10_kalman_hessian.tex [30] [31]
Chapter 10.
[32] [33] [34]) (./chapters/ch11_structural_derivatives.tex [35]
Chapter 11.
[36] [37] [38]) (./chapters/ch12_factor_derivatives.tex [39]
Chapter 12.
[40] [41]
Overfull \hbox (10.90388pt too wide) in paragraph at lines 183--186
\OT1/cmr/m/n/12 The generic for-mu-las above en-ter the fil-ter through stack f
ac-tor-iza-tions. If $\OML/cmm/m/it/12 C[]C[] \OT1/cmr/m/n/12 =
[42] [43]
Overfull \hbox (2.67781pt too wide) in paragraph at lines 339--339
[]\OT1/cmr/bx/n/17.28 Affine-Support Gaus-sian Like-li-hood and Deriva-
) (./chapters/ch13_custom_gradient_wrappers.tex
Overfull \hbox (4.11865pt too wide) in paragraph at lines 358--1
\OT1/cmr/m/n/12 The deriva-tive in-cludes mo-tion of the sup-port ba-sis and th
e in-no-va-tion. A log-determinant-
[44]
Chapter 13.
[45] [46]) (./chapters/ch14_derivative_validation.tex [47]
Chapter 14.
[48] [49] [50]) [51] [52] (./chapters/ch15_ekf.tex
Chapter 15.
[53]) (./chapters/ch16_sigma_point_filters.tex [54]
Chapter 16.
[55] [56] [57]) (./chapters/ch17_square_root_sigma_point.tex [58]
Chapter 17.

Overfull \hbox (19.65202pt too wide) in paragraph at lines 14--21
\OT1/cmr/m/n/12 For a model with sep-a-rate first- and second-order state com-p
o-nents, use \OT1/cmtt/m/n/12 TFPrunedSRUKFModel
[59] [60] [61] [62] [63] [64]) (./chapters/ch18_svd_sigma_point.tex [65]
Chapter 18.
[66] [67] [68] [69] [70] [71] [72] [73]
Overfull \hbox (0.14557pt too wide) in paragraph at lines 804--809
[]\OT1/cmr/m/n/12 The Phase 2026-06 strict-SPD im-ple-men-ta-tion ev-i-dence is
 bounded: re-peated positive-

Overfull \hbox (14.28558pt too wide) in paragraph at lines 804--809
\OT1/cmr/m/n/12 spectrum fix-tures, re-con-struc-tion checks, com-piled val-ue/
s-core smoke, and the two-candidate
[74] [75] [76] [77] [78] [79])
(./chapters/ch18b_structural_deterministic_dynamics.tex [80]
Chapter 19.
[81]
Overfull \hbox (11.80775pt too wide) in paragraph at lines 67--72
\OT1/cmr/m/it/12 To place sigma points on a ran-dom vari-able means to choose w
eighted points $\OMS/cmsy/m/n/12 f\OML/cmm/m/it/12 a[]; w[]; w[]\OMS/cmsy/m/n/1
2 g$

Overfull \hbox (12.278pt too wide) in paragraph at lines 123--128
[]\OT1/cmr/bx/n/12 State-space like-li-hoods and DSGE so-lu-tions. \OT1/cmr/m/n
/12 Stan-dard state-space and Bayesian
[82] [83] [84]
Overfull \hbox (3.5873pt too wide) in paragraph at lines 293--296
[]\OT1/cmr/m/n/12 Return the like-li-hood con-tri-bu-tion, fil-tered ap-prox-i-
ma-tion, and meta-data record-
[85]
Overfull \hbox (25.57852pt too wide) in paragraph at lines 322--324
[]\OT1/cmr/m/n/12 an al-tered tran-si-tion law that in-jects new stochas-tic de
-grees of free-dom into deterministic-
[86] [87] [88]
Overfull \hbox (31.87715pt too wide) in paragraph at lines 536--540
[]\OT1/cmr/bx/n/12 Sigma points. \OT1/cmr/m/n/12 Gen-er-ate $\OMS/cmsy/m/n/12 f
\OML/cmm/m/it/12 a[]; w[]; w[]\OMS/cmsy/m/n/12 g[]$ \OT1/cmr/m/n/12 from $(\OML
/cmm/m/it/12 ^^V[]; P[]\OT1/cmr/m/n/12 )$. Write $\OML/cmm/m/it/12 a[] \OT1/cmr
/m/n/12 = (\OML/cmm/m/it/12 m[]; k[]; "[]\OT1/cmr/m/n/12 )$. 
[89] [90] [91]
Underfull \hbox (badness 10000) in paragraph at lines 806--806
[]|\OT1/cmr/bx/n/12 Standard additive-noise

Underfull \hbox (badness 10000) in paragraph at lines 812--812
[]|\OT1/cmr/m/n/12 Direct pro-cess

Underfull \hbox (badness 1184) in paragraph at lines 814--814
[]|\OT1/cmr/m/n/12 None un-less con-straints are

Underfull \hbox (badness 10000) in paragraph at lines 819--819
[]|\OT1/cmr/m/n/12 SVD/square-root
[92] [93] [94] [95] [96] [97] [98] [99]
Overfull \hbox (11.73978pt too wide) in paragraph at lines 1424--1427
\OT1/cmr/m/n/12 which mixes gen-uine shock-driven vari-a-tion with ar-ti-fi-cia
l per-tur-ba-tions of the deterministic-
[100] [101] [102]
Overfull \hbox (9.63632pt too wide) in paragraph at lines 1668--1670
 []\OT1/cmr/bx/n/12 Deterministic-completion iden-tity.[] \OT1/cmr/m/n/12 Un-de
r []--[], all ad-mis-si-ble la-tent states

Overfull \hbox (1.82225pt too wide) in paragraph at lines 1736--1737
 []\OT1/cmr/bx/n/12 Failure prop-a-ga-tion and observation-side-only er-ror.[] 
\OT1/cmr/m/n/12 Un-der the pre-ced-ing worked
[103] [104] [105] [106] [107]
Overfull \hbox (3.13388pt too wide) in paragraph at lines 2079--2079
[]\OT1/cmr/bx/n/17.28 Structural De-gen-er-acy, Nu-mer-i-cal De-gen-er-acy,

Underfull \hbox (badness 10000) in paragraph at lines 2089--2089
[]|\OT1/cmr/m/n/12 Some la-tent co-or-di-

Underfull \hbox (badness 5607) in paragraph at lines 2089--2089
\OT1/cmr/m/n/12 nates are deterministic-

Underfull \hbox (badness 10000) in paragraph at lines 2089--2089
\OT1/cmr/m/n/12 completion vari-ables

Underfull \hbox (badness 1596) in paragraph at lines 2090--2090
[]|\OT1/cmr/m/n/12 A co-vari-ance or in-no-va-

Underfull \hbox (badness 1117) in paragraph at lines 2090--2091
[]|\OT1/cmr/m/n/12 Use a sta-ble solve, square-

Underfull \hbox (badness 1253) in paragraph at lines 2090--2091
\OT1/cmr/m/n/12 ap-pro-pri-ate to the de-clared

Underfull \hbox (badness 10000) in paragraph at lines 2091--2091
[]|\OT1/cmr/m/n/12 SVD/square-root

Underfull \hbox (badness 10000) in paragraph at lines 2091--2091
[]|\OT1/cmr/m/n/12 A nu-mer-i-cal back-end

Underfull \hbox (badness 10000) in paragraph at lines 2092--2092
[]|\OT1/cmr/m/n/12 Derivative/spectral

Underfull \hbox (badness 10000) in paragraph at lines 2092--2092
[]|\OT1/cmr/m/n/12 Raw au-tod-iff through

Underfull \hbox (badness 10000) in paragraph at lines 2092--2092
\OT1/cmr/m/n/12 spec-tral or fall-back

Underfull \hbox (badness 10000) in paragraph at lines 2092--2093
[]|\OT1/cmr/m/n/12 Requires deriva-tive au-dits,

Underfull \hbox (badness 7540) in paragraph at lines 2092--2093
\OT1/cmr/m/n/12 stress tests, and pos-si-bly
[108] [109] [110] [111] [112] [113] [114]
Overfull \hbox (12.32727pt too wide) in paragraph at lines 2644--2646
[]\OT1/cmr/m/n/12 dimensions and names for the fil-tered state, the de-clared i
n-no-va-tion, and deterministic-
[115] [116]) [117] [118] (./chapters/ch19_particle_filters.tex
Chapter 20.
[119]
Underfull \hbox (badness 1571) in paragraph at lines 98--100
[]|\OT1/cmr/m/n/8 Structural/model pa-ram-e-ter and, in HMC

Underfull \hbox (badness 1005) in paragraph at lines 105--107
[]|\OT1/cmr/m/n/8 Pre- or post-update par-ti-cles, equal-weight

Underfull \hbox (badness 1983) in paragraph at lines 107--107
[]|\OT1/cmr/m/n/8 Weights and em-pir-i-cal

Underfull \hbox (badness 10000) in paragraph at lines 109--110
[]|\OT1/cmr/m/n/8 Unnormalized/normalized weights and

Underfull \hbox (badness 1953) in paragraph at lines 118--118
[]|\OT1/cmr/m/n/8 Flow maps and Ja-co-

Underfull \hbox (badness 1394) in paragraph at lines 157--159
[]|\OT1/cmr/m/n/8 Calling a clo-sure, re-lax-ation, solver, or

Underfull \hbox (badness 1769) in paragraph at lines 159--159
[]|\OT1/cmr/m/n/8 Unbiased par-ti-cle es-ti-

Underfull \hbox (badness 2359) in paragraph at lines 162--163
[]|\OT1/cmr/m/n/8 Inferring un-bi-ased log like-li-hood, score,

Underfull \hbox (badness 10000) in paragraph at lines 163--163
[]|\OT1/cmr/m/n/8 Consistent ap-prox-i-ma-

Underfull \hbox (badness 2495) in paragraph at lines 181--182
[]|\OT1/cmr/m/n/8 Presenting im-ple-men-ta-tion pref-er-ence as
[120] [121]
Overfull \hbox (4.8677pt too wide) in paragraph at lines 243--248
\OT1/cmr/m/n/12 The conditional-independence con-ven-tion of the state-space mo
del re-duces $\OML/cmm/m/it/12 p[]\OT1/cmr/m/n/12 (\OML/cmm/m/it/12 y[] \OMS/cm
sy/m/n/12 j \OML/cmm/m/it/12 x[]; y[]\OT1/cmr/m/n/12 )$
[122]
Overfull \hbox (2.10979pt too wide) in paragraph at lines 360--360
[]\OT1/cmr/bx/n/17.28 Sequential im-por-tance re-sam-pling and the boot-
[123] [124] [125] [126]
Overfull \hbox (13.71985pt too wide) in paragraph at lines 616--624
\OT1/cmr/m/n/12 deeper di-men-sion-al-ity prob-lem. The clas-si-cal lit-er-a-tu
re shows that in many high-dimensional

Underfull \hbox (badness 10000) in paragraph at lines 657--659
[]|\OT1/cmr/m/n/8 Compare pre-dic-tive and

Underfull \hbox (badness 10000) in paragraph at lines 657--659
\OT1/cmr/m/n/8 fil-ter-ing fac-tors against

Underfull \hbox (badness 1910) in paragraph at lines 657--659
\OT1/cmr/m/n/8 a Kalman ref-er-ence in a

Underfull \hbox (badness 10000) in paragraph at lines 659--659
[]|\OT1/cmr/m/n/8 Trajectory im-por-tance

Underfull \hbox (badness 10000) in paragraph at lines 660--660
\OT1/cmr/m/n/8 the spec-i-fied tar-get/pro-

Underfull \hbox (badness 2573) in paragraph at lines 665--665
\OT1/cmr/m/n/8 the de-clared pro-posal and

Underfull \hbox (badness 10000) in paragraph at lines 666--667
[]|\OT1/cmr/m/n/8 Compare bounded test-

Underfull \hbox (badness 1960) in paragraph at lines 669--670
[]|\OT1/cmr/m/n/8 Bootstrap pro-posal; con-di-

Underfull \hbox (badness 1286) in paragraph at lines 675--676
\OT1/cmr/m/n/8 nite; di-ag-nos-tic in-ter-preted

Underfull \hbox (badness 1383) in paragraph at lines 675--676
\OT1/cmr/m/n/8 with model di-men-sion and

Underfull \hbox (badness 10000) in paragraph at lines 679--679
[]|\OT1/cmr/m/n/8 Pathwise gra-di-ent

Underfull \hbox (badness 10000) in paragraph at lines 682--684
[]|\OT1/cmr/m/n/8 Finite-difference a fixed-

Underfull \hbox (badness 2245) in paragraph at lines 682--684
\OT1/cmr/m/n/8 seed re-sam-pled path and

Underfull \hbox (badness 4217) in paragraph at lines 682--684
\OT1/cmr/m/n/8 iden-tify dis-con-ti-nu-ities or

Underfull \hbox (badness 10000) in paragraph at lines 682--684
\OT1/cmr/m/n/8 zero-almost-everywhere
[127]) (./chapters/ch19b_dpf_literature_survey.tex [128]
Chapter 21.

Underfull \vbox (badness 10000) has occurred while \output is active [129]
[130] [131] [132] [133]
Overfull \hbox (4.70761pt too wide) in paragraph at lines 368--372
\OT1/cmr/m/n/12 whose mean and co-vari-ance evo-lu-tion match the Gaus-sian ho-
mo-topy. If $\OML/cmm/m/it/12 X[] \OMS/cmsy/m/n/12 ^^X N\OT1/cmr/m/n/12 (\OML/c
mm/m/it/12 m[]; P[]\OT1/cmr/m/n/12 )$
[134] [135]
Overfull \hbox (2.83334pt too wide) in paragraph at lines 543--546
\OT1/cmr/m/n/12 The lo-cal lin-eariza-tion of the ob-ser-va-tion map near par-t
i-cle $\OML/cmm/m/it/12 x[]$ \OT1/cmr/m/n/12 there-fore pro-duces particle-
[136] [137]
Underfull \hbox (badness 10000) in paragraph at lines 736--736
[]|\OT1/cmr/m/n/10.95 Normalized ho-mo-

Underfull \hbox (badness 6725) in paragraph at lines 739--740
[]|\OT1/cmr/m/n/10.95 exact con-ser-va-tion state-ment

Underfull \hbox (badness 10000) in paragraph at lines 740--742
[]|\OT1/cmr/m/n/10.95 verify trans-ported test-

Underfull \hbox (badness 10000) in paragraph at lines 740--742
\OT1/cmr/m/n/10.95 function mo-ments against

Underfull \hbox (badness 1082) in paragraph at lines 742--744
[]|\OT1/cmr/m/n/10.95 record the cho-sen field and

Underfull \hbox (badness 10000) in paragraph at lines 742--744
\OT1/cmr/m/n/10.95 com-pare al-ter-na-tives on

Underfull \hbox (badness 3942) in paragraph at lines 744--744
[]|\OT1/cmr/m/n/10.95 EDH Gaus-sian clo-

Underfull \hbox (badness 1275) in paragraph at lines 744--745
\OT1/cmr/m/n/10.95 ex-act fil-ter-ing only in linear-

Underfull \hbox (badness 10000) in paragraph at lines 747--748
[]|\OT1/cmr/m/n/10.95 approximate clo-sure us-ing

Underfull \hbox (badness 10000) in paragraph at lines 747--748
\OT1/cmr/m/n/10.95 particle-local Ja-co-bians and

Underfull \hbox (badness 1881) in paragraph at lines 748--750
[]|\OT1/cmr/m/n/10.95 monitor Ja-co-bian con-di-tion-

Underfull \hbox (badness 1484) in paragraph at lines 748--750
\OT1/cmr/m/n/10.95 ing, lo-cal pre-ci-sion spec-tra,

Underfull \hbox (badness 1472) in paragraph at lines 750--750
[]|\OT1/cmr/m/n/10.95 Pseudo-time in-te-gra-

Underfull \vbox (badness 10000) has occurred while \output is active [138])
(./chapters/ch19c_dpf_implementation_literature.tex [139]
Chapter 22.
[140] [141]
Overfull \hbox (45.69102pt too wide) has occurred while \output is active
\OT1/cmr/m/n/12 142 \OT1/cmr/m/sl/12 CHAPTER 22.  PARTICLE-FLOW PARTICLE FILTER
S AND PROPOSAL CORRECTION
[142] [143]
Overfull \hbox (130.15244pt too wide) detected at line 369
[][][][][]

Overfull \hbox (45.69102pt too wide) has occurred while \output is active
\OT1/cmr/m/n/12 144 \OT1/cmr/m/sl/12 CHAPTER 22.  PARTICLE-FLOW PARTICLE FILTER
S AND PROPOSAL CORRECTION
[144] [145]
Overfull \hbox (45.69102pt too wide) has occurred while \output is active
\OT1/cmr/m/n/12 146 \OT1/cmr/m/sl/12 CHAPTER 22.  PARTICLE-FLOW PARTICLE FILTER
S AND PROPOSAL CORRECTION
[146]
Overfull \hbox (2.70668pt too wide) in paragraph at lines 524--527
[]\OT1/cmr/bx/n/12 Forward/inverse sign check\OT1/cmr/m/n/12 : ver-ify that the
 pro-posal den-sity uses $\OMS/cmsy/m/n/12 ^^@ [] j [] \OML/cmm/m/it/12 D\OT1/c
mr/m/n/12 ^^H[]\OMS/cmsy/m/n/12 j$
[147])
Overfull \hbox (45.69102pt too wide) has occurred while \output is active
\OT1/cmr/m/n/12 148 \OT1/cmr/m/sl/12 CHAPTER 22.  PARTICLE-FLOW PARTICLE FILTER
S AND PROPOSAL CORRECTION
[148] [149] (./chapters/ch32a_soft_differentiable_resampling.tex
Chapter 23.
[150] [151] [152]) (./chapters/ch32b_deterministic_ot_equalweighting.tex
[153]
Chapter 24.

Underfull \hbox (badness 3989) in paragraph at lines 47--48
[]|\OT1/cmr/m/n/10.95 What later chap-ters

Underfull \hbox (badness 10000) in paragraph at lines 49--49
[]|\OT1/cmr/m/n/10.95 weighted em-pir-i-cal

Underfull \hbox (badness 10000) in paragraph at lines 49--49
[]|\OT1/cmr/m/n/10.95 deterministic cou-

Underfull \hbox (badness 1990) in paragraph at lines 49--49
\OT1/cmr/m/n/10.95 pling and barycen-

Underfull \hbox (badness 10000) in paragraph at lines 49--49
\OT1/cmr/m/n/10.95 tric equal-weight

Underfull \hbox (badness 7944) in paragraph at lines 50--50
\OT1/cmr/m/n/10.95 ized cou-pling and

Underfull \hbox (badness 2951) in paragraph at lines 50--51
\OT1/cmr/m/n/10.95 is-tic LP by an en-

Underfull \hbox (badness 10000) in paragraph at lines 51--51
\OT1/cmr/m/n/10.95 or target-changing

Underfull \hbox (badness 10000) in paragraph at lines 51--52
[]|\OT1/cmr/m/n/10.95 may pre-serve the

Underfull \hbox (badness 1571) in paragraph at lines 51--52
\OT1/cmr/m/n/10.95 teacher, com-press it,
[154] [155] [156]
Overfull \hbox (132.04547pt too wide) detected at line 207
[][][][][]
[157] [158]) (./chapters/ch32c_entropic_ot_sinkhorn.tex [159]
Chapter 25.
[160]
Overfull \hbox (14.01982pt too wide) in paragraph at lines 51--51
[]\OT1/cmr/bx/n/17.28 Running three-particle cell with en-tropic smooth-
[161]
Overfull \hbox (10.66063pt too wide) in paragraph at lines 166--168
[]\OT1/cmr/m/n/12 For equal-weight barycen-tric out-put, the streamed route sti
ll forms costs of the schematic

Overfull \hbox (7.67172pt too wide) has occurred while \output is active
\OT1/cmr/m/n/12 162 \OT1/cmr/m/sl/12 CHAPTER 25.  ENTROPIC OT, SINKHORN, AND BA
RYCENTRIC PROJECTION
[162] [163]
Overfull \hbox (7.67172pt too wide) has occurred while \output is active
\OT1/cmr/m/n/12 164 \OT1/cmr/m/sl/12 CHAPTER 25.  ENTROPIC OT, SINKHORN, AND BA
RYCENTRIC PROJECTION
[164] [165]
Overfull \hbox (7.67172pt too wide) has occurred while \output is active
\OT1/cmr/m/n/12 166 \OT1/cmr/m/sl/12 CHAPTER 25.  ENTROPIC OT, SINKHORN, AND BA
RYCENTRIC PROJECTION
[166] [167]
Overfull \hbox (7.67172pt too wide) has occurred while \output is active
\OT1/cmr/m/n/12 168 \OT1/cmr/m/sl/12 CHAPTER 25.  ENTROPIC OT, SINKHORN, AND BA
RYCENTRIC PROJECTION
[168] [169]
Overfull \hbox (7.67172pt too wide) has occurred while \output is active
\OT1/cmr/m/n/12 170 \OT1/cmr/m/sl/12 CHAPTER 25.  ENTROPIC OT, SINKHORN, AND BA
RYCENTRIC PROJECTION
[170]
Overfull \hbox (27.51414pt too wide) detected at line 835
[][][]\OML/cmm/m/it/12 D[]\OT1/cmr/m/n/12 (\OML/cmm/m/it/12 Q\OT1/cmr/m/n/12 ) 
= \OML/cmm/m/it/12 w\OT1/cmr/bx/n/12 1[] \OT1/cmr/m/n/12 + [] (\OML/cmm/m/it/12
 W \OMS/cmsy/m/n/12 ^^@ \OML/cmm/m/it/12 ww[]\OT1/cmr/m/n/12 )[]\OML/cmm/m/it/1
2 Q;  Q \OMS/cmsy/m/n/12 2 \U/msb/m/n/12 R[]\OML/cmm/m/it/12 ;  Q[]Q \OT1/cmr/m
/n/12 = \OML/cmm/m/it/12 QQ[] \OT1/cmr/m/n/12 = \OML/cmm/m/it/12 I[];  Q\OT1/cm
r/bx/n/12 1 \OT1/cmr/m/n/12 = \OT1/cmr/bx/n/12 1\OML/cmm/m/it/12 :
[171]
Overfull \hbox (7.67172pt too wide) has occurred while \output is active
\OT1/cmr/m/n/12 172 \OT1/cmr/m/sl/12 CHAPTER 25.  ENTROPIC OT, SINKHORN, AND BA
RYCENTRIC PROJECTION
[172] [173]
Overfull \hbox (7.67172pt too wide) has occurred while \output is active
\OT1/cmr/m/n/12 174 \OT1/cmr/m/sl/12 CHAPTER 25.  ENTROPIC OT, SINKHORN, AND BA
RYCENTRIC PROJECTION
[174]
Overfull \hbox (250.80617pt too wide) detected at line 1248
[][]\OT1/cmr/m/n/12 ([]) = \OML/cmm/m/it/12 r[] [] \OMS/cmsy/m/n/12 k\OT1/cmr/m
/n/12 (\OML/cmm/m/it/12 I \OMS/cmsy/m/n/12 ^^@ \OML/cmm/m/it/12 P[]\OT1/cmr/m/n
/12 )\OML/cmm/m/it/12 P[]\OMS/cmsy/m/n/12 k ^^T \OML/cmm/m/it/12 ^^O[];  ^^U[]\
OT1/cmr/m/n/12 ([]) \OML/cmm/m/it/12 > ^^\[];  ^^T[]\OT1/cmr/m/n/12 ([]) \OML/c
mm/m/it/12 < ^^T[];  [] \OMS/cmsy/m/n/12 ^^T \OML/cmm/m/it/12 c[] []
[175]
Overfull \hbox (1.87894pt too wide) in paragraph at lines 1350--1352
[][]\OT1/cmr/bx/n/12 Proposition 25.7 \OT1/cmr/m/n/12 (Ridged Cholesky restora-
tion)\OT1/cmr/bx/n/12 . []\OT1/cmr/m/it/12 As-sume the Cholesky fac-tors in []

Overfull \hbox (7.67172pt too wide) has occurred while \output is active
\OT1/cmr/m/n/12 176 \OT1/cmr/m/sl/12 CHAPTER 25.  ENTROPIC OT, SINKHORN, AND BA
RYCENTRIC PROJECTION
[176] [177]
Overfull \hbox (7.67172pt too wide) has occurred while \output is active
\OT1/cmr/m/n/12 178 \OT1/cmr/m/sl/12 CHAPTER 25.  ENTROPIC OT, SINKHORN, AND BA
RYCENTRIC PROJECTION
[178] [179]
Overfull \hbox (14.8375pt too wide) in paragraph at lines 1623--1629
\OT1/cmr/m/it/12 changed rel-a-tive to canon-i-cal Con-tract E. On a fixed fini
te-arithmetic branch, with parameter-

Overfull \hbox (11.65013pt too wide) in paragraph at lines 1632--1639
\OT1/cmr/m/n/12 the flow Ja-co-bian. The full scalar is a com-po-si-tion throug
h $(\OML/cmm/m/it/12 x; ; \OT1/cmr/m/n/12 ^^E\OML/cmm/m/it/12 ; Y[]; ^^V[]; \O
T1/cmr/m/n/12 ^^F[]\OML/cmm/m/it/12 ; []; A[]; X[]\OT1/cmr/m/n/12 )$.

Overfull \hbox (7.67172pt too wide) has occurred while \output is active
\OT1/cmr/m/n/12 180 \OT1/cmr/m/sl/12 CHAPTER 25.  ENTROPIC OT, SINKHORN, AND BA
RYCENTRIC PROJECTION
[180]
Overfull \hbox (0.91524pt too wide) in paragraph at lines 1692--1701
[]\OT1/cmr/m/n/12 The first con-straint gives $\OML/cmm/m/it/12 b[] \OT1/cmr/m/
n/12 = \OML/cmm/m/it/12 c[]v[]=u[]$\OT1/cmr/m/n/12 . Sub-sti-tu-tion into the s
ec-ond gives $\OML/cmm/m/it/12 c[]v[]\OT1/cmr/m/n/12 (\OML/cmm/m/it/12 u[] \OT1
/cmr/m/n/12 +
[181]
Underfull \hbox (badness 2469) in paragraph at lines 1808--1808
[]|\OT1/cmr/m/n/8 Feasible pos-i-tive GenUT

Underfull \hbox (badness 10000) in paragraph at lines 1813--1813
[]|\OT1/cmr/m/n/8 symmetric second-order

Overfull \hbox (7.67172pt too wide) has occurred while \output is active
\OT1/cmr/m/n/12 182 \OT1/cmr/m/sl/12 CHAPTER 25.  ENTROPIC OT, SINKHORN, AND BA
RYCENTRIC PROJECTION
[182]
Underfull \hbox (badness 10000) in paragraph at lines 1836--1836
[]|\OT1/cmr/m/n/8 discontinuous ran-dom

Underfull \hbox (badness 10000) in paragraph at lines 1836--1837
[]|\OT1/cmr/m/n/8 estimator con-tract,

Underfull \hbox (badness 10000) in paragraph at lines 1837--1837
[]|\OT1/cmr/m/n/8 possible neg-a-tive trans-

Underfull \hbox (badness 10000) in paragraph at lines 1838--1838
[]|\OT1/cmr/m/n/8 new fi-nite tar-get and

Underfull \hbox (badness 10000) in paragraph at lines 1838--1839
[]|\OT1/cmr/m/n/8 LGSSM val-ue/-gra-di-

Underfull \hbox (badness 10000) in paragraph at lines 1838--1839
\OT1/cmr/m/n/8 ent gate and state-

Underfull \hbox (badness 10000) in paragraph at lines 1839--1839
[]|\OT1/cmr/m/n/8 Positive residual-affine

Underfull \hbox (badness 10000) in paragraph at lines 1839--1839
[]|\OT1/cmr/m/n/8 novel ran-dom-ized fi-nite

Underfull \hbox (badness 8132) in paragraph at lines 1839--1839
\OT1/cmr/m/n/8 tar-get and con-di-tion-ing

Underfull \hbox (badness 10000) in paragraph at lines 1839--1840
\OT1/cmr/m/n/8 same-scalar gra-di-ent

Underfull \hbox (badness 3861) in paragraph at lines 1840--1840
[]|\OT1/cmr/m/n/8 avoids un-nec-es-sary de-ter-

Underfull \hbox (badness 1859) in paragraph at lines 1840--1840
[]|\OT1/cmr/m/n/8 leaves weight de-gen-er-acy

Underfull \hbox (badness 10000) in paragraph at lines 1840--1841
[]|\OT1/cmr/m/n/8 ESS pol-icy and

Underfull \hbox (badness 10000) in paragraph at lines 1840--1841
\OT1/cmr/m/n/8 weighted-cloud com-
[183]
Overfull \hbox (7.67172pt too wide) has occurred while \output is active
\OT1/cmr/m/n/12 184 \OT1/cmr/m/sl/12 CHAPTER 25.  ENTROPIC OT, SINKHORN, AND BA
RYCENTRIC PROJECTION
[184]
Underfull \hbox (badness 3780) in paragraph at lines 1950--1950
[]|\OT1/cmr/m/n/10.95 What is be-ing dif-fer-en-ti-

Underfull \hbox (badness 10000) in paragraph at lines 1953--1953
[]|\OT1/cmr/m/n/10.95 Finite un-rolled

Underfull \hbox (badness 10000) in paragraph at lines 1954--1954
[]|\OT1/cmr/m/n/10.95 Downstream scalar

Underfull \hbox (badness 10000) in paragraph at lines 1954--1954
\OT1/cmr/m/n/10.95 built from fi-nite

Underfull \hbox (badness 2213) in paragraph at lines 1954--1954
[]|\OT1/cmr/m/n/10.95 the ac-tual re-ported value
[185]
Overfull \hbox (7.67172pt too wide) has occurred while \output is active
\OT1/cmr/m/n/12 186 \OT1/cmr/m/sl/12 CHAPTER 25.  ENTROPIC OT, SINKHORN, AND BA
RYCENTRIC PROJECTION
[186] [187]
Overfull \hbox (7.67172pt too wide) has occurred while \output is active
\OT1/cmr/m/n/12 188 \OT1/cmr/m/sl/12 CHAPTER 25.  ENTROPIC OT, SINKHORN, AND BA
RYCENTRIC PROJECTION
[188] [189]
Overfull \hbox (7.67172pt too wide) has occurred while \output is active
\OT1/cmr/m/n/12 190 \OT1/cmr/m/sl/12 CHAPTER 25.  ENTROPIC OT, SINKHORN, AND BA
RYCENTRIC PROJECTION
[190] [191]
Overfull \hbox (36.90176pt too wide) in paragraph at lines 2478--2489
\OT1/cmr/m/n/12 ap-prox-i-ma-tion in \OT1/cmtt/m/n/12 third[]party/audit/zhao[]
cui[]tensor[]ssm[]p10/source/models/full[]sol.m\OT1/cmr/m/n/12 ,

Overfull \hbox (410.33833pt too wide) in paragraph at lines 2478--2489
\OT1/cmr/m/n/12 lines 21--136, and per-forms squared-TT marginal re-cur-sions i
n \OT1/cmtt/m/n/12 third[]party/audit/zhao[]cui[]tensor[]ssm[]p10/source/deep-t
ensor.dev/src/@TTSIRT/marginalise.m\OT1/cmr/m/n/12 ,

Overfull \hbox (7.67172pt too wide) has occurred while \output is active
\OT1/cmr/m/n/12 192 \OT1/cmr/m/sl/12 CHAPTER 25.  ENTROPIC OT, SINKHORN, AND BA
RYCENTRIC PROJECTION
[192]
Overfull \hbox (15.45029pt too wide) detected at line 2537
[][][]\OML/cmm/m/it/12 ^^U[] \OMS/cmsy/m/n/12 ^^U \OT1/cmr/m/n/12 0\OML/cmm/m/i
t/12 ;  ^^\[] \OT1/cmr/m/n/12 = \OML/cmm/m/it/12 e[]^^U[];  []\OT1/cmr/m/n/12 (
\OML/cmm/m/it/12 r\OT1/cmr/m/n/12 ) = \OML/cmm/m/it/12 h[]\OT1/cmr/m/n/12 (\OML
/cmm/m/it/12 r\OT1/cmr/m/n/12 )[] + \OML/cmm/m/it/12 ^^\[]q[]\OT1/cmr/m/n/12 (\
OML/cmm/m/it/12 r\OT1/cmr/m/n/12 )\OML/cmm/m/it/12 ;  Z[] \OT1/cmr/m/n/12 = [] 
[](\OML/cmm/m/it/12 r\OT1/cmr/m/n/12 ) \OML/cmm/m/it/12 d^^W\OT1/cmr/m/n/12 (\O
ML/cmm/m/it/12 r\OT1/cmr/m/n/12 )\OML/cmm/m/it/12 ;  ^^W \OT1/cmr/m/n/12 = [] \
OML/cmm/m/it/12 ^^W[]:
[193]
Overfull \hbox (7.67172pt too wide) has occurred while \output is active
\OT1/cmr/m/n/12 194 \OT1/cmr/m/sl/12 CHAPTER 25.  ENTROPIC OT, SINKHORN, AND BA
RYCENTRIC PROJECTION
[194] [195]
Overfull \hbox (7.67172pt too wide) has occurred while \output is active
\OT1/cmr/m/n/12 196 \OT1/cmr/m/sl/12 CHAPTER 25.  ENTROPIC OT, SINKHORN, AND BA
RYCENTRIC PROJECTION
[196] [197]
Overfull \hbox (7.67172pt too wide) has occurred while \output is active
\OT1/cmr/m/n/12 198 \OT1/cmr/m/sl/12 CHAPTER 25.  ENTROPIC OT, SINKHORN, AND BA
RYCENTRIC PROJECTION
[198] [199]
Overfull \hbox (261.31076pt too wide) in paragraph at lines 3049--3065
[]\OT1/cmr/m/n/12 The cur-rent variable-rank TT con-tain-ers and the ref-er-enc
e fixed-ALS re-play in \OT1/cmtt/m/n/12 bayesfilter/highdim/zhao[]cui[]moment[]
teacher[]als.py
) (./chapters/ch32c2_ledh_pfpf_ot_custom_gradient.tex
Overfull \hbox (7.67172pt too wide) has occurred while \output is active
\OT1/cmr/m/n/12 200 \OT1/cmr/m/sl/12 CHAPTER 25.  ENTROPIC OT, SINKHORN, AND BA
RYCENTRIC PROJECTION
[200]
Chapter 26.

Overfull \hbox (0.69759pt too wide) in paragraph at lines 38--43
\OT1/cmr/m/n/12 where $\OML/cmm/m/it/12 ^^X$ \OT1/cmr/m/n/12 de-notes the fixed
 par-ti-cle and process-noise streams, $\OML/cmm/m/it/12 K$ \OT1/cmr/m/n/12 de-
notes the fi-nite Sinkhorn
[201]
Overfull \hbox (153.0057pt too wide) in paragraph at lines 107--120
\OT1/cmr/m/n/12 derivative com-po-si-tion iden-ti-fier is \OT1/cmtt/m/n/12 cont
ract[]e[]chol[]total[]direct[]moments[]weights[]plus[]streaming[]transport[]v1\
OT1/cmr/m/n/12 .

Overfull \hbox (21.06894pt too wide) in paragraph at lines 107--120
\OT1/cmr/m/n/12 A raw barycen-tric cloud, com-pact for-ward sen-si-tiv-ity of t
hat raw scalar, or full-history/manual
[202] [203] [204] [205] [206] [207] [208] [209] [210] [211] [212] [213]
[214] [215]
Overfull \hbox (0.28387pt too wide) in paragraph at lines 1218--1221
[][]\OT1/cmr/bx/n/12 Proposition 26.13 \OT1/cmr/m/n/12 (One-step his-tor-i-cal-
s-core iden-tity for a dom-i-nated fil-ter)\OT1/cmr/bx/n/12 . []\OT1/cmr/m/it/1
2 Let teacher
[216] [217] [218] [219] [220] [221] [222] [223] [224]
Underfull \vbox (badness 10000) has occurred while \output is active [225]
[226] [227]
Overfull \hbox (10.22386pt too wide) in paragraph at lines 2101--2101
[]\OT1/cmr/bx/n/17.28 Model-agnostic com-par-i-son of finite-filter scores 
[228] [229] [230]
Overfull \hbox (5.93877pt too wide) in paragraph at lines 2317--2329
[]\OT1/cmr/m/n/12 The canon-i-cal Ten-sor-Flow im-ple-men-ta-tion is owned by \
OT1/cmtt/m/n/12 ledh[]contract[]e[]reset[]tf.py\OT1/cmr/m/n/12 ,
[231] [232]) [233] [234] (./chapters/ch32d_retained_teacher_neural_ot.tex
Chapter 27.

Underfull \hbox (badness 1874) in paragraph at lines 56--56
[]|\OT1/cmr/m/n/10.95 finite nu-mer-i-cal teacher
[235] [236] [237] [238]
Overfull \hbox (37.74982pt too wide) in paragraph at lines 274--274
[]\OT1/cmr/bx/n/17.28 Algorithm: retained-teacher warm-started Sinkhorn 

Underfull \hbox (badness 2261) in paragraph at lines 285--286
[]\OT1/cmr/m/n/12 For a new weighted cloud $(\OML/cmm/m/it/12 X; w\OT1/cmr/m/n/
12 )$, com-pute the stu-dent pre-dic-tion $\OML/cmm/m/it/12 h[] \OT1/cmr/m/n/12
 =
[239]
Overfull \hbox (3.82295pt too wide) detected at line 343
[][][]\OML/cmm/m/it/12 S[]\OT1/cmr/m/n/12 (\OML/cmm/m/it/12 PX; Pw\OT1/cmr/m/n/
12 ; \OML/cmm/m/it/12 "; N; d[]\OT1/cmr/m/n/12 ) = \OML/cmm/m/it/12 P S[]\OT1/c
mr/m/n/12 (\OML/cmm/m/it/12 X; w\OT1/cmr/m/n/12 ; \OML/cmm/m/it/12 "; N; d[]\OT
1/cmr/m/n/12 ) []
[240]
Overfull \hbox (8.27463pt too wide) in paragraph at lines 415--421
\OT1/cmr/m/n/12 A use-ful first-year rule of thumb is: if the marginal con-stra
ints are good but the transported-
[241]
Underfull \vbox (badness 1308) has occurred while \output is active [242]
[243] [244] [245]
Underfull \hbox (badness 10000) in paragraph at lines 806--806
[]|\OT1/cmr/m/n/10.95 What is ap-prox-i-

Underfull \hbox (badness 10000) in paragraph at lines 808--808
[]|\OT1/cmr/m/n/10.95 solver ini-tial-iza-tion

Underfull \hbox (badness 10000) in paragraph at lines 808--808
[]|\OT1/cmr/m/n/10.95 finite Sinkhorn

Underfull \hbox (badness 10000) in paragraph at lines 809--809
[]|\OT1/cmr/m/n/10.95 Nystrom /

Underfull \hbox (badness 1147) in paragraph at lines 809--810
[]|\OT1/cmr/m/n/10.95 marginal and teacher-

Underfull \hbox (badness 10000) in paragraph at lines 810--810
[]|\OT1/cmr/m/n/10.95 Low-rank cou-

Underfull \hbox (badness 10000) in paragraph at lines 810--811
[]|\OT1/cmr/m/n/10.95 coupling/cloud par-ity

Underfull \hbox (badness 10000) in paragraph at lines 811--811
[]|\OT1/cmr/m/n/10.95 Minibatch /

Underfull \hbox (badness 10000) in paragraph at lines 811--811
[]|\OT1/cmr/m/n/10.95 local or sam-pled

Underfull \hbox (badness 2698) in paragraph at lines 811--812
[]|\OT1/cmr/m/n/10.95 full-ensemble marginal
[246]
Overfull \hbox (4.89658pt too wide) in paragraph at lines 816--816
[]\OT1/cmr/bx/n/14.4 How the broader retained-teacher ap-prox-i-ma-tions fit he
re 
[247]) (./chapters/ch32e_icnn_brenier_monge_gap_map_learning.tex [248]
Chapter 28.
[249]
Overfull \hbox (30.06377pt too wide) in paragraph at lines 105--105
[]\OT1/cmr/bx/n/17.28 Direct-map lane: ob-ject changed, ev-i-dence changed 

Overfull \hbox (33.5092pt too wide) has occurred while \output is active
\OT1/cmr/m/n/12 250 \OT1/cmr/m/sl/12 CHAPTER 28.  ICNN, BRENIER MAPS, AND MONGE
-GAP DIRECT MAP LEARNING
[250]
Underfull \hbox (badness 1436) in paragraph at lines 148--148
[]|\OT1/cmr/m/n/10.95 primary learned ob-

Underfull \hbox (badness 10000) in paragraph at lines 150--150
[]|\OT1/cmr/m/n/10.95 transport-cost /

Underfull \hbox (badness 10000) in paragraph at lines 150--150
[]|\OT1/cmr/m/n/10.95 auxiliary OT-

Underfull \hbox (badness 10000) in paragraph at lines 151--151
[]|\OT1/cmr/m/n/10.95 downstream scalar

Underfull \hbox (badness 10000) in paragraph at lines 151--151
\OT1/cmr/m/n/10.95 built from mapped

Underfull \hbox (badness 3428) in paragraph at lines 151--151
[]|\OT1/cmr/m/n/10.95 implementation con-

Underfull \hbox (badness 6592) in paragraph at lines 170--170
[]|\OT1/cmr/m/n/10.95 convex po-ten-tial $\OML/cmm/m/it/10.95  []$

Underfull \hbox (badness 10000) in paragraph at lines 170--170
\OT1/cmr/m/n/10.95 and end-point map

Underfull \hbox (badness 10000) in paragraph at lines 170--170
\OT1/cmr/m/n/10.95 source sam-ples and

Underfull \hbox (badness 10000) in paragraph at lines 170--171
\OT1/cmr/m/n/10.95 structure plau-si-

Underfull \hbox (badness 10000) in paragraph at lines 171--171
\OT1/cmr/m/n/10.95 em-pir-i-cal Monge-gap

Underfull \hbox (badness 10000) in paragraph at lines 171--172
[]|\OT1/cmr/m/n/10.95 endpoint fit,

Underfull \hbox (badness 10000) in paragraph at lines 171--172
\OT1/cmr/m/n/10.95 ior, down-stream
[251]
Overfull \hbox (33.5092pt too wide) has occurred while \output is active
\OT1/cmr/m/n/12 252 \OT1/cmr/m/sl/12 CHAPTER 28.  ICNN, BRENIER MAPS, AND MONGE
-GAP DIRECT MAP LEARNING
[252] [253]
Overfull \hbox (33.5092pt too wide) has occurred while \output is active
\OT1/cmr/m/n/12 254 \OT1/cmr/m/sl/12 CHAPTER 28.  ICNN, BRENIER MAPS, AND MONGE
-GAP DIRECT MAP LEARNING
[254] [255]
Overfull \hbox (33.5092pt too wide) has occurred while \output is active
\OT1/cmr/m/n/12 256 \OT1/cmr/m/sl/12 CHAPTER 28.  ICNN, BRENIER MAPS, AND MONGE
-GAP DIRECT MAP LEARNING
[256] [257]
Underfull \hbox (badness 10000) in paragraph at lines 535--535
[]|\OT1/cmr/m/n/10.95 Corrective teacher

Underfull \hbox (badness 10000) in paragraph at lines 537--537
[]|\OT1/cmr/m/n/10.95 Retained-teacher

Underfull \hbox (badness 10000) in paragraph at lines 537--538
[]|\OT1/cmr/m/n/10.95 teacher-preservation

Underfull \hbox (badness 10000) in paragraph at lines 538--538
[]|\OT1/cmr/m/n/10.95 Direct-map

Underfull \hbox (badness 2635) in paragraph at lines 538--538
[]|\OT1/cmr/m/n/10.95 endpoint map or

Underfull \hbox (badness 10000) in paragraph at lines 538--538
\OT1/cmr/m/n/10.95 potential-derived

Underfull \hbox (badness 3148) in paragraph at lines 538--539
[]|\OT1/cmr/m/n/10.95 endpoint, OT-structure,

Underfull \hbox (badness 3838) in paragraph at lines 538--539
\OT1/cmr/m/n/10.95 and down-stream scalar

Overfull \hbox (7.19466pt too wide) in paragraph at lines 539--539
[]|\OT1/cmr/m/n/10.95 Dynamic/operator

Underfull \hbox (badness 1466) in paragraph at lines 539--540
[]|\OT1/cmr/m/n/10.95 target-status and same-

Underfull \hbox (badness 4036) in paragraph at lines 539--540
\OT1/cmr/m/n/10.95 scalar co-her-ence across

Overfull \hbox (33.5092pt too wide) has occurred while \output is active
\OT1/cmr/m/n/12 258 \OT1/cmr/m/sl/12 CHAPTER 28.  ICNN, BRENIER MAPS, AND MONGE
-GAP DIRECT MAP LEARNING
[258]) (./chapters/ch32f_dynamic_geodesic_operator_learning_target_contract.tex
[259]
Chapter 29.
[260]
Underfull \hbox (badness 10000) in paragraph at lines 50--50
[]|\OT1/cmr/m/n/10.95 Family in this

Underfull \hbox (badness 10000) in paragraph at lines 53--53
[]|\OT1/cmr/m/n/10.95 one prob-lem be-

Underfull \hbox (badness 8132) in paragraph at lines 53--53
\OT1/cmr/m/n/10.95 comes a class of

Underfull \hbox (badness 1867) in paragraph at lines 53--54
[]|\OT1/cmr/m/n/10.95 what tar-get is in-duced

Underfull \hbox (badness 10000) in paragraph at lines 54--54
[]|\OT1/cmr/m/n/10.95 Target-changing

Underfull \hbox (badness 10000) in paragraph at lines 54--54
\OT1/cmr/m/n/10.95 re-place-ment trans-

Overfull \hbox (2.70734pt too wide) in paragraph at lines 48--57
 [] 
[261]
Overfull \hbox (2.97581pt too wide) in paragraph at lines 164--164
[]\OT1/cmr/bx/n/17.28 Richer-object au-dit: end-point, path, scalar, gra-

Overfull \hbox (192.92593pt too wide) has occurred while \output is active
\OT1/cmr/m/n/12 262 \OT1/cmr/m/sl/12 CHAPTER 29.  DYNAMIC GEODESIC AND OPERATOR
 LEARNERS, AND THE FILTERING TARGET CONTRACT
[262]
Overfull \hbox (13.2897pt too wide) in paragraph at lines 205--206
 []\OT1/cmr/bx/n/12 Same-scalar tem-plate.[] \OT1/cmr/m/n/12 The chap-ter's mai
n in-ter-pre-tive con-tract can be writ-ten schemat-

Overfull \hbox (10.13397pt too wide) in paragraph at lines 215--227
\OT1/cmr/m/n/12 stream scalar built from that ob-ject, and $\OML/cmm/m/it/12 g[
]$ \OT1/cmr/m/n/12 is the re-ported gra-di-ent. A con-crete BayesFilter-
[263]
Underfull \hbox (badness 10000) in paragraph at lines 236--236
[]|\OT1/cmr/m/n/10.95 family-level input-

Overfull \hbox (3.24413pt too wide) in paragraph at lines 249--255
\OT1/cmr/m/n/12 Some neu-ral OT pa-pers learn Wasser-stein geodesics or as-so-c
i-ated ve-loc-ity fields [[][]Hanebeck[][],

Overfull \hbox (192.92593pt too wide) has occurred while \output is active
\OT1/cmr/m/n/12 264 \OT1/cmr/m/sl/12 CHAPTER 29.  DYNAMIC GEODESIC AND OPERATOR
 LEARNERS, AND THE FILTERING TARGET CONTRACT
[264] [265]
Overfull \hbox (23.94482pt too wide) in paragraph at lines 430--430
[]\OT1/cmr/bx/n/14.4 Sliced, sub-space, and lo-cal-iza-tion fam-i-lies as targe
t-changing

Overfull \hbox (192.92593pt too wide) has occurred while \output is active
\OT1/cmr/m/n/12 266 \OT1/cmr/m/sl/12 CHAPTER 29.  DYNAMIC GEODESIC AND OPERATOR
 LEARNERS, AND THE FILTERING TARGET CONTRACT
[266] [267]
Underfull \hbox (badness 2285) in paragraph at lines 546--547
[]\OT1/cmr/m/n/12 learned out-put ob-ject (map, path, or op-er-a-tor), down-str
eam scalar-

Overfull \hbox (192.92593pt too wide) has occurred while \output is active
\OT1/cmr/m/n/12 268 \OT1/cmr/m/sl/12 CHAPTER 29.  DYNAMIC GEODESIC AND OPERATOR
 LEARNERS, AND THE FILTERING TARGET CONTRACT
[268]
Underfull \vbox (badness 1867) has occurred while \output is active [269])
Overfull \hbox (192.92593pt too wide) has occurred while \output is active
\OT1/cmr/m/n/12 270 \OT1/cmr/m/sl/12 CHAPTER 29.  DYNAMIC GEODESIC AND OPERATOR
 LEARNERS, AND THE FILTERING TARGET CONTRACT
[270] [271] (./chapters/ch19e_dpf_hmc_target_suitability.tex
Chapter 30.
[272]
Underfull \hbox (badness 10000) in paragraph at lines 68--68
[]|\OT1/cmr/m/n/12 Parameter $\OML/cmm/m/it/12 u$

Underfull \hbox (badness 10000) in paragraph at lines 68--68
\OT1/cmr/m/n/12 and trans-form

Underfull \hbox (badness 2310) in paragraph at lines 75--76
[]|\OT1/cmr/m/n/12 Is $\OML/cmm/m/it/12 `[]$ \OT1/cmr/m/n/12 ex-act, pseudo-mar
ginal

Underfull \hbox (badness 10000) in paragraph at lines 75--76
\OT1/cmr/m/n/12 extended-space, re-laxed, or

Underfull \hbox (badness 10000) in paragraph at lines 79--79
[]|\OT1/cmr/m/n/12 Momentum $\OML/cmm/m/it/12 p$

Underfull \hbox (badness 2865) in paragraph at lines 80--81
[]|\OT1/cmr/m/n/12 Auxiliary Gaus-sian mo-men-tum

Underfull \hbox (badness 1448) in paragraph at lines 80--81
\OML/cmm/m/it/12 p \OMS/cmsy/m/n/12 ^^X N\OT1/cmr/m/n/12 (0\OML/cmm/m/it/12 ; M
\OT1/cmr/m/n/12 )$ used to de-fine

Underfull \hbox (badness 10000) in paragraph at lines 84--84
[]|\OT1/cmr/m/n/12 Hamiltonian

Underfull \hbox (badness 5316) in paragraph at lines 86--87
[]|\OT1/cmr/m/n/12 Does the ac-cep-t/re-ject step

Underfull \hbox (badness 3250) in paragraph at lines 89--91
\OT1/cmr/m/n/12 cor-rec-tion, or is a dif-fer-ent

Underfull \hbox (badness 1062) in paragraph at lines 93--95
\OT1/cmr/m/n/12 ex-plic-itly cor-rected and di-ag-

Underfull \hbox (badness 10000) in paragraph at lines 95--95
[]|\OT1/cmr/m/n/12 Accept/reject

Underfull \hbox (badness 10000) in paragraph at lines 99--99
[]|\OT1/cmr/m/n/12 Target-status

Underfull \hbox (badness 7291) in paragraph at lines 101--103
\OT1/cmr/m/n/12 learned, and diagnostic-only
[273]
Overfull \hbox (92.1045pt too wide) has occurred while \output is active
\OT1/cmr/m/n/12 274 \OT1/cmr/m/sl/12 CHAPTER 30.  DPF HMC TARGET CORRECTNESS AN
D STRUCTURAL-MODEL SUITABILITY
[274] [275]
Overfull \hbox (92.1045pt too wide) has occurred while \output is active
\OT1/cmr/m/n/12 276 \OT1/cmr/m/sl/12 CHAPTER 30.  DPF HMC TARGET CORRECTNESS AN
D STRUCTURAL-MODEL SUITABILITY
[276]
Overfull \hbox (8.72278pt too wide) in paragraph at lines 289--299
[]\OT1/cmr/m/n/12 The scalable-OT sur-vey helps sep-a-rate two cases that shoul
d not be con-flated. Retained-

Overfull \hbox (11.76172pt too wide) in alignment at lines 311--317
 [] [] [] [] [] 

Overfull \hbox (11.76172pt too wide) in alignment at lines 317--321
 [] [] [] [] [] 

Overfull \hbox (14.94208pt too wide) in paragraph at lines 322--322
[]|\OT1/cmr/m/n/12 EDH/LEDH| 

Underfull \hbox (badness 10000) in paragraph at lines 323--323
[]|\OT1/cmr/m/n/12 Gaussian-closure

Underfull \hbox (badness 10000) in paragraph at lines 323--323
\OT1/cmr/m/n/12 or local-flow

Underfull \hbox (badness 10000) in paragraph at lines 324--324
\OT1/cmr/m/n/12 if im-ple-mented

Underfull \hbox (badness 10000) in paragraph at lines 325--325
[]|\OT1/cmr/m/n/12 Exact only

Underfull \hbox (badness 10000) in paragraph at lines 325--325
\OT1/cmr/m/n/12 in re-cov-

Underfull \hbox (badness 10000) in paragraph at lines 325--325
\OT1/cmr/m/n/12 ery cases;

Underfull \hbox (badness 10000) in paragraph at lines 325--325
\OT1/cmr/m/n/12 oth-er-wise

Underfull \hbox (badness 10000) in paragraph at lines 325--325
\OT1/cmr/m/n/12 ap-prox-i-mate

Underfull \hbox (badness 10000) in paragraph at lines 326--328
[]|\OT1/cmr/m/n/12 Linear-Gaussian re-

Underfull \hbox (badness 10000) in paragraph at lines 326--328
\OT1/cmr/m/n/12 cov-ery, non-lin-ear

Underfull \hbox (badness 1484) in paragraph at lines 326--328
\OT1/cmr/m/n/12 likelihood-error stud-

Underfull \hbox (badness 10000) in paragraph at lines 329--329
[]|\OT1/cmr/m/n/12 Proposal-

Underfull \hbox (badness 10000) in paragraph at lines 329--329
\OT1/cmr/m/n/12 corrected par-

Underfull \hbox (badness 1184) in paragraph at lines 329--329
\OT1/cmr/m/n/12 ti-cle scalar with

Underfull \hbox (badness 10000) in paragraph at lines 329--329
\OT1/cmr/m/n/12 Jacobian/log-det

Underfull \hbox (badness 10000) in paragraph at lines 330--330
\OT1/cmr/m/n/12 same cor-rected

Underfull \hbox (badness 2302) in paragraph at lines 330--330
\OT1/cmr/m/n/12 scalar, in-clud-ing

Underfull \hbox (badness 10000) in paragraph at lines 331--332
[]|\OT1/cmr/m/n/12 First rung

Underfull \hbox (badness 7273) in paragraph at lines 331--332
\OT1/cmr/m/n/12 with ex-plicit

Underfull \hbox (badness 10000) in paragraph at lines 331--332
\OT1/cmr/m/n/12 proposal-

Underfull \hbox (badness 10000) in paragraph at lines 331--332
\OT1/cmr/m/n/12 correction

Underfull \hbox (badness 10000) in paragraph at lines 331--332
\OT1/cmr/m/n/12 in-ter-pre-ta-

Underfull \hbox (badness 10000) in paragraph at lines 331--332
\OT1/cmr/m/n/12 can-di-date

Underfull \hbox (badness 10000) in paragraph at lines 333--335
[]|\OT1/cmr/m/n/12 Finite-particle vari-

Underfull \hbox (badness 10000) in paragraph at lines 333--335
\OT1/cmr/m/n/12 ance, Jacobian/log-

Underfull \hbox (badness 10000) in paragraph at lines 333--335
\OT1/cmr/m/n/12 det au-dit, value-

Underfull \hbox (badness 10000) in paragraph at lines 333--335
\OT1/cmr/m/n/12 gradient par-ity,

Underfull \hbox (badness 10000) in paragraph at lines 333--335
\OT1/cmr/m/n/12 com-piled re-peated

Underfull \hbox (badness 7722) in paragraph at lines 333--335
\OT1/cmr/m/n/12 eval-u-a-tion, ran-dom-

Underfull \hbox (badness 10000) in paragraph at lines 335--335
[]|\OT1/cmr/m/n/12 Soft re-

Underfull \hbox (badness 6944) in paragraph at lines 336--336
[]|\OT1/cmr/m/n/12 Soft or shrink-

Underfull \hbox (badness 10000) in paragraph at lines 336--336
\OT1/cmr/m/n/12 age re-sam-pling

Underfull \hbox (badness 10000) in paragraph at lines 337--337
[]|\OT1/cmr/m/n/12 Derivative

Underfull \hbox (badness 10000) in paragraph at lines 337--337
\OT1/cmr/m/n/12 through the

Underfull \hbox (badness 10000) in paragraph at lines 338--338
[]|\OT1/cmr/m/n/12 Relaxed or

Underfull \hbox (badness 10000) in paragraph at lines 338--338
\OT1/cmr/m/n/12 sur-ro-gate

Underfull \hbox (badness 10000) in paragraph at lines 339--341
[]|\OT1/cmr/m/n/12 Posterior sen-si-tiv-ity

Underfull \hbox (badness 10000) in paragraph at lines 339--341
\OT1/cmr/m/n/12 against cat-e-gor-i-cal

Underfull \hbox (badness 10000) in paragraph at lines 339--341
\OT1/cmr/m/n/12 or trusted ref-er-

Underfull \hbox (badness 10000) in paragraph at lines 339--341
\OT1/cmr/m/n/12 ences, non-lin-ear

Underfull \hbox (badness 10000) in paragraph at lines 339--341
\OT1/cmr/m/n/12 test-function bias,

Underfull \hbox (badness 10000) in paragraph at lines 342--342
[]|\OT1/cmr/m/n/12 Transport-

Underfull \hbox (badness 10000) in paragraph at lines 342--342
\OT1/cmr/m/n/12 relaxed scalar

Underfull \hbox (badness 10000) in paragraph at lines 342--342
\OT1/cmr/m/n/12 with cost, en-

Underfull \hbox (badness 10000) in paragraph at lines 342--342
\OT1/cmr/m/n/12 tropy, $\OML/cmm/m/it/12 "$\OT1/cmr/m/n/12 , and

Underfull \hbox (badness 10000) in paragraph at lines 343--343
[]|\OT1/cmr/m/n/12 Derivative

Underfull \hbox (badness 10000) in paragraph at lines 343--343
\OT1/cmr/m/n/12 through the

Underfull \hbox (badness 10000) in paragraph at lines 343--343
\OT1/cmr/m/n/12 im-plicit solver

Underfull \hbox (badness 10000) in paragraph at lines 344--344
[]|\OT1/cmr/m/n/12 Relaxed

Underfull \hbox (badness 10000) in paragraph at lines 345--347
[]|$\OML/cmm/m/it/12 "$ \OT1/cmr/m/n/12 and Sinkhorn-

Underfull \hbox (badness 10000) in paragraph at lines 345--347
\OT1/cmr/m/n/12 budget sen-si-tiv-ity,

Underfull \hbox (badness 10000) in paragraph at lines 345--347
\OT1/cmr/m/n/12 resid-ual tol-er-ances,

Underfull \hbox (badness 10000) in paragraph at lines 345--347
\OT1/cmr/m/n/12 sta-bi-liza-tion au-dit,

Underfull \hbox (badness 10000) in paragraph at lines 345--347
\OT1/cmr/m/n/12 teacher pos-te-rior

Underfull \hbox (badness 10000) in paragraph at lines 347--347
[]|\OT1/cmr/m/n/12 Learned

Underfull \hbox (badness 10000) in paragraph at lines 348--348
[]|\OT1/cmr/m/n/12 Learned ap-

Underfull \hbox (badness 10000) in paragraph at lines 348--348
\OT1/cmr/m/n/12 prox-i-ma-tion to

Underfull \hbox (badness 10000) in paragraph at lines 348--348
\OT1/cmr/m/n/12 an OT/EOT

Underfull \hbox (badness 10000) in paragraph at lines 348--348
\OT1/cmr/m/n/12 or residual-

Underfull \hbox (badness 10000) in paragraph at lines 349--349
[]|\OT1/cmr/m/n/12 Derivative

Underfull \hbox (badness 10000) in paragraph at lines 349--349
\OT1/cmr/m/n/12 through the

Underfull \hbox (badness 6842) in paragraph at lines 349--349
\OT1/cmr/m/n/12 re-tained teacher

Underfull \hbox (badness 5893) in paragraph at lines 350--350
[]|\OT1/cmr/m/n/12 Learned sur-

Underfull \hbox (badness 2547) in paragraph at lines 350--350
\OT1/cmr/m/n/12 ro-gate un-less

Underfull \hbox (badness 5908) in paragraph at lines 351--353
[]|\OT1/cmr/m/n/12 Teacher resid-ual to

Overfull \hbox (11.76172pt too wide) in alignment at lines 321--354
 [] [] [] [] [] 
[277]
Underfull \vbox (badness 2213) has occurred while \output is active
Overfull \hbox (92.1045pt too wide) has occurred while \output is active
\OT1/cmr/m/n/12 278 \OT1/cmr/m/sl/12 CHAPTER 30.  DPF HMC TARGET CORRECTNESS AN
D STRUCTURAL-MODEL SUITABILITY
[278]
Overfull \hbox (5.32317pt too wide) in paragraph at lines 406--409
[]\OT1/cmr/bx/n/12 Latent-state se-man-tics\OT1/cmr/m/n/12 : deterministic-comp
letion co-or-di-nates and stochas-tic state
[279]
Underfull \hbox (badness 10000) in paragraph at lines 469--469
[]|\OT1/cmr/m/n/12 What is ap-prox-i-

Underfull \hbox (badness 10000) in paragraph at lines 473--473
[]|\OT1/cmr/m/n/12 What is ap-prox-i-

Underfull \hbox (badness 2875) in paragraph at lines 476--476
[]|\OT1/cmr/m/n/12 Classical ex-act

Underfull \hbox (badness 10000) in paragraph at lines 477--477
[]|\OT1/cmr/m/n/12 Hamiltonian tra-jec-

Underfull \hbox (badness 10000) in paragraph at lines 477--477
\OT1/cmr/m/n/12 tory by nu-mer-i-cal

Underfull \hbox (badness 10000) in paragraph at lines 478--479
[]|\OT1/cmr/m/n/12 Target pre-served

Underfull \hbox (badness 10000) in paragraph at lines 478--479
\OT1/cmr/m/n/12 af-ter Metropo-lis

Underfull \hbox (badness 10000) in paragraph at lines 478--479
\OT1/cmr/m/n/12 cor-rec-tion when

Underfull \hbox (badness 1210) in paragraph at lines 478--479
\OT1/cmr/m/n/12 pro-posal con-di-tions

Underfull \hbox (badness 10000) in paragraph at lines 481--481
[]|\OT1/cmr/m/n/12 Pseudo-

Underfull \hbox (badness 10000) in paragraph at lines 481--481
\OT1/cmr/m/n/12 marginal

Underfull \hbox (badness 10000) in paragraph at lines 483--483
[]|\OT1/cmr/m/n/12 Marginal pos-te-rior

Underfull \hbox (badness 10000) in paragraph at lines 483--483
\OT1/cmr/m/n/12 pseudo-marginal

Underfull \hbox (badness 1292) in paragraph at lines 484--485
[]|\OT1/cmr/m/n/12 Corrected extended-

Underfull \hbox (badness 10000) in paragraph at lines 484--485
\OT1/cmr/m/n/12 space chain, not

Underfull \hbox (badness 10000) in paragraph at lines 484--485
\OT1/cmr/m/n/12 smooth surrogate-

Underfull \hbox (badness 10000) in paragraph at lines 485--485
[]|\OT1/cmr/m/n/12 Noisy-gradient

Underfull \hbox (badness 1270) in paragraph at lines 487--487
[]|\OT1/cmr/m/n/12 No ex-act pos-te-rior

Underfull \hbox (badness 1436) in paragraph at lines 487--487
\OT1/cmr/m/n/12 claim with-out cor-

Underfull \hbox (badness 10000) in paragraph at lines 488--489
[]|\OT1/cmr/m/n/12 Diagnostic or ap-

Underfull \hbox (badness 10000) in paragraph at lines 488--489
\OT1/cmr/m/n/12 prox-i-mate un-less

Underfull \hbox (badness 10000) in paragraph at lines 489--489
[]|\OT1/cmr/m/n/12 Delayed-

Underfull \hbox (badness 10000) in paragraph at lines 489--489
\OT1/cmr/m/n/12 acceptance

Underfull \hbox (badness 1939) in paragraph at lines 490--490
[]|\OT1/cmr/m/n/12 Early-stage value or

Underfull \hbox (badness 10000) in paragraph at lines 491--491
[]|\OT1/cmr/m/n/12 Can pre-serve in-

Underfull \hbox (badness 10000) in paragraph at lines 492--493
[]|\OT1/cmr/m/n/12 Surrogate-assisted,

Underfull \hbox (badness 10000) in paragraph at lines 492--493
\OT1/cmr/m/n/12 not target-defining,

Underfull \hbox (badness 10000) in paragraph at lines 494--494
[]|\OT1/cmr/m/n/12 Filtering like-li-hood

Underfull \hbox (badness 10000) in paragraph at lines 496--497
[]|\OT1/cmr/m/n/12 Relaxed-target

Underfull \hbox (badness 10000) in paragraph at lines 498--498
[]|\OT1/cmr/m/n/12 Transport, resid-ual,

Underfull \hbox (badness 10000) in paragraph at lines 499--499
[]|\OT1/cmr/m/n/12 Posterior changes

Underfull \hbox (badness 10000) in paragraph at lines 500--501
[]|\OT1/cmr/m/n/12 Learned-surrogate

Underfull \hbox (badness 3199) in paragraph at lines 500--501
\OT1/cmr/m/n/12 HMC pend-ing cor-

Overfull \hbox (92.1045pt too wide) has occurred while \output is active
\OT1/cmr/m/n/12 280 \OT1/cmr/m/sl/12 CHAPTER 30.  DPF HMC TARGET CORRECTNESS AN
D STRUCTURAL-MODEL SUITABILITY
[280]
Underfull \hbox (badness 3460) in paragraph at lines 516--517
[]|\OT1/cmr/m/n/12 Disallowed short-

Underfull \hbox (badness 3460) in paragraph at lines 520--521
[]|\OT1/cmr/m/n/12 Disallowed short-

Underfull \hbox (badness 1881) in paragraph at lines 524--524
[]|\OT1/cmr/m/n/12 The rung is worth

Underfull \hbox (badness 10000) in paragraph at lines 524--524
\OT1/cmr/m/n/12 study-ing on con-

Underfull \hbox (badness 10000) in paragraph at lines 525--526
[]|\OT1/cmr/m/n/12 Named scalar value,

Underfull \hbox (badness 10000) in paragraph at lines 525--526
\OT1/cmr/m/n/12 value-gradient check,

Underfull \hbox (badness 10000) in paragraph at lines 527--528
[]|\OT1/cmr/m/n/12 Calling the

Underfull \hbox (badness 10000) in paragraph at lines 527--528
\OT1/cmr/m/n/12 method suit-

Underfull \hbox (badness 10000) in paragraph at lines 528--528
[]|\OT1/cmr/m/n/12 Credible re-

Underfull \hbox (badness 10000) in paragraph at lines 530--531
[]|\OT1/cmr/m/n/12 Source-grounded

Underfull \hbox (badness 10000) in paragraph at lines 530--531
\OT1/cmr/m/n/12 deriva-tion, re-peated

Underfull \hbox (badness 1983) in paragraph at lines 530--531
\OT1/cmr/m/n/12 fixed-seed and varied-

Underfull \hbox (badness 10000) in paragraph at lines 530--531
\OT1/cmr/m/n/12 seed tests, pos-te-rior

Underfull \hbox (badness 10000) in paragraph at lines 530--531
\OT1/cmr/m/n/12 com-par-isons, failure-

Underfull \hbox (badness 10000) in paragraph at lines 532--533
[]|\OT1/cmr/m/n/12 Treating a toy

Underfull \hbox (badness 10000) in paragraph at lines 532--533
\OT1/cmr/m/n/12 for DSGE or

Underfull \hbox (badness 10000) in paragraph at lines 532--533
\OT1/cmr/m/n/12 Macro-Fi-nance

Underfull \hbox (badness 4467) in paragraph at lines 533--533
[]|\OT1/cmr/m/n/12 Broader ex-ter-

Underfull \hbox (badness 3612) in paragraph at lines 534--535
[]|\OT1/cmr/m/n/12 The rung sup-ports

Underfull \hbox (badness 8075) in paragraph at lines 534--535
\OT1/cmr/m/n/12 a re-stricted ex-ter-

Underfull \hbox (badness 10000) in paragraph at lines 536--537
[]|\OT1/cmr/m/n/12 Reproducible demon-

Underfull \hbox (badness 10000) in paragraph at lines 536--537
\OT1/cmr/m/n/12 stra-tions, model-

Underfull \hbox (badness 10000) in paragraph at lines 536--537
\OT1/cmr/m/n/12 specific stress tests,

Underfull \hbox (badness 10000) in paragraph at lines 536--537
\OT1/cmr/m/n/12 chal-lenger com-par-

Underfull \hbox (badness 10000) in paragraph at lines 538--539
[]|\OT1/cmr/m/n/12 Using run-time

Underfull \hbox (badness 10000) in paragraph at lines 538--539
\OT1/cmr/m/n/12 im-prove-ment as

Underfull \hbox (badness 10000) in paragraph at lines 538--539
\OT1/cmr/m/n/12 target-correctness

Underfull \hbox (badness 10000) in paragraph at lines 539--539
[]|\OT1/cmr/m/n/12 Operational

Underfull \hbox (badness 10000) in paragraph at lines 541--542
[]|\OT1/cmr/m/n/12 Independent re-view,

Underfull \hbox (badness 1694) in paragraph at lines 541--542
\OT1/cmr/m/n/12 change con-trol, mon-i-

Underfull \hbox (badness 2302) in paragraph at lines 541--542
\OT1/cmr/m/n/12 tor-ing, roll-back, data

Underfull \hbox (badness 10000) in paragraph at lines 541--542
\OT1/cmr/m/n/12 and model sta-bil-ity

Underfull \hbox (badness 10000) in paragraph at lines 543--544
[]|\OT1/cmr/m/n/12 Inferring op-er-a-

Underfull \hbox (badness 10000) in paragraph at lines 543--544
\OT1/cmr/m/n/12 tional readi-ness
[281]
Overfull \hbox (1.9039pt too wide) in paragraph at lines 590--592
[]\OT1/cmr/m/n/12 that PF-PF has al-ready passed finite-particle, Ja-co-bian, c
ompiled-path, or posterior-
) (./chapters/ch19f_dpf_debugging_crosswalk.tex
Overfull \hbox (92.1045pt too wide) has occurred while \output is active
\OT1/cmr/m/n/12 282 \OT1/cmr/m/sl/12 CHAPTER 30.  DPF HMC TARGET CORRECTNESS AN
D STRUCTURAL-MODEL SUITABILITY
[282]
Chapter 31.
[283]
Overfull \hbox (70.30922pt too wide) in paragraph at lines 128--137
\OT1/cmr/m/n/12 density-evaluation node. Equiv-a-lently, one may call a helper 
such as \OT1/cmtt/m/n/12 optimal[]proposal[]log[]prob(...)

Overfull \hbox (17.705pt too wide) has occurred while \output is active
\OT1/cmr/m/n/12 284 \OT1/cmr/m/sl/12 CHAPTER 31.  DPF LITERATURE-TO-DEBUGGING V
ERIFICATION CONTRACT
[284] [285]
Overfull \hbox (17.705pt too wide) has occurred while \output is active
\OT1/cmr/m/n/12 286 \OT1/cmr/m/sl/12 CHAPTER 31.  DPF LITERATURE-TO-DEBUGGING V
ERIFICATION CONTRACT
[286]
Underfull \hbox (badness 10000) in paragraph at lines 295--295
[]|\OT1/cmr/m/n/8 Implementation

Underfull \hbox (badness 10000) in paragraph at lines 295--296
[]|\OT1/cmr/m/n/8 Narrow fail-ure

Overfull \hbox (23.7617pt too wide) in alignment at lines 291--297
 [] [] [] [] [] [] 

Underfull \hbox (badness 10000) in paragraph at lines 300--300
[]|\OT1/cmr/m/n/8 Implementation

Underfull \hbox (badness 10000) in paragraph at lines 300--301
[]|\OT1/cmr/m/n/8 Narrow fail-ure

Overfull \hbox (23.7617pt too wide) in alignment at lines 297--302
 [] [] [] [] [] [] 

Overfull \hbox (23.7617pt too wide) in alignment at lines 302--304
 [] [] [] [] [] [] 

Underfull \hbox (badness 10000) in paragraph at lines 307--307
[]|\OT1/cmr/m/n/8 linear-Gaussian

Underfull \hbox (badness 10000) in paragraph at lines 307--307
\OT1/cmr/m/n/8 state-space model

Underfull \hbox (badness 1292) in paragraph at lines 308--308
[]|\OT1/cmr/m/n/8 predict/update law,

Underfull \hbox (badness 1859) in paragraph at lines 308--308
\OT1/cmr/m/n/8 nor-mal-ized weights,

Underfull \hbox (badness 10000) in paragraph at lines 309--309
[]|\OT1/cmr/m/n/8 moments match

Underfull \hbox (badness 10000) in paragraph at lines 309--309
\OT1/cmr/m/n/8 ref-er-ence within

Underfull \hbox (badness 10000) in paragraph at lines 309--309
\OT1/cmr/m/n/8 de-clared Monte

Underfull \hbox (badness 10000) in paragraph at lines 310--311
[]|\OT1/cmr/m/n/8 recursion, nor-

Underfull \hbox (badness 10000) in paragraph at lines 310--311
\OT1/cmr/m/n/8 mal-iza-tion, or

Underfull \hbox (badness 10000) in paragraph at lines 310--311
\OT1/cmr/m/n/8 model-interface

Underfull \hbox (badness 10000) in paragraph at lines 310--311
\OT1/cmr/m/n/8 or learned-map

Underfull \hbox (badness 1466) in paragraph at lines 311--311
[]|\OT1/cmr/m/n/8 Bootstrap like-

Underfull \hbox (badness 7397) in paragraph at lines 311--311
\OT1/cmr/m/n/8 li-hood es-ti-ma-

Underfull \hbox (badness 10000) in paragraph at lines 313--313
[]|\OT1/cmr/m/n/8 same linear-

Underfull \hbox (badness 10000) in paragraph at lines 313--313
\OT1/cmr/m/n/8 Gaussian model;

Underfull \hbox (badness 10000) in paragraph at lines 313--313
\OT1/cmr/m/n/8 fixed seeds and

Underfull \hbox (badness 10000) in paragraph at lines 314--314
[]|\OT1/cmr/m/n/8 per-period av-er-age

Underfull \hbox (badness 10000) in paragraph at lines 314--314
\OT1/cmr/m/n/8 weights and log

Underfull \hbox (badness 10000) in paragraph at lines 315--315
[]|\OT1/cmr/m/n/8 Monte Carlo

Underfull \hbox (badness 2932) in paragraph at lines 315--315
\OT1/cmr/m/n/8 mean ap-proaches

Underfull \hbox (badness 10000) in paragraph at lines 315--315
\OT1/cmr/m/n/8 Kalman like-li-

Underfull \hbox (badness 10000) in paragraph at lines 315--315
\OT1/cmr/m/n/8 hood; vari-ance

Underfull \hbox (badness 4454) in paragraph at lines 316--317
\OT1/cmr/m/n/8 or weight bug;

Underfull \hbox (badness 10000) in paragraph at lines 316--317
\OT1/cmr/m/n/8 not ev-i-dence

Underfull \hbox (badness 10000) in paragraph at lines 316--317
\OT1/cmr/m/n/8 about dif-fer-en-

Underfull \hbox (badness 10000) in paragraph at lines 317--317
[]|\OT1/cmr/m/n/8 Homotopy

Underfull \hbox (badness 3954) in paragraph at lines 319--319
\OT1/cmr/m/n/8 ser-va-tion with an-

Underfull \hbox (badness 2318) in paragraph at lines 319--319
\OT1/cmr/m/n/8 a-lytic log-likelihood

Underfull \hbox (badness 4621) in paragraph at lines 320--320
[]|\OT1/cmr/m/n/8 finite dif-fer-ence in

Underfull \hbox (badness 10000) in paragraph at lines 320--320
\OML/cmm/m/it/8 ^^U$ \OT1/cmr/m/n/8 ver-sus an-a-lytic

Underfull \hbox (badness 3525) in paragraph at lines 321--321
[]|\OT1/cmr/m/n/8 central dif-fer-ence

Underfull \hbox (badness 10000) in paragraph at lines 321--321
\OT1/cmr/m/n/8 and an-a-lytic

Underfull \hbox (badness 10000) in paragraph at lines 321--321
\OT1/cmr/m/n/8 deriva-tive agree

Underfull \hbox (badness 10000) in paragraph at lines 322--323
[]|\OT1/cmr/m/n/8 homotopy al-ge-

Underfull \hbox (badness 3240) in paragraph at lines 322--323
\OT1/cmr/m/n/8 deriva-tive is-sue;

Underfull \hbox (badness 10000) in paragraph at lines 325--325
[]|\OT1/cmr/m/n/8 linear-Gaussian re-

Underfull \hbox (badness 1571) in paragraph at lines 325--325
\OT1/cmr/m/n/8 cov-ery with known

Underfull \hbox (badness 10000) in paragraph at lines 325--325
\OT1/cmr/m/n/8 pos-te-rior mean/-co-

Underfull \hbox (badness 1609) in paragraph at lines 326--326
\OT1/cmr/m/n/8 cles, mean, co-vari-

Underfull \hbox (badness 10000) in paragraph at lines 327--327
\OT1/cmr/m/n/8 match Kalman

Underfull \hbox (badness 10000) in paragraph at lines 327--327
\OT1/cmr/m/n/8 up-date within

Underfull \hbox (badness 4518) in paragraph at lines 327--327
\OT1/cmr/m/n/8 flow and Monte

Underfull \hbox (badness 10000) in paragraph at lines 328--329
[]|\OT1/cmr/m/n/8 flow ODE or

Underfull \hbox (badness 10000) in paragraph at lines 328--329
\OT1/cmr/m/n/8 Gaussian-closure

Underfull \hbox (badness 10000) in paragraph at lines 328--329
\OT1/cmr/m/n/8 im-ple-men-ta-tion

Underfull \hbox (badness 10000) in paragraph at lines 329--329
[]|\OT1/cmr/m/n/8 LEDH lo-cal

Underfull \hbox (badness 10000) in paragraph at lines 331--331
[]|\OT1/cmr/m/n/8 synthetic ob-ser-va-

Underfull \hbox (badness 10000) in paragraph at lines 331--331
\OT1/cmr/m/n/8 tion with known

Underfull \hbox (badness 10000) in paragraph at lines 332--332
[]|\OT1/cmr/m/n/8 particle-local Ja-co-

Underfull \hbox (badness 4739) in paragraph at lines 332--332
\OT1/cmr/m/n/8 bians, lo-cal pre-ci-

Underfull \hbox (badness 1584) in paragraph at lines 332--332
\OT1/cmr/m/n/8 sion, and end-point

Underfull \hbox (badness 10000) in paragraph at lines 333--333
[]|\OT1/cmr/m/n/8 local quan-ti-ties

Underfull \hbox (badness 10000) in paragraph at lines 333--333
\OT1/cmr/m/n/8 are fi-nite and

Underfull \hbox (badness 10000) in paragraph at lines 334--335
[]|\OT1/cmr/m/n/8 local lin-eariza-

Underfull \hbox (badness 10000) in paragraph at lines 336--336
[]|[]\OT1/cmr/m/n/8 , [],

Underfull \hbox (badness 10000) in paragraph at lines 338--338
[]|\OT1/cmr/m/n/8 proposal den-sity,

Underfull \hbox (badness 10000) in paragraph at lines 339--339
[]|\OT1/cmr/m/n/8 manual den-sity

Underfull \hbox (badness 2213) in paragraph at lines 339--339
\OT1/cmr/m/n/8 ra-tio and im-ple-

Underfull \hbox (badness 10000) in paragraph at lines 339--339
\OT1/cmr/m/n/8 mented weight

Underfull \hbox (badness 10000) in paragraph at lines 340--341
[]|\OT1/cmr/m/n/8 proposal-density

Underfull \hbox (badness 10000) in paragraph at lines 340--341
\OT1/cmr/m/n/8 or cor-rec-tion

Underfull \hbox (badness 10000) in paragraph at lines 340--341
\OT1/cmr/m/n/8 a re-sam-pling

Underfull \hbox (badness 10000) in paragraph at lines 341--341
[]|\OT1/cmr/m/n/8 Log-

Underfull \hbox (badness 10000) in paragraph at lines 341--341
\OT1/cmr/m/n/8 determinant

Underfull \hbox (badness 10000) in paragraph at lines 342--342
[]|[]\OT1/cmr/m/n/8 , [],

Underfull \hbox (badness 4120) in paragraph at lines 343--343
[]|\OT1/cmr/m/n/8 affine flow $\OML/cmm/m/it/8 x[] \OT1/cmr/m/n/8 =

Underfull \hbox (badness 6842) in paragraph at lines 344--344
[]|\OT1/cmr/m/n/8 integrated log de-

Underfull \hbox (badness 10000) in paragraph at lines 344--344
\OT1/cmr/m/n/8 ter-mi-nant and

Underfull \hbox (badness 7308) in paragraph at lines 344--344
\OT1/cmr/m/n/8 finite-difference de-

Underfull \hbox (badness 2591) in paragraph at lines 345--345
[]|\OT1/cmr/m/n/8 sign and mag-ni-

Underfull \hbox (badness 5175) in paragraph at lines 345--345
\OT1/cmr/m/n/8 tude match un-

Underfull \hbox (badness 3503) in paragraph at lines 345--345
\OT1/cmr/m/n/8 der step-size re-

Underfull \hbox (badness 10000) in paragraph at lines 346--347
[]|\OT1/cmr/m/n/8 Jacobian sign,

Underfull \hbox (badness 2318) in paragraph at lines 346--347
\OT1/cmr/m/n/8 in-te-gra-tor is-sue;

Underfull \hbox (badness 6284) in paragraph at lines 349--349
[]|\OT1/cmr/m/n/8 two-particle re-sam-

Underfull \hbox (badness 8189) in paragraph at lines 349--349
\OT1/cmr/m/n/8 pling with weight

Underfull \hbox (badness 2443) in paragraph at lines 351--351
\OT1/cmr/m/n/8 pected; no false

Underfull \hbox (badness 10000) in paragraph at lines 352--353
[]|\OT1/cmr/m/n/8 discrete re-sam-

Underfull \hbox (badness 10000) in paragraph at lines 352--353
\OT1/cmr/m/n/8 pling is be-ing

Underfull \hbox (badness 10000) in paragraph at lines 352--353
\OT1/cmr/m/n/8 dif-fer-en-ti-ated

Underfull \hbox (badness 2856) in paragraph at lines 352--353
\OT1/cmr/m/n/8 in-cor-rectly; not

Underfull \hbox (badness 10000) in paragraph at lines 353--353
[]|\OT1/cmr/m/n/8 Soft-resampling

Underfull \hbox (badness 2735) in paragraph at lines 355--355
[]|\OT1/cmr/m/n/8 two-particle non-lin-

Underfull \hbox (badness 10000) in paragraph at lines 356--356
[]|\OT1/cmr/m/n/8 mean preser-va-tion

Underfull \hbox (badness 1253) in paragraph at lines 356--356
\OT1/cmr/m/n/8 and non-lin-ear test-

Underfull \hbox (badness 10000) in paragraph at lines 358--359
[]|\OT1/cmr/m/n/8 surrogate-law

Underfull \hbox (badness 10000) in paragraph at lines 358--359
\OT1/cmr/m/n/8 ef-fect; not

Underfull \hbox (badness 10000) in paragraph at lines 358--359
\OT1/cmr/m/n/8 ev-i-dence of

Underfull \hbox (badness 10000) in paragraph at lines 358--359
\OT1/cmr/m/n/8 categorical-

Underfull \hbox (badness 4454) in paragraph at lines 358--359
\OT1/cmr/m/n/8 target preser-va-

Underfull \hbox (badness 10000) in paragraph at lines 359--359
[]|\OT1/cmr/m/n/8 EOT/Sinkhorn

Underfull \hbox (badness 10000) in paragraph at lines 360--360
[]|[]\OT1/cmr/m/n/8 , [],

Underfull \hbox (badness 10000) in paragraph at lines 361--361
[]|\OT1/cmr/m/n/8 small cost ma-trix

Underfull \hbox (badness 10000) in paragraph at lines 361--361
\OT1/cmr/m/n/8 with pre-scribed

Underfull \hbox (badness 3635) in paragraph at lines 362--362
\OT1/cmr/m/n/8 resid-ual, cost, en-

Underfull \hbox (badness 3792) in paragraph at lines 362--362
\OT1/cmr/m/n/8 tropy, $\OML/cmm/m/it/8 "$\OT1/cmr/m/n/8 , it-er-a-tion

Underfull \hbox (badness 1454) in paragraph at lines 363--363
[]|\OT1/cmr/m/n/8 residuals fall be-

Underfull \hbox (badness 2165) in paragraph at lines 363--363
\OT1/cmr/m/n/8 are sta-ble un-der

Underfull \hbox (badness 10000) in paragraph at lines 364--365
[]|\OT1/cmr/m/n/8 finite-solver or

Underfull \hbox (badness 10000) in paragraph at lines 364--365
\OT1/cmr/m/n/8 sta-bi-liza-tion

Underfull \hbox (badness 2334) in paragraph at lines 364--365
\OT1/cmr/m/n/8 of pos-te-rior in-

Underfull \hbox (badness 10000) in paragraph at lines 365--365
[]|\OT1/cmr/m/n/8 Barycentric

Underfull \hbox (badness 10000) in paragraph at lines 367--367
\OT1/cmr/m/n/8 known col-umn

Underfull \hbox (badness 10000) in paragraph at lines 368--368
[]|\OT1/cmr/m/n/8 projected equal-

Underfull \hbox (badness 10000) in paragraph at lines 368--368
\OT1/cmr/m/n/8 weight sup-port

Underfull \hbox (badness 8189) in paragraph at lines 368--368
\OT1/cmr/m/n/8 cloud and di-men-

Underfull \hbox (badness 10000) in paragraph at lines 369--369
[]|\OT1/cmr/m/n/8 output has de-

Underfull \hbox (badness 10000) in paragraph at lines 370--371
[]|\OT1/cmr/m/n/8 projection or

Underfull \hbox (badness 1308) in paragraph at lines 370--371
\OT1/cmr/m/n/8 shape bug; not

Underfull \hbox (badness 10000) in paragraph at lines 370--371
\OT1/cmr/m/n/8 a coupling-

Underfull \hbox (badness 10000) in paragraph at lines 371--371
[]|\OT1/cmr/m/n/8 Barycentric

Underfull \hbox (badness 10000) in paragraph at lines 371--371
\OT1/cmr/m/n/8 mo-ment con-

Underfull \hbox (badness 10000) in paragraph at lines 373--373
\OT1/cmr/m/n/8 no-OT weighted

Underfull \hbox (badness 10000) in paragraph at lines 374--374
[]|\OT1/cmr/m/n/8 pre-reset weighted

Underfull \hbox (badness 10000) in paragraph at lines 374--374
\OT1/cmr/m/n/8 mean/-co-vari-ance,

Underfull \hbox (badness 10000) in paragraph at lines 374--374
\OT1/cmr/m/n/8 post-reset equal-

Underfull \hbox (badness 10000) in paragraph at lines 374--374
\OT1/cmr/m/n/8 weight mean/-

Underfull \hbox (badness 10000) in paragraph at lines 374--374
\OT1/cmr/m/n/8 co-vari-ance, and

Underfull \hbox (badness 10000) in paragraph at lines 374--374
\OT1/cmr/m/n/8 down-stream value

Underfull \hbox (badness 1515) in paragraph at lines 375--375
\OT1/cmr/m/n/8 and de-clared co-

Underfull \hbox (badness 3525) in paragraph at lines 375--375
\OT1/cmr/m/n/8 vari-ance con-trac-

Underfull \hbox (badness 5091) in paragraph at lines 375--375
\OT1/cmr/m/n/8 tion are vis-i-ble;

Underfull \hbox (badness 8019) in paragraph at lines 375--375
\OT1/cmr/m/n/8 any Kalman or

Underfull \hbox (badness 10000) in paragraph at lines 375--375
\OT1/cmr/m/n/8 exact-likelihood

Underfull \hbox (badness 10000) in paragraph at lines 375--375
\OT1/cmr/m/n/8 gate is la-beled

Underfull \hbox (badness 10000) in paragraph at lines 375--375
\OT1/cmr/m/n/8 same-scalar

Underfull \hbox (badness 10000) in paragraph at lines 375--375
\OT1/cmr/m/n/8 or moment-

Underfull \hbox (badness 10000) in paragraph at lines 376--377
[]|\OT1/cmr/m/n/8 finite-$\OML/cmm/m/it/8 N$ \OT1/cmr/m/n/8 re-set

Underfull \hbox (badness 10000) in paragraph at lines 376--377
\OT1/cmr/m/n/8 changes the

Underfull \hbox (badness 10000) in paragraph at lines 376--377
\OT1/cmr/m/n/8 fil-ter-ing scalar;

Underfull \hbox (badness 10000) in paragraph at lines 376--377
\OT1/cmr/m/n/8 a same-scalar

Underfull \hbox (badness 5388) in paragraph at lines 376--377
\OT1/cmr/m/n/8 gra-di-ent as an

Underfull \hbox (badness 10000) in paragraph at lines 376--377
\OT1/cmr/m/n/8 exact-likelihood

Underfull \hbox (badness 10000) in paragraph at lines 377--377
[]|\OT1/cmr/m/n/8 Learned-map

Underfull \hbox (badness 10000) in paragraph at lines 378--378
[]|[]\OT1/cmr/m/n/8 , [],

Underfull \hbox (badness 10000) in paragraph at lines 379--379
[]|\OT1/cmr/m/n/8 permutation-

Underfull \hbox (badness 10000) in paragraph at lines 379--379
\OT1/cmr/m/n/8 equivariance test

Underfull \hbox (badness 10000) in paragraph at lines 380--380
[]|\OT1/cmr/m/n/8 teacher/student

Underfull \hbox (badness 10000) in paragraph at lines 380--380
\OT1/cmr/m/n/8 resid-u-als, per-mu-

Underfull \hbox (badness 10000) in paragraph at lines 380--380
\OT1/cmr/m/n/8 ta-tion resid-ual,

Underfull \hbox (badness 10000) in paragraph at lines 380--380
\OT1/cmr/m/n/8 training-distribution

Underfull \hbox (badness 1077) in paragraph at lines 381--381
\OT1/cmr/m/n/8 low thresh-old on

Underfull \hbox (badness 10000) in paragraph at lines 382--383
[]|\OT1/cmr/m/n/8 student or

Underfull \hbox (badness 10000) in paragraph at lines 382--383
\OT1/cmr/m/n/8 distribution-shift

Underfull \hbox (badness 10000) in paragraph at lines 382--383
\OT1/cmr/m/n/8 is-sue; not a

Underfull \hbox (badness 10000) in paragraph at lines 382--383
\OT1/cmr/m/n/8 teacher-map

Underfull \hbox (badness 10000) in paragraph at lines 383--383
[]|\OT1/cmr/m/n/8 HMC value-

Underfull \hbox (badness 10000) in paragraph at lines 383--383
\OT1/cmr/m/n/8 gradient con-

Underfull \hbox (badness 10000) in paragraph at lines 385--385
[]|\OT1/cmr/m/n/8 finite-difference

Underfull \hbox (badness 6978) in paragraph at lines 385--385
\OT1/cmr/m/n/8 check on a fixed

Underfull \hbox (badness 10000) in paragraph at lines 385--385
\OT1/cmr/m/n/8 scalar tar-get and

Underfull \hbox (badness 3954) in paragraph at lines 385--385
\OT1/cmr/m/n/8 fixed ran-dom seed

Underfull \hbox (badness 2617) in paragraph at lines 386--386
\OT1/cmr/m/n/8 iff gra-di-ent, finite-

Underfull \hbox (badness 8189) in paragraph at lines 386--386
\OT1/cmr/m/n/8 difference gra-di-ent,

Underfull \hbox (badness 5374) in paragraph at lines 387--387
\OT1/cmr/m/n/8 the same scalar

Underfull \hbox (badness 10000) in paragraph at lines 387--387
\OT1/cmr/m/n/8 and gra-di-ents

Underfull \hbox (badness 1231) in paragraph at lines 387--387
\OT1/cmr/m/n/8 agree within tol-

Underfull \hbox (badness 10000) in paragraph at lines 388--389
[]|\OT1/cmr/m/n/8 target-interface

Underfull \hbox (badness 10000) in paragraph at lines 388--389
\OT1/cmr/m/n/8 HMC be-fore

Overfull \hbox (23.7617pt too wide) in alignment at lines 304--389
 [] [] [] [] [] [] 
[287]
Underfull \hbox (badness 10000) in paragraph at lines 406--406
[]|\OT1/cmr/m/n/12 Linear-

Underfull \hbox (badness 10000) in paragraph at lines 406--406
\OT1/cmr/m/n/12 Gaussian

Underfull \hbox (badness 10000) in paragraph at lines 407--408
[]|\OT1/cmr/m/n/12 Known tran-si-tion,

Underfull \hbox (badness 10000) in paragraph at lines 407--408
\OT1/cmr/m/n/12 ob-ser-va-tion, co-

Underfull \hbox (badness 10000) in paragraph at lines 407--408
\OT1/cmr/m/n/12 vari-ance ma-tri-ces,

Underfull \hbox (badness 10000) in paragraph at lines 407--408
\OT1/cmr/m/n/12 Kalman like-li-hood,

Underfull \hbox (badness 10000) in paragraph at lines 409--410
[]|\OT1/cmr/m/n/12 Particle re-cur-sion,

Underfull \hbox (badness 5667) in paragraph at lines 409--410
\OT1/cmr/m/n/12 EDH end-point, and

Underfull \hbox (badness 10000) in paragraph at lines 409--410
\OT1/cmr/m/n/12 like-li-hood es-ti-mates

Underfull \hbox (badness 10000) in paragraph at lines 409--410
\OT1/cmr/m/n/12 ref-er-ence un-der in-

Underfull \hbox (badness 5787) in paragraph at lines 409--410
\OT1/cmr/m/n/12 creas-ing par-ti-cles or

Underfull \hbox (badness 6157) in paragraph at lines 409--410
\OT1/cmr/m/n/12 de-creas-ing flow step

Underfull \hbox (badness 10000) in paragraph at lines 411--412
[]|\OT1/cmr/m/n/12 Nonlinear DSGE

Underfull \hbox (badness 10000) in paragraph at lines 413--413
\OT1/cmr/m/n/12 an-a-lytic de-ter-mi-

Underfull \hbox (badness 10000) in paragraph at lines 413--413
\OT1/cmr/m/n/12 nant, and known

Underfull \hbox (badness 2012) in paragraph at lines 414--414
[]|\OT1/cmr/m/n/12 PF-PF den-sity ra-tio,

Underfull \hbox (badness 3029) in paragraph at lines 414--414
\OT1/cmr/m/n/12 weight, and log de-

Underfull \hbox (badness 10000) in paragraph at lines 415--416
[]|\OT1/cmr/m/n/12 Correctness for

Underfull \hbox (badness 10000) in paragraph at lines 415--416
\OT1/cmr/m/n/12 non-lin-ear flow

Underfull \hbox (badness 10000) in paragraph at lines 416--416
[]|\OT1/cmr/m/n/12 Scalar non-lin-

Underfull \hbox (badness 10000) in paragraph at lines 417--418
[]|\OT1/cmr/m/n/12 One-dimensional

Underfull \hbox (badness 10000) in paragraph at lines 419--420
[]|\OT1/cmr/m/n/12 Homotopy deriva-tive

Underfull \hbox (badness 10000) in paragraph at lines 419--420
\OT1/cmr/m/n/12 di-ag-nos-tics show

Underfull \hbox (badness 10000) in paragraph at lines 419--420
\OT1/cmr/m/n/12 ex-pected er-ror as

Underfull \hbox (badness 10000) in paragraph at lines 421--422
[]|\OT1/cmr/m/n/12 High-dimensional

Underfull \hbox (badness 10000) in paragraph at lines 422--422
[]|\OT1/cmr/m/n/12 Two-particle

Underfull \hbox (badness 10000) in paragraph at lines 422--422
\OT1/cmr/m/n/12 soft-resampling

Underfull \hbox (badness 10000) in paragraph at lines 423--423
[]|\OT1/cmr/m/n/12 Two par-ti-cles,

Underfull \hbox (badness 5954) in paragraph at lines 423--423
\OT1/cmr/m/n/12 and non-lin-ear test

Underfull \hbox (badness 10000) in paragraph at lines 425--426
[]|\OT1/cmr/m/n/12 Acceptability of

Underfull \hbox (badness 2980) in paragraph at lines 427--428
\OT1/cmr/m/n/12 weights, equal tar-

Underfull \hbox (badness 1122) in paragraph at lines 427--428
\OT1/cmr/m/n/12 and known resid-ual

Underfull \hbox (badness 10000) in paragraph at lines 429--430
[]|\OT1/cmr/m/n/12 Row/column resid-

Underfull \hbox (badness 10000) in paragraph at lines 429--430
\OT1/cmr/m/n/12 u-als and sta-bi-lized

Underfull \hbox (badness 10000) in paragraph at lines 429--430
\OT1/cmr/m/n/12 sis-tently with the

Underfull \hbox (badness 10000) in paragraph at lines 431--432
[]|\OT1/cmr/m/n/12 Posterior equiv-a-

Underfull \hbox (badness 10000) in paragraph at lines 432--432
[]|\OT1/cmr/m/n/12 Permutation-

Underfull \hbox (badness 10000) in paragraph at lines 432--432
\OT1/cmr/m/n/12 equivariance

Underfull \hbox (badness 10000) in paragraph at lines 432--432
\OT1/cmr/m/n/12 learned-map

Underfull \hbox (badness 10000) in paragraph at lines 433--433
[]|\OT1/cmr/m/n/12 Teacher clouds,

Underfull \hbox (badness 10000) in paragraph at lines 433--433
\OT1/cmr/m/n/12 learned map, and

Underfull \hbox (badness 10000) in paragraph at lines 433--433
\OT1/cmr/m/n/12 per-mu-ta-tion ma-tri-

Underfull \hbox (badness 1303) in paragraph at lines 436--437
[]|\OT1/cmr/m/n/12 Small teacher/s-tu-

Underfull \hbox (badness 10000) in paragraph at lines 437--437
[]|\OT1/cmr/m/n/12 Finite-

Underfull \hbox (badness 10000) in paragraph at lines 437--437
\OT1/cmr/m/n/12 difference

Underfull \hbox (badness 5504) in paragraph at lines 437--437
\OT1/cmr/m/n/12 HMC gra-di-ent

Underfull \hbox (badness 10000) in paragraph at lines 438--439
[]|\OT1/cmr/m/n/12 Fixed scalar tar-

Underfull \hbox (badness 7151) in paragraph at lines 438--439
\OT1/cmr/m/n/12 get, fixed ran-dom

Underfull \hbox (badness 5036) in paragraph at lines 438--439
\OT1/cmr/m/n/12 seed pol-icy, finite-

Underfull \hbox (badness 10000) in paragraph at lines 438--439
\OT1/cmr/m/n/12 difference step

Underfull \hbox (badness 10000) in paragraph at lines 440--441
[]|\OT1/cmr/m/n/12 Autodiff and finite-

Underfull \hbox (badness 10000) in paragraph at lines 440--441
\OT1/cmr/m/n/12 difference gra-di-ents

Underfull \hbox (badness 3623) in paragraph at lines 440--441
\OT1/cmr/m/n/12 agree for the scalar

Underfull \hbox (badness 6125) in paragraph at lines 442--443
\OT1/cmr/m/n/12 Markov chain or

Underfull \vbox (badness 1210) has occurred while \output is active
Overfull \hbox (17.705pt too wide) has occurred while \output is active
\OT1/cmr/m/n/12 288 \OT1/cmr/m/sl/12 CHAPTER 31.  DPF LITERATURE-TO-DEBUGGING V
ERIFICATION CONTRACT
[288]
Underfull \vbox (badness 10000) has occurred while \output is active [289]
Underfull \hbox (badness 10000) in paragraph at lines 469--470
[]|\OT1/cmr/m/n/12 Non-

Overfull \hbox (11.76863pt too wide) in alignment at lines 465--471
 [] [] [] [] [] 

Underfull \hbox (badness 10000) in paragraph at lines 473--474
[]|\OT1/cmr/m/n/12 Non-

Overfull \hbox (11.76863pt too wide) in alignment at lines 471--475
 [] [] [] [] [] 

Underfull \hbox (badness 3009) in paragraph at lines 476--476
[]|\OT1/cmr/m/n/12 Filtering re-

Underfull \hbox (badness 3679) in paragraph at lines 476--476
\OT1/cmr/m/n/12 cur-sion par-

Underfull \hbox (badness 10000) in paragraph at lines 477--477
\OT1/cmr/m/n/12 fixed par-ti-cles,

Underfull \hbox (badness 10000) in paragraph at lines 478--479
\OT1/cmr/m/n/12 de-creases with

Underfull \hbox (badness 4739) in paragraph at lines 478--479
\OML/cmm/m/it/12 N$\OT1/cmr/m/n/12 ; de-ter-min-is-tic

Underfull \hbox (badness 10000) in paragraph at lines 478--479
\OT1/cmr/m/n/12 quan-ti-ties match

Underfull \hbox (badness 10000) in paragraph at lines 478--479
\OT1/cmr/m/n/12 ref-er-ence when

Underfull \hbox (badness 10000) in paragraph at lines 480--480
[]|\OT1/cmr/m/n/12 State-space

Underfull \hbox (badness 10000) in paragraph at lines 480--480
\OT1/cmr/m/n/12 in-ter-face, nor-

Underfull \hbox (badness 10000) in paragraph at lines 480--480
\OT1/cmr/m/n/12 mal-iza-tion, or

Underfull \hbox (badness 10000) in paragraph at lines 480--480
\OT1/cmr/m/n/12 weight up-date

Underfull \hbox (badness 10000) in paragraph at lines 481--482
[]|\OT1/cmr/m/n/12 Does not

Underfull \hbox (badness 10000) in paragraph at lines 481--482
\OT1/cmr/m/n/12 re-ject OT,

Underfull \hbox (badness 10000) in paragraph at lines 481--482
\OT1/cmr/m/n/12 learned OT,

Underfull \hbox (badness 10000) in paragraph at lines 482--482
[]|\OT1/cmr/m/n/12 Flow end-

Underfull \hbox (badness 10000) in paragraph at lines 483--483
[]|\OT1/cmr/m/n/12 Linear-Gaussian

Underfull \hbox (badness 10000) in paragraph at lines 484--484
[]|\OT1/cmr/m/n/12 Endpoint er-ror

Underfull \hbox (badness 1248) in paragraph at lines 484--484
\OT1/cmr/m/n/12 de-creases as flow

Underfull \hbox (badness 10000) in paragraph at lines 484--484
\OT1/cmr/m/n/12 in-te-gra-tion is

Underfull \hbox (badness 10000) in paragraph at lines 486--487
[]|\OT1/cmr/m/n/12 Does not

Underfull \hbox (badness 2302) in paragraph at lines 486--487
\OT1/cmr/m/n/12 prove PF-PF

Underfull \hbox (badness 10000) in paragraph at lines 486--487
\OT1/cmr/m/n/12 cor-rec-tion is

Underfull \hbox (badness 1325) in paragraph at lines 487--487
[]|\OT1/cmr/m/n/12 PF-PF al-ge-

Underfull \hbox (badness 1521) in paragraph at lines 488--488
[]|\OT1/cmr/m/n/12 Affine flow, an-a-

Underfull \hbox (badness 10000) in paragraph at lines 488--488
\OT1/cmr/m/n/12 ex-plicit pro-posal

Underfull \hbox (badness 1259) in paragraph at lines 489--489
[]|\OT1/cmr/m/n/12 Log-weight dif-fer-

Underfull \hbox (badness 10000) in paragraph at lines 490--490
[]|\OT1/cmr/m/n/12 Density-ratio,

Underfull \hbox (badness 1184) in paragraph at lines 491--492
[]|\OT1/cmr/m/n/12 Does not di-

Underfull \hbox (badness 10000) in paragraph at lines 492--492
[]|\OT1/cmr/m/n/12 Soft-

Underfull \hbox (badness 10000) in paragraph at lines 492--492
\OT1/cmr/m/n/12 resampling

Underfull \hbox (badness 10000) in paragraph at lines 494--494
[]|\OT1/cmr/m/n/12 Bias sign and

Underfull \hbox (badness 2057) in paragraph at lines 494--494
\OT1/cmr/m/n/12 mag-ni-tude match

Underfull \hbox (badness 2452) in paragraph at lines 494--494
\OT1/cmr/m/n/12 within arith-metic

Underfull \hbox (badness 1184) in paragraph at lines 495--495
\OT1/cmr/m/n/12 with cat-e-gor-i-cal

Underfull \hbox (badness 10000) in paragraph at lines 496--497
[]|\OT1/cmr/m/n/12 Does not

Underfull \hbox (badness 10000) in paragraph at lines 496--497
\OT1/cmr/m/n/12 prove soft

Underfull \hbox (badness 1776) in paragraph at lines 496--497
\OT1/cmr/m/n/12 re-sam-pling is

Underfull \hbox (badness 10000) in paragraph at lines 497--497
[]|\OT1/cmr/m/n/12 Sinkhorn

Underfull \hbox (badness 10000) in paragraph at lines 497--497
\OT1/cmr/m/n/12 resid-ual

Underfull \hbox (badness 10000) in paragraph at lines 499--499
[]|\OT1/cmr/m/n/12 Row/column

Underfull \hbox (badness 10000) in paragraph at lines 499--499
\OT1/cmr/m/n/12 resid-u-als be-low

Underfull \hbox (badness 6380) in paragraph at lines 500--500
[]|\OT1/cmr/m/n/12 Finite-solver or

Underfull \hbox (badness 5832) in paragraph at lines 500--500
\OT1/cmr/m/n/12 sta-bi-liza-tion is-

Underfull \hbox (badness 10000) in paragraph at lines 501--502
[]|\OT1/cmr/m/n/12 Does not

Underfull \hbox (badness 10000) in paragraph at lines 501--502
\OT1/cmr/m/n/12 prove EOT

Underfull \hbox (badness 10000) in paragraph at lines 501--502
\OT1/cmr/m/n/12 is a valid

Underfull \hbox (badness 10000) in paragraph at lines 501--502
\OT1/cmr/m/n/12 pos-te-rior

Underfull \hbox (badness 10000) in paragraph at lines 502--502
[]|\OT1/cmr/m/n/12 Learned

Underfull \hbox (badness 10000) in paragraph at lines 502--502
\OT1/cmr/m/n/12 resid-ual

Underfull \hbox (badness 10000) in paragraph at lines 503--503
[]|\OT1/cmr/m/n/12 Teacher out-puts,

Underfull \hbox (badness 10000) in paragraph at lines 503--503
\OT1/cmr/m/n/12 held-out clouds,

Underfull \hbox (badness 10000) in paragraph at lines 505--505
[]|\OT1/cmr/m/n/12 Student ap-

Underfull \hbox (badness 10000) in paragraph at lines 505--505
\OT1/cmr/m/n/12 prox-i-ma-tion or

Underfull \hbox (badness 10000) in paragraph at lines 505--505
\OT1/cmr/m/n/12 ex-trap-o-la-tion

Underfull \hbox (badness 10000) in paragraph at lines 506--507
[]|\OT1/cmr/m/n/12 Does not

Underfull \hbox (badness 2351) in paragraph at lines 507--507
[]|\OT1/cmr/m/n/12 HMC value-

Underfull \hbox (badness 10000) in paragraph at lines 507--507
\OT1/cmr/m/n/12 gradient

Underfull \hbox (badness 1142) in paragraph at lines 508--508
[]|\OT1/cmr/m/n/12 Scalar value, au-

Underfull \hbox (badness 10000) in paragraph at lines 509--509
[]|\OT1/cmr/m/n/12 Gradient er-rors

Underfull \hbox (badness 10000) in paragraph at lines 509--509
\OT1/cmr/m/n/12 re-fine-ment un-til

Underfull \hbox (badness 10000) in paragraph at lines 510--510
[]|\OT1/cmr/m/n/12 Value-gradient

Underfull \hbox (badness 10000) in paragraph at lines 510--510
\OT1/cmr/m/n/12 mis-match or

Underfull \hbox (badness 10000) in paragraph at lines 510--510
\OT1/cmr/m/n/12 non-dif-fer-en-tiable

Underfull \hbox (badness 10000) in paragraph at lines 511--512
[]|\OT1/cmr/m/n/12 Does not

Underfull \hbox (badness 10000) in paragraph at lines 511--512
\OT1/cmr/m/n/12 prove chain

Overfull \hbox (11.76863pt too wide) in alignment at lines 475--513
 [] [] [] [] [] 

Overfull \hbox (17.705pt too wide) has occurred while \output is active
\OT1/cmr/m/n/12 290 \OT1/cmr/m/sl/12 CHAPTER 31.  DPF LITERATURE-TO-DEBUGGING V
ERIFICATION CONTRACT
[290]
Underfull \hbox (badness 10000) in paragraph at lines 524--525
[]|\OT1/cmr/m/n/8 Implementation quan-

Overfull \hbox (2.69351pt too wide) in alignment at lines 520--526
 [] [] [] [] [] 

Underfull \hbox (badness 10000) in paragraph at lines 528--529
[]|\OT1/cmr/m/n/8 Implementation quan-

Overfull \hbox (2.69351pt too wide) in alignment at lines 526--530
 [] [] [] [] [] 

Underfull \hbox (badness 10000) in paragraph at lines 532--532
[]|\OT1/cmr/m/n/8 Chapter [][]20[][], Sec-

Underfull \hbox (badness 10000) in paragraph at lines 537--537
[]|\OT1/cmr/m/n/8 Chapter [][]21[][], Sec-

Underfull \hbox (badness 10000) in paragraph at lines 540--541
[]|\OT1/cmr/m/n/8 flow field, end-point

Underfull \hbox (badness 10000) in paragraph at lines 541--541
[]|\OT1/cmr/m/n/8 PF-PF cor-rec-

Underfull \hbox (badness 10000) in paragraph at lines 542--542
[]|\OT1/cmr/m/n/8 Chapter [][]22[][], Sec-

Underfull \hbox (badness 10000) in paragraph at lines 544--544
[]|\OT1/cmr/m/n/8 proposal cor-rec-

Underfull \hbox (badness 4072) in paragraph at lines 544--544
\OT1/cmr/m/n/8 tion and change-of-

Underfull \hbox (badness 1852) in paragraph at lines 546--546
[]|\OT1/cmr/m/n/8 Resampling and

Underfull \hbox (badness 3989) in paragraph at lines 547--547
[]|\OT1/cmr/m/n/8 Chapter [][]23[][]; Chap-

Underfull \hbox (badness 1342) in paragraph at lines 548--548
[]|[]\OT1/cmr/m/n/8 , [], [],

Underfull \hbox (badness 7256) in paragraph at lines 549--549
[]|\OT1/cmr/m/n/8 differentiable re-sam-

Underfull \hbox (badness 10000) in paragraph at lines 557--557
[]|\OT1/cmr/m/n/8 Chapter [][]30[][], Sec-

Underfull \hbox (badness 10000) in paragraph at lines 559--559
[]|\OT1/cmr/m/n/8 HMC, pseudo-

Underfull \hbox (badness 4660) in paragraph at lines 559--559
\OT1/cmr/m/n/8 marginal, surrogate-

Underfull \hbox (badness 2486) in paragraph at lines 560--561
[]|\OT1/cmr/m/n/8 scalar value, gra-di-ent,

Underfull \hbox (badness 10000) in paragraph at lines 560--561
\OT1/cmr/m/n/8 ac-cep-t/re-ject value,

Overfull \hbox (2.69351pt too wide) in alignment at lines 530--562
 [] [] [] [] [] 
[291]
Underfull \hbox (badness 10000) in paragraph at lines 607--607
[]|\OT1/cmr/m/n/8 Exact on-line /

Underfull \hbox (badness 6792) in paragraph at lines 607--607
[]|\OT1/cmr/m/n/8 Exact ref-er-

Underfull \hbox (badness 10000) in paragraph at lines 607--608
[]|\OT1/cmr/m/n/8 marginal resid-ual

Underfull \hbox (badness 10000) in paragraph at lines 607--608
\OT1/cmr/m/n/8 and barycen-tric

Underfull \hbox (badness 10000) in paragraph at lines 608--608
[]|\OT1/cmr/m/n/8 Retained-

Underfull \hbox (badness 8000) in paragraph at lines 608--608
[]|\OT1/cmr/m/n/8 corrected teacher-

Underfull \hbox (badness 10000) in paragraph at lines 608--608
\OT1/cmr/m/n/8 side cou-pling or

Underfull \hbox (badness 4940) in paragraph at lines 608--608
[]|\OT1/cmr/m/n/8 kernel or cou-pling

Underfull \hbox (badness 10000) in paragraph at lines 608--609
[]|\OT1/cmr/m/n/8 teacher-

Underfull \hbox (badness 2460) in paragraph at lines 608--609
\OT1/cmr/m/n/8 preservation resid-

Underfull \hbox (badness 1635) in paragraph at lines 609--609
[]|\OT1/cmr/m/n/8 Sparse / screened

Underfull \hbox (badness 10000) in paragraph at lines 609--609
[]|\OT1/cmr/m/n/8 Boundary

Underfull \hbox (badness 1231) in paragraph at lines 609--609
[]|\OT1/cmr/m/n/8 same fi-nite ob-ject

Underfull \hbox (badness 1194) in paragraph at lines 609--610
[]|\OT1/cmr/m/n/8 same-object par-ity

Underfull \hbox (badness 10000) in paragraph at lines 610--610
[]|\OT1/cmr/m/n/8 Structure-

Underfull \hbox (badness 1184) in paragraph at lines 610--610
\OT1/cmr/m/n/8 re-place-ment trans-

Underfull \hbox (badness 10000) in paragraph at lines 610--610
[]|\OT1/cmr/m/n/8 full-state trans-port

Underfull \hbox (badness 10000) in paragraph at lines 610--611
[]|\OT1/cmr/m/n/8 declared re-place-

Underfull \hbox (badness 10000) in paragraph at lines 610--611
\OT1/cmr/m/n/8 down-stream di-ag-

Underfull \hbox (badness 10000) in paragraph at lines 643--643
[]|\OT1/cmr/m/n/8 Object ex-

Underfull \hbox (badness 1009) in paragraph at lines 645--645
[]|\OT1/cmr/m/n/8 strongest when

Overfull \hbox (8.56433pt too wide) in paragraph at lines 645--645
\OT1/cmr/m/n/8 TensorFlow/TFP-

Underfull \hbox (badness 2057) in paragraph at lines 645--645
[]|\OT1/cmr/m/n/8 exact se-man-tics but

Underfull \hbox (badness 6412) in paragraph at lines 645--645
\OT1/cmr/m/n/8 poor scal-ing if all

Underfull \hbox (badness 10000) in paragraph at lines 646--646
[]|\OT1/cmr/m/n/8 Retained-teacher

Underfull \hbox (badness 10000) in paragraph at lines 646--646
[]|\OT1/cmr/m/n/8 only if cor-

Underfull \hbox (badness 10000) in paragraph at lines 646--646
\OT1/cmr/m/n/8 or barycen-tric

Underfull \hbox (badness 6477) in paragraph at lines 646--646
\OT1/cmr/m/n/8 out-put is ex-

Underfull \hbox (badness 1342) in paragraph at lines 646--646
[]|\OT1/cmr/m/n/8 latent ap-prox-i-ma-tion

Underfull \hbox (badness 8170) in paragraph at lines 646--646
\OT1/cmr/m/n/8 may hide se-man-tic

Underfull \hbox (badness 10000) in paragraph at lines 646--647
[]|\OT1/cmr/m/n/8 useful only with

Underfull \hbox (badness 10000) in paragraph at lines 646--647
\OT1/cmr/m/n/8 teacher-preservation

Underfull \hbox (badness 10000) in paragraph at lines 647--647
[]|\OT1/cmr/m/n/8 often spe-cial-

Underfull \hbox (badness 10000) in paragraph at lines 647--647
[]|\OT1/cmr/m/n/8 support re-stric-tion

Underfull \hbox (badness 10000) in paragraph at lines 648--648
[]|\OT1/cmr/m/n/8 Minibatch or

Underfull \hbox (badness 10000) in paragraph at lines 648--648
\OT1/cmr/m/n/8 min-is-tic re-sam-pling

Overfull \hbox (17.705pt too wide) has occurred while \output is active
\OT1/cmr/m/n/12 292 \OT1/cmr/m/sl/12 CHAPTER 31.  DPF LITERATURE-TO-DEBUGGING V
ERIFICATION CONTRACT
[292] [293]
Underfull \hbox (badness 7777) in paragraph at lines 734--735
[]|\OT1/cmr/m/n/12 Layer-local smoke tests

Underfull \hbox (badness 10000) in paragraph at lines 734--735
\OT1/cmr/m/n/12 pass on min-i-mal con-

Underfull \hbox (badness 6284) in paragraph at lines 736--736
[]|\OT1/cmr/m/n/12 Treating smooth-ness or

Underfull \hbox (badness 10000) in paragraph at lines 737--738
[]|\OT1/cmr/m/n/12 May run

Underfull \hbox (badness 10000) in paragraph at lines 737--738
\OT1/cmr/m/n/12 more ex-

Underfull \hbox (badness 10000) in paragraph at lines 738--738
[]|\OT1/cmr/m/n/12 Credible re-

Underfull \hbox (badness 10000) in paragraph at lines 738--738
\OT1/cmr/m/n/12 search im-ple-

Underfull \hbox (badness 1997) in paragraph at lines 739--740
[]|\OT1/cmr/m/n/12 Classical PF, flow, PF-

Underfull \hbox (badness 10000) in paragraph at lines 739--740
\OT1/cmr/m/n/12 PF, re-sam-pling/OT,

Underfull \hbox (badness 3547) in paragraph at lines 739--740
\OT1/cmr/m/n/12 learned-map, and HMC

Underfull \hbox (badness 1158) in paragraph at lines 739--740
\OT1/cmr/m/n/12 on named model classes

Underfull \hbox (badness 10000) in paragraph at lines 741--742
[]|\OT1/cmr/m/n/12 Generalizing be-yond

Underfull \hbox (badness 1168) in paragraph at lines 741--742
\OT1/cmr/m/n/12 tested $\OML/cmm/m/it/12 N$\OT1/cmr/m/n/12 , $\OML/cmm/m/it/12 
d[]$\OT1/cmr/m/n/12 , $\OML/cmm/m/it/12 "$\OT1/cmr/m/n/12 , model

Underfull \hbox (badness 2452) in paragraph at lines 743--744
[]|\OT1/cmr/m/n/12 May make

Underfull \hbox (badness 10000) in paragraph at lines 743--744
\OT1/cmr/m/n/12 bounded

Underfull \hbox (badness 10000) in paragraph at lines 743--744
\OT1/cmr/m/n/12 re-search

Underfull \hbox (badness 10000) in paragraph at lines 745--746
[]|\OT1/cmr/m/n/12 Research checks plus

Underfull \hbox (badness 10000) in paragraph at lines 745--746
\OT1/cmr/m/n/12 pos-te-rior com-par-isons,

Underfull \hbox (badness 10000) in paragraph at lines 745--746
\OT1/cmr/m/n/12 stress regimes, re-pro-

Underfull \hbox (badness 10000) in paragraph at lines 745--746
\OT1/cmr/m/n/12 ducible demon-stra-tions,

Underfull \hbox (badness 5388) in paragraph at lines 745--746
\OT1/cmr/m/n/12 and doc-u-mented fail-ure

Underfull \hbox (badness 10000) in paragraph at lines 748--749
[]|\OT1/cmr/m/n/12 Requires

Underfull \hbox (badness 10000) in paragraph at lines 748--749
\OT1/cmr/m/n/12 sep-a-rate

Underfull \hbox (badness 10000) in paragraph at lines 748--749
\OT1/cmr/m/n/12 do-main

Underfull \hbox (badness 2150) in paragraph at lines 749--749
[]|\OT1/cmr/m/n/12 Operational de-

Underfull \hbox (badness 10000) in paragraph at lines 750--751
[]|\OT1/cmr/m/n/12 Independent re-view,

Underfull \hbox (badness 10000) in paragraph at lines 750--751
\OT1/cmr/m/n/12 change con-trol, mon-i-

Underfull \hbox (badness 4752) in paragraph at lines 750--751
\OT1/cmr/m/n/12 tor-ing, roll-back, data/-

Underfull \hbox (badness 10000) in paragraph at lines 750--751
\OT1/cmr/m/n/12 sta-bil-ity, and on-go-ing

Underfull \hbox (badness 10000) in paragraph at lines 752--752
[]|\OT1/cmr/m/n/12 Assuming chapter-level

Underfull \hbox (badness 10000) in paragraph at lines 752--752
\OT1/cmr/m/n/12 math-e-mat-ics alone is

Underfull \hbox (badness 10000) in paragraph at lines 753--754
[]|\OT1/cmr/m/n/12 Requires

Underfull \hbox (badness 3826) in paragraph at lines 753--754
\OT1/cmr/m/n/12 a sep-a-rate

Underfull \hbox (badness 10000) in paragraph at lines 753--754
\OT1/cmr/m/n/12 op-er-a-tional

Overfull \hbox (17.705pt too wide) has occurred while \output is active
\OT1/cmr/m/n/12 294 \OT1/cmr/m/sl/12 CHAPTER 31.  DPF LITERATURE-TO-DEBUGGING V
ERIFICATION CONTRACT
[294]) (./chapters/ch20_filter_choice.tex [295]
Chapter 32.
[296]
Overfull \hbox (13.3968pt too wide) in paragraph at lines 65--66
\OT1/cmr/m/n/12 principal-square-root deriva-tive route, us-ing the his-tor-i-c
al eigen-deriva-tive/SVD branch
) [297] [298] (./chapters/ch33_highdim_nonlinear_filtering_foundations.tex
Chapter 33.

Overfull \hbox (9.09616pt too wide) in paragraph at lines 48--50
 []\OT1/cmr/bx/n/12 Running quadratic-observation cell.[] \OT1/cmr/m/n/12 The s
ame teach-ing ex-am-ple will be used through
[299]
Underfull \hbox (badness 10000) in paragraph at lines 79--79
[]|\OT1/cmr/m/n/10.95 One-step pre-dic-tive like-li-hood
[300] [301] [302] [303]
Overfull \hbox (39.26727pt too wide) detected at line 479
[]
[304] [305] [306]
Overfull \hbox (9.87534pt too wide) in paragraph at lines 756--761
[][]\OT1/cmr/bx/n/12 Proposition 33.4 \OT1/cmr/m/n/12 (Dis-crete--time like-li-
hood sen-si-tiv-ity re-cur-sion)\OT1/cmr/bx/n/12 . []\OT1/cmr/m/it/12 Un-der As
-sump-tion [][]33.1[][],

Overfull \hbox (17.76286pt too wide) in paragraph at lines 775--779
[]\OT1/cmr/m/n/12 This re-cur-sion is the an-a-lyt-i-cal ob-ject needed by Chap
-ter [][]39[][]. An automatic-differentiation

Overfull \hbox (10.41348pt too wide) has occurred while \output is active
\OT1/cmr/m/sl/12 33.3.  ANALYTICAL LIKELIHOOD-GRADIENT AND FILTERING SENSITIVIT
IES \OT1/cmr/m/n/12 307
[307]
Overfull \hbox (5.36063pt too wide) detected at line 817
[]

Overfull \hbox (41.97708pt too wide) detected at line 833
[]

Overfull \hbox (149.02919pt too wide) detected at line 856
[]
[308]
Overfull \hbox (7.2032pt too wide) detected at line 968
[]
[309] [310] [311] [312]
Overfull \hbox (1.87334pt too wide) in paragraph at lines 1238--1241
[]\OT1/cmr/m/n/12 Density/PDE for-mu-la-tions re-quire mass, pos-i-tiv-ity, bou
nd-ary, and reg-u-lar-ity checks.
[313]
Overfull \hbox (1.60382pt too wide) in paragraph at lines 1256--1256
[]|\OT1/cmr/m/n/8 Approximation

Underfull \hbox (badness 10000) in paragraph at lines 1257--1257
[]|\OT1/cmr/m/n/8 Promotion

Overfull \hbox (17.66794pt too wide) in paragraph at lines 1257--1258
[]|\OT1/cmr/m/n/8 Citation/derivation

Underfull \hbox (badness 10000) in paragraph at lines 1260--1260
[]|\OT1/cmr/m/n/8 Conditional

Underfull \hbox (badness 10000) in paragraph at lines 1261--1261
[]|\OT1/cmr/m/n/8 mean-only or

Underfull \hbox (badness 10000) in paragraph at lines 1261--1262
[]|\OT1/cmr/m/n/8 mass, pos-i-tiv-

Underfull \hbox (badness 10000) in paragraph at lines 1261--1262
\OT1/cmr/m/n/8 ity, ref-er-ence

Underfull \hbox (badness 5832) in paragraph at lines 1262--1262
[]|\OT1/cmr/m/n/8 state di-

Underfull \hbox (badness 10000) in paragraph at lines 1262--1262
[]|\OT1/cmr/m/n/8 law se-man-

Underfull \hbox (badness 1796) in paragraph at lines 1264--1264
[]|$\OML/cmm/m/it/8 Z[] \OT1/cmr/m/n/8 = \OML/cmm/m/it/8 p\OT1/cmr/m/n/8 (\OML/
cmm/m/it/8 y[] \OMS/cmsy/m/n/8 j

Underfull \hbox (badness 10000) in paragraph at lines 1264--1265
[]|\OT1/cmr/m/n/8 quadrature,

Underfull \hbox (badness 5064) in paragraph at lines 1264--1265
\OT1/cmr/m/n/8 Monte Carlo,

Underfull \hbox (badness 10000) in paragraph at lines 1264--1265
\OT1/cmr/m/n/8 ten-sor/PDE

Underfull \hbox (badness 10000) in paragraph at lines 1265--1265
[]|\OT1/cmr/m/n/8 wrong like-li-

Underfull \hbox (badness 10000) in paragraph at lines 1265--1265
[]|\OT1/cmr/m/n/8 finite pos-i-

Underfull \hbox (badness 10000) in paragraph at lines 1266--1266
[]|\OT1/cmr/m/n/8 integral

Underfull \hbox (badness 10000) in paragraph at lines 1266--1266
[]|\OT1/cmr/m/n/8 scalar like-

Underfull \hbox (badness 10000) in paragraph at lines 1266--1266
\OT1/cmr/m/n/8 li-hood re-

Underfull \hbox (badness 10000) in paragraph at lines 1268--1268
[]|\OT1/cmr/m/n/8 Likelihood

Underfull \hbox (badness 6961) in paragraph at lines 1269--1269
[]|\OT1/cmr/m/n/8 gradient of a

Underfull \hbox (badness 10000) in paragraph at lines 1269--1270
[]|\OT1/cmr/m/n/8 finite-difference

Underfull \hbox (badness 10000) in paragraph at lines 1269--1270
\OT1/cmr/m/n/8 par-ity, same-

Underfull \hbox (badness 10000) in paragraph at lines 1270--1270
[]|\OT1/cmr/m/n/8 filter-

Underfull \hbox (badness 10000) in paragraph at lines 1270--1270
\OT1/cmr/m/n/8 gradient

Underfull \hbox (badness 10000) in paragraph at lines 1270--1270
[]|\OT1/cmr/m/n/8 value and

Underfull \hbox (badness 10000) in paragraph at lines 1270--1270
\OT1/cmr/m/n/8 gra-di-ent

Overfull \hbox (5.5511pt too wide) in paragraph at lines 1271--1272
[]|\OT1/cmr/m/n/8 Proposition [][]33.4[][]| 

Underfull \hbox (badness 10000) in paragraph at lines 1272--1272
[]|\OT1/cmr/m/n/8 DMZ/PDE

Underfull \hbox (badness 10000) in paragraph at lines 1272--1272
[]|\OT1/cmr/m/n/8 unnormalized

Underfull \hbox (badness 10000) in paragraph at lines 1272--1273
[]|\OT1/cmr/m/n/8 spatial dis-

Underfull \hbox (badness 10000) in paragraph at lines 1272--1273
\OT1/cmr/m/n/8 cretiza-tion,

Underfull \hbox (badness 10000) in paragraph at lines 1272--1273
\OT1/cmr/m/n/8 op-er-a-tor

Underfull \hbox (badness 10000) in paragraph at lines 1273--1273
[]|\OT1/cmr/m/n/8 mass, bound-

Underfull \hbox (badness 1565) in paragraph at lines 1273--1274
[]|\OT1/cmr/m/n/8 residual, mass,

Underfull \hbox (badness 10000) in paragraph at lines 1273--1274
\OT1/cmr/m/n/8 pos-i-tiv-ity,

Underfull \hbox (badness 10000) in paragraph at lines 1273--1274
\OT1/cmr/m/n/8 bound-ary

Underfull \hbox (badness 10000) in paragraph at lines 1274--1274
[]|\OT1/cmr/m/n/8 source as-

Underfull \hbox (badness 10000) in paragraph at lines 1274--1274
\OT1/cmr/m/n/8 sump-tions

Underfull \hbox (badness 10000) in paragraph at lines 1275--1276
[]|[][]\OT1/cmr/m/n/8 Davis[][] [[][]1980[][]],
) (./chapters/ch34_highdim_gaussian_projection_and_point_rule_foundations.tex
[314]
Chapter 34.
[315]
Overfull \hbox (89.31276pt too wide) has occurred while \output is active
\OT1/cmr/m/n/12 316 \OT1/cmr/m/sl/12 CHAPTER 34.  DETERMINISTIC GAUSSIAN PROJEC
TION AND POINT-RULE FOUNDATIONS
[316] [317]
Overfull \hbox (89.31276pt too wide) has occurred while \output is active
\OT1/cmr/m/n/12 318 \OT1/cmr/m/sl/12 CHAPTER 34.  DETERMINISTIC GAUSSIAN PROJEC
TION AND POINT-RULE FOUNDATIONS
[318]
Overfull \hbox (11.57782pt too wide) in paragraph at lines 315--315
[]\OT1/cmr/bx/n/17.28 Exports To Sparse-Grid Spe-cial-iza-tion And Later
) (./chapters/ch35_highdim_sparse_grid_quadrature_and_fixed_cloud_scalar.tex
[319]
Overfull \hbox (89.31276pt too wide) has occurred while \output is active
\OT1/cmr/m/n/12 320 \OT1/cmr/m/sl/12 CHAPTER 34.  DETERMINISTIC GAUSSIAN PROJEC
TION AND POINT-RULE FOUNDATIONS
[320]
Chapter 35.
[321]
Overfull \hbox (14.81763pt too wide) in paragraph at lines 112--115
\OT1/cmr/m/n/12 The chap-ter fixes the odd-point standard-normal GHQ lad-der as
 its con-crete one-dimensional

Overfull \hbox (154.47713pt too wide) detected at line 122
[][][]\OML/cmm/m/it/12 I[] \OT1/cmr/m/n/12 = []\OML/cmm/m/it/12 ;  I[] \OT1/cmr
/m/n/12 = []\OML/cmm/m/it/12 ;  I[] \OT1/cmr/m/n/12 = []\OML/cmm/m/it/12 ;
[322] [323] [324]
Overfull \hbox (36.64975pt too wide) detected at line 316
[][][]\OT1/cmr/m/n/12 10 [] [][]\OMS/cmsy/m/n/12 ! \OT1/cmr/m/n/12 7 [] [][]\OM
S/cmsy/m/n/12 ! \OT1/cmr/m/n/12 6 []\OML/cmm/m/it/12 :
[325]
Overfull \hbox (122.09415pt too wide) in paragraph at lines 359--365
\OT1/cmr/m/n/12 this sec-tion is a stored cloud builder rou-tine of the form \O
T1/cmtt/m/n/12 build[]fixed[]sparse[]grid[]cloud($\OT1/cmr/m/n/12 (\OML/cmm/m/i
t/12 b; L; \OMS/cmsy/m/n/12 f\OML/cmm/m/it/12 I[]\OMS/cmsy/m/n/12 g\OML/cmm/m/i
t/12 ; ^^\[]; ^^\[]\OT1/cmr/m/n/12 )$\OT1/cmtt/m/n/12 )

Overfull \hbox (56.03583pt too wide) detected at line 396
[][][][][]
[326]
Overfull \hbox (4.8357pt too wide) in paragraph at lines 423--427
[]\OT1/cmr/m/n/12 Chapter [][]40[][] may im-port only the de-clared Gaussian-pr
ojection de-fect, point-explosion
) (./chapters/ch35b_highdim_fixed_cloud_filtering_and_sgqf_validation.tex
[327]
Chapter 36.
[328]
Overfull \hbox (0.63177pt too wide) in paragraph at lines 73--79
\OT1/cmr/m/n/12 After [], BayesFil-ter sym-metrizes $\OML/cmm/m/it/12 P[]$ \OT1
/cmr/m/n/12 and checks the de-clared positive-definite branch.
[329]
Overfull \hbox (137.68306pt too wide) has occurred while \output is active
\OT1/cmr/m/n/12 330 \OT1/cmr/m/sl/12 CHAPTER 36.  FIXED-CLOUD FILTERING, SAME-B
RANCH SGQF, AND LANE-SPECIFIC VALIDATION
[330] [331]
Overfull \hbox (137.68306pt too wide) has occurred while \output is active
\OT1/cmr/m/n/12 332 \OT1/cmr/m/sl/12 CHAPTER 36.  FIXED-CLOUD FILTERING, SAME-B
RANCH SGQF, AND LANE-SPECIFIC VALIDATION
[332] [333]
Overfull \hbox (137.68306pt too wide) has occurred while \output is active
\OT1/cmr/m/n/12 334 \OT1/cmr/m/sl/12 CHAPTER 36.  FIXED-CLOUD FILTERING, SAME-B
RANCH SGQF, AND LANE-SPECIFIC VALIDATION
[334] (/usr/share/texlive/texmf-dist/tex/latex/amsfonts/ueuf.fd)
Overfull \hbox (435.33475pt too wide) detected at line 604
[][][]\U/euf/m/n/12 B[] \OT1/cmr/m/n/12 = \OMS/cmsy/m/n/12 fC[]\OML/cmm/m/it/12
 ;  [];  [];  [];  [];  [];  [];  []\OMS/cmsy/m/n/12 g\OML/cmm/m/it/12 :
[335]
Overfull \hbox (211.66898pt too wide) detected at line 638
[][][][][]

Overfull \hbox (99.3027pt too wide) in paragraph at lines 665--668
 []\OT1/cmr/bx/n/12 Implementation-facing FD check-list.[] \OT1/cmr/m/n/12 A ro
u-tine of the form \OT1/cmtt/m/n/12 same[]scalar[]fd[]check($\OML/cmm/m/it/12 i
; h[]; ^^R; \U/euf/m/n/12 B[]$\OT1/cmtt/m/n/12 )

Overfull \hbox (137.68306pt too wide) has occurred while \output is active
\OT1/cmr/m/n/12 336 \OT1/cmr/m/sl/12 CHAPTER 36.  FIXED-CLOUD FILTERING, SAME-B
RANCH SGQF, AND LANE-SPECIFIC VALIDATION
[336]
Overfull \hbox (207.07246pt too wide) detected at line 764
[][][]\OMS/cmsy/m/n/12 R[] \OT1/cmr/m/n/12 = \OMS/cmsy/m/n/12 f\OML/cmm/m/it/12
 M[];  [];  [] ^^U\OT1/cmr/m/n/12 (\OML/cmm/m/it/12 P[]\OT1/cmr/m/n/12 )\OML/cm
m/m/it/12 ;  [] ^^U\OT1/cmr/m/n/12 (\OML/cmm/m/it/12 S[]\OT1/cmr/m/n/12 )\OML/c
mm/m/it/12 ;  [] ^^U\OT1/cmr/m/n/12 (\OML/cmm/m/it/12 P[]\OT1/cmr/m/n/12 )\OML/
cmm/m/it/12 ;  [];  [];  [];  []\OMS/cmsy/m/n/12 g\OML/cmm/m/it/12 :
[337]
Overfull \hbox (45.40488pt too wide) detected at line 775
[][][][] \OT1/cmr/m/n/12 = []

Underfull \hbox (badness 10000) in paragraph at lines 796--796
[]|\OT1/cmr/m/n/10.95 standardized sparse-grid

Underfull \hbox (badness 3229) in paragraph at lines 798--798
[]|\OT1/cmr/m/n/10.95 covariance fac-tors on de-

Underfull \hbox (badness 4316) in paragraph at lines 799--800
[]|\OT1/cmr/m/n/10.95 transition value and

Underfull \hbox (badness 10000) in paragraph at lines 803--803
[]|\OT1/cmr/m/n/10.95 Gaussian pro-jec-tion mo-

Underfull \hbox (badness 3009) in paragraph at lines 803--803
[]|$\OML/cmm/m/it/10.95 n[]$\OT1/cmr/m/n/10.95 , $\OML/cmm/m/it/10.95 n[] \OMS/
cmsy/m/n/10.95 ^^B \OML/cmm/m/it/10.95 n[]$\OT1/cmr/m/n/10.95 ,

Underfull \hbox (badness 10000) in paragraph at lines 804--805
[]|\OT1/cmr/m/n/10.95 likelihood, up-date,

Underfull \hbox (badness 10000) in paragraph at lines 808--809
[]|\OT1/cmr/m/n/10.95 value and gra-di-ent

Underfull \hbox (badness 1721) in paragraph at lines 809--809
[]|\OT1/cmr/m/n/10.95 cloud, rules, merge tol-er-

Underfull \hbox (badness 1616) in paragraph at lines 809--809
\OT1/cmr/m/n/10.95 then-veto rule, thresh-olds,

Underfull \hbox (badness 3407) in paragraph at lines 809--809
\OT1/cmr/m/n/10.95 ac-cept-ed/-fail-ure stage-time

Underfull \vbox (badness 10000) has occurred while \output is active
Overfull \hbox (137.68306pt too wide) has occurred while \output is active
\OT1/cmr/m/n/12 338 \OT1/cmr/m/sl/12 CHAPTER 36.  FIXED-CLOUD FILTERING, SAME-B
RANCH SGQF, AND LANE-SPECIFIC VALIDATION
[338] [339]
Underfull \hbox (badness 10000) in paragraph at lines 916--917
[]|\OT1/cmr/m/n/10.95 removes ac-cu-mu-lated numerical-zero

Underfull \hbox (badness 10000) in paragraph at lines 920--920
[]|\OT1/cmr/m/n/10.95 finite-difference rel-a-

Underfull \hbox (badness 10000) in paragraph at lines 921--921
[]|\OT1/cmr/m/n/10.95 maximum branch-

Overfull \hbox (137.68306pt too wide) has occurred while \output is active
\OT1/cmr/m/n/12 340 \OT1/cmr/m/sl/12 CHAPTER 36.  FIXED-CLOUD FILTERING, SAME-B
RANCH SGQF, AND LANE-SPECIFIC VALIDATION
[340]
Underfull \hbox (badness 10000) in paragraph at lines 962--962
[]\OT1/cmr/m/n/12 Check the weight-sum in-vari-ant. If it fails, re-turn $\OMS/
cmsy/m/n/12 F \OT1/cmr/m/n/12 =
[341]) (./chapters/ch36_highdim_low_rank_density_filters_and_kr_maps.tex
Overfull \hbox (137.68306pt too wide) has occurred while \output is active
\OT1/cmr/m/n/12 342 \OT1/cmr/m/sl/12 CHAPTER 36.  FIXED-CLOUD FILTERING, SAME-B
RANCH SGQF, AND LANE-SPECIFIC VALIDATION
[342]
Chapter 37.
[343]
Overfull \hbox (41.43549pt too wide) has occurred while \output is active
\OT1/cmr/m/n/12 344 \OT1/cmr/m/sl/12 CHAPTER 37.  LOW-RANK DENSITY FILTERS, KR 
MAPS, AND RETAINED OBJECTS
[344]
Overfull \hbox (20.89111pt too wide) has occurred while \output is active
\OT1/cmr/m/sl/12 37.5.  COORDINATE SYSTEMS, CONDITIONAL MAPS, AND RETAINED OBJE
CTS \OT1/cmr/m/n/12 345
[345]
Overfull \hbox (41.43549pt too wide) has occurred while \output is active
\OT1/cmr/m/n/12 346 \OT1/cmr/m/sl/12 CHAPTER 37.  LOW-RANK DENSITY FILTERS, KR 
MAPS, AND RETAINED OBJECTS
[346]
Overfull \hbox (4.40985pt too wide) in paragraph at lines 311--311
[]\OT1/cmr/bx/n/17.28 Tensor-Network Kalman And Square-Root Cau-
[347])
(./chapters/ch36b_highdim_squared_tt_recursion_and_fixed_branch_likelihoods.tex

Overfull \hbox (41.43549pt too wide) has occurred while \output is active
\OT1/cmr/m/n/12 348 \OT1/cmr/m/sl/12 CHAPTER 37.  LOW-RANK DENSITY FILTERS, KR 
MAPS, AND RETAINED OBJECTS
[348]
Chapter 38.

Overfull \hbox (10.19765pt too wide) in paragraph at lines 35--35
[]\OT1/cmr/bx/n/17.28 Squared-TT Fil-ter-ing Ob-ject And Re-cur-sive Clo-

Underfull \vbox (badness 10000) has occurred while \output is active [349]
Overfull \hbox (5.14679pt too wide) in paragraph at lines 44--49
\OT1/cmr/m/n/12 The ex-act adjacent-state tar-get is a many-variable func-tion 
rather than a finite-dimensional

Overfull \hbox (107.18758pt too wide) has occurred while \output is active
\OT1/cmr/m/n/12 350 \OT1/cmr/m/sl/12 CHAPTER 38.  SQUARED-TT RECURSION AND FIXE
D-BRANCH LIKELIHOOD CONSTRUCTION
[350] [351]
Overfull \hbox (107.18758pt too wide) has occurred while \output is active
\OT1/cmr/m/n/12 352 \OT1/cmr/m/sl/12 CHAPTER 38.  SQUARED-TT RECURSION AND FIXE
D-BRANCH LIKELIHOOD CONSTRUCTION
[352]
Overfull \hbox (178.92273pt too wide) detected at line 377
[][][][] \OT1/cmr/m/n/12 = [] + [] + [] + []\OML/cmm/m/it/12 :
[353]
Overfull \hbox (107.18758pt too wide) has occurred while \output is active
\OT1/cmr/m/n/12 354 \OT1/cmr/m/sl/12 CHAPTER 38.  SQUARED-TT RECURSION AND FIXE
D-BRANCH LIKELIHOOD CONSTRUCTION
[354] [355]
Overfull \hbox (107.18758pt too wide) has occurred while \output is active
\OT1/cmr/m/n/12 356 \OT1/cmr/m/sl/12 CHAPTER 38.  SQUARED-TT RECURSION AND FIXE
D-BRANCH LIKELIHOOD CONSTRUCTION
[356] [357]
Overfull \hbox (107.18758pt too wide) has occurred while \output is active
\OT1/cmr/m/n/12 358 \OT1/cmr/m/sl/12 CHAPTER 38.  SQUARED-TT RECURSION AND FIXE
D-BRANCH LIKELIHOOD CONSTRUCTION
[358]
Underfull \hbox (badness 4096) in paragraph at lines 777--777
[]|\OT1/cmr/m/n/12 Nonpositive tar-get for

Underfull \hbox (badness 1590) in paragraph at lines 779--779
[]|\OT1/cmr/m/n/12 Finite-difference branch

Underfull \hbox (badness 1377) in paragraph at lines 779--779
\OT1/cmr/m/n/12 ure path dif-fer across $\OML/cmm/m/it/12 ^^L \OMS/cmsy/m/n/12 
^^@
[359])
(./chapters/ch37_highdim_fixed_branch_likelihoods_and_same_scalar_gradients.tex

Overfull \hbox (107.18758pt too wide) has occurred while \output is active
\OT1/cmr/m/n/12 360 \OT1/cmr/m/sl/12 CHAPTER 38.  SQUARED-TT RECURSION AND FIXE
D-BRANCH LIKELIHOOD CONSTRUCTION
[360]
Chapter 39.

Overfull \hbox (9.7122pt too wide) in paragraph at lines 33--35
[]$\OMS/cmsy/m/n/12 H[]\OT1/cmr/m/n/12 (\OML/cmm/m/it/12 ^^R\OT1/cmr/m/n/12 )$ 
con-tains the parameter-dependent nu-mer-i-cal val-ues re-com-puted on that bra
nch, 
[361]
Overfull \hbox (1.98186pt too wide) in paragraph at lines 108--108
[]\OT1/cmr/bx/n/17.28 Finite-Difference Con-tract And Branch-Validity

Overfull \hbox (113.28755pt too wide) has occurred while \output is active
\OT1/cmr/m/n/12 362 \OT1/cmr/m/sl/12 CHAPTER 39.  FIXED-BRANCH APPROXIMATE LIKE
LIHOODS AND SAME-SCALAR GRADIENTS
[362]
Overfull \hbox (6.6955pt too wide) in paragraph at lines 139--141
 []\OT1/cmr/bx/n/12 Copied-core and branch-identity au-dit pro-to-col.[] \OT1/c
mr/m/n/12 The op-er-a-tional di-ag-nos-tic should
[363]
Underfull \hbox (badness 4242) in paragraph at lines 214--215
[]|$[][] \OT1/cmr/m/n/12 = \OML/cmm/m/it/12 J[]\OT1/cmr/m/n/12 ([][]\OML/cmm/m/
it/12 f[]g[] \OT1/cmr/m/n/12 + [][]\OML/cmm/m/it/12 g[] \OT1/cmr/m/n/12 +

Overfull \hbox (113.28755pt too wide) has occurred while \output is active
\OT1/cmr/m/n/12 364 \OT1/cmr/m/sl/12 CHAPTER 39.  FIXED-BRANCH APPROXIMATE LIKE
LIHOODS AND SAME-SCALAR GRADIENTS
[364]
Overfull \hbox (51.19658pt too wide) has occurred while \output is active
\OT1/cmr/m/sl/12 39.5.  VALUE PATH, DERIVATIVE PATH, AND WHAT IS ACTUALLY DIFFE
RENTIATED \OT1/cmr/m/n/12 365
[365]
Overfull \hbox (113.28755pt too wide) has occurred while \output is active
\OT1/cmr/m/n/12 366 \OT1/cmr/m/sl/12 CHAPTER 39.  FIXED-BRANCH APPROXIMATE LIKE
LIHOODS AND SAME-SCALAR GRADIENTS
[366]
Overfull \hbox (8.35983pt too wide) in paragraph at lines 473--473
[]\OT1/cmr/bx/n/17.28 Approximate Tar-gets, Exact-Target Cor-rec-tions,

Overfull \hbox (96.58759pt too wide) has occurred while \output is active
\OT1/cmr/m/sl/12 39.6.  APPROXIMATE TARGETS, EXACT-TARGET CORRECTIONS, AND HMC 
ADMISSIBILITY \OT1/cmr/m/n/12 367
[367]) (./chapters/ch38_highdim_validation_defect_calculus_and_promotion.tex
Overfull \hbox (113.28755pt too wide) has occurred while \output is active
\OT1/cmr/m/n/12 368 \OT1/cmr/m/sl/12 CHAPTER 39.  FIXED-BRANCH APPROXIMATE LIKE
LIHOODS AND SAME-SCALAR GRADIENTS
[368]
Chapter 40.
[369]
Overfull \hbox (17.6179pt too wide) in paragraph at lines 50--50
[]\OT1/cmr/bx/n/17.28 Finite-Difference Ver-i-fi-ca-tion As The First Shared

Overfull \hbox (14.52165pt too wide) has occurred while \output is active
\OT1/cmr/m/n/12 370 \OT1/cmr/m/sl/12 CHAPTER 40.  VALIDATION, DEFECT CALCULUS, 
AND METHOD PROMOTION
[370]
Underfull \hbox (badness 10000) in paragraph at lines 135--136
[]|\OT1/cmr/m/n/8 Exported di-ag-nos-

Underfull \hbox (badness 2495) in paragraph at lines 139--140
[]|\OT1/cmr/m/n/8 conditional law, nor-

Underfull \hbox (badness 10000) in paragraph at lines 140--141
[]|\OT1/cmr/m/n/8 wrong tar-get, miss-ing

Underfull \hbox (badness 7540) in paragraph at lines 141--141
\OT1/cmr/m/n/8 i-tiv-ity, same-scalar

Underfull \hbox (badness 1406) in paragraph at lines 148--149
[]|\OT1/cmr/m/n/8 merge mis-match, signed-

Underfull \hbox (badness 10000) in paragraph at lines 149--150
\OT1/cmr/m/n/8 branch-valid FD,

Underfull \hbox (badness 10000) in paragraph at lines 149--150
\OT1/cmr/m/n/8 minimum-eigenvalue

Underfull \hbox (badness 4505) in paragraph at lines 149--150
\OT1/cmr/m/n/8 veto, cloud re-pro-

Underfull \hbox (badness 10000) in paragraph at lines 150--152
[]|\OT1/cmr/m/n/8 deterministic Gaus-

Underfull \hbox (badness 1019) in paragraph at lines 153--154
[]|\OT1/cmr/m/n/8 support fail-ure, Ja-co-bian

Underfull \hbox (badness 2744) in paragraph at lines 153--154
\OT1/cmr/m/n/8 mis-match, rank/se-man-tic

Underfull \hbox (badness 10000) in paragraph at lines 154--154
[]|\OT1/cmr/m/n/8 support/logdet,

Underfull \hbox (badness 10000) in paragraph at lines 156--157
[]|\OT1/cmr/m/n/8 fixed-branch TT/KR

Underfull \hbox (badness 10000) in paragraph at lines 156--157
\OT1/cmr/m/n/8 scalar, stored-field

Underfull \hbox (badness 10000) in paragraph at lines 157--158
[]|\OT1/cmr/m/n/8 wrong saved ob-ject,

Underfull \hbox (badness 4954) in paragraph at lines 157--158
\OT1/cmr/m/n/8 branch-identity loss, in-

Underfull \hbox (badness 10000) in paragraph at lines 158--159
[]|\OT1/cmr/m/n/8 stored-field au-dit,

Underfull \hbox (badness 10000) in paragraph at lines 158--159
\OT1/cmr/m/n/8 retained-marginal

Underfull \hbox (badness 10000) in paragraph at lines 159--160
[]|\OT1/cmr/m/n/8 operational mid-dle

Underfull \hbox (badness 3364) in paragraph at lines 161--161
\OT1/cmr/m/n/8 ver-gences, in-valid trans-

Underfull \hbox (badness 1194) in paragraph at lines 161--162
[]|\OT1/cmr/m/n/8 scalar par-ity, fi-nite

Underfull \hbox (badness 10000) in paragraph at lines 161--162
\OT1/cmr/m/n/8 sup-port-/-Ja-co-bian,

Underfull \hbox (badness 4819) in paragraph at lines 162--163
[]|\OT1/cmr/m/n/8 downstream sam-pler
[371]
Overfull \hbox (6.10307pt too wide) in paragraph at lines 233--243
 []\OT1/cmr/bx/n/12 Benchmark-specific in-ter-pre-ta-tion.[] \OT1/cmr/m/n/12 Th
e bench-mark ledger should stay ex-plicit about

Overfull \hbox (14.52165pt too wide) has occurred while \output is active
\OT1/cmr/m/n/12 372 \OT1/cmr/m/sl/12 CHAPTER 40.  VALIDATION, DEFECT CALCULUS, 
AND METHOD PROMOTION
[372]
Overfull \hbox (24.47234pt too wide) detected at line 300
[][][]\OML/cmm/m/it/12 V[] \OT1/cmr/m/n/12 = \OT1/cmr/bx/n/12 1\OMS/cmsy/m/n/12
 f\OML/cmm/m/it/12 B\OT1/cmr/m/n/12 (\OML/cmm/m/it/12 ^^L \OT1/cmr/m/n/12 + \OM
L/cmm/m/it/12 h\OT1/cmr/m/n/12 ) \OMS/cmsy/m/n/12 6\OT1/cmr/m/n/12 = \OML/cmm/m
/it/12 B\OT1/cmr/m/n/12 (\OML/cmm/m/it/12 ^^L\OT1/cmr/m/n/12 ) [] \OML/cmm/m/it
/12 B\OT1/cmr/m/n/12 (\OML/cmm/m/it/12 ^^L \OMS/cmsy/m/n/12 ^^@ \OML/cmm/m/it/1
2 h\OT1/cmr/m/n/12 ) \OMS/cmsy/m/n/12 6\OT1/cmr/m/n/12 = \OML/cmm/m/it/12 B\OT1
/cmr/m/n/12 (\OML/cmm/m/it/12 ^^L\OT1/cmr/m/n/12 ) []\OMS/cmsy/m/n/12 g\OML/cmm
/m/it/12 :
[373]
Overfull \hbox (14.52165pt too wide) has occurred while \output is active
\OT1/cmr/m/n/12 374 \OT1/cmr/m/sl/12 CHAPTER 40.  VALIDATION, DEFECT CALCULUS, 
AND METHOD PROMOTION
[374]
Overfull \hbox (26.75392pt too wide) in paragraph at lines 375--375
[]\OT1/cmr/bx/n/17.28 Defect 2: Fixed-Box Row De-signs Col-lapse Against
[375]
Overfull \hbox (14.52165pt too wide) has occurred while \output is active
\OT1/cmr/m/n/12 376 \OT1/cmr/m/sl/12 CHAPTER 40.  VALIDATION, DEFECT CALCULUS, 
AND METHOD PROMOTION
[376] [377]
Overfull \hbox (53.53732pt too wide) in paragraph at lines 594--601
\OT1/cmr/m/n/12 ues eval-u-ate [] di-rectly (di-ag-nos-tic script \OT1/cmtt/m/n
/12 check[]reference[]domain[]selection[]20260823.py\OT1/cmr/m/n/12 ).

Overfull \hbox (14.52165pt too wide) has occurred while \output is active
\OT1/cmr/m/n/12 378 \OT1/cmr/m/sl/12 CHAPTER 40.  VALIDATION, DEFECT CALCULUS, 
AND METHOD PROMOTION
[378] [379]
Overfull \hbox (14.52165pt too wide) has occurred while \output is active
\OT1/cmr/m/n/12 380 \OT1/cmr/m/sl/12 CHAPTER 40.  VALIDATION, DEFECT CALCULUS, 
AND METHOD PROMOTION
[380] [381]
Overfull \hbox (14.52165pt too wide) has occurred while \output is active
\OT1/cmr/m/n/12 382 \OT1/cmr/m/sl/12 CHAPTER 40.  VALIDATION, DEFECT CALCULUS, 
AND METHOD PROMOTION
[382] [383]
Overfull \hbox (22.75829pt too wide) in paragraph at lines 1068--1081
 [] 

Overfull \hbox (14.52165pt too wide) has occurred while \output is active
\OT1/cmr/m/n/12 384 \OT1/cmr/m/sl/12 CHAPTER 40.  VALIDATION, DEFECT CALCULUS, 
AND METHOD PROMOTION
[384] [385])
Overfull \hbox (14.52165pt too wide) has occurred while \output is active
\OT1/cmr/m/n/12 386 \OT1/cmr/m/sl/12 CHAPTER 40.  VALIDATION, DEFECT CALCULUS, 
AND METHOD PROMOTION
[386] [387] (./chapters/ch21_hmc_for_state_space.tex
Chapter 41.
[388] [389]) (./chapters/ch21b_hmc_tuning_interfaces.tex [390]
Chapter 42.

Overfull \hbox (6.56288pt too wide) in paragraph at lines 27--33
[]\OT1/cmr/m/n/12 The ca-pa-bil-ity reg-istry $\OT1/cmtt/m/n/12 HMC _ TUNING _ 
INTERFACE _ CAPABILITIES$ \OT1/cmr/m/n/12 iden-ti-fies the sup-ported
(/usr/share/texlive/texmf-dist/tex/latex/listings/lstlang1.sty)
(./examples/hmc_tuning_route_selection.py [391])
Underfull \vbox (badness 1292) has occurred while \output is active [392]
Overfull \hbox (25.45012pt too wide) in paragraph at lines 96--106
[]\OT1/cmr/m/n/12 An op-tional fi-nite startup probe is avail-able through $\OT
1/cmtt/m/n/12 HMCKernelTuningConfig(bootstrap _
[393] [394]
Overfull \hbox (5.36368pt too wide) in paragraph at lines 183--194
[]\OT1/cmr/m/n/12 The op-tional $\OT1/cmtt/m/n/12 metric _ probe _ num _ result
s$ \OT1/cmr/m/n/12 ex-tends each of the four in-de-pen-dent metric-
(./examples/hmc_tuning_covariance_first.py [395]
Underfull \vbox (badness 10000) has occurred while \output is active [396])
Overfull \hbox (28.25664pt too wide) in paragraph at lines 214--222
\OT1/cmr/m/n/12 ac-tual post-warmup start bank. The nu-mer-i-cal fac-tory $\OT1
/cmtt/m/n/12 bind _ hmc _ candidate _ set _ execution _
[397] [398]
Overfull \hbox (2.5301pt too wide) has occurred while \output is active
\OT1/cmr/m/sl/12 42.4.  ACCEPTANCE, NUMERICAL HEALTH, AND POSTERIOR DIAGNOSTICS
 \OT1/cmr/m/n/12 399
[399] [400] (./examples/hmc_tuning_fixed_transport.py [401])
Overfull \hbox (28.70445pt too wide) in paragraph at lines 462--469
$\OT1/cmtt/m/n/12 bind _ neural _ force _ hmc _ tuning _ runner$ \OT1/cmr/m/n/1
2 binds a de-clared position-only field to its coordinate-

Overfull \hbox (118.78334pt too wide) in paragraph at lines 462--469
\OT1/cmr/m/n/12 consistent end-point po-ten-tial. The pub-lic fa-cade ac-cepts 
that bind-ing with $\OT1/cmtt/m/n/12 TensorFlowHMCKernelTuningConfig$\OT1/cmr/m
/n/12 .
(./examples/hmc_tuning_neural_force_binding.py [402]
Underfull \vbox (badness 10000) has occurred while \output is active [403]
Underfull \vbox (badness 10000) has occurred while \output is active [404])
Overfull \hbox (11.97737pt too wide) in paragraph at lines 515--521
$\OT1/cmtt/m/n/12 verified _ candidate _ ids$ \OT1/cmr/m/n/12 re-tains ev-ery v
er-i-fied mem-ber with no im-plicit nom-i-nee. $\OT1/cmtt/m/n/12 viable _

Overfull \hbox (14.50671pt too wide) in paragraph at lines 543--550
[]\OT1/cmr/m/n/12 Before frozen ex-e-cu-tion ex-ists, $\OT1/cmtt/m/n/12 prepara
tion _ progress . json$ \OT1/cmr/m/n/12 records prepa-ra-tion phases,

Overfull \hbox (0.27277pt too wide) in paragraph at lines 551--564
[]\OT1/cmr/m/n/12 Call bud-gets count at-tempted work. Can-di-date reser-va-tio
ns pro-tect manda-tory stages;
[405]
Overfull \hbox (18.6808pt too wide) in paragraph at lines 620--628
\OT1/cmr/m/n/12 pact mem-ber files. Copy the bun-dle when mov-ing the mem-bers,
 or use $\OT1/cmtt/m/n/12 runner . export(path ,[]
[406] (./examples/hmc_tuning_ordinary.py)
(./examples/hmc_candidate_set_retained.py [407]
Underfull \vbox (badness 10000) has occurred while \output is active [408]
Underfull \vbox (badness 10000) has occurred while \output is active [409]
Underfull \vbox (badness 10000) has occurred while \output is active [410])
[411] [412]
Overfull \hbox (10.63037pt too wide) in paragraph at lines 753--794
\OT1/cmr/m/n/12 mented in $\OT1/cmtt/m/n/12 docs / plans / bayesfilter-[]infere
nce-[]validation-[]24h-[]result-[]2026-[]09-[]16 .

Underfull \vbox (badness 1270) has occurred while \output is active [413]
[414] [415] (./generated/inference_validation_coverage.tex [416] [417] [418]
[419]) (./generated/hmc_tuning_route_table.tex [420] [421] [422] [423] [424]
[425] [426])) (./chapters/ch22_mass_matrices.tex [427]
Chapter 43.
[428]
Overfull \hbox (157.55728pt too wide) in paragraph at lines 52--54
[]\OT1/cmr/m/n/12 Historical stage sched-ules use this sum-mary to al-lo-cate l
o-cal work through \OT1/cmtt/m/n/12 HMCGeometryScaledBudgetTimingPolicy\OT1/cmr
/m/n/12 .
[429] [430]) (./chapters/ch23_boundary_gradients.tex [431] [432]
Chapter 44.
[433]) (./chapters/ch23b_obc_discontinuous_gradient_hmc.tex [434]
Chapter 45.
[435] [436] [437] [438] [439] [440]

Package hyperref Warning: Token not allowed in a PDF string (Unicode):
(hyperref)                removing `math shift' on input line 252.


Package hyperref Warning: Token not allowed in a PDF string (Unicode):
(hyperref)                removing `\succeq' on input line 252.


Package hyperref Warning: Token not allowed in a PDF string (Unicode):
(hyperref)                removing `math shift' on input line 252.

[441] [442]
Overfull \hbox (16.64816pt too wide) in paragraph at lines 308--309
[]\OT1/cmr/m/n/12 The ex-e-cuted tar-get was filter-free joint HMC over la-tent
 states, not UKF-marginalized. 
[443] [444] [445] [446] [447] [448]
Overfull \hbox (2.07877pt too wide) in paragraph at lines 520--521
\OT1/cmr/m/n/12 smoothed oc-ca-sion-ally bind-ing con-straints cre-ate gra-di-e
nt dis-con-ti-nu-ities when
[449] [450]) (./chapters/ch24_xla_jit.tex [451]
Chapter 46.

Overfull \hbox (2.31145pt too wide) in paragraph at lines 4--8
\OT1/cmr/m/n/12 sam-pler is not fully com-piled merely be-cause an outer func-t
ion is wrapped in \OT1/cmtt/m/n/12 tf.function\OT1/cmr/m/n/12 .
[452]) (./chapters/ch25_diagnostics.tex [453]
Chapter 47.
[454] [455] [456] (./examples/hmc_posterior_precision.py [457]
Underfull \vbox (badness 10000) has occurred while \output is active [458])
Underfull \vbox (badness 10000) has occurred while \output is active [459])
(./chapters/ch26_transport_surrogates.tex [460]
Chapter 48.
[461]) (./chapters/ch26b_neutra_transport_hmc.tex [462] [463]
Chapter 49.
[464] [465] [466] [467] [468] [469] [470] [471] [472] [473] [474] [475]
[476] [477] [478]) (./chapters/ch26c_hnn_surrogate_hmc.tex [479] [480]
Chapter 50.
[481] [482] [483] [484] [485] [486] [487] [488] [489]
Underfull \hbox (badness 10000) in paragraph at lines 715--716
[]|\OT1/cmr/m/n/10.95 Unsupported

Underfull \hbox (badness 10000) in paragraph at lines 719--720
[]|\OT1/cmr/m/n/10.95 Unsupported

Underfull \hbox (badness 10000) in paragraph at lines 722--723
[]|\OT1/cmr/m/n/10.95 None be-yond

Underfull \hbox (badness 10000) in paragraph at lines 722--723
\OT1/cmr/m/n/10.95 finite-run con-ver-

Underfull \hbox (badness 10000) in paragraph at lines 724--724
[]|\OT1/cmr/m/n/10.95 Exact for the fixed-

Underfull \hbox (badness 10000) in paragraph at lines 724--725
[]|\OT1/cmr/m/n/10.95 Pseudo-marginal

Underfull \hbox (badness 10000) in paragraph at lines 725--725
[]|\OT1/cmr/m/n/10.95 Relaxed or

Underfull \hbox (badness 10000) in paragraph at lines 725--725
\OT1/cmr/m/n/10.95 learned fil-ter

Underfull \hbox (badness 10000) in paragraph at lines 725--725
[]|\OT1/cmr/m/n/10.95 Exact for the re-

Underfull \hbox (badness 10000) in paragraph at lines 725--726
[]|\OT1/cmr/m/n/10.95 Original-filter

Underfull \hbox (badness 10000) in paragraph at lines 725--726
\OT1/cmr/m/n/10.95 or latent-model

Underfull \hbox (badness 1389) in paragraph at lines 726--727
[]|\OT1/cmr/m/n/10.95 Naive HMC with

Underfull \hbox (badness 10000) in paragraph at lines 726--727
\OT1/cmr/m/n/10.95 fresh es-ti-ma-tor

Underfull \hbox (badness 5985) in paragraph at lines 727--727
[]|\OT1/cmr/m/n/10.95 Fresh noisy log

Underfull \hbox (badness 10000) in paragraph at lines 727--728
[]|\OT1/cmr/m/n/10.95 Deterministic or

Underfull \hbox (badness 10000) in paragraph at lines 727--728
\OT1/cmr/m/n/10.95 pseudo-marginal
[490] [491] [492] [493] [494] [495]) [496] [497]
(./chapters/ch27_lgssm_validation.tex
Chapter 51.
[498]) (./chapters/ch28_nonlinear_ssm_validation.tex [499]
Chapter 52.
[500] [501] [502])
(./chapters/ch28a_neural_network_state_space_model_applications.tex [503]
Chapter 53.
[504] [505] [506] [507] [508]
Overfull \hbox (12.04987pt too wide) in paragraph at lines 378--378
[]\OT1/cmr/bx/n/17.28 Dependence-Aware Es-ti-ma-tion of Pre-dic-tive Fea-
[509]
Overfull \hbox (6.99261pt too wide) in paragraph at lines 457--459
[]\OT1/cmr/m/n/12 The prospec-tive re-place-ment is the chain-aware Bartlett/Ne
wey--West es-ti-ma-tor [[][]Newey
[510] [511] [512] [513] [514]
Overfull \hbox (2.6649pt too wide) in paragraph at lines 787--797
\OT1/cmr/m/n/12 lytic score, finite-difference, round-trip, se-ri-al-iza-tion, 
scalar/-batch, and trusted GPU/XLA
[515] [516]
Underfull \hbox (badness 2376) in paragraph at lines 913--914
[]|\OT1/cmr/m/n/12 Does the im-ple-men-ta-tion

Underfull \hbox (badness 10000) in paragraph at lines 913--914
\OT1/cmr/m/n/12 eval-u-ate the in-tended

Underfull \hbox (badness 10000) in paragraph at lines 914--917
[]|\OT1/cmr/m/n/12 Equation-to-code checks,

Underfull \hbox (badness 10000) in paragraph at lines 914--917
\OT1/cmr/m/n/12 de-ter-min-is-tic re-cur-sions,

Underfull \hbox (badness 3701) in paragraph at lines 914--917
\OT1/cmr/m/n/12 linear-Gaussian fore-cast or-

Underfull \hbox (badness 10000) in paragraph at lines 914--917
\OT1/cmr/m/n/12 a-cles, scalar/-batch par-ity,

Underfull \hbox (badness 10000) in paragraph at lines 917--921
[]|\OT1/cmr/m/n/12 Native di-ver-gence teleme-

Underfull \hbox (badness 3158) in paragraph at lines 917--921
\OT1/cmr/m/n/12 try, fi-nite log prob-a-bil-i-ties

Underfull \hbox (badness 7379) in paragraph at lines 917--921
\OT1/cmr/m/n/12 and gra-di-ents, ac-cep-tance,

Underfull \hbox (badness 6526) in paragraph at lines 917--921
\OT1/cmr/m/n/12 move-ment, chain-aware R-

Underfull \hbox (badness 10000) in paragraph at lines 921--921
[]|\OT1/cmr/m/n/12 Predictive-

Underfull \hbox (badness 10000) in paragraph at lines 921--921
\OT1/cmr/m/n/12 functional equiv-a-

Underfull \hbox (badness 10000) in paragraph at lines 922--925
[]|\OT1/cmr/m/n/12 Simultaneous mean/log-

Underfull \hbox (badness 4168) in paragraph at lines 922--925
\OT1/cmr/m/n/12 variance equiv-a-lence, joint-

Underfull \hbox (badness 10000) in paragraph at lines 922--925
\OT1/cmr/m/n/12 path characteristic-function
[517] [518] [519] [520 <./plans/artifacts/ssl-lstm-neutra-2026-07-14/phase-8-pr
edictive-design/direct-visual-validation/ssl-lstm-launch-traces-z.png (PNG copy
)> <./plans/artifacts/ssl-lstm-neutra-2026-07-14/phase-8-predictive-design/dire
ct-visual-validation/ssl-lstm-launch-traces-theta.png (PNG copy)>] [521 <./plan
s/artifacts/ssl-lstm-neutra-2026-07-14/phase-8-predictive-design/direct-visual-
validation/ssl-lstm-predictive-fans.png (PNG copy)>] [522 <./plans/artifacts/ss
l-lstm-neutra-2026-07-14/phase-8-predictive-design/direct-visual-validation/ssl
-lstm-moment-differences.png (PNG copy)> <./plans/artifacts/ssl-lstm-neutra-202
6-07-14/phase-8-predictive-design/direct-visual-validation/ssl-lstm-controlled-
calibration.png (PNG copy)>] [523] [524] [525] [526] [527] [528])
(./chapters/ch29_nk_svd_case_study.tex
Chapter 54.
[529]) (./chapters/ch30_cip_afns_case_study.tex [530]
Chapter 55.
[531]) (./chapters/ch31_nawm_design_target.tex [532]
Chapter 56.
) (./chapters/ch32_production_checklist.tex [533] [534]
Chapter 57.
[535] [536]) [537] [538] (./appendices/app_a_notation.tex
Appendix A.
[539]) (./appendices/app_b_matrix_calculus.tex [540]
Appendix B.
) (./appendices/app_c_factor_derivative_proofs.tex [541]
Appendix C.
) (./appendices/app_d_mathdevmcp_workflows.tex [542]
Appendix D.
) (./appendices/app_e_researchassistant_workflows.tex [543]
Appendix E.
[544]) (./appendices/app_f_source_map.tex [545]
Appendix F.
) (./appendices/app_g_experiment_templates.tex [546]
Appendix G.
[547]) [548]
(/home/ubuntu/python/BayesFilter/docs/plans/artifacts/hmc-remaining-gaps-2026-0
9-24/f-r1/book-r2/build/main.bbl
Underfull \hbox (badness 1472) in paragraph at lines 41--47
[]\OT1/cmr/m/n/12 Hadi Mo-hasel Af-shar and Justin Domke.  Re-flec-tion, re-fra
c-tion, and Hamil-to-
[549] [550]
Underfull \hbox (badness 1742) in paragraph at lines 230--235
\OT1/cmr/m/it/12 Jour-nal on Un-cer-tainty Quan-tifi-ca-tion\OT1/cmr/m/n/12 , 9
(4):1603--1633, 2021.  doi: $10 . 1137 /
[551] [552] [553] [554]
Underfull \hbox (badness 2205) in paragraph at lines 564--567
[]\OT1/cmr/m/n/12 Khai Nguyen.  An in-tro-duc-tion to sliced op-ti-mal trans-po
rt.  \OT1/cmr/m/it/12 arXiv preprint
[555] [556]) [557]
(/home/ubuntu/python/BayesFilter/docs/plans/artifacts/hmc-remaining-gaps-2026-0
9-24/f-r1/book-r2/build/main.aux)

LaTeX Warning: Label(s) may have changed. Rerun to get cross-references right.

 )
(see the transcript file for additional information) </home/ubuntu/.texlive2021
/texmf-var/fonts/pk/ljfour/jknappen/ec/tcrm1200.600pk></usr/share/texlive/texmf
-dist/fonts/type1/public/amsfonts/cm/cmbx12.pfb></usr/share/texlive/texmf-dist/
fonts/type1/public/amsfonts/cm/cmbx8.pfb></usr/share/texlive/texmf-dist/fonts/t
ype1/public/amsfonts/cm/cmbxti10.pfb></usr/share/texlive/texmf-dist/fonts/type1
/public/amsfonts/cm/cmex10.pfb></usr/share/texlive/texmf-dist/fonts/type1/publi
c/amsfonts/cmextra/cmex8.pfb></usr/share/texlive/texmf-dist/fonts/type1/public/
amsfonts/cm/cmitt10.pfb></usr/share/texlive/texmf-dist/fonts/type1/public/amsfo
nts/cm/cmmi10.pfb></usr/share/texlive/texmf-dist/fonts/type1/public/amsfonts/cm
/cmmi12.pfb></usr/share/texlive/texmf-dist/fonts/type1/public/amsfonts/cm/cmmi6
.pfb></usr/share/texlive/texmf-dist/fonts/type1/public/amsfonts/cm/cmmi8.pfb></
usr/share/texlive/texmf-dist/fonts/type1/public/amsfonts/cm/cmr10.pfb></usr/sha
re/texlive/texmf-dist/fonts/type1/public/amsfonts/cm/cmr12.pfb></usr/share/texl
ive/texmf-dist/fonts/type1/public/amsfonts/cm/cmr17.pfb></usr/share/texlive/tex
mf-dist/fonts/type1/public/amsfonts/cm/cmr6.pfb></usr/share/texlive/texmf-dist/
fonts/type1/public/amsfonts/cm/cmr7.pfb></usr/share/texlive/texmf-dist/fonts/ty
pe1/public/amsfonts/cm/cmr8.pfb></usr/share/texlive/texmf-dist/fonts/type1/publ
ic/amsfonts/cm/cmsl12.pfb></usr/share/texlive/texmf-dist/fonts/type1/public/ams
fonts/cm/cmss8.pfb></usr/share/texlive/texmf-dist/fonts/type1/public/amsfonts/c
m/cmsy10.pfb></usr/share/texlive/texmf-dist/fonts/type1/public/amsfonts/cm/cmsy
6.pfb></usr/share/texlive/texmf-dist/fonts/type1/public/amsfonts/cm/cmsy8.pfb><
/usr/share/texlive/texmf-dist/fonts/type1/public/amsfonts/cm/cmti12.pfb></usr/s
hare/texlive/texmf-dist/fonts/type1/public/amsfonts/cm/cmtt10.pfb></usr/share/t
exlive/texmf-dist/fonts/type1/public/amsfonts/cm/cmtt12.pfb></usr/share/texlive
/texmf-dist/fonts/type1/public/amsfonts/euler/eufm10.pfb></usr/share/texlive/te
xmf-dist/fonts/type1/public/amsfonts/symbols/msam10.pfb></usr/share/texlive/tex
mf-dist/fonts/type1/public/amsfonts/symbols/msbm10.pfb>
Output written on /home/ubuntu/python/BayesFilter/docs/plans/artifacts/hmc-rema
ining-gaps-2026-09-24/f-r1/book-r2/build/main.pdf (575 pages, 2466514 bytes).
Transcript written on /home/ubuntu/python/BayesFilter/docs/plans/artifacts/hmc-
remaining-gaps-2026-09-24/f-r1/book-r2/build/main.log.
Latexmk: Found input bbl file '/home/ubuntu/python/BayesFilter/docs/plans/artifacts/hmc-remaining-gaps-2026-09-24/f-r1/book-r2/build/main.bbl'
Latexmk: References changed.
Latexmk: Log file says output to '/home/ubuntu/python/BayesFilter/docs/plans/artifacts/hmc-remaining-gaps-2026-09-24/f-r1/book-r2/build/main.pdf'
Latexmk: Examining '/home/ubuntu/python/BayesFilter/docs/plans/artifacts/hmc-remaining-gaps-2026-09-24/f-r1/book-r2/build/main.log'
=== TeX engine is 'pdfTeX'
Latexmk: Found bibliography file(s) [references.bib]
Rule 'bibtex /home/ubuntu/python/BayesFilter/docs/plans/artifacts/hmc-remaining-gaps-2026-09-24/f-r1/book-r2/build/main': File changes, etc:
   Changed files, or newly in use since previous run(s):
      '/home/ubuntu/python/BayesFilter/docs/plans/artifacts/hmc-remaining-gaps-2026-09-24/f-r1/book-r2/build/main.aux'
------------
Run number 3 of rule 'bibtex /home/ubuntu/python/BayesFilter/docs/plans/artifacts/hmc-remaining-gaps-2026-09-24/f-r1/book-r2/build/main'
------------
Latexmk: applying rule 'bibtex /home/ubuntu/python/BayesFilter/docs/plans/artifacts/hmc-remaining-gaps-2026-09-24/f-r1/book-r2/build/main'...
------------
Running 'bibtex  "main.aux"'
------------
Latexmk: Change directory to '/home/ubuntu/python/BayesFilter/docs/plans/artifacts/hmc-remaining-gaps-2026-09-24/f-r1/book-r2/build/'.
To assist finding of files in document
directory, I set
  BIBINPUTS='/home/ubuntu/python/BayesFilter/docs/plans/artifacts/hmc-remaining-gaps-2026-09-24/f-r1/book-r2/docs:/home/ubuntu/python/BayesFilter/docs/plans/artifacts/hmc-remaining-gaps-2026-09-24/f-r1/book-r2/build:'
  BSTINPUTS='/home/ubuntu/python/BayesFilter/docs/plans/artifacts/hmc-remaining-gaps-2026-09-24/f-r1/book-r2/docs:'.
This is BibTeX, Version 0.99d (TeX Live 2022/dev/Debian)
The top-level auxiliary file: main.aux
The style file: plainnat.bst
Database file #1: references.bib
Rule 'pdflatex': File changes, etc:
   Changed files, or newly in use since previous run(s):
      '/home/ubuntu/python/BayesFilter/docs/plans/artifacts/hmc-remaining-gaps-2026-09-24/f-r1/book-r2/build/main.aux'
      '/home/ubuntu/python/BayesFilter/docs/plans/artifacts/hmc-remaining-gaps-2026-09-24/f-r1/book-r2/build/main.toc'
------------
Run number 4 of rule 'pdflatex'
------------
------------
Running 'pdflatex  -interaction=nonstopmode -halt-on-error -recorder -output-directory="/home/ubuntu/python/BayesFilter/docs/plans/artifacts/hmc-remaining-gaps-2026-09-24/f-r1/book-r2/build"  "main.tex"'
------------
Latexmk: Change directory back to '/home/ubuntu/python/BayesFilter/docs/plans/artifacts/hmc-remaining-gaps-2026-09-24/f-r1/book-r2/docs'
Latexmk: applying rule 'pdflatex'...
This is pdfTeX, Version 3.141592653-2.6-1.40.22 (TeX Live 2022/dev/Debian) (preloaded format=pdflatex)
 restricted \write18 enabled.
entering extended mode
(./main.tex
LaTeX2e <2021-11-15> patch level 1
L3 programming layer <2022-01-21>
(/usr/share/texlive/texmf-dist/tex/latex/base/book.cls
Document Class: book 2021/10/04 v1.4n Standard LaTeX document class
(/usr/share/texlive/texmf-dist/tex/latex/base/bk12.clo)) (./preamble.tex
(/usr/share/texlive/texmf-dist/tex/latex/geometry/geometry.sty
(/usr/share/texlive/texmf-dist/tex/latex/graphics/keyval.sty)
(/usr/share/texlive/texmf-dist/tex/generic/iftex/ifvtex.sty
(/usr/share/texlive/texmf-dist/tex/generic/iftex/iftex.sty)))
(/usr/share/texlive/texmf-dist/tex/latex/amsmath/amsmath.sty
For additional information on amsmath, use the `?' option.
(/usr/share/texlive/texmf-dist/tex/latex/amsmath/amstext.sty
(/usr/share/texlive/texmf-dist/tex/latex/amsmath/amsgen.sty))
(/usr/share/texlive/texmf-dist/tex/latex/amsmath/amsbsy.sty)
(/usr/share/texlive/texmf-dist/tex/latex/amsmath/amsopn.sty))
(/usr/share/texlive/texmf-dist/tex/latex/amsfonts/amssymb.sty
(/usr/share/texlive/texmf-dist/tex/latex/amsfonts/amsfonts.sty))
(/usr/share/texlive/texmf-dist/tex/latex/amscls/amsthm.sty)
(/usr/share/texlive/texmf-dist/tex/latex/tools/bm.sty)
(/usr/share/texlive/texmf-dist/tex/latex/mathtools/mathtools.sty
(/usr/share/texlive/texmf-dist/tex/latex/tools/calc.sty)
(/usr/share/texlive/texmf-dist/tex/latex/mathtools/mhsetup.sty))
(/usr/share/texlive/texmf-dist/tex/latex/booktabs/booktabs.sty)
(/usr/share/texlive/texmf-dist/tex/latex/tools/longtable.sty)
(/usr/share/texlive/texmf-dist/tex/latex/tools/array.sty)
(/usr/share/texlive/texmf-dist/tex/latex/enumitem/enumitem.sty)
(/usr/share/texlive/texmf-dist/tex/latex/placeins/placeins.sty)
(/usr/share/texlive/texmf-dist/tex/latex/graphics/graphicx.sty
(/usr/share/texlive/texmf-dist/tex/latex/graphics/graphics.sty
(/usr/share/texlive/texmf-dist/tex/latex/graphics/trig.sty)
(/usr/share/texlive/texmf-dist/tex/latex/graphics-cfg/graphics.cfg)
(/usr/share/texlive/texmf-dist/tex/latex/graphics-def/pdftex.def)))
(/usr/share/texlive/texmf-dist/tex/latex/pgf/frontendlayer/tikz.sty
(/usr/share/texlive/texmf-dist/tex/latex/pgf/basiclayer/pgf.sty
(/usr/share/texlive/texmf-dist/tex/latex/pgf/utilities/pgfrcs.sty
(/usr/share/texlive/texmf-dist/tex/generic/pgf/utilities/pgfutil-common.tex
(/usr/share/texlive/texmf-dist/tex/generic/pgf/utilities/pgfutil-common-lists.t
ex)) (/usr/share/texlive/texmf-dist/tex/generic/pgf/utilities/pgfutil-latex.def
) (/usr/share/texlive/texmf-dist/tex/generic/pgf/utilities/pgfrcs.code.tex
(/usr/share/texlive/texmf-dist/tex/generic/pgf/pgf.revision.tex)))
(/usr/share/texlive/texmf-dist/tex/latex/pgf/basiclayer/pgfcore.sty
(/usr/share/texlive/texmf-dist/tex/latex/pgf/systemlayer/pgfsys.sty
(/usr/share/texlive/texmf-dist/tex/generic/pgf/systemlayer/pgfsys.code.tex
(/usr/share/texlive/texmf-dist/tex/generic/pgf/utilities/pgfkeys.code.tex
(/usr/share/texlive/texmf-dist/tex/generic/pgf/utilities/pgfkeysfiltered.code.t
ex)) (/usr/share/texlive/texmf-dist/tex/generic/pgf/systemlayer/pgf.cfg)
(/usr/share/texlive/texmf-dist/tex/generic/pgf/systemlayer/pgfsys-pdftex.def
(/usr/share/texlive/texmf-dist/tex/generic/pgf/systemlayer/pgfsys-common-pdf.de
f)))
(/usr/share/texlive/texmf-dist/tex/generic/pgf/systemlayer/pgfsyssoftpath.code.
tex)
(/usr/share/texlive/texmf-dist/tex/generic/pgf/systemlayer/pgfsysprotocol.code.
tex)) (/usr/share/texlive/texmf-dist/tex/latex/xcolor/xcolor.sty
(/usr/share/texlive/texmf-dist/tex/latex/graphics-cfg/color.cfg))
(/usr/share/texlive/texmf-dist/tex/generic/pgf/basiclayer/pgfcore.code.tex
(/usr/share/texlive/texmf-dist/tex/generic/pgf/math/pgfmath.code.tex
(/usr/share/texlive/texmf-dist/tex/generic/pgf/math/pgfmathcalc.code.tex
(/usr/share/texlive/texmf-dist/tex/generic/pgf/math/pgfmathutil.code.tex)
(/usr/share/texlive/texmf-dist/tex/generic/pgf/math/pgfmathparser.code.tex)
(/usr/share/texlive/texmf-dist/tex/generic/pgf/math/pgfmathfunctions.code.tex
(/usr/share/texlive/texmf-dist/tex/generic/pgf/math/pgfmathfunctions.basic.code
.tex)
(/usr/share/texlive/texmf-dist/tex/generic/pgf/math/pgfmathfunctions.trigonomet
ric.code.tex)
(/usr/share/texlive/texmf-dist/tex/generic/pgf/math/pgfmathfunctions.random.cod
e.tex)
(/usr/share/texlive/texmf-dist/tex/generic/pgf/math/pgfmathfunctions.comparison
.code.tex)
(/usr/share/texlive/texmf-dist/tex/generic/pgf/math/pgfmathfunctions.base.code.
tex)
(/usr/share/texlive/texmf-dist/tex/generic/pgf/math/pgfmathfunctions.round.code
.tex)
(/usr/share/texlive/texmf-dist/tex/generic/pgf/math/pgfmathfunctions.misc.code.
tex)
(/usr/share/texlive/texmf-dist/tex/generic/pgf/math/pgfmathfunctions.integerari
thmetics.code.tex)))
(/usr/share/texlive/texmf-dist/tex/generic/pgf/math/pgfmathfloat.code.tex))
(/usr/share/texlive/texmf-dist/tex/generic/pgf/math/pgfint.code.tex)
(/usr/share/texlive/texmf-dist/tex/generic/pgf/basiclayer/pgfcorepoints.code.te
x)
(/usr/share/texlive/texmf-dist/tex/generic/pgf/basiclayer/pgfcorepathconstruct.
code.tex)
(/usr/share/texlive/texmf-dist/tex/generic/pgf/basiclayer/pgfcorepathusage.code
.tex)
(/usr/share/texlive/texmf-dist/tex/generic/pgf/basiclayer/pgfcorescopes.code.te
x)
(/usr/share/texlive/texmf-dist/tex/generic/pgf/basiclayer/pgfcoregraphicstate.c
ode.tex)
(/usr/share/texlive/texmf-dist/tex/generic/pgf/basiclayer/pgfcoretransformation
s.code.tex)
(/usr/share/texlive/texmf-dist/tex/generic/pgf/basiclayer/pgfcorequick.code.tex
)
(/usr/share/texlive/texmf-dist/tex/generic/pgf/basiclayer/pgfcoreobjects.code.t
ex)
(/usr/share/texlive/texmf-dist/tex/generic/pgf/basiclayer/pgfcorepathprocessing
.code.tex)
(/usr/share/texlive/texmf-dist/tex/generic/pgf/basiclayer/pgfcorearrows.code.te
x)
(/usr/share/texlive/texmf-dist/tex/generic/pgf/basiclayer/pgfcoreshade.code.tex
)
(/usr/share/texlive/texmf-dist/tex/generic/pgf/basiclayer/pgfcoreimage.code.tex

(/usr/share/texlive/texmf-dist/tex/generic/pgf/basiclayer/pgfcoreexternal.code.
tex))
(/usr/share/texlive/texmf-dist/tex/generic/pgf/basiclayer/pgfcorelayers.code.te
x)
(/usr/share/texlive/texmf-dist/tex/generic/pgf/basiclayer/pgfcoretransparency.c
ode.tex)
(/usr/share/texlive/texmf-dist/tex/generic/pgf/basiclayer/pgfcorepatterns.code.
tex)
(/usr/share/texlive/texmf-dist/tex/generic/pgf/basiclayer/pgfcorerdf.code.tex))
)
(/usr/share/texlive/texmf-dist/tex/generic/pgf/modules/pgfmoduleshapes.code.tex
) (/usr/share/texlive/texmf-dist/tex/generic/pgf/modules/pgfmoduleplot.code.tex
)
(/usr/share/texlive/texmf-dist/tex/latex/pgf/compatibility/pgfcomp-version-0-65
.sty)
(/usr/share/texlive/texmf-dist/tex/latex/pgf/compatibility/pgfcomp-version-1-18
.sty)) (/usr/share/texlive/texmf-dist/tex/latex/pgf/utilities/pgffor.sty
(/usr/share/texlive/texmf-dist/tex/latex/pgf/utilities/pgfkeys.sty
(/usr/share/texlive/texmf-dist/tex/generic/pgf/utilities/pgfkeys.code.tex))
(/usr/share/texlive/texmf-dist/tex/latex/pgf/math/pgfmath.sty
(/usr/share/texlive/texmf-dist/tex/generic/pgf/math/pgfmath.code.tex))
(/usr/share/texlive/texmf-dist/tex/generic/pgf/utilities/pgffor.code.tex
(/usr/share/texlive/texmf-dist/tex/generic/pgf/math/pgfmath.code.tex)))
(/usr/share/texlive/texmf-dist/tex/generic/pgf/frontendlayer/tikz/tikz.code.tex

(/usr/share/texlive/texmf-dist/tex/generic/pgf/libraries/pgflibraryplothandlers
.code.tex)
(/usr/share/texlive/texmf-dist/tex/generic/pgf/modules/pgfmodulematrix.code.tex
)
(/usr/share/texlive/texmf-dist/tex/generic/pgf/frontendlayer/tikz/libraries/tik
zlibrarytopaths.code.tex)))
(/usr/share/texlive/texmf-dist/tex/generic/pgf/libraries/pgflibraryarrows.meta.
code.tex)
(/usr/share/texlive/texmf-dist/tex/generic/pgf/frontendlayer/tikz/libraries/tik
zlibrarycalc.code.tex)
(/usr/share/texlive/texmf-dist/tex/generic/pgf/frontendlayer/tikz/libraries/tik
zlibrarypositioning.code.tex)
(/usr/share/texlive/texmf-dist/tex/latex/hyperref/hyperref.sty
(/usr/share/texlive/texmf-dist/tex/generic/ltxcmds/ltxcmds.sty)
(/usr/share/texlive/texmf-dist/tex/generic/pdftexcmds/pdftexcmds.sty
(/usr/share/texlive/texmf-dist/tex/generic/infwarerr/infwarerr.sty))
(/usr/share/texlive/texmf-dist/tex/generic/kvsetkeys/kvsetkeys.sty)
(/usr/share/texlive/texmf-dist/tex/generic/kvdefinekeys/kvdefinekeys.sty)
(/usr/share/texlive/texmf-dist/tex/generic/pdfescape/pdfescape.sty)
(/usr/share/texlive/texmf-dist/tex/latex/hycolor/hycolor.sty)
(/usr/share/texlive/texmf-dist/tex/latex/letltxmacro/letltxmacro.sty)
(/usr/share/texlive/texmf-dist/tex/latex/auxhook/auxhook.sty)
(/usr/share/texlive/texmf-dist/tex/latex/kvoptions/kvoptions.sty)
(/usr/share/texlive/texmf-dist/tex/latex/hyperref/pd1enc.def)
(/usr/share/texlive/texmf-dist/tex/latex/hyperref/hyperref-langpatches.def)
(/usr/share/texlive/texmf-dist/tex/generic/intcalc/intcalc.sty)
(/usr/share/texlive/texmf-dist/tex/generic/etexcmds/etexcmds.sty)
(/usr/share/texlive/texmf-dist/tex/latex/hyperref/puenc.def)
(/usr/share/texlive/texmf-dist/tex/latex/url/url.sty)
(/usr/share/texlive/texmf-dist/tex/generic/bitset/bitset.sty
(/usr/share/texlive/texmf-dist/tex/generic/bigintcalc/bigintcalc.sty))
(/usr/share/texlive/texmf-dist/tex/latex/base/atbegshi-ltx.sty))
(/usr/share/texlive/texmf-dist/tex/latex/hyperref/hpdftex.def
(/usr/share/texlive/texmf-dist/tex/latex/base/atveryend-ltx.sty)
(/usr/share/texlive/texmf-dist/tex/latex/rerunfilecheck/rerunfilecheck.sty
(/usr/share/texlive/texmf-dist/tex/generic/uniquecounter/uniquecounter.sty)))
(/usr/share/texlive/texmf-dist/tex/latex/natbib/natbib.sty)
(/usr/share/texlive/texmf-dist/tex/latex/mdframed/mdframed.sty
(/usr/share/texlive/texmf-dist/tex/latex/l3packages/xparse/xparse.sty
(/usr/share/texlive/texmf-dist/tex/latex/l3kernel/expl3.sty
(/usr/share/texlive/texmf-dist/tex/latex/l3backend/l3backend-pdftex.def)))
(/usr/share/texlive/texmf-dist/tex/latex/etoolbox/etoolbox.sty)
(/usr/share/texlive/texmf-dist/tex/latex/zref/zref-abspage.sty
(/usr/share/texlive/texmf-dist/tex/latex/zref/zref-base.sty))
(/usr/share/texlive/texmf-dist/tex/latex/needspace/needspace.sty)
(/usr/share/texlive/texmf-dist/tex/latex/mdframed/md-frame-0.mdf))
(/usr/share/texlive/texmf-dist/tex/latex/algorithms/algorithm.sty
(/usr/share/texlive/texmf-dist/tex/latex/float/float.sty)
(/usr/share/texlive/texmf-dist/tex/latex/base/ifthen.sty))
(/usr/share/texlive/texmf-dist/tex/latex/algorithmicx/algpseudocode.sty
(/usr/share/texlive/texmf-dist/tex/latex/algorithmicx/algorithmicx.sty
Document Style algorithmicx 1.2 - a greatly improved `algorithmic' style
)
Document Style - pseudocode environments for use with the `algorithmicx' style
) (/usr/share/texlive/texmf-dist/tex/latex/listings/listings.sty
(/usr/share/texlive/texmf-dist/tex/latex/listings/lstmisc.sty)
(/usr/share/texlive/texmf-dist/tex/latex/listings/listings.cfg)))
(/home/ubuntu/python/BayesFilter/docs/plans/artifacts/hmc-remaining-gaps-2026-0
9-24/f-r1/book-r2/build/main.aux)
*geometry* driver: auto-detecting
*geometry* detected driver: pdftex
(/usr/share/texlive/texmf-dist/tex/context/base/mkii/supp-pdf.mkii
[Loading MPS to PDF converter (version 2006.09.02).]
) (/usr/share/texlive/texmf-dist/tex/latex/epstopdf-pkg/epstopdf-base.sty
(/usr/share/texlive/texmf-dist/tex/latex/latexconfig/epstopdf-sys.cfg))
(/usr/share/texlive/texmf-dist/tex/latex/hyperref/nameref.sty
(/usr/share/texlive/texmf-dist/tex/latex/refcount/refcount.sty)
(/usr/share/texlive/texmf-dist/tex/generic/gettitlestring/gettitlestring.sty))
(/home/ubuntu/python/BayesFilter/docs/plans/artifacts/hmc-remaining-gaps-2026-0
9-24/f-r1/book-r2/build/main.out)
(/home/ubuntu/python/BayesFilter/docs/plans/artifacts/hmc-remaining-gaps-2026-0
9-24/f-r1/book-r2/build/main.out)
(/usr/share/texlive/texmf-dist/tex/latex/amsfonts/umsa.fd)
(/usr/share/texlive/texmf-dist/tex/latex/amsfonts/umsb.fd) [1{/var/lib/texmf/fo
nts/map/pdftex/updmap/pdftex.map}]
(/home/ubuntu/python/BayesFilter/docs/plans/artifacts/hmc-remaining-gaps-2026-0
9-24/f-r1/book-r2/build/main.toc [2] [3] [4] [5] [6] [7] [8] [9] [10] [11]
Overfull \hbox (2.71497pt too wide) in paragraph at lines 564--564
 [][] [][][]\OT1/cmr/m/n/12 Fixed-Branch Ap-prox-i-mate Like-li-hoods Across Th
e Three Op-er-a-tional Lay- 
[12] [13]
Overfull \hbox (2.46931pt too wide) in paragraph at lines 642--642
 [] [][][]\OT1/cmr/bx/n/12 Occasionally Bind-ing Con-straints, Gra-di-ent Dis-c
on-ti-nu-ities, and a Failed 
[14] [15] [16] [17]) [18] [1] (./chapters/ch01_introduction.tex
Chapter 1.
[2]) (./chapters/ch02_state_space_contracts.tex [3]
Chapter 2.

Overfull \hbox (7.30852pt too wide) in paragraph at lines 34--36
\OT1/cmr/m/it/12 data that de-com-poses the la-tent state co-or-di-nates into d
e-clared roles. The min-i-mal BayesFil-
[4] [5]) (./chapters/ch03_hmc_target_requirements.tex [6]
Chapter 3.
[7]) (./chapters/ch04_bayesfilter_api.tex [8]
Chapter 4.

Overfull \hbox (0.90378pt too wide) in paragraph at lines 36--38
\OT1/cmr/m/n/12 The ex-act soft-ware in-ter-face may change, but im-ple-men-ta-
tions should be au-ditable against

Underfull \vbox (badness 3240) has occurred while \output is active [9]
[10]
Overfull \hbox (26.99707pt too wide) in paragraph at lines 104--107
[]\OT1/cmr/bx/n/12 Fail-closed par-ti-tion val-i-da-tion: \OT1/cmr/m/n/12 mixed
 mod-els must de-clare stochas-tic, deterministic-

Overfull \hbox (13.88249pt too wide) in paragraph at lines 125--129
[]\OT1/cmr/m/n/12 DSGE and Macro-Fi-nance adapters should sup-ply model tim-ing
 and eco-nomics. BayesFil-
[11] [12]) [13] [14] [15] (./chapters/ch05_prediction_error_decomposition.tex
Chapter 5.
[16] [17]) (./chapters/ch06_stable_linear_filtering.tex [18]
Chapter 6.
[19] [20]) (./chapters/ch07_missing_data_mixed_frequency.tex [21]
Chapter 7.
[22]) (./chapters/ch08_large_scale_lgssm.tex [23]
Chapter 8.
[24] [25]) [26] [27] [28] (./chapters/ch09_kalman_score.tex
Chapter 9.
[29]) (./chapters/ch10_kalman_hessian.tex [30] [31]
Chapter 10.
[32] [33] [34]) (./chapters/ch11_structural_derivatives.tex [35]
Chapter 11.
[36] [37] [38]) (./chapters/ch12_factor_derivatives.tex [39]
Chapter 12.
[40] [41]
Overfull \hbox (10.90388pt too wide) in paragraph at lines 183--186
\OT1/cmr/m/n/12 The generic for-mu-las above en-ter the fil-ter through stack f
ac-tor-iza-tions. If $\OML/cmm/m/it/12 C[]C[] \OT1/cmr/m/n/12 =
[42] [43]
Overfull \hbox (2.67781pt too wide) in paragraph at lines 339--339
[]\OT1/cmr/bx/n/17.28 Affine-Support Gaus-sian Like-li-hood and Deriva-
) (./chapters/ch13_custom_gradient_wrappers.tex
Overfull \hbox (4.11865pt too wide) in paragraph at lines 358--1
\OT1/cmr/m/n/12 The deriva-tive in-cludes mo-tion of the sup-port ba-sis and th
e in-no-va-tion. A log-determinant-
[44]
Chapter 13.
[45] [46]) (./chapters/ch14_derivative_validation.tex [47]
Chapter 14.
[48] [49] [50]) [51] [52] (./chapters/ch15_ekf.tex
Chapter 15.
[53]) (./chapters/ch16_sigma_point_filters.tex [54]
Chapter 16.
[55] [56] [57]) (./chapters/ch17_square_root_sigma_point.tex [58]
Chapter 17.

Overfull \hbox (19.65202pt too wide) in paragraph at lines 14--21
\OT1/cmr/m/n/12 For a model with sep-a-rate first- and second-order state com-p
o-nents, use \OT1/cmtt/m/n/12 TFPrunedSRUKFModel
[59] [60] [61] [62] [63] [64]) (./chapters/ch18_svd_sigma_point.tex [65]
Chapter 18.
[66] [67] [68] [69] [70] [71] [72] [73]
Overfull \hbox (0.14557pt too wide) in paragraph at lines 804--809
[]\OT1/cmr/m/n/12 The Phase 2026-06 strict-SPD im-ple-men-ta-tion ev-i-dence is
 bounded: re-peated positive-

Overfull \hbox (14.28558pt too wide) in paragraph at lines 804--809
\OT1/cmr/m/n/12 spectrum fix-tures, re-con-struc-tion checks, com-piled val-ue/
s-core smoke, and the two-candidate
[74] [75] [76] [77] [78] [79])
(./chapters/ch18b_structural_deterministic_dynamics.tex [80]
Chapter 19.
[81]
Overfull \hbox (11.80775pt too wide) in paragraph at lines 67--72
\OT1/cmr/m/it/12 To place sigma points on a ran-dom vari-able means to choose w
eighted points $\OMS/cmsy/m/n/12 f\OML/cmm/m/it/12 a[]; w[]; w[]\OMS/cmsy/m/n/1
2 g$

Overfull \hbox (12.278pt too wide) in paragraph at lines 123--128
[]\OT1/cmr/bx/n/12 State-space like-li-hoods and DSGE so-lu-tions. \OT1/cmr/m/n
/12 Stan-dard state-space and Bayesian
[82] [83] [84]
Overfull \hbox (3.5873pt too wide) in paragraph at lines 293--296
[]\OT1/cmr/m/n/12 Return the like-li-hood con-tri-bu-tion, fil-tered ap-prox-i-
ma-tion, and meta-data record-
[85]
Overfull \hbox (25.57852pt too wide) in paragraph at lines 322--324
[]\OT1/cmr/m/n/12 an al-tered tran-si-tion law that in-jects new stochas-tic de
-grees of free-dom into deterministic-
[86] [87] [88]
Overfull \hbox (31.87715pt too wide) in paragraph at lines 536--540
[]\OT1/cmr/bx/n/12 Sigma points. \OT1/cmr/m/n/12 Gen-er-ate $\OMS/cmsy/m/n/12 f
\OML/cmm/m/it/12 a[]; w[]; w[]\OMS/cmsy/m/n/12 g[]$ \OT1/cmr/m/n/12 from $(\OML
/cmm/m/it/12 ^^V[]; P[]\OT1/cmr/m/n/12 )$. Write $\OML/cmm/m/it/12 a[] \OT1/cmr
/m/n/12 = (\OML/cmm/m/it/12 m[]; k[]; "[]\OT1/cmr/m/n/12 )$. 
[89] [90] [91]
Underfull \hbox (badness 10000) in paragraph at lines 806--806
[]|\OT1/cmr/bx/n/12 Standard additive-noise

Underfull \hbox (badness 10000) in paragraph at lines 812--812
[]|\OT1/cmr/m/n/12 Direct pro-cess

Underfull \hbox (badness 1184) in paragraph at lines 814--814
[]|\OT1/cmr/m/n/12 None un-less con-straints are

Underfull \hbox (badness 10000) in paragraph at lines 819--819
[]|\OT1/cmr/m/n/12 SVD/square-root
[92] [93] [94] [95] [96] [97] [98] [99]
Overfull \hbox (11.73978pt too wide) in paragraph at lines 1424--1427
\OT1/cmr/m/n/12 which mixes gen-uine shock-driven vari-a-tion with ar-ti-fi-cia
l per-tur-ba-tions of the deterministic-
[100] [101] [102]
Overfull \hbox (9.63632pt too wide) in paragraph at lines 1668--1670
 []\OT1/cmr/bx/n/12 Deterministic-completion iden-tity.[] \OT1/cmr/m/n/12 Un-de
r []--[], all ad-mis-si-ble la-tent states

Overfull \hbox (1.82225pt too wide) in paragraph at lines 1736--1737
 []\OT1/cmr/bx/n/12 Failure prop-a-ga-tion and observation-side-only er-ror.[] 
\OT1/cmr/m/n/12 Un-der the pre-ced-ing worked
[103] [104] [105] [106] [107]
Overfull \hbox (3.13388pt too wide) in paragraph at lines 2079--2079
[]\OT1/cmr/bx/n/17.28 Structural De-gen-er-acy, Nu-mer-i-cal De-gen-er-acy,

Underfull \hbox (badness 10000) in paragraph at lines 2089--2089
[]|\OT1/cmr/m/n/12 Some la-tent co-or-di-

Underfull \hbox (badness 5607) in paragraph at lines 2089--2089
\OT1/cmr/m/n/12 nates are deterministic-

Underfull \hbox (badness 10000) in paragraph at lines 2089--2089
\OT1/cmr/m/n/12 completion vari-ables

Underfull \hbox (badness 1596) in paragraph at lines 2090--2090
[]|\OT1/cmr/m/n/12 A co-vari-ance or in-no-va-

Underfull \hbox (badness 1117) in paragraph at lines 2090--2091
[]|\OT1/cmr/m/n/12 Use a sta-ble solve, square-

Underfull \hbox (badness 1253) in paragraph at lines 2090--2091
\OT1/cmr/m/n/12 ap-pro-pri-ate to the de-clared

Underfull \hbox (badness 10000) in paragraph at lines 2091--2091
[]|\OT1/cmr/m/n/12 SVD/square-root

Underfull \hbox (badness 10000) in paragraph at lines 2091--2091
[]|\OT1/cmr/m/n/12 A nu-mer-i-cal back-end

Underfull \hbox (badness 10000) in paragraph at lines 2092--2092
[]|\OT1/cmr/m/n/12 Derivative/spectral

Underfull \hbox (badness 10000) in paragraph at lines 2092--2092
[]|\OT1/cmr/m/n/12 Raw au-tod-iff through

Underfull \hbox (badness 10000) in paragraph at lines 2092--2092
\OT1/cmr/m/n/12 spec-tral or fall-back

Underfull \hbox (badness 10000) in paragraph at lines 2092--2093
[]|\OT1/cmr/m/n/12 Requires deriva-tive au-dits,

Underfull \hbox (badness 7540) in paragraph at lines 2092--2093
\OT1/cmr/m/n/12 stress tests, and pos-si-bly
[108] [109] [110] [111] [112] [113] [114]
Overfull \hbox (12.32727pt too wide) in paragraph at lines 2644--2646
[]\OT1/cmr/m/n/12 dimensions and names for the fil-tered state, the de-clared i
n-no-va-tion, and deterministic-
[115] [116]) [117] [118] (./chapters/ch19_particle_filters.tex
Chapter 20.
[119]
Underfull \hbox (badness 1571) in paragraph at lines 98--100
[]|\OT1/cmr/m/n/8 Structural/model pa-ram-e-ter and, in HMC

Underfull \hbox (badness 1005) in paragraph at lines 105--107
[]|\OT1/cmr/m/n/8 Pre- or post-update par-ti-cles, equal-weight

Underfull \hbox (badness 1983) in paragraph at lines 107--107
[]|\OT1/cmr/m/n/8 Weights and em-pir-i-cal

Underfull \hbox (badness 10000) in paragraph at lines 109--110
[]|\OT1/cmr/m/n/8 Unnormalized/normalized weights and

Underfull \hbox (badness 1953) in paragraph at lines 118--118
[]|\OT1/cmr/m/n/8 Flow maps and Ja-co-

Underfull \hbox (badness 1394) in paragraph at lines 157--159
[]|\OT1/cmr/m/n/8 Calling a clo-sure, re-lax-ation, solver, or

Underfull \hbox (badness 1769) in paragraph at lines 159--159
[]|\OT1/cmr/m/n/8 Unbiased par-ti-cle es-ti-

Underfull \hbox (badness 2359) in paragraph at lines 162--163
[]|\OT1/cmr/m/n/8 Inferring un-bi-ased log like-li-hood, score,

Underfull \hbox (badness 10000) in paragraph at lines 163--163
[]|\OT1/cmr/m/n/8 Consistent ap-prox-i-ma-

Underfull \hbox (badness 2495) in paragraph at lines 181--182
[]|\OT1/cmr/m/n/8 Presenting im-ple-men-ta-tion pref-er-ence as
[120] [121]
Overfull \hbox (4.8677pt too wide) in paragraph at lines 243--248
\OT1/cmr/m/n/12 The conditional-independence con-ven-tion of the state-space mo
del re-duces $\OML/cmm/m/it/12 p[]\OT1/cmr/m/n/12 (\OML/cmm/m/it/12 y[] \OMS/cm
sy/m/n/12 j \OML/cmm/m/it/12 x[]; y[]\OT1/cmr/m/n/12 )$
[122]
Overfull \hbox (2.10979pt too wide) in paragraph at lines 360--360
[]\OT1/cmr/bx/n/17.28 Sequential im-por-tance re-sam-pling and the boot-
[123] [124] [125] [126]
Overfull \hbox (13.71985pt too wide) in paragraph at lines 616--624
\OT1/cmr/m/n/12 deeper di-men-sion-al-ity prob-lem. The clas-si-cal lit-er-a-tu
re shows that in many high-dimensional

Underfull \hbox (badness 10000) in paragraph at lines 657--659
[]|\OT1/cmr/m/n/8 Compare pre-dic-tive and

Underfull \hbox (badness 10000) in paragraph at lines 657--659
\OT1/cmr/m/n/8 fil-ter-ing fac-tors against

Underfull \hbox (badness 1910) in paragraph at lines 657--659
\OT1/cmr/m/n/8 a Kalman ref-er-ence in a

Underfull \hbox (badness 10000) in paragraph at lines 659--659
[]|\OT1/cmr/m/n/8 Trajectory im-por-tance

Underfull \hbox (badness 10000) in paragraph at lines 660--660
\OT1/cmr/m/n/8 the spec-i-fied tar-get/pro-

Underfull \hbox (badness 2573) in paragraph at lines 665--665
\OT1/cmr/m/n/8 the de-clared pro-posal and

Underfull \hbox (badness 10000) in paragraph at lines 666--667
[]|\OT1/cmr/m/n/8 Compare bounded test-

Underfull \hbox (badness 1960) in paragraph at lines 669--670
[]|\OT1/cmr/m/n/8 Bootstrap pro-posal; con-di-

Underfull \hbox (badness 1286) in paragraph at lines 675--676
\OT1/cmr/m/n/8 nite; di-ag-nos-tic in-ter-preted

Underfull \hbox (badness 1383) in paragraph at lines 675--676
\OT1/cmr/m/n/8 with model di-men-sion and

Underfull \hbox (badness 10000) in paragraph at lines 679--679
[]|\OT1/cmr/m/n/8 Pathwise gra-di-ent

Underfull \hbox (badness 10000) in paragraph at lines 682--684
[]|\OT1/cmr/m/n/8 Finite-difference a fixed-

Underfull \hbox (badness 2245) in paragraph at lines 682--684
\OT1/cmr/m/n/8 seed re-sam-pled path and

Underfull \hbox (badness 4217) in paragraph at lines 682--684
\OT1/cmr/m/n/8 iden-tify dis-con-ti-nu-ities or

Underfull \hbox (badness 10000) in paragraph at lines 682--684
\OT1/cmr/m/n/8 zero-almost-everywhere
[127]) (./chapters/ch19b_dpf_literature_survey.tex [128]
Chapter 21.

Underfull \vbox (badness 10000) has occurred while \output is active [129]
[130] [131] [132] [133]
Overfull \hbox (4.70761pt too wide) in paragraph at lines 368--372
\OT1/cmr/m/n/12 whose mean and co-vari-ance evo-lu-tion match the Gaus-sian ho-
mo-topy. If $\OML/cmm/m/it/12 X[] \OMS/cmsy/m/n/12 ^^X N\OT1/cmr/m/n/12 (\OML/c
mm/m/it/12 m[]; P[]\OT1/cmr/m/n/12 )$
[134] [135]
Overfull \hbox (2.83334pt too wide) in paragraph at lines 543--546
\OT1/cmr/m/n/12 The lo-cal lin-eariza-tion of the ob-ser-va-tion map near par-t
i-cle $\OML/cmm/m/it/12 x[]$ \OT1/cmr/m/n/12 there-fore pro-duces particle-
[136] [137]
Underfull \hbox (badness 10000) in paragraph at lines 736--736
[]|\OT1/cmr/m/n/10.95 Normalized ho-mo-

Underfull \hbox (badness 6725) in paragraph at lines 739--740
[]|\OT1/cmr/m/n/10.95 exact con-ser-va-tion state-ment

Underfull \hbox (badness 10000) in paragraph at lines 740--742
[]|\OT1/cmr/m/n/10.95 verify trans-ported test-

Underfull \hbox (badness 10000) in paragraph at lines 740--742
\OT1/cmr/m/n/10.95 function mo-ments against

Underfull \hbox (badness 1082) in paragraph at lines 742--744
[]|\OT1/cmr/m/n/10.95 record the cho-sen field and

Underfull \hbox (badness 10000) in paragraph at lines 742--744
\OT1/cmr/m/n/10.95 com-pare al-ter-na-tives on

Underfull \hbox (badness 3942) in paragraph at lines 744--744
[]|\OT1/cmr/m/n/10.95 EDH Gaus-sian clo-

Underfull \hbox (badness 1275) in paragraph at lines 744--745
\OT1/cmr/m/n/10.95 ex-act fil-ter-ing only in linear-

Underfull \hbox (badness 10000) in paragraph at lines 747--748
[]|\OT1/cmr/m/n/10.95 approximate clo-sure us-ing

Underfull \hbox (badness 10000) in paragraph at lines 747--748
\OT1/cmr/m/n/10.95 particle-local Ja-co-bians and

Underfull \hbox (badness 1881) in paragraph at lines 748--750
[]|\OT1/cmr/m/n/10.95 monitor Ja-co-bian con-di-tion-

Underfull \hbox (badness 1484) in paragraph at lines 748--750
\OT1/cmr/m/n/10.95 ing, lo-cal pre-ci-sion spec-tra,

Underfull \hbox (badness 1472) in paragraph at lines 750--750
[]|\OT1/cmr/m/n/10.95 Pseudo-time in-te-gra-

Underfull \vbox (badness 10000) has occurred while \output is active [138])
(./chapters/ch19c_dpf_implementation_literature.tex [139]
Chapter 22.
[140] [141]
Overfull \hbox (45.69102pt too wide) has occurred while \output is active
\OT1/cmr/m/n/12 142 \OT1/cmr/m/sl/12 CHAPTER 22.  PARTICLE-FLOW PARTICLE FILTER
S AND PROPOSAL CORRECTION
[142] [143]
Overfull \hbox (130.15244pt too wide) detected at line 369
[][][][][]

Overfull \hbox (45.69102pt too wide) has occurred while \output is active
\OT1/cmr/m/n/12 144 \OT1/cmr/m/sl/12 CHAPTER 22.  PARTICLE-FLOW PARTICLE FILTER
S AND PROPOSAL CORRECTION
[144] [145]
Overfull \hbox (45.69102pt too wide) has occurred while \output is active
\OT1/cmr/m/n/12 146 \OT1/cmr/m/sl/12 CHAPTER 22.  PARTICLE-FLOW PARTICLE FILTER
S AND PROPOSAL CORRECTION
[146]
Overfull \hbox (2.70668pt too wide) in paragraph at lines 524--527
[]\OT1/cmr/bx/n/12 Forward/inverse sign check\OT1/cmr/m/n/12 : ver-ify that the
 pro-posal den-sity uses $\OMS/cmsy/m/n/12 ^^@ [] j [] \OML/cmm/m/it/12 D\OT1/c
mr/m/n/12 ^^H[]\OMS/cmsy/m/n/12 j$
[147])
Overfull \hbox (45.69102pt too wide) has occurred while \output is active
\OT1/cmr/m/n/12 148 \OT1/cmr/m/sl/12 CHAPTER 22.  PARTICLE-FLOW PARTICLE FILTER
S AND PROPOSAL CORRECTION
[148] [149] (./chapters/ch32a_soft_differentiable_resampling.tex
Chapter 23.
[150] [151] [152]) (./chapters/ch32b_deterministic_ot_equalweighting.tex
[153]
Chapter 24.

Underfull \hbox (badness 3989) in paragraph at lines 47--48
[]|\OT1/cmr/m/n/10.95 What later chap-ters

Underfull \hbox (badness 10000) in paragraph at lines 49--49
[]|\OT1/cmr/m/n/10.95 weighted em-pir-i-cal

Underfull \hbox (badness 10000) in paragraph at lines 49--49
[]|\OT1/cmr/m/n/10.95 deterministic cou-

Underfull \hbox (badness 1990) in paragraph at lines 49--49
\OT1/cmr/m/n/10.95 pling and barycen-

Underfull \hbox (badness 10000) in paragraph at lines 49--49
\OT1/cmr/m/n/10.95 tric equal-weight

Underfull \hbox (badness 7944) in paragraph at lines 50--50
\OT1/cmr/m/n/10.95 ized cou-pling and

Underfull \hbox (badness 2951) in paragraph at lines 50--51
\OT1/cmr/m/n/10.95 is-tic LP by an en-

Underfull \hbox (badness 10000) in paragraph at lines 51--51
\OT1/cmr/m/n/10.95 or target-changing

Underfull \hbox (badness 10000) in paragraph at lines 51--52
[]|\OT1/cmr/m/n/10.95 may pre-serve the

Underfull \hbox (badness 1571) in paragraph at lines 51--52
\OT1/cmr/m/n/10.95 teacher, com-press it,
[154] [155] [156]
Overfull \hbox (132.04547pt too wide) detected at line 207
[][][][][]
[157] [158]) (./chapters/ch32c_entropic_ot_sinkhorn.tex [159]
Chapter 25.
[160]
Overfull \hbox (14.01982pt too wide) in paragraph at lines 51--51
[]\OT1/cmr/bx/n/17.28 Running three-particle cell with en-tropic smooth-
[161]
Overfull \hbox (10.66063pt too wide) in paragraph at lines 166--168
[]\OT1/cmr/m/n/12 For equal-weight barycen-tric out-put, the streamed route sti
ll forms costs of the schematic

Overfull \hbox (7.67172pt too wide) has occurred while \output is active
\OT1/cmr/m/n/12 162 \OT1/cmr/m/sl/12 CHAPTER 25.  ENTROPIC OT, SINKHORN, AND BA
RYCENTRIC PROJECTION
[162] [163]
Overfull \hbox (7.67172pt too wide) has occurred while \output is active
\OT1/cmr/m/n/12 164 \OT1/cmr/m/sl/12 CHAPTER 25.  ENTROPIC OT, SINKHORN, AND BA
RYCENTRIC PROJECTION
[164] [165]
Overfull \hbox (7.67172pt too wide) has occurred while \output is active
\OT1/cmr/m/n/12 166 \OT1/cmr/m/sl/12 CHAPTER 25.  ENTROPIC OT, SINKHORN, AND BA
RYCENTRIC PROJECTION
[166] [167]
Overfull \hbox (7.67172pt too wide) has occurred while \output is active
\OT1/cmr/m/n/12 168 \OT1/cmr/m/sl/12 CHAPTER 25.  ENTROPIC OT, SINKHORN, AND BA
RYCENTRIC PROJECTION
[168] [169]
Overfull \hbox (7.67172pt too wide) has occurred while \output is active
\OT1/cmr/m/n/12 170 \OT1/cmr/m/sl/12 CHAPTER 25.  ENTROPIC OT, SINKHORN, AND BA
RYCENTRIC PROJECTION
[170]
Overfull \hbox (27.51414pt too wide) detected at line 835
[][][]\OML/cmm/m/it/12 D[]\OT1/cmr/m/n/12 (\OML/cmm/m/it/12 Q\OT1/cmr/m/n/12 ) 
= \OML/cmm/m/it/12 w\OT1/cmr/bx/n/12 1[] \OT1/cmr/m/n/12 + [] (\OML/cmm/m/it/12
 W \OMS/cmsy/m/n/12 ^^@ \OML/cmm/m/it/12 ww[]\OT1/cmr/m/n/12 )[]\OML/cmm/m/it/1
2 Q;  Q \OMS/cmsy/m/n/12 2 \U/msb/m/n/12 R[]\OML/cmm/m/it/12 ;  Q[]Q \OT1/cmr/m
/n/12 = \OML/cmm/m/it/12 QQ[] \OT1/cmr/m/n/12 = \OML/cmm/m/it/12 I[];  Q\OT1/cm
r/bx/n/12 1 \OT1/cmr/m/n/12 = \OT1/cmr/bx/n/12 1\OML/cmm/m/it/12 :
[171]
Overfull \hbox (7.67172pt too wide) has occurred while \output is active
\OT1/cmr/m/n/12 172 \OT1/cmr/m/sl/12 CHAPTER 25.  ENTROPIC OT, SINKHORN, AND BA
RYCENTRIC PROJECTION
[172] [173]
Overfull \hbox (7.67172pt too wide) has occurred while \output is active
\OT1/cmr/m/n/12 174 \OT1/cmr/m/sl/12 CHAPTER 25.  ENTROPIC OT, SINKHORN, AND BA
RYCENTRIC PROJECTION
[174]
Overfull \hbox (250.80617pt too wide) detected at line 1248
[][]\OT1/cmr/m/n/12 ([]) = \OML/cmm/m/it/12 r[] [] \OMS/cmsy/m/n/12 k\OT1/cmr/m
/n/12 (\OML/cmm/m/it/12 I \OMS/cmsy/m/n/12 ^^@ \OML/cmm/m/it/12 P[]\OT1/cmr/m/n
/12 )\OML/cmm/m/it/12 P[]\OMS/cmsy/m/n/12 k ^^T \OML/cmm/m/it/12 ^^O[];  ^^U[]\
OT1/cmr/m/n/12 ([]) \OML/cmm/m/it/12 > ^^\[];  ^^T[]\OT1/cmr/m/n/12 ([]) \OML/c
mm/m/it/12 < ^^T[];  [] \OMS/cmsy/m/n/12 ^^T \OML/cmm/m/it/12 c[] []
[175]
Overfull \hbox (1.87894pt too wide) in paragraph at lines 1350--1352
[][]\OT1/cmr/bx/n/12 Proposition 25.7 \OT1/cmr/m/n/12 (Ridged Cholesky restora-
tion)\OT1/cmr/bx/n/12 . []\OT1/cmr/m/it/12 As-sume the Cholesky fac-tors in []

Overfull \hbox (7.67172pt too wide) has occurred while \output is active
\OT1/cmr/m/n/12 176 \OT1/cmr/m/sl/12 CHAPTER 25.  ENTROPIC OT, SINKHORN, AND BA
RYCENTRIC PROJECTION
[176] [177]
Overfull \hbox (7.67172pt too wide) has occurred while \output is active
\OT1/cmr/m/n/12 178 \OT1/cmr/m/sl/12 CHAPTER 25.  ENTROPIC OT, SINKHORN, AND BA
RYCENTRIC PROJECTION
[178] [179]
Overfull \hbox (14.8375pt too wide) in paragraph at lines 1623--1629
\OT1/cmr/m/it/12 changed rel-a-tive to canon-i-cal Con-tract E. On a fixed fini
te-arithmetic branch, with parameter-

Overfull \hbox (11.65013pt too wide) in paragraph at lines 1632--1639
\OT1/cmr/m/n/12 the flow Ja-co-bian. The full scalar is a com-po-si-tion throug
h $(\OML/cmm/m/it/12 x; ; \OT1/cmr/m/n/12 ^^E\OML/cmm/m/it/12 ; Y[]; ^^V[]; \O
T1/cmr/m/n/12 ^^F[]\OML/cmm/m/it/12 ; []; A[]; X[]\OT1/cmr/m/n/12 )$.

Overfull \hbox (7.67172pt too wide) has occurred while \output is active
\OT1/cmr/m/n/12 180 \OT1/cmr/m/sl/12 CHAPTER 25.  ENTROPIC OT, SINKHORN, AND BA
RYCENTRIC PROJECTION
[180]
Overfull \hbox (0.91524pt too wide) in paragraph at lines 1692--1701
[]\OT1/cmr/m/n/12 The first con-straint gives $\OML/cmm/m/it/12 b[] \OT1/cmr/m/
n/12 = \OML/cmm/m/it/12 c[]v[]=u[]$\OT1/cmr/m/n/12 . Sub-sti-tu-tion into the s
ec-ond gives $\OML/cmm/m/it/12 c[]v[]\OT1/cmr/m/n/12 (\OML/cmm/m/it/12 u[] \OT1
/cmr/m/n/12 +
[181]
Underfull \hbox (badness 2469) in paragraph at lines 1808--1808
[]|\OT1/cmr/m/n/8 Feasible pos-i-tive GenUT

Underfull \hbox (badness 10000) in paragraph at lines 1813--1813
[]|\OT1/cmr/m/n/8 symmetric second-order

Overfull \hbox (7.67172pt too wide) has occurred while \output is active
\OT1/cmr/m/n/12 182 \OT1/cmr/m/sl/12 CHAPTER 25.  ENTROPIC OT, SINKHORN, AND BA
RYCENTRIC PROJECTION
[182]
Underfull \hbox (badness 10000) in paragraph at lines 1836--1836
[]|\OT1/cmr/m/n/8 discontinuous ran-dom

Underfull \hbox (badness 10000) in paragraph at lines 1836--1837
[]|\OT1/cmr/m/n/8 estimator con-tract,

Underfull \hbox (badness 10000) in paragraph at lines 1837--1837
[]|\OT1/cmr/m/n/8 possible neg-a-tive trans-

Underfull \hbox (badness 10000) in paragraph at lines 1838--1838
[]|\OT1/cmr/m/n/8 new fi-nite tar-get and

Underfull \hbox (badness 10000) in paragraph at lines 1838--1839
[]|\OT1/cmr/m/n/8 LGSSM val-ue/-gra-di-

Underfull \hbox (badness 10000) in paragraph at lines 1838--1839
\OT1/cmr/m/n/8 ent gate and state-

Underfull \hbox (badness 10000) in paragraph at lines 1839--1839
[]|\OT1/cmr/m/n/8 Positive residual-affine

Underfull \hbox (badness 10000) in paragraph at lines 1839--1839
[]|\OT1/cmr/m/n/8 novel ran-dom-ized fi-nite

Underfull \hbox (badness 8132) in paragraph at lines 1839--1839
\OT1/cmr/m/n/8 tar-get and con-di-tion-ing

Underfull \hbox (badness 10000) in paragraph at lines 1839--1840
\OT1/cmr/m/n/8 same-scalar gra-di-ent

Underfull \hbox (badness 3861) in paragraph at lines 1840--1840
[]|\OT1/cmr/m/n/8 avoids un-nec-es-sary de-ter-

Underfull \hbox (badness 1859) in paragraph at lines 1840--1840
[]|\OT1/cmr/m/n/8 leaves weight de-gen-er-acy

Underfull \hbox (badness 10000) in paragraph at lines 1840--1841
[]|\OT1/cmr/m/n/8 ESS pol-icy and

Underfull \hbox (badness 10000) in paragraph at lines 1840--1841
\OT1/cmr/m/n/8 weighted-cloud com-
[183]
Overfull \hbox (7.67172pt too wide) has occurred while \output is active
\OT1/cmr/m/n/12 184 \OT1/cmr/m/sl/12 CHAPTER 25.  ENTROPIC OT, SINKHORN, AND BA
RYCENTRIC PROJECTION
[184]
Underfull \hbox (badness 3780) in paragraph at lines 1950--1950
[]|\OT1/cmr/m/n/10.95 What is be-ing dif-fer-en-ti-

Underfull \hbox (badness 10000) in paragraph at lines 1953--1953
[]|\OT1/cmr/m/n/10.95 Finite un-rolled

Underfull \hbox (badness 10000) in paragraph at lines 1954--1954
[]|\OT1/cmr/m/n/10.95 Downstream scalar

Underfull \hbox (badness 10000) in paragraph at lines 1954--1954
\OT1/cmr/m/n/10.95 built from fi-nite

Underfull \hbox (badness 2213) in paragraph at lines 1954--1954
[]|\OT1/cmr/m/n/10.95 the ac-tual re-ported value
[185]
Overfull \hbox (7.67172pt too wide) has occurred while \output is active
\OT1/cmr/m/n/12 186 \OT1/cmr/m/sl/12 CHAPTER 25.  ENTROPIC OT, SINKHORN, AND BA
RYCENTRIC PROJECTION
[186] [187]
Overfull \hbox (7.67172pt too wide) has occurred while \output is active
\OT1/cmr/m/n/12 188 \OT1/cmr/m/sl/12 CHAPTER 25.  ENTROPIC OT, SINKHORN, AND BA
RYCENTRIC PROJECTION
[188] [189]
Overfull \hbox (7.67172pt too wide) has occurred while \output is active
\OT1/cmr/m/n/12 190 \OT1/cmr/m/sl/12 CHAPTER 25.  ENTROPIC OT, SINKHORN, AND BA
RYCENTRIC PROJECTION
[190] [191]
Overfull \hbox (36.90176pt too wide) in paragraph at lines 2478--2489
\OT1/cmr/m/n/12 ap-prox-i-ma-tion in \OT1/cmtt/m/n/12 third[]party/audit/zhao[]
cui[]tensor[]ssm[]p10/source/models/full[]sol.m\OT1/cmr/m/n/12 ,

Overfull \hbox (410.33833pt too wide) in paragraph at lines 2478--2489
\OT1/cmr/m/n/12 lines 21--136, and per-forms squared-TT marginal re-cur-sions i
n \OT1/cmtt/m/n/12 third[]party/audit/zhao[]cui[]tensor[]ssm[]p10/source/deep-t
ensor.dev/src/@TTSIRT/marginalise.m\OT1/cmr/m/n/12 ,

Overfull \hbox (7.67172pt too wide) has occurred while \output is active
\OT1/cmr/m/n/12 192 \OT1/cmr/m/sl/12 CHAPTER 25.  ENTROPIC OT, SINKHORN, AND BA
RYCENTRIC PROJECTION
[192]
Overfull \hbox (15.45029pt too wide) detected at line 2537
[][][]\OML/cmm/m/it/12 ^^U[] \OMS/cmsy/m/n/12 ^^U \OT1/cmr/m/n/12 0\OML/cmm/m/i
t/12 ;  ^^\[] \OT1/cmr/m/n/12 = \OML/cmm/m/it/12 e[]^^U[];  []\OT1/cmr/m/n/12 (
\OML/cmm/m/it/12 r\OT1/cmr/m/n/12 ) = \OML/cmm/m/it/12 h[]\OT1/cmr/m/n/12 (\OML
/cmm/m/it/12 r\OT1/cmr/m/n/12 )[] + \OML/cmm/m/it/12 ^^\[]q[]\OT1/cmr/m/n/12 (\
OML/cmm/m/it/12 r\OT1/cmr/m/n/12 )\OML/cmm/m/it/12 ;  Z[] \OT1/cmr/m/n/12 = [] 
[](\OML/cmm/m/it/12 r\OT1/cmr/m/n/12 ) \OML/cmm/m/it/12 d^^W\OT1/cmr/m/n/12 (\O
ML/cmm/m/it/12 r\OT1/cmr/m/n/12 )\OML/cmm/m/it/12 ;  ^^W \OT1/cmr/m/n/12 = [] \
OML/cmm/m/it/12 ^^W[]:
[193]
Overfull \hbox (7.67172pt too wide) has occurred while \output is active
\OT1/cmr/m/n/12 194 \OT1/cmr/m/sl/12 CHAPTER 25.  ENTROPIC OT, SINKHORN, AND BA
RYCENTRIC PROJECTION
[194] [195]
Overfull \hbox (7.67172pt too wide) has occurred while \output is active
\OT1/cmr/m/n/12 196 \OT1/cmr/m/sl/12 CHAPTER 25.  ENTROPIC OT, SINKHORN, AND BA
RYCENTRIC PROJECTION
[196] [197]
Overfull \hbox (7.67172pt too wide) has occurred while \output is active
\OT1/cmr/m/n/12 198 \OT1/cmr/m/sl/12 CHAPTER 25.  ENTROPIC OT, SINKHORN, AND BA
RYCENTRIC PROJECTION
[198] [199]
Overfull \hbox (261.31076pt too wide) in paragraph at lines 3049--3065
[]\OT1/cmr/m/n/12 The cur-rent variable-rank TT con-tain-ers and the ref-er-enc
e fixed-ALS re-play in \OT1/cmtt/m/n/12 bayesfilter/highdim/zhao[]cui[]moment[]
teacher[]als.py
) (./chapters/ch32c2_ledh_pfpf_ot_custom_gradient.tex
Overfull \hbox (7.67172pt too wide) has occurred while \output is active
\OT1/cmr/m/n/12 200 \OT1/cmr/m/sl/12 CHAPTER 25.  ENTROPIC OT, SINKHORN, AND BA
RYCENTRIC PROJECTION
[200]
Chapter 26.

Overfull \hbox (0.69759pt too wide) in paragraph at lines 38--43
\OT1/cmr/m/n/12 where $\OML/cmm/m/it/12 ^^X$ \OT1/cmr/m/n/12 de-notes the fixed
 par-ti-cle and process-noise streams, $\OML/cmm/m/it/12 K$ \OT1/cmr/m/n/12 de-
notes the fi-nite Sinkhorn
[201]
Overfull \hbox (153.0057pt too wide) in paragraph at lines 107--120
\OT1/cmr/m/n/12 derivative com-po-si-tion iden-ti-fier is \OT1/cmtt/m/n/12 cont
ract[]e[]chol[]total[]direct[]moments[]weights[]plus[]streaming[]transport[]v1\
OT1/cmr/m/n/12 .

Overfull \hbox (21.06894pt too wide) in paragraph at lines 107--120
\OT1/cmr/m/n/12 A raw barycen-tric cloud, com-pact for-ward sen-si-tiv-ity of t
hat raw scalar, or full-history/manual
[202] [203] [204] [205] [206] [207] [208] [209] [210] [211] [212] [213]
[214] [215]
Overfull \hbox (0.28387pt too wide) in paragraph at lines 1218--1221
[][]\OT1/cmr/bx/n/12 Proposition 26.13 \OT1/cmr/m/n/12 (One-step his-tor-i-cal-
s-core iden-tity for a dom-i-nated fil-ter)\OT1/cmr/bx/n/12 . []\OT1/cmr/m/it/1
2 Let teacher
[216] [217] [218] [219] [220] [221] [222] [223] [224]
Underfull \vbox (badness 10000) has occurred while \output is active [225]
[226] [227]
Overfull \hbox (10.22386pt too wide) in paragraph at lines 2101--2101
[]\OT1/cmr/bx/n/17.28 Model-agnostic com-par-i-son of finite-filter scores 
[228] [229] [230]
Overfull \hbox (5.93877pt too wide) in paragraph at lines 2317--2329
[]\OT1/cmr/m/n/12 The canon-i-cal Ten-sor-Flow im-ple-men-ta-tion is owned by \
OT1/cmtt/m/n/12 ledh[]contract[]e[]reset[]tf.py\OT1/cmr/m/n/12 ,
[231] [232]) [233] [234] (./chapters/ch32d_retained_teacher_neural_ot.tex
Chapter 27.

Underfull \hbox (badness 1874) in paragraph at lines 56--56
[]|\OT1/cmr/m/n/10.95 finite nu-mer-i-cal teacher
[235] [236] [237] [238]
Overfull \hbox (37.74982pt too wide) in paragraph at lines 274--274
[]\OT1/cmr/bx/n/17.28 Algorithm: retained-teacher warm-started Sinkhorn 

Underfull \hbox (badness 2261) in paragraph at lines 285--286
[]\OT1/cmr/m/n/12 For a new weighted cloud $(\OML/cmm/m/it/12 X; w\OT1/cmr/m/n/
12 )$, com-pute the stu-dent pre-dic-tion $\OML/cmm/m/it/12 h[] \OT1/cmr/m/n/12
 =
[239]
Overfull \hbox (3.82295pt too wide) detected at line 343
[][][]\OML/cmm/m/it/12 S[]\OT1/cmr/m/n/12 (\OML/cmm/m/it/12 PX; Pw\OT1/cmr/m/n/
12 ; \OML/cmm/m/it/12 "; N; d[]\OT1/cmr/m/n/12 ) = \OML/cmm/m/it/12 P S[]\OT1/c
mr/m/n/12 (\OML/cmm/m/it/12 X; w\OT1/cmr/m/n/12 ; \OML/cmm/m/it/12 "; N; d[]\OT
1/cmr/m/n/12 ) []
[240]
Overfull \hbox (8.27463pt too wide) in paragraph at lines 415--421
\OT1/cmr/m/n/12 A use-ful first-year rule of thumb is: if the marginal con-stra
ints are good but the transported-
[241]
Underfull \vbox (badness 1308) has occurred while \output is active [242]
[243] [244] [245]
Underfull \hbox (badness 10000) in paragraph at lines 806--806
[]|\OT1/cmr/m/n/10.95 What is ap-prox-i-

Underfull \hbox (badness 10000) in paragraph at lines 808--808
[]|\OT1/cmr/m/n/10.95 solver ini-tial-iza-tion

Underfull \hbox (badness 10000) in paragraph at lines 808--808
[]|\OT1/cmr/m/n/10.95 finite Sinkhorn

Underfull \hbox (badness 10000) in paragraph at lines 809--809
[]|\OT1/cmr/m/n/10.95 Nystrom /

Underfull \hbox (badness 1147) in paragraph at lines 809--810
[]|\OT1/cmr/m/n/10.95 marginal and teacher-

Underfull \hbox (badness 10000) in paragraph at lines 810--810
[]|\OT1/cmr/m/n/10.95 Low-rank cou-

Underfull \hbox (badness 10000) in paragraph at lines 810--811
[]|\OT1/cmr/m/n/10.95 coupling/cloud par-ity

Underfull \hbox (badness 10000) in paragraph at lines 811--811
[]|\OT1/cmr/m/n/10.95 Minibatch /

Underfull \hbox (badness 10000) in paragraph at lines 811--811
[]|\OT1/cmr/m/n/10.95 local or sam-pled

Underfull \hbox (badness 2698) in paragraph at lines 811--812
[]|\OT1/cmr/m/n/10.95 full-ensemble marginal
[246]
Overfull \hbox (4.89658pt too wide) in paragraph at lines 816--816
[]\OT1/cmr/bx/n/14.4 How the broader retained-teacher ap-prox-i-ma-tions fit he
re 
[247]) (./chapters/ch32e_icnn_brenier_monge_gap_map_learning.tex [248]
Chapter 28.
[249]
Overfull \hbox (30.06377pt too wide) in paragraph at lines 105--105
[]\OT1/cmr/bx/n/17.28 Direct-map lane: ob-ject changed, ev-i-dence changed 

Overfull \hbox (33.5092pt too wide) has occurred while \output is active
\OT1/cmr/m/n/12 250 \OT1/cmr/m/sl/12 CHAPTER 28.  ICNN, BRENIER MAPS, AND MONGE
-GAP DIRECT MAP LEARNING
[250]
Underfull \hbox (badness 1436) in paragraph at lines 148--148
[]|\OT1/cmr/m/n/10.95 primary learned ob-

Underfull \hbox (badness 10000) in paragraph at lines 150--150
[]|\OT1/cmr/m/n/10.95 transport-cost /

Underfull \hbox (badness 10000) in paragraph at lines 150--150
[]|\OT1/cmr/m/n/10.95 auxiliary OT-

Underfull \hbox (badness 10000) in paragraph at lines 151--151
[]|\OT1/cmr/m/n/10.95 downstream scalar

Underfull \hbox (badness 10000) in paragraph at lines 151--151
\OT1/cmr/m/n/10.95 built from mapped

Underfull \hbox (badness 3428) in paragraph at lines 151--151
[]|\OT1/cmr/m/n/10.95 implementation con-

Underfull \hbox (badness 6592) in paragraph at lines 170--170
[]|\OT1/cmr/m/n/10.95 convex po-ten-tial $\OML/cmm/m/it/10.95  []$

Underfull \hbox (badness 10000) in paragraph at lines 170--170
\OT1/cmr/m/n/10.95 and end-point map

Underfull \hbox (badness 10000) in paragraph at lines 170--170
\OT1/cmr/m/n/10.95 source sam-ples and

Underfull \hbox (badness 10000) in paragraph at lines 170--171
\OT1/cmr/m/n/10.95 structure plau-si-

Underfull \hbox (badness 10000) in paragraph at lines 171--171
\OT1/cmr/m/n/10.95 em-pir-i-cal Monge-gap

Underfull \hbox (badness 10000) in paragraph at lines 171--172
[]|\OT1/cmr/m/n/10.95 endpoint fit,

Underfull \hbox (badness 10000) in paragraph at lines 171--172
\OT1/cmr/m/n/10.95 ior, down-stream
[251]
Overfull \hbox (33.5092pt too wide) has occurred while \output is active
\OT1/cmr/m/n/12 252 \OT1/cmr/m/sl/12 CHAPTER 28.  ICNN, BRENIER MAPS, AND MONGE
-GAP DIRECT MAP LEARNING
[252] [253]
Overfull \hbox (33.5092pt too wide) has occurred while \output is active
\OT1/cmr/m/n/12 254 \OT1/cmr/m/sl/12 CHAPTER 28.  ICNN, BRENIER MAPS, AND MONGE
-GAP DIRECT MAP LEARNING
[254] [255]
Overfull \hbox (33.5092pt too wide) has occurred while \output is active
\OT1/cmr/m/n/12 256 \OT1/cmr/m/sl/12 CHAPTER 28.  ICNN, BRENIER MAPS, AND MONGE
-GAP DIRECT MAP LEARNING
[256] [257]
Underfull \hbox (badness 10000) in paragraph at lines 535--535
[]|\OT1/cmr/m/n/10.95 Corrective teacher

Underfull \hbox (badness 10000) in paragraph at lines 537--537
[]|\OT1/cmr/m/n/10.95 Retained-teacher

Underfull \hbox (badness 10000) in paragraph at lines 537--538
[]|\OT1/cmr/m/n/10.95 teacher-preservation

Underfull \hbox (badness 10000) in paragraph at lines 538--538
[]|\OT1/cmr/m/n/10.95 Direct-map

Underfull \hbox (badness 2635) in paragraph at lines 538--538
[]|\OT1/cmr/m/n/10.95 endpoint map or

Underfull \hbox (badness 10000) in paragraph at lines 538--538
\OT1/cmr/m/n/10.95 potential-derived

Underfull \hbox (badness 3148) in paragraph at lines 538--539
[]|\OT1/cmr/m/n/10.95 endpoint, OT-structure,

Underfull \hbox (badness 3838) in paragraph at lines 538--539
\OT1/cmr/m/n/10.95 and down-stream scalar

Overfull \hbox (7.19466pt too wide) in paragraph at lines 539--539
[]|\OT1/cmr/m/n/10.95 Dynamic/operator

Underfull \hbox (badness 1466) in paragraph at lines 539--540
[]|\OT1/cmr/m/n/10.95 target-status and same-

Underfull \hbox (badness 4036) in paragraph at lines 539--540
\OT1/cmr/m/n/10.95 scalar co-her-ence across

Overfull \hbox (33.5092pt too wide) has occurred while \output is active
\OT1/cmr/m/n/12 258 \OT1/cmr/m/sl/12 CHAPTER 28.  ICNN, BRENIER MAPS, AND MONGE
-GAP DIRECT MAP LEARNING
[258]) (./chapters/ch32f_dynamic_geodesic_operator_learning_target_contract.tex
[259]
Chapter 29.
[260]
Underfull \hbox (badness 10000) in paragraph at lines 50--50
[]|\OT1/cmr/m/n/10.95 Family in this

Underfull \hbox (badness 10000) in paragraph at lines 53--53
[]|\OT1/cmr/m/n/10.95 one prob-lem be-

Underfull \hbox (badness 8132) in paragraph at lines 53--53
\OT1/cmr/m/n/10.95 comes a class of

Underfull \hbox (badness 1867) in paragraph at lines 53--54
[]|\OT1/cmr/m/n/10.95 what tar-get is in-duced

Underfull \hbox (badness 10000) in paragraph at lines 54--54
[]|\OT1/cmr/m/n/10.95 Target-changing

Underfull \hbox (badness 10000) in paragraph at lines 54--54
\OT1/cmr/m/n/10.95 re-place-ment trans-

Overfull \hbox (2.70734pt too wide) in paragraph at lines 48--57
 [] 
[261]
Overfull \hbox (2.97581pt too wide) in paragraph at lines 164--164
[]\OT1/cmr/bx/n/17.28 Richer-object au-dit: end-point, path, scalar, gra-

Overfull \hbox (192.92593pt too wide) has occurred while \output is active
\OT1/cmr/m/n/12 262 \OT1/cmr/m/sl/12 CHAPTER 29.  DYNAMIC GEODESIC AND OPERATOR
 LEARNERS, AND THE FILTERING TARGET CONTRACT
[262]
Overfull \hbox (13.2897pt too wide) in paragraph at lines 205--206
 []\OT1/cmr/bx/n/12 Same-scalar tem-plate.[] \OT1/cmr/m/n/12 The chap-ter's mai
n in-ter-pre-tive con-tract can be writ-ten schemat-

Overfull \hbox (10.13397pt too wide) in paragraph at lines 215--227
\OT1/cmr/m/n/12 stream scalar built from that ob-ject, and $\OML/cmm/m/it/12 g[
]$ \OT1/cmr/m/n/12 is the re-ported gra-di-ent. A con-crete BayesFilter-
[263]
Underfull \hbox (badness 10000) in paragraph at lines 236--236
[]|\OT1/cmr/m/n/10.95 family-level input-

Overfull \hbox (3.24413pt too wide) in paragraph at lines 249--255
\OT1/cmr/m/n/12 Some neu-ral OT pa-pers learn Wasser-stein geodesics or as-so-c
i-ated ve-loc-ity fields [[][]Hanebeck[][],

Overfull \hbox (192.92593pt too wide) has occurred while \output is active
\OT1/cmr/m/n/12 264 \OT1/cmr/m/sl/12 CHAPTER 29.  DYNAMIC GEODESIC AND OPERATOR
 LEARNERS, AND THE FILTERING TARGET CONTRACT
[264] [265]
Overfull \hbox (23.94482pt too wide) in paragraph at lines 430--430
[]\OT1/cmr/bx/n/14.4 Sliced, sub-space, and lo-cal-iza-tion fam-i-lies as targe
t-changing

Overfull \hbox (192.92593pt too wide) has occurred while \output is active
\OT1/cmr/m/n/12 266 \OT1/cmr/m/sl/12 CHAPTER 29.  DYNAMIC GEODESIC AND OPERATOR
 LEARNERS, AND THE FILTERING TARGET CONTRACT
[266] [267]
Underfull \hbox (badness 2285) in paragraph at lines 546--547
[]\OT1/cmr/m/n/12 learned out-put ob-ject (map, path, or op-er-a-tor), down-str
eam scalar-

Overfull \hbox (192.92593pt too wide) has occurred while \output is active
\OT1/cmr/m/n/12 268 \OT1/cmr/m/sl/12 CHAPTER 29.  DYNAMIC GEODESIC AND OPERATOR
 LEARNERS, AND THE FILTERING TARGET CONTRACT
[268]
Underfull \vbox (badness 1867) has occurred while \output is active [269])
Overfull \hbox (192.92593pt too wide) has occurred while \output is active
\OT1/cmr/m/n/12 270 \OT1/cmr/m/sl/12 CHAPTER 29.  DYNAMIC GEODESIC AND OPERATOR
 LEARNERS, AND THE FILTERING TARGET CONTRACT
[270] [271] (./chapters/ch19e_dpf_hmc_target_suitability.tex
Chapter 30.
[272]
Underfull \hbox (badness 10000) in paragraph at lines 68--68
[]|\OT1/cmr/m/n/12 Parameter $\OML/cmm/m/it/12 u$

Underfull \hbox (badness 10000) in paragraph at lines 68--68
\OT1/cmr/m/n/12 and trans-form

Underfull \hbox (badness 2310) in paragraph at lines 75--76
[]|\OT1/cmr/m/n/12 Is $\OML/cmm/m/it/12 `[]$ \OT1/cmr/m/n/12 ex-act, pseudo-mar
ginal

Underfull \hbox (badness 10000) in paragraph at lines 75--76
\OT1/cmr/m/n/12 extended-space, re-laxed, or

Underfull \hbox (badness 10000) in paragraph at lines 79--79
[]|\OT1/cmr/m/n/12 Momentum $\OML/cmm/m/it/12 p$

Underfull \hbox (badness 2865) in paragraph at lines 80--81
[]|\OT1/cmr/m/n/12 Auxiliary Gaus-sian mo-men-tum

Underfull \hbox (badness 1448) in paragraph at lines 80--81
\OML/cmm/m/it/12 p \OMS/cmsy/m/n/12 ^^X N\OT1/cmr/m/n/12 (0\OML/cmm/m/it/12 ; M
\OT1/cmr/m/n/12 )$ used to de-fine

Underfull \hbox (badness 10000) in paragraph at lines 84--84
[]|\OT1/cmr/m/n/12 Hamiltonian

Underfull \hbox (badness 5316) in paragraph at lines 86--87
[]|\OT1/cmr/m/n/12 Does the ac-cep-t/re-ject step

Underfull \hbox (badness 3250) in paragraph at lines 89--91
\OT1/cmr/m/n/12 cor-rec-tion, or is a dif-fer-ent

Underfull \hbox (badness 1062) in paragraph at lines 93--95
\OT1/cmr/m/n/12 ex-plic-itly cor-rected and di-ag-

Underfull \hbox (badness 10000) in paragraph at lines 95--95
[]|\OT1/cmr/m/n/12 Accept/reject

Underfull \hbox (badness 10000) in paragraph at lines 99--99
[]|\OT1/cmr/m/n/12 Target-status

Underfull \hbox (badness 7291) in paragraph at lines 101--103
\OT1/cmr/m/n/12 learned, and diagnostic-only
[273]
Overfull \hbox (92.1045pt too wide) has occurred while \output is active
\OT1/cmr/m/n/12 274 \OT1/cmr/m/sl/12 CHAPTER 30.  DPF HMC TARGET CORRECTNESS AN
D STRUCTURAL-MODEL SUITABILITY
[274] [275]
Overfull \hbox (92.1045pt too wide) has occurred while \output is active
\OT1/cmr/m/n/12 276 \OT1/cmr/m/sl/12 CHAPTER 30.  DPF HMC TARGET CORRECTNESS AN
D STRUCTURAL-MODEL SUITABILITY
[276]
Overfull \hbox (8.72278pt too wide) in paragraph at lines 289--299
[]\OT1/cmr/m/n/12 The scalable-OT sur-vey helps sep-a-rate two cases that shoul
d not be con-flated. Retained-

Overfull \hbox (11.76172pt too wide) in alignment at lines 311--317
 [] [] [] [] [] 

Overfull \hbox (11.76172pt too wide) in alignment at lines 317--321
 [] [] [] [] [] 

Overfull \hbox (14.94208pt too wide) in paragraph at lines 322--322
[]|\OT1/cmr/m/n/12 EDH/LEDH| 

Underfull \hbox (badness 10000) in paragraph at lines 323--323
[]|\OT1/cmr/m/n/12 Gaussian-closure

Underfull \hbox (badness 10000) in paragraph at lines 323--323
\OT1/cmr/m/n/12 or local-flow

Underfull \hbox (badness 10000) in paragraph at lines 324--324
\OT1/cmr/m/n/12 if im-ple-mented

Underfull \hbox (badness 10000) in paragraph at lines 325--325
[]|\OT1/cmr/m/n/12 Exact only

Underfull \hbox (badness 10000) in paragraph at lines 325--325
\OT1/cmr/m/n/12 in re-cov-

Underfull \hbox (badness 10000) in paragraph at lines 325--325
\OT1/cmr/m/n/12 ery cases;

Underfull \hbox (badness 10000) in paragraph at lines 325--325
\OT1/cmr/m/n/12 oth-er-wise

Underfull \hbox (badness 10000) in paragraph at lines 325--325
\OT1/cmr/m/n/12 ap-prox-i-mate

Underfull \hbox (badness 10000) in paragraph at lines 326--328
[]|\OT1/cmr/m/n/12 Linear-Gaussian re-

Underfull \hbox (badness 10000) in paragraph at lines 326--328
\OT1/cmr/m/n/12 cov-ery, non-lin-ear

Underfull \hbox (badness 1484) in paragraph at lines 326--328
\OT1/cmr/m/n/12 likelihood-error stud-

Underfull \hbox (badness 10000) in paragraph at lines 329--329
[]|\OT1/cmr/m/n/12 Proposal-

Underfull \hbox (badness 10000) in paragraph at lines 329--329
\OT1/cmr/m/n/12 corrected par-

Underfull \hbox (badness 1184) in paragraph at lines 329--329
\OT1/cmr/m/n/12 ti-cle scalar with

Underfull \hbox (badness 10000) in paragraph at lines 329--329
\OT1/cmr/m/n/12 Jacobian/log-det

Underfull \hbox (badness 10000) in paragraph at lines 330--330
\OT1/cmr/m/n/12 same cor-rected

Underfull \hbox (badness 2302) in paragraph at lines 330--330
\OT1/cmr/m/n/12 scalar, in-clud-ing

Underfull \hbox (badness 10000) in paragraph at lines 331--332
[]|\OT1/cmr/m/n/12 First rung

Underfull \hbox (badness 7273) in paragraph at lines 331--332
\OT1/cmr/m/n/12 with ex-plicit

Underfull \hbox (badness 10000) in paragraph at lines 331--332
\OT1/cmr/m/n/12 proposal-

Underfull \hbox (badness 10000) in paragraph at lines 331--332
\OT1/cmr/m/n/12 correction

Underfull \hbox (badness 10000) in paragraph at lines 331--332
\OT1/cmr/m/n/12 in-ter-pre-ta-

Underfull \hbox (badness 10000) in paragraph at lines 331--332
\OT1/cmr/m/n/12 can-di-date

Underfull \hbox (badness 10000) in paragraph at lines 333--335
[]|\OT1/cmr/m/n/12 Finite-particle vari-

Underfull \hbox (badness 10000) in paragraph at lines 333--335
\OT1/cmr/m/n/12 ance, Jacobian/log-

Underfull \hbox (badness 10000) in paragraph at lines 333--335
\OT1/cmr/m/n/12 det au-dit, value-

Underfull \hbox (badness 10000) in paragraph at lines 333--335
\OT1/cmr/m/n/12 gradient par-ity,

Underfull \hbox (badness 10000) in paragraph at lines 333--335
\OT1/cmr/m/n/12 com-piled re-peated

Underfull \hbox (badness 7722) in paragraph at lines 333--335
\OT1/cmr/m/n/12 eval-u-a-tion, ran-dom-

Underfull \hbox (badness 10000) in paragraph at lines 335--335
[]|\OT1/cmr/m/n/12 Soft re-

Underfull \hbox (badness 6944) in paragraph at lines 336--336
[]|\OT1/cmr/m/n/12 Soft or shrink-

Underfull \hbox (badness 10000) in paragraph at lines 336--336
\OT1/cmr/m/n/12 age re-sam-pling

Underfull \hbox (badness 10000) in paragraph at lines 337--337
[]|\OT1/cmr/m/n/12 Derivative

Underfull \hbox (badness 10000) in paragraph at lines 337--337
\OT1/cmr/m/n/12 through the

Underfull \hbox (badness 10000) in paragraph at lines 338--338
[]|\OT1/cmr/m/n/12 Relaxed or

Underfull \hbox (badness 10000) in paragraph at lines 338--338
\OT1/cmr/m/n/12 sur-ro-gate

Underfull \hbox (badness 10000) in paragraph at lines 339--341
[]|\OT1/cmr/m/n/12 Posterior sen-si-tiv-ity

Underfull \hbox (badness 10000) in paragraph at lines 339--341
\OT1/cmr/m/n/12 against cat-e-gor-i-cal

Underfull \hbox (badness 10000) in paragraph at lines 339--341
\OT1/cmr/m/n/12 or trusted ref-er-

Underfull \hbox (badness 10000) in paragraph at lines 339--341
\OT1/cmr/m/n/12 ences, non-lin-ear

Underfull \hbox (badness 10000) in paragraph at lines 339--341
\OT1/cmr/m/n/12 test-function bias,

Underfull \hbox (badness 10000) in paragraph at lines 342--342
[]|\OT1/cmr/m/n/12 Transport-

Underfull \hbox (badness 10000) in paragraph at lines 342--342
\OT1/cmr/m/n/12 relaxed scalar

Underfull \hbox (badness 10000) in paragraph at lines 342--342
\OT1/cmr/m/n/12 with cost, en-

Underfull \hbox (badness 10000) in paragraph at lines 342--342
\OT1/cmr/m/n/12 tropy, $\OML/cmm/m/it/12 "$\OT1/cmr/m/n/12 , and

Underfull \hbox (badness 10000) in paragraph at lines 343--343
[]|\OT1/cmr/m/n/12 Derivative

Underfull \hbox (badness 10000) in paragraph at lines 343--343
\OT1/cmr/m/n/12 through the

Underfull \hbox (badness 10000) in paragraph at lines 343--343
\OT1/cmr/m/n/12 im-plicit solver

Underfull \hbox (badness 10000) in paragraph at lines 344--344
[]|\OT1/cmr/m/n/12 Relaxed

Underfull \hbox (badness 10000) in paragraph at lines 345--347
[]|$\OML/cmm/m/it/12 "$ \OT1/cmr/m/n/12 and Sinkhorn-

Underfull \hbox (badness 10000) in paragraph at lines 345--347
\OT1/cmr/m/n/12 budget sen-si-tiv-ity,

Underfull \hbox (badness 10000) in paragraph at lines 345--347
\OT1/cmr/m/n/12 resid-ual tol-er-ances,

Underfull \hbox (badness 10000) in paragraph at lines 345--347
\OT1/cmr/m/n/12 sta-bi-liza-tion au-dit,

Underfull \hbox (badness 10000) in paragraph at lines 345--347
\OT1/cmr/m/n/12 teacher pos-te-rior

Underfull \hbox (badness 10000) in paragraph at lines 347--347
[]|\OT1/cmr/m/n/12 Learned

Underfull \hbox (badness 10000) in paragraph at lines 348--348
[]|\OT1/cmr/m/n/12 Learned ap-

Underfull \hbox (badness 10000) in paragraph at lines 348--348
\OT1/cmr/m/n/12 prox-i-ma-tion to

Underfull \hbox (badness 10000) in paragraph at lines 348--348
\OT1/cmr/m/n/12 an OT/EOT

Underfull \hbox (badness 10000) in paragraph at lines 348--348
\OT1/cmr/m/n/12 or residual-

Underfull \hbox (badness 10000) in paragraph at lines 349--349
[]|\OT1/cmr/m/n/12 Derivative

Underfull \hbox (badness 10000) in paragraph at lines 349--349
\OT1/cmr/m/n/12 through the

Underfull \hbox (badness 6842) in paragraph at lines 349--349
\OT1/cmr/m/n/12 re-tained teacher

Underfull \hbox (badness 5893) in paragraph at lines 350--350
[]|\OT1/cmr/m/n/12 Learned sur-

Underfull \hbox (badness 2547) in paragraph at lines 350--350
\OT1/cmr/m/n/12 ro-gate un-less

Underfull \hbox (badness 5908) in paragraph at lines 351--353
[]|\OT1/cmr/m/n/12 Teacher resid-ual to

Overfull \hbox (11.76172pt too wide) in alignment at lines 321--354
 [] [] [] [] [] 
[277]
Underfull \vbox (badness 2213) has occurred while \output is active
Overfull \hbox (92.1045pt too wide) has occurred while \output is active
\OT1/cmr/m/n/12 278 \OT1/cmr/m/sl/12 CHAPTER 30.  DPF HMC TARGET CORRECTNESS AN
D STRUCTURAL-MODEL SUITABILITY
[278]
Overfull \hbox (5.32317pt too wide) in paragraph at lines 406--409
[]\OT1/cmr/bx/n/12 Latent-state se-man-tics\OT1/cmr/m/n/12 : deterministic-comp
letion co-or-di-nates and stochas-tic state
[279]
Underfull \hbox (badness 10000) in paragraph at lines 469--469
[]|\OT1/cmr/m/n/12 What is ap-prox-i-

Underfull \hbox (badness 10000) in paragraph at lines 473--473
[]|\OT1/cmr/m/n/12 What is ap-prox-i-

Underfull \hbox (badness 2875) in paragraph at lines 476--476
[]|\OT1/cmr/m/n/12 Classical ex-act

Underfull \hbox (badness 10000) in paragraph at lines 477--477
[]|\OT1/cmr/m/n/12 Hamiltonian tra-jec-

Underfull \hbox (badness 10000) in paragraph at lines 477--477
\OT1/cmr/m/n/12 tory by nu-mer-i-cal

Underfull \hbox (badness 10000) in paragraph at lines 478--479
[]|\OT1/cmr/m/n/12 Target pre-served

Underfull \hbox (badness 10000) in paragraph at lines 478--479
\OT1/cmr/m/n/12 af-ter Metropo-lis

Underfull \hbox (badness 10000) in paragraph at lines 478--479
\OT1/cmr/m/n/12 cor-rec-tion when

Underfull \hbox (badness 1210) in paragraph at lines 478--479
\OT1/cmr/m/n/12 pro-posal con-di-tions

Underfull \hbox (badness 10000) in paragraph at lines 481--481
[]|\OT1/cmr/m/n/12 Pseudo-

Underfull \hbox (badness 10000) in paragraph at lines 481--481
\OT1/cmr/m/n/12 marginal

Underfull \hbox (badness 10000) in paragraph at lines 483--483
[]|\OT1/cmr/m/n/12 Marginal pos-te-rior

Underfull \hbox (badness 10000) in paragraph at lines 483--483
\OT1/cmr/m/n/12 pseudo-marginal

Underfull \hbox (badness 1292) in paragraph at lines 484--485
[]|\OT1/cmr/m/n/12 Corrected extended-

Underfull \hbox (badness 10000) in paragraph at lines 484--485
\OT1/cmr/m/n/12 space chain, not

Underfull \hbox (badness 10000) in paragraph at lines 484--485
\OT1/cmr/m/n/12 smooth surrogate-

Underfull \hbox (badness 10000) in paragraph at lines 485--485
[]|\OT1/cmr/m/n/12 Noisy-gradient

Underfull \hbox (badness 1270) in paragraph at lines 487--487
[]|\OT1/cmr/m/n/12 No ex-act pos-te-rior

Underfull \hbox (badness 1436) in paragraph at lines 487--487
\OT1/cmr/m/n/12 claim with-out cor-

Underfull \hbox (badness 10000) in paragraph at lines 488--489
[]|\OT1/cmr/m/n/12 Diagnostic or ap-

Underfull \hbox (badness 10000) in paragraph at lines 488--489
\OT1/cmr/m/n/12 prox-i-mate un-less

Underfull \hbox (badness 10000) in paragraph at lines 489--489
[]|\OT1/cmr/m/n/12 Delayed-

Underfull \hbox (badness 10000) in paragraph at lines 489--489
\OT1/cmr/m/n/12 acceptance

Underfull \hbox (badness 1939) in paragraph at lines 490--490
[]|\OT1/cmr/m/n/12 Early-stage value or

Underfull \hbox (badness 10000) in paragraph at lines 491--491
[]|\OT1/cmr/m/n/12 Can pre-serve in-

Underfull \hbox (badness 10000) in paragraph at lines 492--493
[]|\OT1/cmr/m/n/12 Surrogate-assisted,

Underfull \hbox (badness 10000) in paragraph at lines 492--493
\OT1/cmr/m/n/12 not target-defining,

Underfull \hbox (badness 10000) in paragraph at lines 494--494
[]|\OT1/cmr/m/n/12 Filtering like-li-hood

Underfull \hbox (badness 10000) in paragraph at lines 496--497
[]|\OT1/cmr/m/n/12 Relaxed-target

Underfull \hbox (badness 10000) in paragraph at lines 498--498
[]|\OT1/cmr/m/n/12 Transport, resid-ual,

Underfull \hbox (badness 10000) in paragraph at lines 499--499
[]|\OT1/cmr/m/n/12 Posterior changes

Underfull \hbox (badness 10000) in paragraph at lines 500--501
[]|\OT1/cmr/m/n/12 Learned-surrogate

Underfull \hbox (badness 3199) in paragraph at lines 500--501
\OT1/cmr/m/n/12 HMC pend-ing cor-

Overfull \hbox (92.1045pt too wide) has occurred while \output is active
\OT1/cmr/m/n/12 280 \OT1/cmr/m/sl/12 CHAPTER 30.  DPF HMC TARGET CORRECTNESS AN
D STRUCTURAL-MODEL SUITABILITY
[280]
Underfull \hbox (badness 3460) in paragraph at lines 516--517
[]|\OT1/cmr/m/n/12 Disallowed short-

Underfull \hbox (badness 3460) in paragraph at lines 520--521
[]|\OT1/cmr/m/n/12 Disallowed short-

Underfull \hbox (badness 1881) in paragraph at lines 524--524
[]|\OT1/cmr/m/n/12 The rung is worth

Underfull \hbox (badness 10000) in paragraph at lines 524--524
\OT1/cmr/m/n/12 study-ing on con-

Underfull \hbox (badness 10000) in paragraph at lines 525--526
[]|\OT1/cmr/m/n/12 Named scalar value,

Underfull \hbox (badness 10000) in paragraph at lines 525--526
\OT1/cmr/m/n/12 value-gradient check,

Underfull \hbox (badness 10000) in paragraph at lines 527--528
[]|\OT1/cmr/m/n/12 Calling the

Underfull \hbox (badness 10000) in paragraph at lines 527--528
\OT1/cmr/m/n/12 method suit-

Underfull \hbox (badness 10000) in paragraph at lines 528--528
[]|\OT1/cmr/m/n/12 Credible re-

Underfull \hbox (badness 10000) in paragraph at lines 530--531
[]|\OT1/cmr/m/n/12 Source-grounded

Underfull \hbox (badness 10000) in paragraph at lines 530--531
\OT1/cmr/m/n/12 deriva-tion, re-peated

Underfull \hbox (badness 1983) in paragraph at lines 530--531
\OT1/cmr/m/n/12 fixed-seed and varied-

Underfull \hbox (badness 10000) in paragraph at lines 530--531
\OT1/cmr/m/n/12 seed tests, pos-te-rior

Underfull \hbox (badness 10000) in paragraph at lines 530--531
\OT1/cmr/m/n/12 com-par-isons, failure-

Underfull \hbox (badness 10000) in paragraph at lines 532--533
[]|\OT1/cmr/m/n/12 Treating a toy

Underfull \hbox (badness 10000) in paragraph at lines 532--533
\OT1/cmr/m/n/12 for DSGE or

Underfull \hbox (badness 10000) in paragraph at lines 532--533
\OT1/cmr/m/n/12 Macro-Fi-nance

Underfull \hbox (badness 4467) in paragraph at lines 533--533
[]|\OT1/cmr/m/n/12 Broader ex-ter-

Underfull \hbox (badness 3612) in paragraph at lines 534--535
[]|\OT1/cmr/m/n/12 The rung sup-ports

Underfull \hbox (badness 8075) in paragraph at lines 534--535
\OT1/cmr/m/n/12 a re-stricted ex-ter-

Underfull \hbox (badness 10000) in paragraph at lines 536--537
[]|\OT1/cmr/m/n/12 Reproducible demon-

Underfull \hbox (badness 10000) in paragraph at lines 536--537
\OT1/cmr/m/n/12 stra-tions, model-

Underfull \hbox (badness 10000) in paragraph at lines 536--537
\OT1/cmr/m/n/12 specific stress tests,

Underfull \hbox (badness 10000) in paragraph at lines 536--537
\OT1/cmr/m/n/12 chal-lenger com-par-

Underfull \hbox (badness 10000) in paragraph at lines 538--539
[]|\OT1/cmr/m/n/12 Using run-time

Underfull \hbox (badness 10000) in paragraph at lines 538--539
\OT1/cmr/m/n/12 im-prove-ment as

Underfull \hbox (badness 10000) in paragraph at lines 538--539
\OT1/cmr/m/n/12 target-correctness

Underfull \hbox (badness 10000) in paragraph at lines 539--539
[]|\OT1/cmr/m/n/12 Operational

Underfull \hbox (badness 10000) in paragraph at lines 541--542
[]|\OT1/cmr/m/n/12 Independent re-view,

Underfull \hbox (badness 1694) in paragraph at lines 541--542
\OT1/cmr/m/n/12 change con-trol, mon-i-

Underfull \hbox (badness 2302) in paragraph at lines 541--542
\OT1/cmr/m/n/12 tor-ing, roll-back, data

Underfull \hbox (badness 10000) in paragraph at lines 541--542
\OT1/cmr/m/n/12 and model sta-bil-ity

Underfull \hbox (badness 10000) in paragraph at lines 543--544
[]|\OT1/cmr/m/n/12 Inferring op-er-a-

Underfull \hbox (badness 10000) in paragraph at lines 543--544
\OT1/cmr/m/n/12 tional readi-ness
[281]
Overfull \hbox (1.9039pt too wide) in paragraph at lines 590--592
[]\OT1/cmr/m/n/12 that PF-PF has al-ready passed finite-particle, Ja-co-bian, c
ompiled-path, or posterior-
) (./chapters/ch19f_dpf_debugging_crosswalk.tex
Overfull \hbox (92.1045pt too wide) has occurred while \output is active
\OT1/cmr/m/n/12 282 \OT1/cmr/m/sl/12 CHAPTER 30.  DPF HMC TARGET CORRECTNESS AN
D STRUCTURAL-MODEL SUITABILITY
[282]
Chapter 31.
[283]
Overfull \hbox (70.30922pt too wide) in paragraph at lines 128--137
\OT1/cmr/m/n/12 density-evaluation node. Equiv-a-lently, one may call a helper 
such as \OT1/cmtt/m/n/12 optimal[]proposal[]log[]prob(...)

Overfull \hbox (17.705pt too wide) has occurred while \output is active
\OT1/cmr/m/n/12 284 \OT1/cmr/m/sl/12 CHAPTER 31.  DPF LITERATURE-TO-DEBUGGING V
ERIFICATION CONTRACT
[284] [285]
Overfull \hbox (17.705pt too wide) has occurred while \output is active
\OT1/cmr/m/n/12 286 \OT1/cmr/m/sl/12 CHAPTER 31.  DPF LITERATURE-TO-DEBUGGING V
ERIFICATION CONTRACT
[286]
Underfull \hbox (badness 10000) in paragraph at lines 295--295
[]|\OT1/cmr/m/n/8 Implementation

Underfull \hbox (badness 10000) in paragraph at lines 295--296
[]|\OT1/cmr/m/n/8 Narrow fail-ure

Overfull \hbox (23.7617pt too wide) in alignment at lines 291--297
 [] [] [] [] [] [] 

Underfull \hbox (badness 10000) in paragraph at lines 300--300
[]|\OT1/cmr/m/n/8 Implementation

Underfull \hbox (badness 10000) in paragraph at lines 300--301
[]|\OT1/cmr/m/n/8 Narrow fail-ure

Overfull \hbox (23.7617pt too wide) in alignment at lines 297--302
 [] [] [] [] [] [] 

Overfull \hbox (23.7617pt too wide) in alignment at lines 302--304
 [] [] [] [] [] [] 

Underfull \hbox (badness 10000) in paragraph at lines 307--307
[]|\OT1/cmr/m/n/8 linear-Gaussian

Underfull \hbox (badness 10000) in paragraph at lines 307--307
\OT1/cmr/m/n/8 state-space model

Underfull \hbox (badness 1292) in paragraph at lines 308--308
[]|\OT1/cmr/m/n/8 predict/update law,

Underfull \hbox (badness 1859) in paragraph at lines 308--308
\OT1/cmr/m/n/8 nor-mal-ized weights,

Underfull \hbox (badness 10000) in paragraph at lines 309--309
[]|\OT1/cmr/m/n/8 moments match

Underfull \hbox (badness 10000) in paragraph at lines 309--309
\OT1/cmr/m/n/8 ref-er-ence within

Underfull \hbox (badness 10000) in paragraph at lines 309--309
\OT1/cmr/m/n/8 de-clared Monte

Underfull \hbox (badness 10000) in paragraph at lines 310--311
[]|\OT1/cmr/m/n/8 recursion, nor-

Underfull \hbox (badness 10000) in paragraph at lines 310--311
\OT1/cmr/m/n/8 mal-iza-tion, or

Underfull \hbox (badness 10000) in paragraph at lines 310--311
\OT1/cmr/m/n/8 model-interface

Underfull \hbox (badness 10000) in paragraph at lines 310--311
\OT1/cmr/m/n/8 or learned-map

Underfull \hbox (badness 1466) in paragraph at lines 311--311
[]|\OT1/cmr/m/n/8 Bootstrap like-

Underfull \hbox (badness 7397) in paragraph at lines 311--311
\OT1/cmr/m/n/8 li-hood es-ti-ma-

Underfull \hbox (badness 10000) in paragraph at lines 313--313
[]|\OT1/cmr/m/n/8 same linear-

Underfull \hbox (badness 10000) in paragraph at lines 313--313
\OT1/cmr/m/n/8 Gaussian model;

Underfull \hbox (badness 10000) in paragraph at lines 313--313
\OT1/cmr/m/n/8 fixed seeds and

Underfull \hbox (badness 10000) in paragraph at lines 314--314
[]|\OT1/cmr/m/n/8 per-period av-er-age

Underfull \hbox (badness 10000) in paragraph at lines 314--314
\OT1/cmr/m/n/8 weights and log

Underfull \hbox (badness 10000) in paragraph at lines 315--315
[]|\OT1/cmr/m/n/8 Monte Carlo

Underfull \hbox (badness 2932) in paragraph at lines 315--315
\OT1/cmr/m/n/8 mean ap-proaches

Underfull \hbox (badness 10000) in paragraph at lines 315--315
\OT1/cmr/m/n/8 Kalman like-li-

Underfull \hbox (badness 10000) in paragraph at lines 315--315
\OT1/cmr/m/n/8 hood; vari-ance

Underfull \hbox (badness 4454) in paragraph at lines 316--317
\OT1/cmr/m/n/8 or weight bug;

Underfull \hbox (badness 10000) in paragraph at lines 316--317
\OT1/cmr/m/n/8 not ev-i-dence

Underfull \hbox (badness 10000) in paragraph at lines 316--317
\OT1/cmr/m/n/8 about dif-fer-en-

Underfull \hbox (badness 10000) in paragraph at lines 317--317
[]|\OT1/cmr/m/n/8 Homotopy

Underfull \hbox (badness 3954) in paragraph at lines 319--319
\OT1/cmr/m/n/8 ser-va-tion with an-

Underfull \hbox (badness 2318) in paragraph at lines 319--319
\OT1/cmr/m/n/8 a-lytic log-likelihood

Underfull \hbox (badness 4621) in paragraph at lines 320--320
[]|\OT1/cmr/m/n/8 finite dif-fer-ence in

Underfull \hbox (badness 10000) in paragraph at lines 320--320
\OML/cmm/m/it/8 ^^U$ \OT1/cmr/m/n/8 ver-sus an-a-lytic

Underfull \hbox (badness 3525) in paragraph at lines 321--321
[]|\OT1/cmr/m/n/8 central dif-fer-ence

Underfull \hbox (badness 10000) in paragraph at lines 321--321
\OT1/cmr/m/n/8 and an-a-lytic

Underfull \hbox (badness 10000) in paragraph at lines 321--321
\OT1/cmr/m/n/8 deriva-tive agree

Underfull \hbox (badness 10000) in paragraph at lines 322--323
[]|\OT1/cmr/m/n/8 homotopy al-ge-

Underfull \hbox (badness 3240) in paragraph at lines 322--323
\OT1/cmr/m/n/8 deriva-tive is-sue;

Underfull \hbox (badness 10000) in paragraph at lines 325--325
[]|\OT1/cmr/m/n/8 linear-Gaussian re-

Underfull \hbox (badness 1571) in paragraph at lines 325--325
\OT1/cmr/m/n/8 cov-ery with known

Underfull \hbox (badness 10000) in paragraph at lines 325--325
\OT1/cmr/m/n/8 pos-te-rior mean/-co-

Underfull \hbox (badness 1609) in paragraph at lines 326--326
\OT1/cmr/m/n/8 cles, mean, co-vari-

Underfull \hbox (badness 10000) in paragraph at lines 327--327
\OT1/cmr/m/n/8 match Kalman

Underfull \hbox (badness 10000) in paragraph at lines 327--327
\OT1/cmr/m/n/8 up-date within

Underfull \hbox (badness 4518) in paragraph at lines 327--327
\OT1/cmr/m/n/8 flow and Monte

Underfull \hbox (badness 10000) in paragraph at lines 328--329
[]|\OT1/cmr/m/n/8 flow ODE or

Underfull \hbox (badness 10000) in paragraph at lines 328--329
\OT1/cmr/m/n/8 Gaussian-closure

Underfull \hbox (badness 10000) in paragraph at lines 328--329
\OT1/cmr/m/n/8 im-ple-men-ta-tion

Underfull \hbox (badness 10000) in paragraph at lines 329--329
[]|\OT1/cmr/m/n/8 LEDH lo-cal

Underfull \hbox (badness 10000) in paragraph at lines 331--331
[]|\OT1/cmr/m/n/8 synthetic ob-ser-va-

Underfull \hbox (badness 10000) in paragraph at lines 331--331
\OT1/cmr/m/n/8 tion with known

Underfull \hbox (badness 10000) in paragraph at lines 332--332
[]|\OT1/cmr/m/n/8 particle-local Ja-co-

Underfull \hbox (badness 4739) in paragraph at lines 332--332
\OT1/cmr/m/n/8 bians, lo-cal pre-ci-

Underfull \hbox (badness 1584) in paragraph at lines 332--332
\OT1/cmr/m/n/8 sion, and end-point

Underfull \hbox (badness 10000) in paragraph at lines 333--333
[]|\OT1/cmr/m/n/8 local quan-ti-ties

Underfull \hbox (badness 10000) in paragraph at lines 333--333
\OT1/cmr/m/n/8 are fi-nite and

Underfull \hbox (badness 10000) in paragraph at lines 334--335
[]|\OT1/cmr/m/n/8 local lin-eariza-

Underfull \hbox (badness 10000) in paragraph at lines 336--336
[]|[]\OT1/cmr/m/n/8 , [],

Underfull \hbox (badness 10000) in paragraph at lines 338--338
[]|\OT1/cmr/m/n/8 proposal den-sity,

Underfull \hbox (badness 10000) in paragraph at lines 339--339
[]|\OT1/cmr/m/n/8 manual den-sity

Underfull \hbox (badness 2213) in paragraph at lines 339--339
\OT1/cmr/m/n/8 ra-tio and im-ple-

Underfull \hbox (badness 10000) in paragraph at lines 339--339
\OT1/cmr/m/n/8 mented weight

Underfull \hbox (badness 10000) in paragraph at lines 340--341
[]|\OT1/cmr/m/n/8 proposal-density

Underfull \hbox (badness 10000) in paragraph at lines 340--341
\OT1/cmr/m/n/8 or cor-rec-tion

Underfull \hbox (badness 10000) in paragraph at lines 340--341
\OT1/cmr/m/n/8 a re-sam-pling

Underfull \hbox (badness 10000) in paragraph at lines 341--341
[]|\OT1/cmr/m/n/8 Log-

Underfull \hbox (badness 10000) in paragraph at lines 341--341
\OT1/cmr/m/n/8 determinant

Underfull \hbox (badness 10000) in paragraph at lines 342--342
[]|[]\OT1/cmr/m/n/8 , [],

Underfull \hbox (badness 4120) in paragraph at lines 343--343
[]|\OT1/cmr/m/n/8 affine flow $\OML/cmm/m/it/8 x[] \OT1/cmr/m/n/8 =

Underfull \hbox (badness 6842) in paragraph at lines 344--344
[]|\OT1/cmr/m/n/8 integrated log de-

Underfull \hbox (badness 10000) in paragraph at lines 344--344
\OT1/cmr/m/n/8 ter-mi-nant and

Underfull \hbox (badness 7308) in paragraph at lines 344--344
\OT1/cmr/m/n/8 finite-difference de-

Underfull \hbox (badness 2591) in paragraph at lines 345--345
[]|\OT1/cmr/m/n/8 sign and mag-ni-

Underfull \hbox (badness 5175) in paragraph at lines 345--345
\OT1/cmr/m/n/8 tude match un-

Underfull \hbox (badness 3503) in paragraph at lines 345--345
\OT1/cmr/m/n/8 der step-size re-

Underfull \hbox (badness 10000) in paragraph at lines 346--347
[]|\OT1/cmr/m/n/8 Jacobian sign,

Underfull \hbox (badness 2318) in paragraph at lines 346--347
\OT1/cmr/m/n/8 in-te-gra-tor is-sue;

Underfull \hbox (badness 6284) in paragraph at lines 349--349
[]|\OT1/cmr/m/n/8 two-particle re-sam-

Underfull \hbox (badness 8189) in paragraph at lines 349--349
\OT1/cmr/m/n/8 pling with weight

Underfull \hbox (badness 2443) in paragraph at lines 351--351
\OT1/cmr/m/n/8 pected; no false

Underfull \hbox (badness 10000) in paragraph at lines 352--353
[]|\OT1/cmr/m/n/8 discrete re-sam-

Underfull \hbox (badness 10000) in paragraph at lines 352--353
\OT1/cmr/m/n/8 pling is be-ing

Underfull \hbox (badness 10000) in paragraph at lines 352--353
\OT1/cmr/m/n/8 dif-fer-en-ti-ated

Underfull \hbox (badness 2856) in paragraph at lines 352--353
\OT1/cmr/m/n/8 in-cor-rectly; not

Underfull \hbox (badness 10000) in paragraph at lines 353--353
[]|\OT1/cmr/m/n/8 Soft-resampling

Underfull \hbox (badness 2735) in paragraph at lines 355--355
[]|\OT1/cmr/m/n/8 two-particle non-lin-

Underfull \hbox (badness 10000) in paragraph at lines 356--356
[]|\OT1/cmr/m/n/8 mean preser-va-tion

Underfull \hbox (badness 1253) in paragraph at lines 356--356
\OT1/cmr/m/n/8 and non-lin-ear test-

Underfull \hbox (badness 10000) in paragraph at lines 358--359
[]|\OT1/cmr/m/n/8 surrogate-law

Underfull \hbox (badness 10000) in paragraph at lines 358--359
\OT1/cmr/m/n/8 ef-fect; not

Underfull \hbox (badness 10000) in paragraph at lines 358--359
\OT1/cmr/m/n/8 ev-i-dence of

Underfull \hbox (badness 10000) in paragraph at lines 358--359
\OT1/cmr/m/n/8 categorical-

Underfull \hbox (badness 4454) in paragraph at lines 358--359
\OT1/cmr/m/n/8 target preser-va-

Underfull \hbox (badness 10000) in paragraph at lines 359--359
[]|\OT1/cmr/m/n/8 EOT/Sinkhorn

Underfull \hbox (badness 10000) in paragraph at lines 360--360
[]|[]\OT1/cmr/m/n/8 , [],

Underfull \hbox (badness 10000) in paragraph at lines 361--361
[]|\OT1/cmr/m/n/8 small cost ma-trix

Underfull \hbox (badness 10000) in paragraph at lines 361--361
\OT1/cmr/m/n/8 with pre-scribed

Underfull \hbox (badness 3635) in paragraph at lines 362--362
\OT1/cmr/m/n/8 resid-ual, cost, en-

Underfull \hbox (badness 3792) in paragraph at lines 362--362
\OT1/cmr/m/n/8 tropy, $\OML/cmm/m/it/8 "$\OT1/cmr/m/n/8 , it-er-a-tion

Underfull \hbox (badness 1454) in paragraph at lines 363--363
[]|\OT1/cmr/m/n/8 residuals fall be-

Underfull \hbox (badness 2165) in paragraph at lines 363--363
\OT1/cmr/m/n/8 are sta-ble un-der

Underfull \hbox (badness 10000) in paragraph at lines 364--365
[]|\OT1/cmr/m/n/8 finite-solver or

Underfull \hbox (badness 10000) in paragraph at lines 364--365
\OT1/cmr/m/n/8 sta-bi-liza-tion

Underfull \hbox (badness 2334) in paragraph at lines 364--365
\OT1/cmr/m/n/8 of pos-te-rior in-

Underfull \hbox (badness 10000) in paragraph at lines 365--365
[]|\OT1/cmr/m/n/8 Barycentric

Underfull \hbox (badness 10000) in paragraph at lines 367--367
\OT1/cmr/m/n/8 known col-umn

Underfull \hbox (badness 10000) in paragraph at lines 368--368
[]|\OT1/cmr/m/n/8 projected equal-

Underfull \hbox (badness 10000) in paragraph at lines 368--368
\OT1/cmr/m/n/8 weight sup-port

Underfull \hbox (badness 8189) in paragraph at lines 368--368
\OT1/cmr/m/n/8 cloud and di-men-

Underfull \hbox (badness 10000) in paragraph at lines 369--369
[]|\OT1/cmr/m/n/8 output has de-

Underfull \hbox (badness 10000) in paragraph at lines 370--371
[]|\OT1/cmr/m/n/8 projection or

Underfull \hbox (badness 1308) in paragraph at lines 370--371
\OT1/cmr/m/n/8 shape bug; not

Underfull \hbox (badness 10000) in paragraph at lines 370--371
\OT1/cmr/m/n/8 a coupling-

Underfull \hbox (badness 10000) in paragraph at lines 371--371
[]|\OT1/cmr/m/n/8 Barycentric

Underfull \hbox (badness 10000) in paragraph at lines 371--371
\OT1/cmr/m/n/8 mo-ment con-

Underfull \hbox (badness 10000) in paragraph at lines 373--373
\OT1/cmr/m/n/8 no-OT weighted

Underfull \hbox (badness 10000) in paragraph at lines 374--374
[]|\OT1/cmr/m/n/8 pre-reset weighted

Underfull \hbox (badness 10000) in paragraph at lines 374--374
\OT1/cmr/m/n/8 mean/-co-vari-ance,

Underfull \hbox (badness 10000) in paragraph at lines 374--374
\OT1/cmr/m/n/8 post-reset equal-

Underfull \hbox (badness 10000) in paragraph at lines 374--374
\OT1/cmr/m/n/8 weight mean/-

Underfull \hbox (badness 10000) in paragraph at lines 374--374
\OT1/cmr/m/n/8 co-vari-ance, and

Underfull \hbox (badness 10000) in paragraph at lines 374--374
\OT1/cmr/m/n/8 down-stream value

Underfull \hbox (badness 1515) in paragraph at lines 375--375
\OT1/cmr/m/n/8 and de-clared co-

Underfull \hbox (badness 3525) in paragraph at lines 375--375
\OT1/cmr/m/n/8 vari-ance con-trac-

Underfull \hbox (badness 5091) in paragraph at lines 375--375
\OT1/cmr/m/n/8 tion are vis-i-ble;

Underfull \hbox (badness 8019) in paragraph at lines 375--375
\OT1/cmr/m/n/8 any Kalman or

Underfull \hbox (badness 10000) in paragraph at lines 375--375
\OT1/cmr/m/n/8 exact-likelihood

Underfull \hbox (badness 10000) in paragraph at lines 375--375
\OT1/cmr/m/n/8 gate is la-beled

Underfull \hbox (badness 10000) in paragraph at lines 375--375
\OT1/cmr/m/n/8 same-scalar

Underfull \hbox (badness 10000) in paragraph at lines 375--375
\OT1/cmr/m/n/8 or moment-

Underfull \hbox (badness 10000) in paragraph at lines 376--377
[]|\OT1/cmr/m/n/8 finite-$\OML/cmm/m/it/8 N$ \OT1/cmr/m/n/8 re-set

Underfull \hbox (badness 10000) in paragraph at lines 376--377
\OT1/cmr/m/n/8 changes the

Underfull \hbox (badness 10000) in paragraph at lines 376--377
\OT1/cmr/m/n/8 fil-ter-ing scalar;

Underfull \hbox (badness 10000) in paragraph at lines 376--377
\OT1/cmr/m/n/8 a same-scalar

Underfull \hbox (badness 5388) in paragraph at lines 376--377
\OT1/cmr/m/n/8 gra-di-ent as an

Underfull \hbox (badness 10000) in paragraph at lines 376--377
\OT1/cmr/m/n/8 exact-likelihood

Underfull \hbox (badness 10000) in paragraph at lines 377--377
[]|\OT1/cmr/m/n/8 Learned-map

Underfull \hbox (badness 10000) in paragraph at lines 378--378
[]|[]\OT1/cmr/m/n/8 , [],

Underfull \hbox (badness 10000) in paragraph at lines 379--379
[]|\OT1/cmr/m/n/8 permutation-

Underfull \hbox (badness 10000) in paragraph at lines 379--379
\OT1/cmr/m/n/8 equivariance test

Underfull \hbox (badness 10000) in paragraph at lines 380--380
[]|\OT1/cmr/m/n/8 teacher/student

Underfull \hbox (badness 10000) in paragraph at lines 380--380
\OT1/cmr/m/n/8 resid-u-als, per-mu-

Underfull \hbox (badness 10000) in paragraph at lines 380--380
\OT1/cmr/m/n/8 ta-tion resid-ual,

Underfull \hbox (badness 10000) in paragraph at lines 380--380
\OT1/cmr/m/n/8 training-distribution

Underfull \hbox (badness 1077) in paragraph at lines 381--381
\OT1/cmr/m/n/8 low thresh-old on

Underfull \hbox (badness 10000) in paragraph at lines 382--383
[]|\OT1/cmr/m/n/8 student or

Underfull \hbox (badness 10000) in paragraph at lines 382--383
\OT1/cmr/m/n/8 distribution-shift

Underfull \hbox (badness 10000) in paragraph at lines 382--383
\OT1/cmr/m/n/8 is-sue; not a

Underfull \hbox (badness 10000) in paragraph at lines 382--383
\OT1/cmr/m/n/8 teacher-map

Underfull \hbox (badness 10000) in paragraph at lines 383--383
[]|\OT1/cmr/m/n/8 HMC value-

Underfull \hbox (badness 10000) in paragraph at lines 383--383
\OT1/cmr/m/n/8 gradient con-

Underfull \hbox (badness 10000) in paragraph at lines 385--385
[]|\OT1/cmr/m/n/8 finite-difference

Underfull \hbox (badness 6978) in paragraph at lines 385--385
\OT1/cmr/m/n/8 check on a fixed

Underfull \hbox (badness 10000) in paragraph at lines 385--385
\OT1/cmr/m/n/8 scalar tar-get and

Underfull \hbox (badness 3954) in paragraph at lines 385--385
\OT1/cmr/m/n/8 fixed ran-dom seed

Underfull \hbox (badness 2617) in paragraph at lines 386--386
\OT1/cmr/m/n/8 iff gra-di-ent, finite-

Underfull \hbox (badness 8189) in paragraph at lines 386--386
\OT1/cmr/m/n/8 difference gra-di-ent,

Underfull \hbox (badness 5374) in paragraph at lines 387--387
\OT1/cmr/m/n/8 the same scalar

Underfull \hbox (badness 10000) in paragraph at lines 387--387
\OT1/cmr/m/n/8 and gra-di-ents

Underfull \hbox (badness 1231) in paragraph at lines 387--387
\OT1/cmr/m/n/8 agree within tol-

Underfull \hbox (badness 10000) in paragraph at lines 388--389
[]|\OT1/cmr/m/n/8 target-interface

Underfull \hbox (badness 10000) in paragraph at lines 388--389
\OT1/cmr/m/n/8 HMC be-fore

Overfull \hbox (23.7617pt too wide) in alignment at lines 304--389
 [] [] [] [] [] [] 
[287]
Underfull \hbox (badness 10000) in paragraph at lines 406--406
[]|\OT1/cmr/m/n/12 Linear-

Underfull \hbox (badness 10000) in paragraph at lines 406--406
\OT1/cmr/m/n/12 Gaussian

Underfull \hbox (badness 10000) in paragraph at lines 407--408
[]|\OT1/cmr/m/n/12 Known tran-si-tion,

Underfull \hbox (badness 10000) in paragraph at lines 407--408
\OT1/cmr/m/n/12 ob-ser-va-tion, co-

Underfull \hbox (badness 10000) in paragraph at lines 407--408
\OT1/cmr/m/n/12 vari-ance ma-tri-ces,

Underfull \hbox (badness 10000) in paragraph at lines 407--408
\OT1/cmr/m/n/12 Kalman like-li-hood,

Underfull \hbox (badness 10000) in paragraph at lines 409--410
[]|\OT1/cmr/m/n/12 Particle re-cur-sion,

Underfull \hbox (badness 5667) in paragraph at lines 409--410
\OT1/cmr/m/n/12 EDH end-point, and

Underfull \hbox (badness 10000) in paragraph at lines 409--410
\OT1/cmr/m/n/12 like-li-hood es-ti-mates

Underfull \hbox (badness 10000) in paragraph at lines 409--410
\OT1/cmr/m/n/12 ref-er-ence un-der in-

Underfull \hbox (badness 5787) in paragraph at lines 409--410
\OT1/cmr/m/n/12 creas-ing par-ti-cles or

Underfull \hbox (badness 6157) in paragraph at lines 409--410
\OT1/cmr/m/n/12 de-creas-ing flow step

Underfull \hbox (badness 10000) in paragraph at lines 411--412
[]|\OT1/cmr/m/n/12 Nonlinear DSGE

Underfull \hbox (badness 10000) in paragraph at lines 413--413
\OT1/cmr/m/n/12 an-a-lytic de-ter-mi-

Underfull \hbox (badness 10000) in paragraph at lines 413--413
\OT1/cmr/m/n/12 nant, and known

Underfull \hbox (badness 2012) in paragraph at lines 414--414
[]|\OT1/cmr/m/n/12 PF-PF den-sity ra-tio,

Underfull \hbox (badness 3029) in paragraph at lines 414--414
\OT1/cmr/m/n/12 weight, and log de-

Underfull \hbox (badness 10000) in paragraph at lines 415--416
[]|\OT1/cmr/m/n/12 Correctness for

Underfull \hbox (badness 10000) in paragraph at lines 415--416
\OT1/cmr/m/n/12 non-lin-ear flow

Underfull \hbox (badness 10000) in paragraph at lines 416--416
[]|\OT1/cmr/m/n/12 Scalar non-lin-

Underfull \hbox (badness 10000) in paragraph at lines 417--418
[]|\OT1/cmr/m/n/12 One-dimensional

Underfull \hbox (badness 10000) in paragraph at lines 419--420
[]|\OT1/cmr/m/n/12 Homotopy deriva-tive

Underfull \hbox (badness 10000) in paragraph at lines 419--420
\OT1/cmr/m/n/12 di-ag-nos-tics show

Underfull \hbox (badness 10000) in paragraph at lines 419--420
\OT1/cmr/m/n/12 ex-pected er-ror as

Underfull \hbox (badness 10000) in paragraph at lines 421--422
[]|\OT1/cmr/m/n/12 High-dimensional

Underfull \hbox (badness 10000) in paragraph at lines 422--422
[]|\OT1/cmr/m/n/12 Two-particle

Underfull \hbox (badness 10000) in paragraph at lines 422--422
\OT1/cmr/m/n/12 soft-resampling

Underfull \hbox (badness 10000) in paragraph at lines 423--423
[]|\OT1/cmr/m/n/12 Two par-ti-cles,

Underfull \hbox (badness 5954) in paragraph at lines 423--423
\OT1/cmr/m/n/12 and non-lin-ear test

Underfull \hbox (badness 10000) in paragraph at lines 425--426
[]|\OT1/cmr/m/n/12 Acceptability of

Underfull \hbox (badness 2980) in paragraph at lines 427--428
\OT1/cmr/m/n/12 weights, equal tar-

Underfull \hbox (badness 1122) in paragraph at lines 427--428
\OT1/cmr/m/n/12 and known resid-ual

Underfull \hbox (badness 10000) in paragraph at lines 429--430
[]|\OT1/cmr/m/n/12 Row/column resid-

Underfull \hbox (badness 10000) in paragraph at lines 429--430
\OT1/cmr/m/n/12 u-als and sta-bi-lized

Underfull \hbox (badness 10000) in paragraph at lines 429--430
\OT1/cmr/m/n/12 sis-tently with the

Underfull \hbox (badness 10000) in paragraph at lines 431--432
[]|\OT1/cmr/m/n/12 Posterior equiv-a-

Underfull \hbox (badness 10000) in paragraph at lines 432--432
[]|\OT1/cmr/m/n/12 Permutation-

Underfull \hbox (badness 10000) in paragraph at lines 432--432
\OT1/cmr/m/n/12 equivariance

Underfull \hbox (badness 10000) in paragraph at lines 432--432
\OT1/cmr/m/n/12 learned-map

Underfull \hbox (badness 10000) in paragraph at lines 433--433
[]|\OT1/cmr/m/n/12 Teacher clouds,

Underfull \hbox (badness 10000) in paragraph at lines 433--433
\OT1/cmr/m/n/12 learned map, and

Underfull \hbox (badness 10000) in paragraph at lines 433--433
\OT1/cmr/m/n/12 per-mu-ta-tion ma-tri-

Underfull \hbox (badness 1303) in paragraph at lines 436--437
[]|\OT1/cmr/m/n/12 Small teacher/s-tu-

Underfull \hbox (badness 10000) in paragraph at lines 437--437
[]|\OT1/cmr/m/n/12 Finite-

Underfull \hbox (badness 10000) in paragraph at lines 437--437
\OT1/cmr/m/n/12 difference

Underfull \hbox (badness 5504) in paragraph at lines 437--437
\OT1/cmr/m/n/12 HMC gra-di-ent

Underfull \hbox (badness 10000) in paragraph at lines 438--439
[]|\OT1/cmr/m/n/12 Fixed scalar tar-

Underfull \hbox (badness 7151) in paragraph at lines 438--439
\OT1/cmr/m/n/12 get, fixed ran-dom

Underfull \hbox (badness 5036) in paragraph at lines 438--439
\OT1/cmr/m/n/12 seed pol-icy, finite-

Underfull \hbox (badness 10000) in paragraph at lines 438--439
\OT1/cmr/m/n/12 difference step

Underfull \hbox (badness 10000) in paragraph at lines 440--441
[]|\OT1/cmr/m/n/12 Autodiff and finite-

Underfull \hbox (badness 10000) in paragraph at lines 440--441
\OT1/cmr/m/n/12 difference gra-di-ents

Underfull \hbox (badness 3623) in paragraph at lines 440--441
\OT1/cmr/m/n/12 agree for the scalar

Underfull \hbox (badness 6125) in paragraph at lines 442--443
\OT1/cmr/m/n/12 Markov chain or

Underfull \vbox (badness 1210) has occurred while \output is active
Overfull \hbox (17.705pt too wide) has occurred while \output is active
\OT1/cmr/m/n/12 288 \OT1/cmr/m/sl/12 CHAPTER 31.  DPF LITERATURE-TO-DEBUGGING V
ERIFICATION CONTRACT
[288]
Underfull \vbox (badness 10000) has occurred while \output is active [289]
Underfull \hbox (badness 10000) in paragraph at lines 469--470
[]|\OT1/cmr/m/n/12 Non-

Overfull \hbox (11.76863pt too wide) in alignment at lines 465--471
 [] [] [] [] [] 

Underfull \hbox (badness 10000) in paragraph at lines 473--474
[]|\OT1/cmr/m/n/12 Non-

Overfull \hbox (11.76863pt too wide) in alignment at lines 471--475
 [] [] [] [] [] 

Underfull \hbox (badness 3009) in paragraph at lines 476--476
[]|\OT1/cmr/m/n/12 Filtering re-

Underfull \hbox (badness 3679) in paragraph at lines 476--476
\OT1/cmr/m/n/12 cur-sion par-

Underfull \hbox (badness 10000) in paragraph at lines 477--477
\OT1/cmr/m/n/12 fixed par-ti-cles,

Underfull \hbox (badness 10000) in paragraph at lines 478--479
\OT1/cmr/m/n/12 de-creases with

Underfull \hbox (badness 4739) in paragraph at lines 478--479
\OML/cmm/m/it/12 N$\OT1/cmr/m/n/12 ; de-ter-min-is-tic

Underfull \hbox (badness 10000) in paragraph at lines 478--479
\OT1/cmr/m/n/12 quan-ti-ties match

Underfull \hbox (badness 10000) in paragraph at lines 478--479
\OT1/cmr/m/n/12 ref-er-ence when

Underfull \hbox (badness 10000) in paragraph at lines 480--480
[]|\OT1/cmr/m/n/12 State-space

Underfull \hbox (badness 10000) in paragraph at lines 480--480
\OT1/cmr/m/n/12 in-ter-face, nor-

Underfull \hbox (badness 10000) in paragraph at lines 480--480
\OT1/cmr/m/n/12 mal-iza-tion, or

Underfull \hbox (badness 10000) in paragraph at lines 480--480
\OT1/cmr/m/n/12 weight up-date

Underfull \hbox (badness 10000) in paragraph at lines 481--482
[]|\OT1/cmr/m/n/12 Does not

Underfull \hbox (badness 10000) in paragraph at lines 481--482
\OT1/cmr/m/n/12 re-ject OT,

Underfull \hbox (badness 10000) in paragraph at lines 481--482
\OT1/cmr/m/n/12 learned OT,

Underfull \hbox (badness 10000) in paragraph at lines 482--482
[]|\OT1/cmr/m/n/12 Flow end-

Underfull \hbox (badness 10000) in paragraph at lines 483--483
[]|\OT1/cmr/m/n/12 Linear-Gaussian

Underfull \hbox (badness 10000) in paragraph at lines 484--484
[]|\OT1/cmr/m/n/12 Endpoint er-ror

Underfull \hbox (badness 1248) in paragraph at lines 484--484
\OT1/cmr/m/n/12 de-creases as flow

Underfull \hbox (badness 10000) in paragraph at lines 484--484
\OT1/cmr/m/n/12 in-te-gra-tion is

Underfull \hbox (badness 10000) in paragraph at lines 486--487
[]|\OT1/cmr/m/n/12 Does not

Underfull \hbox (badness 2302) in paragraph at lines 486--487
\OT1/cmr/m/n/12 prove PF-PF

Underfull \hbox (badness 10000) in paragraph at lines 486--487
\OT1/cmr/m/n/12 cor-rec-tion is

Underfull \hbox (badness 1325) in paragraph at lines 487--487
[]|\OT1/cmr/m/n/12 PF-PF al-ge-

Underfull \hbox (badness 1521) in paragraph at lines 488--488
[]|\OT1/cmr/m/n/12 Affine flow, an-a-

Underfull \hbox (badness 10000) in paragraph at lines 488--488
\OT1/cmr/m/n/12 ex-plicit pro-posal

Underfull \hbox (badness 1259) in paragraph at lines 489--489
[]|\OT1/cmr/m/n/12 Log-weight dif-fer-

Underfull \hbox (badness 10000) in paragraph at lines 490--490
[]|\OT1/cmr/m/n/12 Density-ratio,

Underfull \hbox (badness 1184) in paragraph at lines 491--492
[]|\OT1/cmr/m/n/12 Does not di-

Underfull \hbox (badness 10000) in paragraph at lines 492--492
[]|\OT1/cmr/m/n/12 Soft-

Underfull \hbox (badness 10000) in paragraph at lines 492--492
\OT1/cmr/m/n/12 resampling

Underfull \hbox (badness 10000) in paragraph at lines 494--494
[]|\OT1/cmr/m/n/12 Bias sign and

Underfull \hbox (badness 2057) in paragraph at lines 494--494
\OT1/cmr/m/n/12 mag-ni-tude match

Underfull \hbox (badness 2452) in paragraph at lines 494--494
\OT1/cmr/m/n/12 within arith-metic

Underfull \hbox (badness 1184) in paragraph at lines 495--495
\OT1/cmr/m/n/12 with cat-e-gor-i-cal

Underfull \hbox (badness 10000) in paragraph at lines 496--497
[]|\OT1/cmr/m/n/12 Does not

Underfull \hbox (badness 10000) in paragraph at lines 496--497
\OT1/cmr/m/n/12 prove soft

Underfull \hbox (badness 1776) in paragraph at lines 496--497
\OT1/cmr/m/n/12 re-sam-pling is

Underfull \hbox (badness 10000) in paragraph at lines 497--497
[]|\OT1/cmr/m/n/12 Sinkhorn

Underfull \hbox (badness 10000) in paragraph at lines 497--497
\OT1/cmr/m/n/12 resid-ual

Underfull \hbox (badness 10000) in paragraph at lines 499--499
[]|\OT1/cmr/m/n/12 Row/column

Underfull \hbox (badness 10000) in paragraph at lines 499--499
\OT1/cmr/m/n/12 resid-u-als be-low

Underfull \hbox (badness 6380) in paragraph at lines 500--500
[]|\OT1/cmr/m/n/12 Finite-solver or

Underfull \hbox (badness 5832) in paragraph at lines 500--500
\OT1/cmr/m/n/12 sta-bi-liza-tion is-

Underfull \hbox (badness 10000) in paragraph at lines 501--502
[]|\OT1/cmr/m/n/12 Does not

Underfull \hbox (badness 10000) in paragraph at lines 501--502
\OT1/cmr/m/n/12 prove EOT

Underfull \hbox (badness 10000) in paragraph at lines 501--502
\OT1/cmr/m/n/12 is a valid

Underfull \hbox (badness 10000) in paragraph at lines 501--502
\OT1/cmr/m/n/12 pos-te-rior

Underfull \hbox (badness 10000) in paragraph at lines 502--502
[]|\OT1/cmr/m/n/12 Learned

Underfull \hbox (badness 10000) in paragraph at lines 502--502
\OT1/cmr/m/n/12 resid-ual

Underfull \hbox (badness 10000) in paragraph at lines 503--503
[]|\OT1/cmr/m/n/12 Teacher out-puts,

Underfull \hbox (badness 10000) in paragraph at lines 503--503
\OT1/cmr/m/n/12 held-out clouds,

Underfull \hbox (badness 10000) in paragraph at lines 505--505
[]|\OT1/cmr/m/n/12 Student ap-

Underfull \hbox (badness 10000) in paragraph at lines 505--505
\OT1/cmr/m/n/12 prox-i-ma-tion or

Underfull \hbox (badness 10000) in paragraph at lines 505--505
\OT1/cmr/m/n/12 ex-trap-o-la-tion

Underfull \hbox (badness 10000) in paragraph at lines 506--507
[]|\OT1/cmr/m/n/12 Does not

Underfull \hbox (badness 2351) in paragraph at lines 507--507
[]|\OT1/cmr/m/n/12 HMC value-

Underfull \hbox (badness 10000) in paragraph at lines 507--507
\OT1/cmr/m/n/12 gradient

Underfull \hbox (badness 1142) in paragraph at lines 508--508
[]|\OT1/cmr/m/n/12 Scalar value, au-

Underfull \hbox (badness 10000) in paragraph at lines 509--509
[]|\OT1/cmr/m/n/12 Gradient er-rors

Underfull \hbox (badness 10000) in paragraph at lines 509--509
\OT1/cmr/m/n/12 re-fine-ment un-til

Underfull \hbox (badness 10000) in paragraph at lines 510--510
[]|\OT1/cmr/m/n/12 Value-gradient

Underfull \hbox (badness 10000) in paragraph at lines 510--510
\OT1/cmr/m/n/12 mis-match or

Underfull \hbox (badness 10000) in paragraph at lines 510--510
\OT1/cmr/m/n/12 non-dif-fer-en-tiable

Underfull \hbox (badness 10000) in paragraph at lines 511--512
[]|\OT1/cmr/m/n/12 Does not

Underfull \hbox (badness 10000) in paragraph at lines 511--512
\OT1/cmr/m/n/12 prove chain

Overfull \hbox (11.76863pt too wide) in alignment at lines 475--513
 [] [] [] [] [] 

Overfull \hbox (17.705pt too wide) has occurred while \output is active
\OT1/cmr/m/n/12 290 \OT1/cmr/m/sl/12 CHAPTER 31.  DPF LITERATURE-TO-DEBUGGING V
ERIFICATION CONTRACT
[290]
Underfull \hbox (badness 10000) in paragraph at lines 524--525
[]|\OT1/cmr/m/n/8 Implementation quan-

Overfull \hbox (2.69351pt too wide) in alignment at lines 520--526
 [] [] [] [] [] 

Underfull \hbox (badness 10000) in paragraph at lines 528--529
[]|\OT1/cmr/m/n/8 Implementation quan-

Overfull \hbox (2.69351pt too wide) in alignment at lines 526--530
 [] [] [] [] [] 

Underfull \hbox (badness 10000) in paragraph at lines 532--532
[]|\OT1/cmr/m/n/8 Chapter [][]20[][], Sec-

Underfull \hbox (badness 10000) in paragraph at lines 537--537
[]|\OT1/cmr/m/n/8 Chapter [][]21[][], Sec-

Underfull \hbox (badness 10000) in paragraph at lines 540--541
[]|\OT1/cmr/m/n/8 flow field, end-point

Underfull \hbox (badness 10000) in paragraph at lines 541--541
[]|\OT1/cmr/m/n/8 PF-PF cor-rec-

Underfull \hbox (badness 10000) in paragraph at lines 542--542
[]|\OT1/cmr/m/n/8 Chapter [][]22[][], Sec-

Underfull \hbox (badness 10000) in paragraph at lines 544--544
[]|\OT1/cmr/m/n/8 proposal cor-rec-

Underfull \hbox (badness 4072) in paragraph at lines 544--544
\OT1/cmr/m/n/8 tion and change-of-

Underfull \hbox (badness 1852) in paragraph at lines 546--546
[]|\OT1/cmr/m/n/8 Resampling and

Underfull \hbox (badness 3989) in paragraph at lines 547--547
[]|\OT1/cmr/m/n/8 Chapter [][]23[][]; Chap-

Underfull \hbox (badness 1342) in paragraph at lines 548--548
[]|[]\OT1/cmr/m/n/8 , [], [],

Underfull \hbox (badness 7256) in paragraph at lines 549--549
[]|\OT1/cmr/m/n/8 differentiable re-sam-

Underfull \hbox (badness 10000) in paragraph at lines 557--557
[]|\OT1/cmr/m/n/8 Chapter [][]30[][], Sec-

Underfull \hbox (badness 10000) in paragraph at lines 559--559
[]|\OT1/cmr/m/n/8 HMC, pseudo-

Underfull \hbox (badness 4660) in paragraph at lines 559--559
\OT1/cmr/m/n/8 marginal, surrogate-

Underfull \hbox (badness 2486) in paragraph at lines 560--561
[]|\OT1/cmr/m/n/8 scalar value, gra-di-ent,

Underfull \hbox (badness 10000) in paragraph at lines 560--561
\OT1/cmr/m/n/8 ac-cep-t/re-ject value,

Overfull \hbox (2.69351pt too wide) in alignment at lines 530--562
 [] [] [] [] [] 
[291]
Underfull \hbox (badness 10000) in paragraph at lines 607--607
[]|\OT1/cmr/m/n/8 Exact on-line /

Underfull \hbox (badness 6792) in paragraph at lines 607--607
[]|\OT1/cmr/m/n/8 Exact ref-er-

Underfull \hbox (badness 10000) in paragraph at lines 607--608
[]|\OT1/cmr/m/n/8 marginal resid-ual

Underfull \hbox (badness 10000) in paragraph at lines 607--608
\OT1/cmr/m/n/8 and barycen-tric

Underfull \hbox (badness 10000) in paragraph at lines 608--608
[]|\OT1/cmr/m/n/8 Retained-

Underfull \hbox (badness 8000) in paragraph at lines 608--608
[]|\OT1/cmr/m/n/8 corrected teacher-

Underfull \hbox (badness 10000) in paragraph at lines 608--608
\OT1/cmr/m/n/8 side cou-pling or

Underfull \hbox (badness 4940) in paragraph at lines 608--608
[]|\OT1/cmr/m/n/8 kernel or cou-pling

Underfull \hbox (badness 10000) in paragraph at lines 608--609
[]|\OT1/cmr/m/n/8 teacher-

Underfull \hbox (badness 2460) in paragraph at lines 608--609
\OT1/cmr/m/n/8 preservation resid-

Underfull \hbox (badness 1635) in paragraph at lines 609--609
[]|\OT1/cmr/m/n/8 Sparse / screened

Underfull \hbox (badness 10000) in paragraph at lines 609--609
[]|\OT1/cmr/m/n/8 Boundary

Underfull \hbox (badness 1231) in paragraph at lines 609--609
[]|\OT1/cmr/m/n/8 same fi-nite ob-ject

Underfull \hbox (badness 1194) in paragraph at lines 609--610
[]|\OT1/cmr/m/n/8 same-object par-ity

Underfull \hbox (badness 10000) in paragraph at lines 610--610
[]|\OT1/cmr/m/n/8 Structure-

Underfull \hbox (badness 1184) in paragraph at lines 610--610
\OT1/cmr/m/n/8 re-place-ment trans-

Underfull \hbox (badness 10000) in paragraph at lines 610--610
[]|\OT1/cmr/m/n/8 full-state trans-port

Underfull \hbox (badness 10000) in paragraph at lines 610--611
[]|\OT1/cmr/m/n/8 declared re-place-

Underfull \hbox (badness 10000) in paragraph at lines 610--611
\OT1/cmr/m/n/8 down-stream di-ag-

Underfull \hbox (badness 10000) in paragraph at lines 643--643
[]|\OT1/cmr/m/n/8 Object ex-

Underfull \hbox (badness 1009) in paragraph at lines 645--645
[]|\OT1/cmr/m/n/8 strongest when

Overfull \hbox (8.56433pt too wide) in paragraph at lines 645--645
\OT1/cmr/m/n/8 TensorFlow/TFP-

Underfull \hbox (badness 2057) in paragraph at lines 645--645
[]|\OT1/cmr/m/n/8 exact se-man-tics but

Underfull \hbox (badness 6412) in paragraph at lines 645--645
\OT1/cmr/m/n/8 poor scal-ing if all

Underfull \hbox (badness 10000) in paragraph at lines 646--646
[]|\OT1/cmr/m/n/8 Retained-teacher

Underfull \hbox (badness 10000) in paragraph at lines 646--646
[]|\OT1/cmr/m/n/8 only if cor-

Underfull \hbox (badness 10000) in paragraph at lines 646--646
\OT1/cmr/m/n/8 or barycen-tric

Underfull \hbox (badness 6477) in paragraph at lines 646--646
\OT1/cmr/m/n/8 out-put is ex-

Underfull \hbox (badness 1342) in paragraph at lines 646--646
[]|\OT1/cmr/m/n/8 latent ap-prox-i-ma-tion

Underfull \hbox (badness 8170) in paragraph at lines 646--646
\OT1/cmr/m/n/8 may hide se-man-tic

Underfull \hbox (badness 10000) in paragraph at lines 646--647
[]|\OT1/cmr/m/n/8 useful only with

Underfull \hbox (badness 10000) in paragraph at lines 646--647
\OT1/cmr/m/n/8 teacher-preservation

Underfull \hbox (badness 10000) in paragraph at lines 647--647
[]|\OT1/cmr/m/n/8 often spe-cial-

Underfull \hbox (badness 10000) in paragraph at lines 647--647
[]|\OT1/cmr/m/n/8 support re-stric-tion

Underfull \hbox (badness 10000) in paragraph at lines 648--648
[]|\OT1/cmr/m/n/8 Minibatch or

Underfull \hbox (badness 10000) in paragraph at lines 648--648
\OT1/cmr/m/n/8 min-is-tic re-sam-pling

Overfull \hbox (17.705pt too wide) has occurred while \output is active
\OT1/cmr/m/n/12 292 \OT1/cmr/m/sl/12 CHAPTER 31.  DPF LITERATURE-TO-DEBUGGING V
ERIFICATION CONTRACT
[292] [293]
Underfull \hbox (badness 7777) in paragraph at lines 734--735
[]|\OT1/cmr/m/n/12 Layer-local smoke tests

Underfull \hbox (badness 10000) in paragraph at lines 734--735
\OT1/cmr/m/n/12 pass on min-i-mal con-

Underfull \hbox (badness 6284) in paragraph at lines 736--736
[]|\OT1/cmr/m/n/12 Treating smooth-ness or

Underfull \hbox (badness 10000) in paragraph at lines 737--738
[]|\OT1/cmr/m/n/12 May run

Underfull \hbox (badness 10000) in paragraph at lines 737--738
\OT1/cmr/m/n/12 more ex-

Underfull \hbox (badness 10000) in paragraph at lines 738--738
[]|\OT1/cmr/m/n/12 Credible re-

Underfull \hbox (badness 10000) in paragraph at lines 738--738
\OT1/cmr/m/n/12 search im-ple-

Underfull \hbox (badness 1997) in paragraph at lines 739--740
[]|\OT1/cmr/m/n/12 Classical PF, flow, PF-

Underfull \hbox (badness 10000) in paragraph at lines 739--740
\OT1/cmr/m/n/12 PF, re-sam-pling/OT,

Underfull \hbox (badness 3547) in paragraph at lines 739--740
\OT1/cmr/m/n/12 learned-map, and HMC

Underfull \hbox (badness 1158) in paragraph at lines 739--740
\OT1/cmr/m/n/12 on named model classes

Underfull \hbox (badness 10000) in paragraph at lines 741--742
[]|\OT1/cmr/m/n/12 Generalizing be-yond

Underfull \hbox (badness 1168) in paragraph at lines 741--742
\OT1/cmr/m/n/12 tested $\OML/cmm/m/it/12 N$\OT1/cmr/m/n/12 , $\OML/cmm/m/it/12 
d[]$\OT1/cmr/m/n/12 , $\OML/cmm/m/it/12 "$\OT1/cmr/m/n/12 , model

Underfull \hbox (badness 2452) in paragraph at lines 743--744
[]|\OT1/cmr/m/n/12 May make

Underfull \hbox (badness 10000) in paragraph at lines 743--744
\OT1/cmr/m/n/12 bounded

Underfull \hbox (badness 10000) in paragraph at lines 743--744
\OT1/cmr/m/n/12 re-search

Underfull \hbox (badness 10000) in paragraph at lines 745--746
[]|\OT1/cmr/m/n/12 Research checks plus

Underfull \hbox (badness 10000) in paragraph at lines 745--746
\OT1/cmr/m/n/12 pos-te-rior com-par-isons,

Underfull \hbox (badness 10000) in paragraph at lines 745--746
\OT1/cmr/m/n/12 stress regimes, re-pro-

Underfull \hbox (badness 10000) in paragraph at lines 745--746
\OT1/cmr/m/n/12 ducible demon-stra-tions,

Underfull \hbox (badness 5388) in paragraph at lines 745--746
\OT1/cmr/m/n/12 and doc-u-mented fail-ure

Underfull \hbox (badness 10000) in paragraph at lines 748--749
[]|\OT1/cmr/m/n/12 Requires

Underfull \hbox (badness 10000) in paragraph at lines 748--749
\OT1/cmr/m/n/12 sep-a-rate

Underfull \hbox (badness 10000) in paragraph at lines 748--749
\OT1/cmr/m/n/12 do-main

Underfull \hbox (badness 2150) in paragraph at lines 749--749
[]|\OT1/cmr/m/n/12 Operational de-

Underfull \hbox (badness 10000) in paragraph at lines 750--751
[]|\OT1/cmr/m/n/12 Independent re-view,

Underfull \hbox (badness 10000) in paragraph at lines 750--751
\OT1/cmr/m/n/12 change con-trol, mon-i-

Underfull \hbox (badness 4752) in paragraph at lines 750--751
\OT1/cmr/m/n/12 tor-ing, roll-back, data/-

Underfull \hbox (badness 10000) in paragraph at lines 750--751
\OT1/cmr/m/n/12 sta-bil-ity, and on-go-ing

Underfull \hbox (badness 10000) in paragraph at lines 752--752
[]|\OT1/cmr/m/n/12 Assuming chapter-level

Underfull \hbox (badness 10000) in paragraph at lines 752--752
\OT1/cmr/m/n/12 math-e-mat-ics alone is

Underfull \hbox (badness 10000) in paragraph at lines 753--754
[]|\OT1/cmr/m/n/12 Requires

Underfull \hbox (badness 3826) in paragraph at lines 753--754
\OT1/cmr/m/n/12 a sep-a-rate

Underfull \hbox (badness 10000) in paragraph at lines 753--754
\OT1/cmr/m/n/12 op-er-a-tional

Overfull \hbox (17.705pt too wide) has occurred while \output is active
\OT1/cmr/m/n/12 294 \OT1/cmr/m/sl/12 CHAPTER 31.  DPF LITERATURE-TO-DEBUGGING V
ERIFICATION CONTRACT
[294]) (./chapters/ch20_filter_choice.tex [295]
Chapter 32.
[296]
Overfull \hbox (13.3968pt too wide) in paragraph at lines 65--66
\OT1/cmr/m/n/12 principal-square-root deriva-tive route, us-ing the his-tor-i-c
al eigen-deriva-tive/SVD branch
) [297] [298] (./chapters/ch33_highdim_nonlinear_filtering_foundations.tex
Chapter 33.

Overfull \hbox (9.09616pt too wide) in paragraph at lines 48--50
 []\OT1/cmr/bx/n/12 Running quadratic-observation cell.[] \OT1/cmr/m/n/12 The s
ame teach-ing ex-am-ple will be used through
[299]
Underfull \hbox (badness 10000) in paragraph at lines 79--79
[]|\OT1/cmr/m/n/10.95 One-step pre-dic-tive like-li-hood
[300] [301] [302] [303]
Overfull \hbox (39.26727pt too wide) detected at line 479
[]
[304] [305] [306]
Overfull \hbox (9.87534pt too wide) in paragraph at lines 756--761
[][]\OT1/cmr/bx/n/12 Proposition 33.4 \OT1/cmr/m/n/12 (Dis-crete--time like-li-
hood sen-si-tiv-ity re-cur-sion)\OT1/cmr/bx/n/12 . []\OT1/cmr/m/it/12 Un-der As
-sump-tion [][]33.1[][],

Overfull \hbox (17.76286pt too wide) in paragraph at lines 775--779
[]\OT1/cmr/m/n/12 This re-cur-sion is the an-a-lyt-i-cal ob-ject needed by Chap
-ter [][]39[][]. An automatic-differentiation

Overfull \hbox (10.41348pt too wide) has occurred while \output is active
\OT1/cmr/m/sl/12 33.3.  ANALYTICAL LIKELIHOOD-GRADIENT AND FILTERING SENSITIVIT
IES \OT1/cmr/m/n/12 307
[307]
Overfull \hbox (5.36063pt too wide) detected at line 817
[]

Overfull \hbox (41.97708pt too wide) detected at line 833
[]

Overfull \hbox (149.02919pt too wide) detected at line 856
[]
[308]
Overfull \hbox (7.2032pt too wide) detected at line 968
[]
[309] [310] [311] [312]
Overfull \hbox (1.87334pt too wide) in paragraph at lines 1238--1241
[]\OT1/cmr/m/n/12 Density/PDE for-mu-la-tions re-quire mass, pos-i-tiv-ity, bou
nd-ary, and reg-u-lar-ity checks.
[313]
Overfull \hbox (1.60382pt too wide) in paragraph at lines 1256--1256
[]|\OT1/cmr/m/n/8 Approximation

Underfull \hbox (badness 10000) in paragraph at lines 1257--1257
[]|\OT1/cmr/m/n/8 Promotion

Overfull \hbox (17.66794pt too wide) in paragraph at lines 1257--1258
[]|\OT1/cmr/m/n/8 Citation/derivation

Underfull \hbox (badness 10000) in paragraph at lines 1260--1260
[]|\OT1/cmr/m/n/8 Conditional

Underfull \hbox (badness 10000) in paragraph at lines 1261--1261
[]|\OT1/cmr/m/n/8 mean-only or

Underfull \hbox (badness 10000) in paragraph at lines 1261--1262
[]|\OT1/cmr/m/n/8 mass, pos-i-tiv-

Underfull \hbox (badness 10000) in paragraph at lines 1261--1262
\OT1/cmr/m/n/8 ity, ref-er-ence

Underfull \hbox (badness 5832) in paragraph at lines 1262--1262
[]|\OT1/cmr/m/n/8 state di-

Underfull \hbox (badness 10000) in paragraph at lines 1262--1262
[]|\OT1/cmr/m/n/8 law se-man-

Underfull \hbox (badness 1796) in paragraph at lines 1264--1264
[]|$\OML/cmm/m/it/8 Z[] \OT1/cmr/m/n/8 = \OML/cmm/m/it/8 p\OT1/cmr/m/n/8 (\OML/
cmm/m/it/8 y[] \OMS/cmsy/m/n/8 j

Underfull \hbox (badness 10000) in paragraph at lines 1264--1265
[]|\OT1/cmr/m/n/8 quadrature,

Underfull \hbox (badness 5064) in paragraph at lines 1264--1265
\OT1/cmr/m/n/8 Monte Carlo,

Underfull \hbox (badness 10000) in paragraph at lines 1264--1265
\OT1/cmr/m/n/8 ten-sor/PDE

Underfull \hbox (badness 10000) in paragraph at lines 1265--1265
[]|\OT1/cmr/m/n/8 wrong like-li-

Underfull \hbox (badness 10000) in paragraph at lines 1265--1265
[]|\OT1/cmr/m/n/8 finite pos-i-

Underfull \hbox (badness 10000) in paragraph at lines 1266--1266
[]|\OT1/cmr/m/n/8 integral

Underfull \hbox (badness 10000) in paragraph at lines 1266--1266
[]|\OT1/cmr/m/n/8 scalar like-

Underfull \hbox (badness 10000) in paragraph at lines 1266--1266
\OT1/cmr/m/n/8 li-hood re-

Underfull \hbox (badness 10000) in paragraph at lines 1268--1268
[]|\OT1/cmr/m/n/8 Likelihood

Underfull \hbox (badness 6961) in paragraph at lines 1269--1269
[]|\OT1/cmr/m/n/8 gradient of a

Underfull \hbox (badness 10000) in paragraph at lines 1269--1270
[]|\OT1/cmr/m/n/8 finite-difference

Underfull \hbox (badness 10000) in paragraph at lines 1269--1270
\OT1/cmr/m/n/8 par-ity, same-

Underfull \hbox (badness 10000) in paragraph at lines 1270--1270
[]|\OT1/cmr/m/n/8 filter-

Underfull \hbox (badness 10000) in paragraph at lines 1270--1270
\OT1/cmr/m/n/8 gradient

Underfull \hbox (badness 10000) in paragraph at lines 1270--1270
[]|\OT1/cmr/m/n/8 value and

Underfull \hbox (badness 10000) in paragraph at lines 1270--1270
\OT1/cmr/m/n/8 gra-di-ent

Overfull \hbox (5.5511pt too wide) in paragraph at lines 1271--1272
[]|\OT1/cmr/m/n/8 Proposition [][]33.4[][]| 

Underfull \hbox (badness 10000) in paragraph at lines 1272--1272
[]|\OT1/cmr/m/n/8 DMZ/PDE

Underfull \hbox (badness 10000) in paragraph at lines 1272--1272
[]|\OT1/cmr/m/n/8 unnormalized

Underfull \hbox (badness 10000) in paragraph at lines 1272--1273
[]|\OT1/cmr/m/n/8 spatial dis-

Underfull \hbox (badness 10000) in paragraph at lines 1272--1273
\OT1/cmr/m/n/8 cretiza-tion,

Underfull \hbox (badness 10000) in paragraph at lines 1272--1273
\OT1/cmr/m/n/8 op-er-a-tor

Underfull \hbox (badness 10000) in paragraph at lines 1273--1273
[]|\OT1/cmr/m/n/8 mass, bound-

Underfull \hbox (badness 1565) in paragraph at lines 1273--1274
[]|\OT1/cmr/m/n/8 residual, mass,

Underfull \hbox (badness 10000) in paragraph at lines 1273--1274
\OT1/cmr/m/n/8 pos-i-tiv-ity,

Underfull \hbox (badness 10000) in paragraph at lines 1273--1274
\OT1/cmr/m/n/8 bound-ary

Underfull \hbox (badness 10000) in paragraph at lines 1274--1274
[]|\OT1/cmr/m/n/8 source as-

Underfull \hbox (badness 10000) in paragraph at lines 1274--1274
\OT1/cmr/m/n/8 sump-tions

Underfull \hbox (badness 10000) in paragraph at lines 1275--1276
[]|[][]\OT1/cmr/m/n/8 Davis[][] [[][]1980[][]],
) (./chapters/ch34_highdim_gaussian_projection_and_point_rule_foundations.tex
[314]
Chapter 34.
[315]
Overfull \hbox (89.31276pt too wide) has occurred while \output is active
\OT1/cmr/m/n/12 316 \OT1/cmr/m/sl/12 CHAPTER 34.  DETERMINISTIC GAUSSIAN PROJEC
TION AND POINT-RULE FOUNDATIONS
[316] [317]
Overfull \hbox (89.31276pt too wide) has occurred while \output is active
\OT1/cmr/m/n/12 318 \OT1/cmr/m/sl/12 CHAPTER 34.  DETERMINISTIC GAUSSIAN PROJEC
TION AND POINT-RULE FOUNDATIONS
[318]
Overfull \hbox (11.57782pt too wide) in paragraph at lines 315--315
[]\OT1/cmr/bx/n/17.28 Exports To Sparse-Grid Spe-cial-iza-tion And Later
) (./chapters/ch35_highdim_sparse_grid_quadrature_and_fixed_cloud_scalar.tex
[319]
Overfull \hbox (89.31276pt too wide) has occurred while \output is active
\OT1/cmr/m/n/12 320 \OT1/cmr/m/sl/12 CHAPTER 34.  DETERMINISTIC GAUSSIAN PROJEC
TION AND POINT-RULE FOUNDATIONS
[320]
Chapter 35.
[321]
Overfull \hbox (14.81763pt too wide) in paragraph at lines 112--115
\OT1/cmr/m/n/12 The chap-ter fixes the odd-point standard-normal GHQ lad-der as
 its con-crete one-dimensional

Overfull \hbox (154.47713pt too wide) detected at line 122
[][][]\OML/cmm/m/it/12 I[] \OT1/cmr/m/n/12 = []\OML/cmm/m/it/12 ;  I[] \OT1/cmr
/m/n/12 = []\OML/cmm/m/it/12 ;  I[] \OT1/cmr/m/n/12 = []\OML/cmm/m/it/12 ;
[322] [323] [324]
Overfull \hbox (36.64975pt too wide) detected at line 316
[][][]\OT1/cmr/m/n/12 10 [] [][]\OMS/cmsy/m/n/12 ! \OT1/cmr/m/n/12 7 [] [][]\OM
S/cmsy/m/n/12 ! \OT1/cmr/m/n/12 6 []\OML/cmm/m/it/12 :
[325]
Overfull \hbox (122.09415pt too wide) in paragraph at lines 359--365
\OT1/cmr/m/n/12 this sec-tion is a stored cloud builder rou-tine of the form \O
T1/cmtt/m/n/12 build[]fixed[]sparse[]grid[]cloud($\OT1/cmr/m/n/12 (\OML/cmm/m/i
t/12 b; L; \OMS/cmsy/m/n/12 f\OML/cmm/m/it/12 I[]\OMS/cmsy/m/n/12 g\OML/cmm/m/i
t/12 ; ^^\[]; ^^\[]\OT1/cmr/m/n/12 )$\OT1/cmtt/m/n/12 )

Overfull \hbox (56.03583pt too wide) detected at line 396
[][][][][]
[326]
Overfull \hbox (4.8357pt too wide) in paragraph at lines 423--427
[]\OT1/cmr/m/n/12 Chapter [][]40[][] may im-port only the de-clared Gaussian-pr
ojection de-fect, point-explosion
) (./chapters/ch35b_highdim_fixed_cloud_filtering_and_sgqf_validation.tex
[327]
Chapter 36.
[328]
Overfull \hbox (0.63177pt too wide) in paragraph at lines 73--79
\OT1/cmr/m/n/12 After [], BayesFil-ter sym-metrizes $\OML/cmm/m/it/12 P[]$ \OT1
/cmr/m/n/12 and checks the de-clared positive-definite branch.
[329]
Overfull \hbox (137.68306pt too wide) has occurred while \output is active
\OT1/cmr/m/n/12 330 \OT1/cmr/m/sl/12 CHAPTER 36.  FIXED-CLOUD FILTERING, SAME-B
RANCH SGQF, AND LANE-SPECIFIC VALIDATION
[330] [331]
Overfull \hbox (137.68306pt too wide) has occurred while \output is active
\OT1/cmr/m/n/12 332 \OT1/cmr/m/sl/12 CHAPTER 36.  FIXED-CLOUD FILTERING, SAME-B
RANCH SGQF, AND LANE-SPECIFIC VALIDATION
[332] [333]
Overfull \hbox (137.68306pt too wide) has occurred while \output is active
\OT1/cmr/m/n/12 334 \OT1/cmr/m/sl/12 CHAPTER 36.  FIXED-CLOUD FILTERING, SAME-B
RANCH SGQF, AND LANE-SPECIFIC VALIDATION
[334] (/usr/share/texlive/texmf-dist/tex/latex/amsfonts/ueuf.fd)
Overfull \hbox (435.33475pt too wide) detected at line 604
[][][]\U/euf/m/n/12 B[] \OT1/cmr/m/n/12 = \OMS/cmsy/m/n/12 fC[]\OML/cmm/m/it/12
 ;  [];  [];  [];  [];  [];  [];  []\OMS/cmsy/m/n/12 g\OML/cmm/m/it/12 :
[335]
Overfull \hbox (211.66898pt too wide) detected at line 638
[][][][][]

Overfull \hbox (99.3027pt too wide) in paragraph at lines 665--668
 []\OT1/cmr/bx/n/12 Implementation-facing FD check-list.[] \OT1/cmr/m/n/12 A ro
u-tine of the form \OT1/cmtt/m/n/12 same[]scalar[]fd[]check($\OML/cmm/m/it/12 i
; h[]; ^^R; \U/euf/m/n/12 B[]$\OT1/cmtt/m/n/12 )

Overfull \hbox (137.68306pt too wide) has occurred while \output is active
\OT1/cmr/m/n/12 336 \OT1/cmr/m/sl/12 CHAPTER 36.  FIXED-CLOUD FILTERING, SAME-B
RANCH SGQF, AND LANE-SPECIFIC VALIDATION
[336]
Overfull \hbox (207.07246pt too wide) detected at line 764
[][][]\OMS/cmsy/m/n/12 R[] \OT1/cmr/m/n/12 = \OMS/cmsy/m/n/12 f\OML/cmm/m/it/12
 M[];  [];  [] ^^U\OT1/cmr/m/n/12 (\OML/cmm/m/it/12 P[]\OT1/cmr/m/n/12 )\OML/cm
m/m/it/12 ;  [] ^^U\OT1/cmr/m/n/12 (\OML/cmm/m/it/12 S[]\OT1/cmr/m/n/12 )\OML/c
mm/m/it/12 ;  [] ^^U\OT1/cmr/m/n/12 (\OML/cmm/m/it/12 P[]\OT1/cmr/m/n/12 )\OML/
cmm/m/it/12 ;  [];  [];  [];  []\OMS/cmsy/m/n/12 g\OML/cmm/m/it/12 :
[337]
Overfull \hbox (45.40488pt too wide) detected at line 775
[][][][] \OT1/cmr/m/n/12 = []

Underfull \hbox (badness 10000) in paragraph at lines 796--796
[]|\OT1/cmr/m/n/10.95 standardized sparse-grid

Underfull \hbox (badness 3229) in paragraph at lines 798--798
[]|\OT1/cmr/m/n/10.95 covariance fac-tors on de-

Underfull \hbox (badness 4316) in paragraph at lines 799--800
[]|\OT1/cmr/m/n/10.95 transition value and

Underfull \hbox (badness 10000) in paragraph at lines 803--803
[]|\OT1/cmr/m/n/10.95 Gaussian pro-jec-tion mo-

Underfull \hbox (badness 3009) in paragraph at lines 803--803
[]|$\OML/cmm/m/it/10.95 n[]$\OT1/cmr/m/n/10.95 , $\OML/cmm/m/it/10.95 n[] \OMS/
cmsy/m/n/10.95 ^^B \OML/cmm/m/it/10.95 n[]$\OT1/cmr/m/n/10.95 ,

Underfull \hbox (badness 10000) in paragraph at lines 804--805
[]|\OT1/cmr/m/n/10.95 likelihood, up-date,

Underfull \hbox (badness 10000) in paragraph at lines 808--809
[]|\OT1/cmr/m/n/10.95 value and gra-di-ent

Underfull \hbox (badness 1721) in paragraph at lines 809--809
[]|\OT1/cmr/m/n/10.95 cloud, rules, merge tol-er-

Underfull \hbox (badness 1616) in paragraph at lines 809--809
\OT1/cmr/m/n/10.95 then-veto rule, thresh-olds,

Underfull \hbox (badness 3407) in paragraph at lines 809--809
\OT1/cmr/m/n/10.95 ac-cept-ed/-fail-ure stage-time

Underfull \vbox (badness 10000) has occurred while \output is active
Overfull \hbox (137.68306pt too wide) has occurred while \output is active
\OT1/cmr/m/n/12 338 \OT1/cmr/m/sl/12 CHAPTER 36.  FIXED-CLOUD FILTERING, SAME-B
RANCH SGQF, AND LANE-SPECIFIC VALIDATION
[338] [339]
Underfull \hbox (badness 10000) in paragraph at lines 916--917
[]|\OT1/cmr/m/n/10.95 removes ac-cu-mu-lated numerical-zero

Underfull \hbox (badness 10000) in paragraph at lines 920--920
[]|\OT1/cmr/m/n/10.95 finite-difference rel-a-

Underfull \hbox (badness 10000) in paragraph at lines 921--921
[]|\OT1/cmr/m/n/10.95 maximum branch-

Overfull \hbox (137.68306pt too wide) has occurred while \output is active
\OT1/cmr/m/n/12 340 \OT1/cmr/m/sl/12 CHAPTER 36.  FIXED-CLOUD FILTERING, SAME-B
RANCH SGQF, AND LANE-SPECIFIC VALIDATION
[340]
Underfull \hbox (badness 10000) in paragraph at lines 962--962
[]\OT1/cmr/m/n/12 Check the weight-sum in-vari-ant. If it fails, re-turn $\OMS/
cmsy/m/n/12 F \OT1/cmr/m/n/12 =
[341]) (./chapters/ch36_highdim_low_rank_density_filters_and_kr_maps.tex
Overfull \hbox (137.68306pt too wide) has occurred while \output is active
\OT1/cmr/m/n/12 342 \OT1/cmr/m/sl/12 CHAPTER 36.  FIXED-CLOUD FILTERING, SAME-B
RANCH SGQF, AND LANE-SPECIFIC VALIDATION
[342]
Chapter 37.
[343]
Overfull \hbox (41.43549pt too wide) has occurred while \output is active
\OT1/cmr/m/n/12 344 \OT1/cmr/m/sl/12 CHAPTER 37.  LOW-RANK DENSITY FILTERS, KR 
MAPS, AND RETAINED OBJECTS
[344]
Overfull \hbox (20.89111pt too wide) has occurred while \output is active
\OT1/cmr/m/sl/12 37.5.  COORDINATE SYSTEMS, CONDITIONAL MAPS, AND RETAINED OBJE
CTS \OT1/cmr/m/n/12 345
[345]
Overfull \hbox (41.43549pt too wide) has occurred while \output is active
\OT1/cmr/m/n/12 346 \OT1/cmr/m/sl/12 CHAPTER 37.  LOW-RANK DENSITY FILTERS, KR 
MAPS, AND RETAINED OBJECTS
[346]
Overfull \hbox (4.40985pt too wide) in paragraph at lines 311--311
[]\OT1/cmr/bx/n/17.28 Tensor-Network Kalman And Square-Root Cau-
[347])
(./chapters/ch36b_highdim_squared_tt_recursion_and_fixed_branch_likelihoods.tex

Overfull \hbox (41.43549pt too wide) has occurred while \output is active
\OT1/cmr/m/n/12 348 \OT1/cmr/m/sl/12 CHAPTER 37.  LOW-RANK DENSITY FILTERS, KR 
MAPS, AND RETAINED OBJECTS
[348]
Chapter 38.

Overfull \hbox (10.19765pt too wide) in paragraph at lines 35--35
[]\OT1/cmr/bx/n/17.28 Squared-TT Fil-ter-ing Ob-ject And Re-cur-sive Clo-

Underfull \vbox (badness 10000) has occurred while \output is active [349]
Overfull \hbox (5.14679pt too wide) in paragraph at lines 44--49
\OT1/cmr/m/n/12 The ex-act adjacent-state tar-get is a many-variable func-tion 
rather than a finite-dimensional

Overfull \hbox (107.18758pt too wide) has occurred while \output is active
\OT1/cmr/m/n/12 350 \OT1/cmr/m/sl/12 CHAPTER 38.  SQUARED-TT RECURSION AND FIXE
D-BRANCH LIKELIHOOD CONSTRUCTION
[350] [351]
Overfull \hbox (107.18758pt too wide) has occurred while \output is active
\OT1/cmr/m/n/12 352 \OT1/cmr/m/sl/12 CHAPTER 38.  SQUARED-TT RECURSION AND FIXE
D-BRANCH LIKELIHOOD CONSTRUCTION
[352]
Overfull \hbox (178.92273pt too wide) detected at line 377
[][][][] \OT1/cmr/m/n/12 = [] + [] + [] + []\OML/cmm/m/it/12 :
[353]
Overfull \hbox (107.18758pt too wide) has occurred while \output is active
\OT1/cmr/m/n/12 354 \OT1/cmr/m/sl/12 CHAPTER 38.  SQUARED-TT RECURSION AND FIXE
D-BRANCH LIKELIHOOD CONSTRUCTION
[354] [355]
Overfull \hbox (107.18758pt too wide) has occurred while \output is active
\OT1/cmr/m/n/12 356 \OT1/cmr/m/sl/12 CHAPTER 38.  SQUARED-TT RECURSION AND FIXE
D-BRANCH LIKELIHOOD CONSTRUCTION
[356] [357]
Overfull \hbox (107.18758pt too wide) has occurred while \output is active
\OT1/cmr/m/n/12 358 \OT1/cmr/m/sl/12 CHAPTER 38.  SQUARED-TT RECURSION AND FIXE
D-BRANCH LIKELIHOOD CONSTRUCTION
[358]
Underfull \hbox (badness 4096) in paragraph at lines 777--777
[]|\OT1/cmr/m/n/12 Nonpositive tar-get for

Underfull \hbox (badness 1590) in paragraph at lines 779--779
[]|\OT1/cmr/m/n/12 Finite-difference branch

Underfull \hbox (badness 1377) in paragraph at lines 779--779
\OT1/cmr/m/n/12 ure path dif-fer across $\OML/cmm/m/it/12 ^^L \OMS/cmsy/m/n/12 
^^@
[359])
(./chapters/ch37_highdim_fixed_branch_likelihoods_and_same_scalar_gradients.tex

Overfull \hbox (107.18758pt too wide) has occurred while \output is active
\OT1/cmr/m/n/12 360 \OT1/cmr/m/sl/12 CHAPTER 38.  SQUARED-TT RECURSION AND FIXE
D-BRANCH LIKELIHOOD CONSTRUCTION
[360]
Chapter 39.

Overfull \hbox (9.7122pt too wide) in paragraph at lines 33--35
[]$\OMS/cmsy/m/n/12 H[]\OT1/cmr/m/n/12 (\OML/cmm/m/it/12 ^^R\OT1/cmr/m/n/12 )$ 
con-tains the parameter-dependent nu-mer-i-cal val-ues re-com-puted on that bra
nch, 
[361]
Overfull \hbox (1.98186pt too wide) in paragraph at lines 108--108
[]\OT1/cmr/bx/n/17.28 Finite-Difference Con-tract And Branch-Validity

Overfull \hbox (113.28755pt too wide) has occurred while \output is active
\OT1/cmr/m/n/12 362 \OT1/cmr/m/sl/12 CHAPTER 39.  FIXED-BRANCH APPROXIMATE LIKE
LIHOODS AND SAME-SCALAR GRADIENTS
[362]
Overfull \hbox (6.6955pt too wide) in paragraph at lines 139--141
 []\OT1/cmr/bx/n/12 Copied-core and branch-identity au-dit pro-to-col.[] \OT1/c
mr/m/n/12 The op-er-a-tional di-ag-nos-tic should
[363]
Underfull \hbox (badness 4242) in paragraph at lines 214--215
[]|$[][] \OT1/cmr/m/n/12 = \OML/cmm/m/it/12 J[]\OT1/cmr/m/n/12 ([][]\OML/cmm/m/
it/12 f[]g[] \OT1/cmr/m/n/12 + [][]\OML/cmm/m/it/12 g[] \OT1/cmr/m/n/12 +

Overfull \hbox (113.28755pt too wide) has occurred while \output is active
\OT1/cmr/m/n/12 364 \OT1/cmr/m/sl/12 CHAPTER 39.  FIXED-BRANCH APPROXIMATE LIKE
LIHOODS AND SAME-SCALAR GRADIENTS
[364]
Overfull \hbox (51.19658pt too wide) has occurred while \output is active
\OT1/cmr/m/sl/12 39.5.  VALUE PATH, DERIVATIVE PATH, AND WHAT IS ACTUALLY DIFFE
RENTIATED \OT1/cmr/m/n/12 365
[365]
Overfull \hbox (113.28755pt too wide) has occurred while \output is active
\OT1/cmr/m/n/12 366 \OT1/cmr/m/sl/12 CHAPTER 39.  FIXED-BRANCH APPROXIMATE LIKE
LIHOODS AND SAME-SCALAR GRADIENTS
[366]
Overfull \hbox (8.35983pt too wide) in paragraph at lines 473--473
[]\OT1/cmr/bx/n/17.28 Approximate Tar-gets, Exact-Target Cor-rec-tions,

Overfull \hbox (96.58759pt too wide) has occurred while \output is active
\OT1/cmr/m/sl/12 39.6.  APPROXIMATE TARGETS, EXACT-TARGET CORRECTIONS, AND HMC 
ADMISSIBILITY \OT1/cmr/m/n/12 367
[367]) (./chapters/ch38_highdim_validation_defect_calculus_and_promotion.tex
Overfull \hbox (113.28755pt too wide) has occurred while \output is active
\OT1/cmr/m/n/12 368 \OT1/cmr/m/sl/12 CHAPTER 39.  FIXED-BRANCH APPROXIMATE LIKE
LIHOODS AND SAME-SCALAR GRADIENTS
[368]
Chapter 40.
[369]
Overfull \hbox (17.6179pt too wide) in paragraph at lines 50--50
[]\OT1/cmr/bx/n/17.28 Finite-Difference Ver-i-fi-ca-tion As The First Shared

Overfull \hbox (14.52165pt too wide) has occurred while \output is active
\OT1/cmr/m/n/12 370 \OT1/cmr/m/sl/12 CHAPTER 40.  VALIDATION, DEFECT CALCULUS, 
AND METHOD PROMOTION
[370]
Underfull \hbox (badness 10000) in paragraph at lines 135--136
[]|\OT1/cmr/m/n/8 Exported di-ag-nos-

Underfull \hbox (badness 2495) in paragraph at lines 139--140
[]|\OT1/cmr/m/n/8 conditional law, nor-

Underfull \hbox (badness 10000) in paragraph at lines 140--141
[]|\OT1/cmr/m/n/8 wrong tar-get, miss-ing

Underfull \hbox (badness 7540) in paragraph at lines 141--141
\OT1/cmr/m/n/8 i-tiv-ity, same-scalar

Underfull \hbox (badness 1406) in paragraph at lines 148--149
[]|\OT1/cmr/m/n/8 merge mis-match, signed-

Underfull \hbox (badness 10000) in paragraph at lines 149--150
\OT1/cmr/m/n/8 branch-valid FD,

Underfull \hbox (badness 10000) in paragraph at lines 149--150
\OT1/cmr/m/n/8 minimum-eigenvalue

Underfull \hbox (badness 4505) in paragraph at lines 149--150
\OT1/cmr/m/n/8 veto, cloud re-pro-

Underfull \hbox (badness 10000) in paragraph at lines 150--152
[]|\OT1/cmr/m/n/8 deterministic Gaus-

Underfull \hbox (badness 1019) in paragraph at lines 153--154
[]|\OT1/cmr/m/n/8 support fail-ure, Ja-co-bian

Underfull \hbox (badness 2744) in paragraph at lines 153--154
\OT1/cmr/m/n/8 mis-match, rank/se-man-tic

Underfull \hbox (badness 10000) in paragraph at lines 154--154
[]|\OT1/cmr/m/n/8 support/logdet,

Underfull \hbox (badness 10000) in paragraph at lines 156--157
[]|\OT1/cmr/m/n/8 fixed-branch TT/KR

Underfull \hbox (badness 10000) in paragraph at lines 156--157
\OT1/cmr/m/n/8 scalar, stored-field

Underfull \hbox (badness 10000) in paragraph at lines 157--158
[]|\OT1/cmr/m/n/8 wrong saved ob-ject,

Underfull \hbox (badness 4954) in paragraph at lines 157--158
\OT1/cmr/m/n/8 branch-identity loss, in-

Underfull \hbox (badness 10000) in paragraph at lines 158--159
[]|\OT1/cmr/m/n/8 stored-field au-dit,

Underfull \hbox (badness 10000) in paragraph at lines 158--159
\OT1/cmr/m/n/8 retained-marginal

Underfull \hbox (badness 10000) in paragraph at lines 159--160
[]|\OT1/cmr/m/n/8 operational mid-dle

Underfull \hbox (badness 3364) in paragraph at lines 161--161
\OT1/cmr/m/n/8 ver-gences, in-valid trans-

Underfull \hbox (badness 1194) in paragraph at lines 161--162
[]|\OT1/cmr/m/n/8 scalar par-ity, fi-nite

Underfull \hbox (badness 10000) in paragraph at lines 161--162
\OT1/cmr/m/n/8 sup-port-/-Ja-co-bian,

Underfull \hbox (badness 4819) in paragraph at lines 162--163
[]|\OT1/cmr/m/n/8 downstream sam-pler
[371]
Overfull \hbox (6.10307pt too wide) in paragraph at lines 233--243
 []\OT1/cmr/bx/n/12 Benchmark-specific in-ter-pre-ta-tion.[] \OT1/cmr/m/n/12 Th
e bench-mark ledger should stay ex-plicit about

Overfull \hbox (14.52165pt too wide) has occurred while \output is active
\OT1/cmr/m/n/12 372 \OT1/cmr/m/sl/12 CHAPTER 40.  VALIDATION, DEFECT CALCULUS, 
AND METHOD PROMOTION
[372]
Overfull \hbox (24.47234pt too wide) detected at line 300
[][][]\OML/cmm/m/it/12 V[] \OT1/cmr/m/n/12 = \OT1/cmr/bx/n/12 1\OMS/cmsy/m/n/12
 f\OML/cmm/m/it/12 B\OT1/cmr/m/n/12 (\OML/cmm/m/it/12 ^^L \OT1/cmr/m/n/12 + \OM
L/cmm/m/it/12 h\OT1/cmr/m/n/12 ) \OMS/cmsy/m/n/12 6\OT1/cmr/m/n/12 = \OML/cmm/m
/it/12 B\OT1/cmr/m/n/12 (\OML/cmm/m/it/12 ^^L\OT1/cmr/m/n/12 ) [] \OML/cmm/m/it
/12 B\OT1/cmr/m/n/12 (\OML/cmm/m/it/12 ^^L \OMS/cmsy/m/n/12 ^^@ \OML/cmm/m/it/1
2 h\OT1/cmr/m/n/12 ) \OMS/cmsy/m/n/12 6\OT1/cmr/m/n/12 = \OML/cmm/m/it/12 B\OT1
/cmr/m/n/12 (\OML/cmm/m/it/12 ^^L\OT1/cmr/m/n/12 ) []\OMS/cmsy/m/n/12 g\OML/cmm
/m/it/12 :
[373]
Overfull \hbox (14.52165pt too wide) has occurred while \output is active
\OT1/cmr/m/n/12 374 \OT1/cmr/m/sl/12 CHAPTER 40.  VALIDATION, DEFECT CALCULUS, 
AND METHOD PROMOTION
[374]
Overfull \hbox (26.75392pt too wide) in paragraph at lines 375--375
[]\OT1/cmr/bx/n/17.28 Defect 2: Fixed-Box Row De-signs Col-lapse Against
[375]
Overfull \hbox (14.52165pt too wide) has occurred while \output is active
\OT1/cmr/m/n/12 376 \OT1/cmr/m/sl/12 CHAPTER 40.  VALIDATION, DEFECT CALCULUS, 
AND METHOD PROMOTION
[376] [377]
Overfull \hbox (53.53732pt too wide) in paragraph at lines 594--601
\OT1/cmr/m/n/12 ues eval-u-ate [] di-rectly (di-ag-nos-tic script \OT1/cmtt/m/n
/12 check[]reference[]domain[]selection[]20260823.py\OT1/cmr/m/n/12 ).

Overfull \hbox (14.52165pt too wide) has occurred while \output is active
\OT1/cmr/m/n/12 378 \OT1/cmr/m/sl/12 CHAPTER 40.  VALIDATION, DEFECT CALCULUS, 
AND METHOD PROMOTION
[378] [379]
Overfull \hbox (14.52165pt too wide) has occurred while \output is active
\OT1/cmr/m/n/12 380 \OT1/cmr/m/sl/12 CHAPTER 40.  VALIDATION, DEFECT CALCULUS, 
AND METHOD PROMOTION
[380] [381]
Overfull \hbox (14.52165pt too wide) has occurred while \output is active
\OT1/cmr/m/n/12 382 \OT1/cmr/m/sl/12 CHAPTER 40.  VALIDATION, DEFECT CALCULUS, 
AND METHOD PROMOTION
[382] [383]
Overfull \hbox (22.75829pt too wide) in paragraph at lines 1068--1081
 [] 

Overfull \hbox (14.52165pt too wide) has occurred while \output is active
\OT1/cmr/m/n/12 384 \OT1/cmr/m/sl/12 CHAPTER 40.  VALIDATION, DEFECT CALCULUS, 
AND METHOD PROMOTION
[384] [385])
Overfull \hbox (14.52165pt too wide) has occurred while \output is active
\OT1/cmr/m/n/12 386 \OT1/cmr/m/sl/12 CHAPTER 40.  VALIDATION, DEFECT CALCULUS, 
AND METHOD PROMOTION
[386] [387] (./chapters/ch21_hmc_for_state_space.tex
Chapter 41.
[388] [389]) (./chapters/ch21b_hmc_tuning_interfaces.tex [390]
Chapter 42.

Overfull \hbox (6.56288pt too wide) in paragraph at lines 27--33
[]\OT1/cmr/m/n/12 The ca-pa-bil-ity reg-istry $\OT1/cmtt/m/n/12 HMC _ TUNING _ 
INTERFACE _ CAPABILITIES$ \OT1/cmr/m/n/12 iden-ti-fies the sup-ported
(/usr/share/texlive/texmf-dist/tex/latex/listings/lstlang1.sty)
(./examples/hmc_tuning_route_selection.py [391])
Underfull \vbox (badness 1292) has occurred while \output is active [392]
Overfull \hbox (25.45012pt too wide) in paragraph at lines 96--106
[]\OT1/cmr/m/n/12 An op-tional fi-nite startup probe is avail-able through $\OT
1/cmtt/m/n/12 HMCKernelTuningConfig(bootstrap _
[393] [394]
Overfull \hbox (5.36368pt too wide) in paragraph at lines 183--194
[]\OT1/cmr/m/n/12 The op-tional $\OT1/cmtt/m/n/12 metric _ probe _ num _ result
s$ \OT1/cmr/m/n/12 ex-tends each of the four in-de-pen-dent metric-
(./examples/hmc_tuning_covariance_first.py [395]
Underfull \vbox (badness 10000) has occurred while \output is active [396])
Overfull \hbox (28.25664pt too wide) in paragraph at lines 214--222
\OT1/cmr/m/n/12 ac-tual post-warmup start bank. The nu-mer-i-cal fac-tory $\OT1
/cmtt/m/n/12 bind _ hmc _ candidate _ set _ execution _
[397] [398]
Overfull \hbox (2.5301pt too wide) has occurred while \output is active
\OT1/cmr/m/sl/12 42.4.  ACCEPTANCE, NUMERICAL HEALTH, AND POSTERIOR DIAGNOSTICS
 \OT1/cmr/m/n/12 399
[399] [400] (./examples/hmc_tuning_fixed_transport.py [401])
Overfull \hbox (28.70445pt too wide) in paragraph at lines 462--469
$\OT1/cmtt/m/n/12 bind _ neural _ force _ hmc _ tuning _ runner$ \OT1/cmr/m/n/1
2 binds a de-clared position-only field to its coordinate-

Overfull \hbox (118.78334pt too wide) in paragraph at lines 462--469
\OT1/cmr/m/n/12 consistent end-point po-ten-tial. The pub-lic fa-cade ac-cepts 
that bind-ing with $\OT1/cmtt/m/n/12 TensorFlowHMCKernelTuningConfig$\OT1/cmr/m
/n/12 .
(./examples/hmc_tuning_neural_force_binding.py [402]
Underfull \vbox (badness 10000) has occurred while \output is active [403]
Underfull \vbox (badness 10000) has occurred while \output is active [404])
Overfull \hbox (11.97737pt too wide) in paragraph at lines 515--521
$\OT1/cmtt/m/n/12 verified _ candidate _ ids$ \OT1/cmr/m/n/12 re-tains ev-ery v
er-i-fied mem-ber with no im-plicit nom-i-nee. $\OT1/cmtt/m/n/12 viable _

Overfull \hbox (14.50671pt too wide) in paragraph at lines 543--550
[]\OT1/cmr/m/n/12 Before frozen ex-e-cu-tion ex-ists, $\OT1/cmtt/m/n/12 prepara
tion _ progress . json$ \OT1/cmr/m/n/12 records prepa-ra-tion phases,

Overfull \hbox (0.27277pt too wide) in paragraph at lines 551--564
[]\OT1/cmr/m/n/12 Call bud-gets count at-tempted work. Can-di-date reser-va-tio
ns pro-tect manda-tory stages;
[405]
Overfull \hbox (18.6808pt too wide) in paragraph at lines 620--628
\OT1/cmr/m/n/12 pact mem-ber files. Copy the bun-dle when mov-ing the mem-bers,
 or use $\OT1/cmtt/m/n/12 runner . export(path ,[]
[406] (./examples/hmc_tuning_ordinary.py)
(./examples/hmc_candidate_set_retained.py [407]
Underfull \vbox (badness 10000) has occurred while \output is active [408]
Underfull \vbox (badness 10000) has occurred while \output is active [409]
Underfull \vbox (badness 10000) has occurred while \output is active [410])
[411] [412]
Overfull \hbox (10.63037pt too wide) in paragraph at lines 753--794
\OT1/cmr/m/n/12 mented in $\OT1/cmtt/m/n/12 docs / plans / bayesfilter-[]infere
nce-[]validation-[]24h-[]result-[]2026-[]09-[]16 .

Underfull \vbox (badness 1270) has occurred while \output is active [413]
[414] [415] (./generated/inference_validation_coverage.tex [416] [417] [418]
[419]) (./generated/hmc_tuning_route_table.tex [420] [421] [422] [423] [424]
[425] [426])) (./chapters/ch22_mass_matrices.tex [427]
Chapter 43.
[428]
Overfull \hbox (157.55728pt too wide) in paragraph at lines 52--54
[]\OT1/cmr/m/n/12 Historical stage sched-ules use this sum-mary to al-lo-cate l
o-cal work through \OT1/cmtt/m/n/12 HMCGeometryScaledBudgetTimingPolicy\OT1/cmr
/m/n/12 .
[429] [430]) (./chapters/ch23_boundary_gradients.tex [431] [432]
Chapter 44.
[433]) (./chapters/ch23b_obc_discontinuous_gradient_hmc.tex [434]
Chapter 45.
[435] [436] [437] [438] [439] [440]

Package hyperref Warning: Token not allowed in a PDF string (Unicode):
(hyperref)                removing `math shift' on input line 252.


Package hyperref Warning: Token not allowed in a PDF string (Unicode):
(hyperref)                removing `\succeq' on input line 252.


Package hyperref Warning: Token not allowed in a PDF string (Unicode):
(hyperref)                removing `math shift' on input line 252.

[441] [442]
Overfull \hbox (16.64816pt too wide) in paragraph at lines 308--309
[]\OT1/cmr/m/n/12 The ex-e-cuted tar-get was filter-free joint HMC over la-tent
 states, not UKF-marginalized. 
[443] [444] [445] [446] [447] [448]
Overfull \hbox (2.07877pt too wide) in paragraph at lines 520--521
\OT1/cmr/m/n/12 smoothed oc-ca-sion-ally bind-ing con-straints cre-ate gra-di-e
nt dis-con-ti-nu-ities when
[449] [450]) (./chapters/ch24_xla_jit.tex [451]
Chapter 46.

Overfull \hbox (2.31145pt too wide) in paragraph at lines 4--8
\OT1/cmr/m/n/12 sam-pler is not fully com-piled merely be-cause an outer func-t
ion is wrapped in \OT1/cmtt/m/n/12 tf.function\OT1/cmr/m/n/12 .
[452]) (./chapters/ch25_diagnostics.tex [453]
Chapter 47.
[454] [455] [456] (./examples/hmc_posterior_precision.py [457]
Underfull \vbox (badness 10000) has occurred while \output is active [458])
Underfull \vbox (badness 10000) has occurred while \output is active [459])
(./chapters/ch26_transport_surrogates.tex [460]
Chapter 48.
[461]) (./chapters/ch26b_neutra_transport_hmc.tex [462] [463]
Chapter 49.
[464] [465] [466] [467] [468] [469] [470] [471] [472] [473] [474] [475]
[476] [477] [478]) (./chapters/ch26c_hnn_surrogate_hmc.tex [479] [480]
Chapter 50.
[481] [482] [483] [484] [485] [486] [487] [488] [489]
Underfull \hbox (badness 10000) in paragraph at lines 715--716
[]|\OT1/cmr/m/n/10.95 Unsupported

Underfull \hbox (badness 10000) in paragraph at lines 719--720
[]|\OT1/cmr/m/n/10.95 Unsupported

Underfull \hbox (badness 10000) in paragraph at lines 722--723
[]|\OT1/cmr/m/n/10.95 None be-yond

Underfull \hbox (badness 10000) in paragraph at lines 722--723
\OT1/cmr/m/n/10.95 finite-run con-ver-

Underfull \hbox (badness 10000) in paragraph at lines 724--724
[]|\OT1/cmr/m/n/10.95 Exact for the fixed-

Underfull \hbox (badness 10000) in paragraph at lines 724--725
[]|\OT1/cmr/m/n/10.95 Pseudo-marginal

Underfull \hbox (badness 10000) in paragraph at lines 725--725
[]|\OT1/cmr/m/n/10.95 Relaxed or

Underfull \hbox (badness 10000) in paragraph at lines 725--725
\OT1/cmr/m/n/10.95 learned fil-ter

Underfull \hbox (badness 10000) in paragraph at lines 725--725
[]|\OT1/cmr/m/n/10.95 Exact for the re-

Underfull \hbox (badness 10000) in paragraph at lines 725--726
[]|\OT1/cmr/m/n/10.95 Original-filter

Underfull \hbox (badness 10000) in paragraph at lines 725--726
\OT1/cmr/m/n/10.95 or latent-model

Underfull \hbox (badness 1389) in paragraph at lines 726--727
[]|\OT1/cmr/m/n/10.95 Naive HMC with

Underfull \hbox (badness 10000) in paragraph at lines 726--727
\OT1/cmr/m/n/10.95 fresh es-ti-ma-tor

Underfull \hbox (badness 5985) in paragraph at lines 727--727
[]|\OT1/cmr/m/n/10.95 Fresh noisy log

Underfull \hbox (badness 10000) in paragraph at lines 727--728
[]|\OT1/cmr/m/n/10.95 Deterministic or

Underfull \hbox (badness 10000) in paragraph at lines 727--728
\OT1/cmr/m/n/10.95 pseudo-marginal
[490] [491] [492] [493] [494] [495]) [496] [497]
(./chapters/ch27_lgssm_validation.tex
Chapter 51.
[498]) (./chapters/ch28_nonlinear_ssm_validation.tex [499]
Chapter 52.
[500] [501] [502])
(./chapters/ch28a_neural_network_state_space_model_applications.tex [503]
Chapter 53.
[504] [505] [506] [507] [508]
Overfull \hbox (12.04987pt too wide) in paragraph at lines 378--378
[]\OT1/cmr/bx/n/17.28 Dependence-Aware Es-ti-ma-tion of Pre-dic-tive Fea-
[509]
Overfull \hbox (6.99261pt too wide) in paragraph at lines 457--459
[]\OT1/cmr/m/n/12 The prospec-tive re-place-ment is the chain-aware Bartlett/Ne
wey--West es-ti-ma-tor [[][]Newey
[510] [511] [512] [513] [514]
Overfull \hbox (2.6649pt too wide) in paragraph at lines 787--797
\OT1/cmr/m/n/12 lytic score, finite-difference, round-trip, se-ri-al-iza-tion, 
scalar/-batch, and trusted GPU/XLA
[515] [516]
Underfull \hbox (badness 2376) in paragraph at lines 913--914
[]|\OT1/cmr/m/n/12 Does the im-ple-men-ta-tion

Underfull \hbox (badness 10000) in paragraph at lines 913--914
\OT1/cmr/m/n/12 eval-u-ate the in-tended

Underfull \hbox (badness 10000) in paragraph at lines 914--917
[]|\OT1/cmr/m/n/12 Equation-to-code checks,

Underfull \hbox (badness 10000) in paragraph at lines 914--917
\OT1/cmr/m/n/12 de-ter-min-is-tic re-cur-sions,

Underfull \hbox (badness 3701) in paragraph at lines 914--917
\OT1/cmr/m/n/12 linear-Gaussian fore-cast or-

Underfull \hbox (badness 10000) in paragraph at lines 914--917
\OT1/cmr/m/n/12 a-cles, scalar/-batch par-ity,

Underfull \hbox (badness 10000) in paragraph at lines 917--921
[]|\OT1/cmr/m/n/12 Native di-ver-gence teleme-

Underfull \hbox (badness 3158) in paragraph at lines 917--921
\OT1/cmr/m/n/12 try, fi-nite log prob-a-bil-i-ties

Underfull \hbox (badness 7379) in paragraph at lines 917--921
\OT1/cmr/m/n/12 and gra-di-ents, ac-cep-tance,

Underfull \hbox (badness 6526) in paragraph at lines 917--921
\OT1/cmr/m/n/12 move-ment, chain-aware R-

Underfull \hbox (badness 10000) in paragraph at lines 921--921
[]|\OT1/cmr/m/n/12 Predictive-

Underfull \hbox (badness 10000) in paragraph at lines 921--921
\OT1/cmr/m/n/12 functional equiv-a-

Underfull \hbox (badness 10000) in paragraph at lines 922--925
[]|\OT1/cmr/m/n/12 Simultaneous mean/log-

Underfull \hbox (badness 4168) in paragraph at lines 922--925
\OT1/cmr/m/n/12 variance equiv-a-lence, joint-

Underfull \hbox (badness 10000) in paragraph at lines 922--925
\OT1/cmr/m/n/12 path characteristic-function
[517] [518] [519] [520 <./plans/artifacts/ssl-lstm-neutra-2026-07-14/phase-8-pr
edictive-design/direct-visual-validation/ssl-lstm-launch-traces-z.png (PNG copy
)> <./plans/artifacts/ssl-lstm-neutra-2026-07-14/phase-8-predictive-design/dire
ct-visual-validation/ssl-lstm-launch-traces-theta.png (PNG copy)>] [521 <./plan
s/artifacts/ssl-lstm-neutra-2026-07-14/phase-8-predictive-design/direct-visual-
validation/ssl-lstm-predictive-fans.png (PNG copy)>] [522 <./plans/artifacts/ss
l-lstm-neutra-2026-07-14/phase-8-predictive-design/direct-visual-validation/ssl
-lstm-moment-differences.png (PNG copy)> <./plans/artifacts/ssl-lstm-neutra-202
6-07-14/phase-8-predictive-design/direct-visual-validation/ssl-lstm-controlled-
calibration.png (PNG copy)>] [523] [524] [525] [526] [527] [528])
(./chapters/ch29_nk_svd_case_study.tex
Chapter 54.
[529]) (./chapters/ch30_cip_afns_case_study.tex [530]
Chapter 55.
[531]) (./chapters/ch31_nawm_design_target.tex [532]
Chapter 56.
) (./chapters/ch32_production_checklist.tex [533] [534]
Chapter 57.
[535] [536]) [537] [538] (./appendices/app_a_notation.tex
Appendix A.
[539]) (./appendices/app_b_matrix_calculus.tex [540]
Appendix B.
) (./appendices/app_c_factor_derivative_proofs.tex [541]
Appendix C.
) (./appendices/app_d_mathdevmcp_workflows.tex [542]
Appendix D.
) (./appendices/app_e_researchassistant_workflows.tex [543]
Appendix E.
[544]) (./appendices/app_f_source_map.tex [545]
Appendix F.
) (./appendices/app_g_experiment_templates.tex [546]
Appendix G.
[547]) [548]
(/home/ubuntu/python/BayesFilter/docs/plans/artifacts/hmc-remaining-gaps-2026-0
9-24/f-r1/book-r2/build/main.bbl
Underfull \hbox (badness 1472) in paragraph at lines 41--47
[]\OT1/cmr/m/n/12 Hadi Mo-hasel Af-shar and Justin Domke.  Re-flec-tion, re-fra
c-tion, and Hamil-to-
[549] [550]
Underfull \hbox (badness 1742) in paragraph at lines 230--235
\OT1/cmr/m/it/12 Jour-nal on Un-cer-tainty Quan-tifi-ca-tion\OT1/cmr/m/n/12 , 9
(4):1603--1633, 2021.  doi: $10 . 1137 /
[551] [552] [553] [554]
Underfull \hbox (badness 2205) in paragraph at lines 564--567
[]\OT1/cmr/m/n/12 Khai Nguyen.  An in-tro-duc-tion to sliced op-ti-mal trans-po
rt.  \OT1/cmr/m/it/12 arXiv preprint
[555] [556]) [557]
(/home/ubuntu/python/BayesFilter/docs/plans/artifacts/hmc-remaining-gaps-2026-0
9-24/f-r1/book-r2/build/main.aux) )
(see the transcript file for additional information) </home/ubuntu/.texlive2021
/texmf-var/fonts/pk/ljfour/jknappen/ec/tcrm1200.600pk></usr/share/texlive/texmf
-dist/fonts/type1/public/amsfonts/cm/cmbx12.pfb></usr/share/texlive/texmf-dist/
fonts/type1/public/amsfonts/cm/cmbx8.pfb></usr/share/texlive/texmf-dist/fonts/t
ype1/public/amsfonts/cm/cmbxti10.pfb></usr/share/texlive/texmf-dist/fonts/type1
/public/amsfonts/cm/cmex10.pfb></usr/share/texlive/texmf-dist/fonts/type1/publi
c/amsfonts/cmextra/cmex8.pfb></usr/share/texlive/texmf-dist/fonts/type1/public/
amsfonts/cm/cmitt10.pfb></usr/share/texlive/texmf-dist/fonts/type1/public/amsfo
nts/cm/cmmi10.pfb></usr/share/texlive/texmf-dist/fonts/type1/public/amsfonts/cm
/cmmi12.pfb></usr/share/texlive/texmf-dist/fonts/type1/public/amsfonts/cm/cmmi6
.pfb></usr/share/texlive/texmf-dist/fonts/type1/public/amsfonts/cm/cmmi8.pfb></
usr/share/texlive/texmf-dist/fonts/type1/public/amsfonts/cm/cmr10.pfb></usr/sha
re/texlive/texmf-dist/fonts/type1/public/amsfonts/cm/cmr12.pfb></usr/share/texl
ive/texmf-dist/fonts/type1/public/amsfonts/cm/cmr17.pfb></usr/share/texlive/tex
mf-dist/fonts/type1/public/amsfonts/cm/cmr6.pfb></usr/share/texlive/texmf-dist/
fonts/type1/public/amsfonts/cm/cmr7.pfb></usr/share/texlive/texmf-dist/fonts/ty
pe1/public/amsfonts/cm/cmr8.pfb></usr/share/texlive/texmf-dist/fonts/type1/publ
ic/amsfonts/cm/cmsl12.pfb></usr/share/texlive/texmf-dist/fonts/type1/public/ams
fonts/cm/cmss8.pfb></usr/share/texlive/texmf-dist/fonts/type1/public/amsfonts/c
m/cmsy10.pfb></usr/share/texlive/texmf-dist/fonts/type1/public/amsfonts/cm/cmsy
6.pfb></usr/share/texlive/texmf-dist/fonts/type1/public/amsfonts/cm/cmsy8.pfb><
/usr/share/texlive/texmf-dist/fonts/type1/public/amsfonts/cm/cmti12.pfb></usr/s
hare/texlive/texmf-dist/fonts/type1/public/amsfonts/cm/cmtt10.pfb></usr/share/t
exlive/texmf-dist/fonts/type1/public/amsfonts/cm/cmtt12.pfb></usr/share/texlive
/texmf-dist/fonts/type1/public/amsfonts/euler/eufm10.pfb></usr/share/texlive/te
xmf-dist/fonts/type1/public/amsfonts/symbols/msam10.pfb></usr/share/texlive/tex
mf-dist/fonts/type1/public/amsfonts/symbols/msbm10.pfb>
Output written on /home/ubuntu/python/BayesFilter/docs/plans/artifacts/hmc-rema
ining-gaps-2026-09-24/f-r1/book-r2/build/main.pdf (575 pages, 2466512 bytes).
Transcript written on /home/ubuntu/python/BayesFilter/docs/plans/artifacts/hmc-
remaining-gaps-2026-09-24/f-r1/book-r2/build/main.log.
Latexmk: Found input bbl file '/home/ubuntu/python/BayesFilter/docs/plans/artifacts/hmc-remaining-gaps-2026-09-24/f-r1/book-r2/build/main.bbl'
Latexmk: Log file says output to '/home/ubuntu/python/BayesFilter/docs/plans/artifacts/hmc-remaining-gaps-2026-09-24/f-r1/book-r2/build/main.pdf'
Latexmk: Examining '/home/ubuntu/python/BayesFilter/docs/plans/artifacts/hmc-remaining-gaps-2026-09-24/f-r1/book-r2/build/main.log'
=== TeX engine is 'pdfTeX'
Latexmk: Found bibliography file(s) [references.bib]
Latexmk: All targets (/home/ubuntu/python/BayesFilter/docs/plans/artifacts/hmc-remaining-gaps-2026-09-24/f-r1/book-r2/build/main.pdf) are up-to-date
