[ 33%] Building CXX object CMakeFiles/symmetric_sylvester.dir/bayesfilter/ops/symmetric_sylvester_op.cc.o
[ 66%] Building CXX object CMakeFiles/symmetric_sylvester.dir/custom_call_status_stub.cc.o
In file included from /home/ubuntu/anaconda3/envs/tfgpu/lib/python3.13/site-packages/tensorflow/include/xla/hlo/builder/xla_builder.h:35,
                 from /home/ubuntu/anaconda3/envs/tfgpu/lib/python3.13/site-packages/tensorflow/include/tensorflow/compiler/tf2xla/xla_resource.h:23,
                 from /home/ubuntu/anaconda3/envs/tfgpu/lib/python3.13/site-packages/tensorflow/include/tensorflow/compiler/tf2xla/xla_argument.h:22,
                 from /home/ubuntu/anaconda3/envs/tfgpu/lib/python3.13/site-packages/tensorflow/include/tensorflow/compiler/tf2xla/layout_util.h:27,
                 from /home/ubuntu/anaconda3/envs/tfgpu/lib/python3.13/site-packages/tensorflow/include/tensorflow/compiler/tf2xla/xla_compiler.h:25,
                 from /home/ubuntu/anaconda3/envs/tfgpu/lib/python3.13/site-packages/tensorflow/include/tensorflow/compiler/tf2xla/xla_op_kernel.h:23,
                 from /tmp/bayesfilter-hmc-v7-merge-20261005/bayesfilter/ops/symmetric_sylvester_op.cc:18:
/home/ubuntu/anaconda3/envs/tfgpu/include/absl/log/check.h:58: warning: "CHECK" redefined
   58 | #define CHECK(condition) ABSL_LOG_INTERNAL_CHECK_IMPL((condition), #condition)
      | 
In file included from /home/ubuntu/anaconda3/envs/tfgpu/lib/python3.13/site-packages/tensorflow/include/xla/tsl/platform/logging.h:26,
                 from /home/ubuntu/anaconda3/envs/tfgpu/lib/python3.13/site-packages/tensorflow/include/tsl/platform/refcount.h:23,
                 from /home/ubuntu/anaconda3/envs/tfgpu/lib/python3.13/site-packages/tensorflow/include/tensorflow/core/platform/refcount.h:20,
                 from /home/ubuntu/anaconda3/envs/tfgpu/lib/python3.13/site-packages/tensorflow/include/tensorflow/core/lib/core/refcount.h:19,
                 from /home/ubuntu/anaconda3/envs/tfgpu/lib/python3.13/site-packages/tensorflow/include/tensorflow/core/framework/resource_base.h:24,
                 from /home/ubuntu/anaconda3/envs/tfgpu/lib/python3.13/site-packages/tensorflow/include/tensorflow/core/framework/resource_handle.h:22,
                 from /home/ubuntu/anaconda3/envs/tfgpu/lib/python3.13/site-packages/tensorflow/include/tensorflow/core/framework/types.h:30,
                 from /home/ubuntu/anaconda3/envs/tfgpu/lib/python3.13/site-packages/tensorflow/include/tensorflow/core/framework/op_def_builder.h:28,
                 from /home/ubuntu/anaconda3/envs/tfgpu/lib/python3.13/site-packages/tensorflow/include/tensorflow/core/framework/full_type_inference_util.h:24,
                 from /home/ubuntu/anaconda3/envs/tfgpu/lib/python3.13/site-packages/tensorflow/include/tensorflow/core/framework/op.h:27,
                 from /tmp/bayesfilter-hmc-v7-merge-20261005/bayesfilter/ops/symmetric_sylvester_op.cc:13:
/home/ubuntu/anaconda3/envs/tfgpu/lib/python3.13/site-packages/tensorflow/include/xla/tsl/platform/default/logging.h:299: note: this is the location of the previous definition
  299 | #define CHECK(condition)              \
      | 
In file included from /home/ubuntu/anaconda3/envs/tfgpu/lib/python3.13/site-packages/tensorflow/include/xla/hlo/builder/xla_builder.h:35,
                 from /home/ubuntu/anaconda3/envs/tfgpu/lib/python3.13/site-packages/tensorflow/include/tensorflow/compiler/tf2xla/xla_resource.h:23,
                 from /home/ubuntu/anaconda3/envs/tfgpu/lib/python3.13/site-packages/tensorflow/include/tensorflow/compiler/tf2xla/xla_argument.h:22,
                 from /home/ubuntu/anaconda3/envs/tfgpu/lib/python3.13/site-packages/tensorflow/include/tensorflow/compiler/tf2xla/layout_util.h:27,
                 from /home/ubuntu/anaconda3/envs/tfgpu/lib/python3.13/site-packages/tensorflow/include/tensorflow/compiler/tf2xla/xla_compiler.h:25,
                 from /home/ubuntu/anaconda3/envs/tfgpu/lib/python3.13/site-packages/tensorflow/include/tensorflow/compiler/tf2xla/xla_op_kernel.h:23,
                 from /tmp/bayesfilter-hmc-v7-merge-20261005/bayesfilter/ops/symmetric_sylvester_op.cc:18:
/home/ubuntu/anaconda3/envs/tfgpu/include/absl/log/check.h:66: warning: "QCHECK" redefined
   66 | #define QCHECK(condition) ABSL_LOG_INTERNAL_QCHECK_IMPL((condition), #condition)
      | 
In file included from /home/ubuntu/anaconda3/envs/tfgpu/lib/python3.13/site-packages/tensorflow/include/xla/tsl/platform/logging.h:26,
                 from /home/ubuntu/anaconda3/envs/tfgpu/lib/python3.13/site-packages/tensorflow/include/tsl/platform/refcount.h:23,
                 from /home/ubuntu/anaconda3/envs/tfgpu/lib/python3.13/site-packages/tensorflow/include/tensorflow/core/platform/refcount.h:20,
                 from /home/ubuntu/anaconda3/envs/tfgpu/lib/python3.13/site-packages/tensorflow/include/tensorflow/core/lib/core/refcount.h:19,
                 from /home/ubuntu/anaconda3/envs/tfgpu/lib/python3.13/site-packages/tensorflow/include/tensorflow/core/framework/resource_base.h:24,
                 from /home/ubuntu/anaconda3/envs/tfgpu/lib/python3.13/site-packages/tensorflow/include/tensorflow/core/framework/resource_handle.h:22,
                 from /home/ubuntu/anaconda3/envs/tfgpu/lib/python3.13/site-packages/tensorflow/include/tensorflow/core/framework/types.h:30,
                 from /home/ubuntu/anaconda3/envs/tfgpu/lib/python3.13/site-packages/tensorflow/include/tensorflow/core/framework/op_def_builder.h:28,
                 from /home/ubuntu/anaconda3/envs/tfgpu/lib/python3.13/site-packages/tensorflow/include/tensorflow/core/framework/full_type_inference_util.h:24,
                 from /home/ubuntu/anaconda3/envs/tfgpu/lib/python3.13/site-packages/tensorflow/include/tensorflow/core/framework/op.h:27,
                 from /tmp/bayesfilter-hmc-v7-merge-20261005/bayesfilter/ops/symmetric_sylvester_op.cc:13:
/home/ubuntu/anaconda3/envs/tfgpu/lib/python3.13/site-packages/tensorflow/include/xla/tsl/platform/default/logging.h:533: note: this is the location of the previous definition
  533 | #define QCHECK(condition) CHECK(condition)
      | 
In file included from /home/ubuntu/anaconda3/envs/tfgpu/lib/python3.13/site-packages/tensorflow/include/xla/hlo/builder/xla_builder.h:35,
                 from /home/ubuntu/anaconda3/envs/tfgpu/lib/python3.13/site-packages/tensorflow/include/tensorflow/compiler/tf2xla/xla_resource.h:23,
                 from /home/ubuntu/anaconda3/envs/tfgpu/lib/python3.13/site-packages/tensorflow/include/tensorflow/compiler/tf2xla/xla_argument.h:22,
                 from /home/ubuntu/anaconda3/envs/tfgpu/lib/python3.13/site-packages/tensorflow/include/tensorflow/compiler/tf2xla/layout_util.h:27,
                 from /home/ubuntu/anaconda3/envs/tfgpu/lib/python3.13/site-packages/tensorflow/include/tensorflow/compiler/tf2xla/xla_compiler.h:25,
                 from /home/ubuntu/anaconda3/envs/tfgpu/lib/python3.13/site-packages/tensorflow/include/tensorflow/compiler/tf2xla/xla_op_kernel.h:23,
                 from /tmp/bayesfilter-hmc-v7-merge-20261005/bayesfilter/ops/symmetric_sylvester_op.cc:18:
/home/ubuntu/anaconda3/envs/tfgpu/include/absl/log/check.h:89: warning: "DCHECK" redefined
   89 | #define DCHECK(condition) ABSL_LOG_INTERNAL_DCHECK_IMPL((condition), #condition)
      | 
In file included from /home/ubuntu/anaconda3/envs/tfgpu/lib/python3.13/site-packages/tensorflow/include/xla/tsl/platform/logging.h:26,
                 from /home/ubuntu/anaconda3/envs/tfgpu/lib/python3.13/site-packages/tensorflow/include/tsl/platform/refcount.h:23,
                 from /home/ubuntu/anaconda3/envs/tfgpu/lib/python3.13/site-packages/tensorflow/include/tensorflow/core/platform/refcount.h:20,
                 from /home/ubuntu/anaconda3/envs/tfgpu/lib/python3.13/site-packages/tensorflow/include/tensorflow/core/lib/core/refcount.h:19,
                 from /home/ubuntu/anaconda3/envs/tfgpu/lib/python3.13/site-packages/tensorflow/include/tensorflow/core/framework/resource_base.h:24,
                 from /home/ubuntu/anaconda3/envs/tfgpu/lib/python3.13/site-packages/tensorflow/include/tensorflow/core/framework/resource_handle.h:22,
                 from /home/ubuntu/anaconda3/envs/tfgpu/lib/python3.13/site-packages/tensorflow/include/tensorflow/core/framework/types.h:30,
                 from /home/ubuntu/anaconda3/envs/tfgpu/lib/python3.13/site-packages/tensorflow/include/tensorflow/core/framework/op_def_builder.h:28,
                 from /home/ubuntu/anaconda3/envs/tfgpu/lib/python3.13/site-packages/tensorflow/include/tensorflow/core/framework/full_type_inference_util.h:24,
                 from /home/ubuntu/anaconda3/envs/tfgpu/lib/python3.13/site-packages/tensorflow/include/tensorflow/core/framework/op.h:27,
                 from /tmp/bayesfilter-hmc-v7-merge-20261005/bayesfilter/ops/symmetric_sylvester_op.cc:13:
/home/ubuntu/anaconda3/envs/tfgpu/lib/python3.13/site-packages/tensorflow/include/xla/tsl/platform/default/logging.h:502: note: this is the location of the previous definition
  502 | #define DCHECK(condition) CHECK(condition)
      | 
In file included from /home/ubuntu/anaconda3/envs/tfgpu/lib/python3.13/site-packages/tensorflow/include/xla/hlo/builder/xla_builder.h:35,
                 from /home/ubuntu/anaconda3/envs/tfgpu/lib/python3.13/site-packages/tensorflow/include/tensorflow/compiler/tf2xla/xla_resource.h:23,
                 from /home/ubuntu/anaconda3/envs/tfgpu/lib/python3.13/site-packages/tensorflow/include/tensorflow/compiler/tf2xla/xla_argument.h:22,
                 from /home/ubuntu/anaconda3/envs/tfgpu/lib/python3.13/site-packages/tensorflow/include/tensorflow/compiler/tf2xla/layout_util.h:27,
                 from /home/ubuntu/anaconda3/envs/tfgpu/lib/python3.13/site-packages/tensorflow/include/tensorflow/compiler/tf2xla/xla_compiler.h:25,
                 from /home/ubuntu/anaconda3/envs/tfgpu/lib/python3.13/site-packages/tensorflow/include/tensorflow/compiler/tf2xla/xla_op_kernel.h:23,
                 from /tmp/bayesfilter-hmc-v7-merge-20261005/bayesfilter/ops/symmetric_sylvester_op.cc:18:
/home/ubuntu/anaconda3/envs/tfgpu/include/absl/log/check.h:117: warning: "CHECK_EQ" redefined
  117 | #define CHECK_EQ(val1, val2) \
      | 
In file included from /home/ubuntu/anaconda3/envs/tfgpu/lib/python3.13/site-packages/tensorflow/include/xla/tsl/platform/logging.h:26,
                 from /home/ubuntu/anaconda3/envs/tfgpu/lib/python3.13/site-packages/tensorflow/include/tsl/platform/refcount.h:23,
                 from /home/ubuntu/anaconda3/envs/tfgpu/lib/python3.13/site-packages/tensorflow/include/tensorflow/core/platform/refcount.h:20,
                 from /home/ubuntu/anaconda3/envs/tfgpu/lib/python3.13/site-packages/tensorflow/include/tensorflow/core/lib/core/refcount.h:19,
                 from /home/ubuntu/anaconda3/envs/tfgpu/lib/python3.13/site-packages/tensorflow/include/tensorflow/core/framework/resource_base.h:24,
                 from /home/ubuntu/anaconda3/envs/tfgpu/lib/python3.13/site-packages/tensorflow/include/tensorflow/core/framework/resource_handle.h:22,
                 from /home/ubuntu/anaconda3/envs/tfgpu/lib/python3.13/site-packages/tensorflow/include/tensorflow/core/framework/types.h:30,
                 from /home/ubuntu/anaconda3/envs/tfgpu/lib/python3.13/site-packages/tensorflow/include/tensorflow/core/framework/op_def_builder.h:28,
                 from /home/ubuntu/anaconda3/envs/tfgpu/lib/python3.13/site-packages/tensorflow/include/tensorflow/core/framework/full_type_inference_util.h:24,
                 from /home/ubuntu/anaconda3/envs/tfgpu/lib/python3.13/site-packages/tensorflow/include/tensorflow/core/framework/op.h:27,
                 from /tmp/bayesfilter-hmc-v7-merge-20261005/bayesfilter/ops/symmetric_sylvester_op.cc:13:
/home/ubuntu/anaconda3/envs/tfgpu/lib/python3.13/site-packages/tensorflow/include/xla/tsl/platform/default/logging.h:490: note: this is the location of the previous definition
  490 | #define CHECK_EQ(val1, val2) CHECK_OP(Check_EQ, ==, val1, val2)
      | 
In file included from /home/ubuntu/anaconda3/envs/tfgpu/lib/python3.13/site-packages/tensorflow/include/xla/hlo/builder/xla_builder.h:35,
                 from /home/ubuntu/anaconda3/envs/tfgpu/lib/python3.13/site-packages/tensorflow/include/tensorflow/compiler/tf2xla/xla_resource.h:23,
                 from /home/ubuntu/anaconda3/envs/tfgpu/lib/python3.13/site-packages/tensorflow/include/tensorflow/compiler/tf2xla/xla_argument.h:22,
                 from /home/ubuntu/anaconda3/envs/tfgpu/lib/python3.13/site-packages/tensorflow/include/tensorflow/compiler/tf2xla/layout_util.h:27,
                 from /home/ubuntu/anaconda3/envs/tfgpu/lib/python3.13/site-packages/tensorflow/include/tensorflow/compiler/tf2xla/xla_compiler.h:25,
                 from /home/ubuntu/anaconda3/envs/tfgpu/lib/python3.13/site-packages/tensorflow/include/tensorflow/compiler/tf2xla/xla_op_kernel.h:23,
                 from /tmp/bayesfilter-hmc-v7-merge-20261005/bayesfilter/ops/symmetric_sylvester_op.cc:18:
/home/ubuntu/anaconda3/envs/tfgpu/include/absl/log/check.h:119: warning: "CHECK_NE" redefined
  119 | #define CHECK_NE(val1, val2) \
      | 
In file included from /home/ubuntu/anaconda3/envs/tfgpu/lib/python3.13/site-packages/tensorflow/include/xla/tsl/platform/logging.h:26,
                 from /home/ubuntu/anaconda3/envs/tfgpu/lib/python3.13/site-packages/tensorflow/include/tsl/platform/refcount.h:23,
                 from /home/ubuntu/anaconda3/envs/tfgpu/lib/python3.13/site-packages/tensorflow/include/tensorflow/core/platform/refcount.h:20,
                 from /home/ubuntu/anaconda3/envs/tfgpu/lib/python3.13/site-packages/tensorflow/include/tensorflow/core/lib/core/refcount.h:19,
                 from /home/ubuntu/anaconda3/envs/tfgpu/lib/python3.13/site-packages/tensorflow/include/tensorflow/core/framework/resource_base.h:24,
                 from /home/ubuntu/anaconda3/envs/tfgpu/lib/python3.13/site-packages/tensorflow/include/tensorflow/core/framework/resource_handle.h:22,
                 from /home/ubuntu/anaconda3/envs/tfgpu/lib/python3.13/site-packages/tensorflow/include/tensorflow/core/framework/types.h:30,
                 from /home/ubuntu/anaconda3/envs/tfgpu/lib/python3.13/site-packages/tensorflow/include/tensorflow/core/framework/op_def_builder.h:28,
                 from /home/ubuntu/anaconda3/envs/tfgpu/lib/python3.13/site-packages/tensorflow/include/tensorflow/core/framework/full_type_inference_util.h:24,
                 from /home/ubuntu/anaconda3/envs/tfgpu/lib/python3.13/site-packages/tensorflow/include/tensorflow/core/framework/op.h:27,
                 from /tmp/bayesfilter-hmc-v7-merge-20261005/bayesfilter/ops/symmetric_sylvester_op.cc:13:
/home/ubuntu/anaconda3/envs/tfgpu/lib/python3.13/site-packages/tensorflow/include/xla/tsl/platform/default/logging.h:491: note: this is the location of the previous definition
  491 | #define CHECK_NE(val1, val2) CHECK_OP(Check_NE, !=, val1, val2)
      | 
In file included from /home/ubuntu/anaconda3/envs/tfgpu/lib/python3.13/site-packages/tensorflow/include/xla/hlo/builder/xla_builder.h:35,
                 from /home/ubuntu/anaconda3/envs/tfgpu/lib/python3.13/site-packages/tensorflow/include/tensorflow/compiler/tf2xla/xla_resource.h:23,
                 from /home/ubuntu/anaconda3/envs/tfgpu/lib/python3.13/site-packages/tensorflow/include/tensorflow/compiler/tf2xla/xla_argument.h:22,
                 from /home/ubuntu/anaconda3/envs/tfgpu/lib/python3.13/site-packages/tensorflow/include/tensorflow/compiler/tf2xla/layout_util.h:27,
                 from /home/ubuntu/anaconda3/envs/tfgpu/lib/python3.13/site-packages/tensorflow/include/tensorflow/compiler/tf2xla/xla_compiler.h:25,
                 from /home/ubuntu/anaconda3/envs/tfgpu/lib/python3.13/site-packages/tensorflow/include/tensorflow/compiler/tf2xla/xla_op_kernel.h:23,
                 from /tmp/bayesfilter-hmc-v7-merge-20261005/bayesfilter/ops/symmetric_sylvester_op.cc:18:
/home/ubuntu/anaconda3/envs/tfgpu/include/absl/log/check.h:121: warning: "CHECK_LE" redefined
  121 | #define CHECK_LE(val1, val2) \
      | 
In file included from /home/ubuntu/anaconda3/envs/tfgpu/lib/python3.13/site-packages/tensorflow/include/xla/tsl/platform/logging.h:26,
                 from /home/ubuntu/anaconda3/envs/tfgpu/lib/python3.13/site-packages/tensorflow/include/tsl/platform/refcount.h:23,
                 from /home/ubuntu/anaconda3/envs/tfgpu/lib/python3.13/site-packages/tensorflow/include/tensorflow/core/platform/refcount.h:20,
                 from /home/ubuntu/anaconda3/envs/tfgpu/lib/python3.13/site-packages/tensorflow/include/tensorflow/core/lib/core/refcount.h:19,
                 from /home/ubuntu/anaconda3/envs/tfgpu/lib/python3.13/site-packages/tensorflow/include/tensorflow/core/framework/resource_base.h:24,
                 from /home/ubuntu/anaconda3/envs/tfgpu/lib/python3.13/site-packages/tensorflow/include/tensorflow/core/framework/resource_handle.h:22,
                 from /home/ubuntu/anaconda3/envs/tfgpu/lib/python3.13/site-packages/tensorflow/include/tensorflow/core/framework/types.h:30,
                 from /home/ubuntu/anaconda3/envs/tfgpu/lib/python3.13/site-packages/tensorflow/include/tensorflow/core/framework/op_def_builder.h:28,
                 from /home/ubuntu/anaconda3/envs/tfgpu/lib/python3.13/site-packages/tensorflow/include/tensorflow/core/framework/full_type_inference_util.h:24,
                 from /home/ubuntu/anaconda3/envs/tfgpu/lib/python3.13/site-packages/tensorflow/include/tensorflow/core/framework/op.h:27,
                 from /tmp/bayesfilter-hmc-v7-merge-20261005/bayesfilter/ops/symmetric_sylvester_op.cc:13:
/home/ubuntu/anaconda3/envs/tfgpu/lib/python3.13/site-packages/tensorflow/include/xla/tsl/platform/default/logging.h:492: note: this is the location of the previous definition
  492 | #define CHECK_LE(val1, val2) CHECK_OP(Check_LE, <=, val1, val2)
      | 
In file included from /home/ubuntu/anaconda3/envs/tfgpu/lib/python3.13/site-packages/tensorflow/include/xla/hlo/builder/xla_builder.h:35,
                 from /home/ubuntu/anaconda3/envs/tfgpu/lib/python3.13/site-packages/tensorflow/include/tensorflow/compiler/tf2xla/xla_resource.h:23,
                 from /home/ubuntu/anaconda3/envs/tfgpu/lib/python3.13/site-packages/tensorflow/include/tensorflow/compiler/tf2xla/xla_argument.h:22,
                 from /home/ubuntu/anaconda3/envs/tfgpu/lib/python3.13/site-packages/tensorflow/include/tensorflow/compiler/tf2xla/layout_util.h:27,
                 from /home/ubuntu/anaconda3/envs/tfgpu/lib/python3.13/site-packages/tensorflow/include/tensorflow/compiler/tf2xla/xla_compiler.h:25,
                 from /home/ubuntu/anaconda3/envs/tfgpu/lib/python3.13/site-packages/tensorflow/include/tensorflow/compiler/tf2xla/xla_op_kernel.h:23,
                 from /tmp/bayesfilter-hmc-v7-merge-20261005/bayesfilter/ops/symmetric_sylvester_op.cc:18:
/home/ubuntu/anaconda3/envs/tfgpu/include/absl/log/check.h:123: warning: "CHECK_LT" redefined
  123 | #define CHECK_LT(val1, val2) \
      | 
In file included from /home/ubuntu/anaconda3/envs/tfgpu/lib/python3.13/site-packages/tensorflow/include/xla/tsl/platform/logging.h:26,
                 from /home/ubuntu/anaconda3/envs/tfgpu/lib/python3.13/site-packages/tensorflow/include/tsl/platform/refcount.h:23,
                 from /home/ubuntu/anaconda3/envs/tfgpu/lib/python3.13/site-packages/tensorflow/include/tensorflow/core/platform/refcount.h:20,
                 from /home/ubuntu/anaconda3/envs/tfgpu/lib/python3.13/site-packages/tensorflow/include/tensorflow/core/lib/core/refcount.h:19,
                 from /home/ubuntu/anaconda3/envs/tfgpu/lib/python3.13/site-packages/tensorflow/include/tensorflow/core/framework/resource_base.h:24,
                 from /home/ubuntu/anaconda3/envs/tfgpu/lib/python3.13/site-packages/tensorflow/include/tensorflow/core/framework/resource_handle.h:22,
                 from /home/ubuntu/anaconda3/envs/tfgpu/lib/python3.13/site-packages/tensorflow/include/tensorflow/core/framework/types.h:30,
                 from /home/ubuntu/anaconda3/envs/tfgpu/lib/python3.13/site-packages/tensorflow/include/tensorflow/core/framework/op_def_builder.h:28,
                 from /home/ubuntu/anaconda3/envs/tfgpu/lib/python3.13/site-packages/tensorflow/include/tensorflow/core/framework/full_type_inference_util.h:24,
                 from /home/ubuntu/anaconda3/envs/tfgpu/lib/python3.13/site-packages/tensorflow/include/tensorflow/core/framework/op.h:27,
                 from /tmp/bayesfilter-hmc-v7-merge-20261005/bayesfilter/ops/symmetric_sylvester_op.cc:13:
/home/ubuntu/anaconda3/envs/tfgpu/lib/python3.13/site-packages/tensorflow/include/xla/tsl/platform/default/logging.h:493: note: this is the location of the previous definition
  493 | #define CHECK_LT(val1, val2) CHECK_OP(Check_LT, <, val1, val2)
      | 
In file included from /home/ubuntu/anaconda3/envs/tfgpu/lib/python3.13/site-packages/tensorflow/include/xla/hlo/builder/xla_builder.h:35,
                 from /home/ubuntu/anaconda3/envs/tfgpu/lib/python3.13/site-packages/tensorflow/include/tensorflow/compiler/tf2xla/xla_resource.h:23,
                 from /home/ubuntu/anaconda3/envs/tfgpu/lib/python3.13/site-packages/tensorflow/include/tensorflow/compiler/tf2xla/xla_argument.h:22,
                 from /home/ubuntu/anaconda3/envs/tfgpu/lib/python3.13/site-packages/tensorflow/include/tensorflow/compiler/tf2xla/layout_util.h:27,
                 from /home/ubuntu/anaconda3/envs/tfgpu/lib/python3.13/site-packages/tensorflow/include/tensorflow/compiler/tf2xla/xla_compiler.h:25,
                 from /home/ubuntu/anaconda3/envs/tfgpu/lib/python3.13/site-packages/tensorflow/include/tensorflow/compiler/tf2xla/xla_op_kernel.h:23,
                 from /tmp/bayesfilter-hmc-v7-merge-20261005/bayesfilter/ops/symmetric_sylvester_op.cc:18:
/home/ubuntu/anaconda3/envs/tfgpu/include/absl/log/check.h:125: warning: "CHECK_GE" redefined
  125 | #define CHECK_GE(val1, val2) \
      | 
In file included from /home/ubuntu/anaconda3/envs/tfgpu/lib/python3.13/site-packages/tensorflow/include/xla/tsl/platform/logging.h:26,
                 from /home/ubuntu/anaconda3/envs/tfgpu/lib/python3.13/site-packages/tensorflow/include/tsl/platform/refcount.h:23,
                 from /home/ubuntu/anaconda3/envs/tfgpu/lib/python3.13/site-packages/tensorflow/include/tensorflow/core/platform/refcount.h:20,
                 from /home/ubuntu/anaconda3/envs/tfgpu/lib/python3.13/site-packages/tensorflow/include/tensorflow/core/lib/core/refcount.h:19,
                 from /home/ubuntu/anaconda3/envs/tfgpu/lib/python3.13/site-packages/tensorflow/include/tensorflow/core/framework/resource_base.h:24,
                 from /home/ubuntu/anaconda3/envs/tfgpu/lib/python3.13/site-packages/tensorflow/include/tensorflow/core/framework/resource_handle.h:22,
                 from /home/ubuntu/anaconda3/envs/tfgpu/lib/python3.13/site-packages/tensorflow/include/tensorflow/core/framework/types.h:30,
                 from /home/ubuntu/anaconda3/envs/tfgpu/lib/python3.13/site-packages/tensorflow/include/tensorflow/core/framework/op_def_builder.h:28,
                 from /home/ubuntu/anaconda3/envs/tfgpu/lib/python3.13/site-packages/tensorflow/include/tensorflow/core/framework/full_type_inference_util.h:24,
                 from /home/ubuntu/anaconda3/envs/tfgpu/lib/python3.13/site-packages/tensorflow/include/tensorflow/core/framework/op.h:27,
                 from /tmp/bayesfilter-hmc-v7-merge-20261005/bayesfilter/ops/symmetric_sylvester_op.cc:13:
/home/ubuntu/anaconda3/envs/tfgpu/lib/python3.13/site-packages/tensorflow/include/xla/tsl/platform/default/logging.h:494: note: this is the location of the previous definition
  494 | #define CHECK_GE(val1, val2) CHECK_OP(Check_GE, >=, val1, val2)
      | 
In file included from /home/ubuntu/anaconda3/envs/tfgpu/lib/python3.13/site-packages/tensorflow/include/xla/hlo/builder/xla_builder.h:35,
                 from /home/ubuntu/anaconda3/envs/tfgpu/lib/python3.13/site-packages/tensorflow/include/tensorflow/compiler/tf2xla/xla_resource.h:23,
                 from /home/ubuntu/anaconda3/envs/tfgpu/lib/python3.13/site-packages/tensorflow/include/tensorflow/compiler/tf2xla/xla_argument.h:22,
                 from /home/ubuntu/anaconda3/envs/tfgpu/lib/python3.13/site-packages/tensorflow/include/tensorflow/compiler/tf2xla/layout_util.h:27,
                 from /home/ubuntu/anaconda3/envs/tfgpu/lib/python3.13/site-packages/tensorflow/include/tensorflow/compiler/tf2xla/xla_compiler.h:25,
                 from /home/ubuntu/anaconda3/envs/tfgpu/lib/python3.13/site-packages/tensorflow/include/tensorflow/compiler/tf2xla/xla_op_kernel.h:23,
                 from /tmp/bayesfilter-hmc-v7-merge-20261005/bayesfilter/ops/symmetric_sylvester_op.cc:18:
/home/ubuntu/anaconda3/envs/tfgpu/include/absl/log/check.h:127: warning: "CHECK_GT" redefined
  127 | #define CHECK_GT(val1, val2) \
      | 
In file included from /home/ubuntu/anaconda3/envs/tfgpu/lib/python3.13/site-packages/tensorflow/include/xla/tsl/platform/logging.h:26,
                 from /home/ubuntu/anaconda3/envs/tfgpu/lib/python3.13/site-packages/tensorflow/include/tsl/platform/refcount.h:23,
                 from /home/ubuntu/anaconda3/envs/tfgpu/lib/python3.13/site-packages/tensorflow/include/tensorflow/core/platform/refcount.h:20,
                 from /home/ubuntu/anaconda3/envs/tfgpu/lib/python3.13/site-packages/tensorflow/include/tensorflow/core/lib/core/refcount.h:19,
                 from /home/ubuntu/anaconda3/envs/tfgpu/lib/python3.13/site-packages/tensorflow/include/tensorflow/core/framework/resource_base.h:24,
                 from /home/ubuntu/anaconda3/envs/tfgpu/lib/python3.13/site-packages/tensorflow/include/tensorflow/core/framework/resource_handle.h:22,
                 from /home/ubuntu/anaconda3/envs/tfgpu/lib/python3.13/site-packages/tensorflow/include/tensorflow/core/framework/types.h:30,
                 from /home/ubuntu/anaconda3/envs/tfgpu/lib/python3.13/site-packages/tensorflow/include/tensorflow/core/framework/op_def_builder.h:28,
                 from /home/ubuntu/anaconda3/envs/tfgpu/lib/python3.13/site-packages/tensorflow/include/tensorflow/core/framework/full_type_inference_util.h:24,
                 from /home/ubuntu/anaconda3/envs/tfgpu/lib/python3.13/site-packages/tensorflow/include/tensorflow/core/framework/op.h:27,
                 from /tmp/bayesfilter-hmc-v7-merge-20261005/bayesfilter/ops/symmetric_sylvester_op.cc:13:
/home/ubuntu/anaconda3/envs/tfgpu/lib/python3.13/site-packages/tensorflow/include/xla/tsl/platform/default/logging.h:495: note: this is the location of the previous definition
  495 | #define CHECK_GT(val1, val2) CHECK_OP(Check_GT, >, val1, val2)
      | 
In file included from /home/ubuntu/anaconda3/envs/tfgpu/lib/python3.13/site-packages/tensorflow/include/xla/hlo/builder/xla_builder.h:35,
                 from /home/ubuntu/anaconda3/envs/tfgpu/lib/python3.13/site-packages/tensorflow/include/tensorflow/compiler/tf2xla/xla_resource.h:23,
                 from /home/ubuntu/anaconda3/envs/tfgpu/lib/python3.13/site-packages/tensorflow/include/tensorflow/compiler/tf2xla/xla_argument.h:22,
                 from /home/ubuntu/anaconda3/envs/tfgpu/lib/python3.13/site-packages/tensorflow/include/tensorflow/compiler/tf2xla/layout_util.h:27,
                 from /home/ubuntu/anaconda3/envs/tfgpu/lib/python3.13/site-packages/tensorflow/include/tensorflow/compiler/tf2xla/xla_compiler.h:25,
                 from /home/ubuntu/anaconda3/envs/tfgpu/lib/python3.13/site-packages/tensorflow/include/tensorflow/compiler/tf2xla/xla_op_kernel.h:23,
                 from /tmp/bayesfilter-hmc-v7-merge-20261005/bayesfilter/ops/symmetric_sylvester_op.cc:18:
/home/ubuntu/anaconda3/envs/tfgpu/include/absl/log/check.h:129: warning: "QCHECK_EQ" redefined
  129 | #define QCHECK_EQ(val1, val2) \
      | 
In file included from /home/ubuntu/anaconda3/envs/tfgpu/lib/python3.13/site-packages/tensorflow/include/xla/tsl/platform/logging.h:26,
                 from /home/ubuntu/anaconda3/envs/tfgpu/lib/python3.13/site-packages/tensorflow/include/tsl/platform/refcount.h:23,
                 from /home/ubuntu/anaconda3/envs/tfgpu/lib/python3.13/site-packages/tensorflow/include/tensorflow/core/platform/refcount.h:20,
                 from /home/ubuntu/anaconda3/envs/tfgpu/lib/python3.13/site-packages/tensorflow/include/tensorflow/core/lib/core/refcount.h:19,
                 from /home/ubuntu/anaconda3/envs/tfgpu/lib/python3.13/site-packages/tensorflow/include/tensorflow/core/framework/resource_base.h:24,
                 from /home/ubuntu/anaconda3/envs/tfgpu/lib/python3.13/site-packages/tensorflow/include/tensorflow/core/framework/resource_handle.h:22,
                 from /home/ubuntu/anaconda3/envs/tfgpu/lib/python3.13/site-packages/tensorflow/include/tensorflow/core/framework/types.h:30,
                 from /home/ubuntu/anaconda3/envs/tfgpu/lib/python3.13/site-packages/tensorflow/include/tensorflow/core/framework/op_def_builder.h:28,
                 from /home/ubuntu/anaconda3/envs/tfgpu/lib/python3.13/site-packages/tensorflow/include/tensorflow/core/framework/full_type_inference_util.h:24,
                 from /home/ubuntu/anaconda3/envs/tfgpu/lib/python3.13/site-packages/tensorflow/include/tensorflow/core/framework/op.h:27,
                 from /tmp/bayesfilter-hmc-v7-merge-20261005/bayesfilter/ops/symmetric_sylvester_op.cc:13:
/home/ubuntu/anaconda3/envs/tfgpu/lib/python3.13/site-packages/tensorflow/include/xla/tsl/platform/default/logging.h:534: note: this is the location of the previous definition
  534 | #define QCHECK_EQ(x, y) CHECK_EQ(x, y)
      | 
In file included from /home/ubuntu/anaconda3/envs/tfgpu/lib/python3.13/site-packages/tensorflow/include/xla/hlo/builder/xla_builder.h:35,
                 from /home/ubuntu/anaconda3/envs/tfgpu/lib/python3.13/site-packages/tensorflow/include/tensorflow/compiler/tf2xla/xla_resource.h:23,
                 from /home/ubuntu/anaconda3/envs/tfgpu/lib/python3.13/site-packages/tensorflow/include/tensorflow/compiler/tf2xla/xla_argument.h:22,
                 from /home/ubuntu/anaconda3/envs/tfgpu/lib/python3.13/site-packages/tensorflow/include/tensorflow/compiler/tf2xla/layout_util.h:27,
                 from /home/ubuntu/anaconda3/envs/tfgpu/lib/python3.13/site-packages/tensorflow/include/tensorflow/compiler/tf2xla/xla_compiler.h:25,
                 from /home/ubuntu/anaconda3/envs/tfgpu/lib/python3.13/site-packages/tensorflow/include/tensorflow/compiler/tf2xla/xla_op_kernel.h:23,
                 from /tmp/bayesfilter-hmc-v7-merge-20261005/bayesfilter/ops/symmetric_sylvester_op.cc:18:
/home/ubuntu/anaconda3/envs/tfgpu/include/absl/log/check.h:131: warning: "QCHECK_NE" redefined
  131 | #define QCHECK_NE(val1, val2) \
      | 
In file included from /home/ubuntu/anaconda3/envs/tfgpu/lib/python3.13/site-packages/tensorflow/include/xla/tsl/platform/logging.h:26,
                 from /home/ubuntu/anaconda3/envs/tfgpu/lib/python3.13/site-packages/tensorflow/include/tsl/platform/refcount.h:23,
                 from /home/ubuntu/anaconda3/envs/tfgpu/lib/python3.13/site-packages/tensorflow/include/tensorflow/core/platform/refcount.h:20,
                 from /home/ubuntu/anaconda3/envs/tfgpu/lib/python3.13/site-packages/tensorflow/include/tensorflow/core/lib/core/refcount.h:19,
                 from /home/ubuntu/anaconda3/envs/tfgpu/lib/python3.13/site-packages/tensorflow/include/tensorflow/core/framework/resource_base.h:24,
                 from /home/ubuntu/anaconda3/envs/tfgpu/lib/python3.13/site-packages/tensorflow/include/tensorflow/core/framework/resource_handle.h:22,
                 from /home/ubuntu/anaconda3/envs/tfgpu/lib/python3.13/site-packages/tensorflow/include/tensorflow/core/framework/types.h:30,
                 from /home/ubuntu/anaconda3/envs/tfgpu/lib/python3.13/site-packages/tensorflow/include/tensorflow/core/framework/op_def_builder.h:28,
                 from /home/ubuntu/anaconda3/envs/tfgpu/lib/python3.13/site-packages/tensorflow/include/tensorflow/core/framework/full_type_inference_util.h:24,
                 from /home/ubuntu/anaconda3/envs/tfgpu/lib/python3.13/site-packages/tensorflow/include/tensorflow/core/framework/op.h:27,
                 from /tmp/bayesfilter-hmc-v7-merge-20261005/bayesfilter/ops/symmetric_sylvester_op.cc:13:
/home/ubuntu/anaconda3/envs/tfgpu/lib/python3.13/site-packages/tensorflow/include/xla/tsl/platform/default/logging.h:535: note: this is the location of the previous definition
  535 | #define QCHECK_NE(x, y) CHECK_NE(x, y)
      | 
In file included from /home/ubuntu/anaconda3/envs/tfgpu/lib/python3.13/site-packages/tensorflow/include/xla/hlo/builder/xla_builder.h:35,
                 from /home/ubuntu/anaconda3/envs/tfgpu/lib/python3.13/site-packages/tensorflow/include/tensorflow/compiler/tf2xla/xla_resource.h:23,
                 from /home/ubuntu/anaconda3/envs/tfgpu/lib/python3.13/site-packages/tensorflow/include/tensorflow/compiler/tf2xla/xla_argument.h:22,
                 from /home/ubuntu/anaconda3/envs/tfgpu/lib/python3.13/site-packages/tensorflow/include/tensorflow/compiler/tf2xla/layout_util.h:27,
                 from /home/ubuntu/anaconda3/envs/tfgpu/lib/python3.13/site-packages/tensorflow/include/tensorflow/compiler/tf2xla/xla_compiler.h:25,
                 from /home/ubuntu/anaconda3/envs/tfgpu/lib/python3.13/site-packages/tensorflow/include/tensorflow/compiler/tf2xla/xla_op_kernel.h:23,
                 from /tmp/bayesfilter-hmc-v7-merge-20261005/bayesfilter/ops/symmetric_sylvester_op.cc:18:
/home/ubuntu/anaconda3/envs/tfgpu/include/absl/log/check.h:133: warning: "QCHECK_LE" redefined
  133 | #define QCHECK_LE(val1, val2) \
      | 
In file included from /home/ubuntu/anaconda3/envs/tfgpu/lib/python3.13/site-packages/tensorflow/include/xla/tsl/platform/logging.h:26,
                 from /home/ubuntu/anaconda3/envs/tfgpu/lib/python3.13/site-packages/tensorflow/include/tsl/platform/refcount.h:23,
                 from /home/ubuntu/anaconda3/envs/tfgpu/lib/python3.13/site-packages/tensorflow/include/tensorflow/core/platform/refcount.h:20,
                 from /home/ubuntu/anaconda3/envs/tfgpu/lib/python3.13/site-packages/tensorflow/include/tensorflow/core/lib/core/refcount.h:19,
                 from /home/ubuntu/anaconda3/envs/tfgpu/lib/python3.13/site-packages/tensorflow/include/tensorflow/core/framework/resource_base.h:24,
                 from /home/ubuntu/anaconda3/envs/tfgpu/lib/python3.13/site-packages/tensorflow/include/tensorflow/core/framework/resource_handle.h:22,
                 from /home/ubuntu/anaconda3/envs/tfgpu/lib/python3.13/site-packages/tensorflow/include/tensorflow/core/framework/types.h:30,
                 from /home/ubuntu/anaconda3/envs/tfgpu/lib/python3.13/site-packages/tensorflow/include/tensorflow/core/framework/op_def_builder.h:28,
                 from /home/ubuntu/anaconda3/envs/tfgpu/lib/python3.13/site-packages/tensorflow/include/tensorflow/core/framework/full_type_inference_util.h:24,
                 from /home/ubuntu/anaconda3/envs/tfgpu/lib/python3.13/site-packages/tensorflow/include/tensorflow/core/framework/op.h:27,
                 from /tmp/bayesfilter-hmc-v7-merge-20261005/bayesfilter/ops/symmetric_sylvester_op.cc:13:
/home/ubuntu/anaconda3/envs/tfgpu/lib/python3.13/site-packages/tensorflow/include/xla/tsl/platform/default/logging.h:536: note: this is the location of the previous definition
  536 | #define QCHECK_LE(x, y) CHECK_LE(x, y)
      | 
In file included from /home/ubuntu/anaconda3/envs/tfgpu/lib/python3.13/site-packages/tensorflow/include/xla/hlo/builder/xla_builder.h:35,
                 from /home/ubuntu/anaconda3/envs/tfgpu/lib/python3.13/site-packages/tensorflow/include/tensorflow/compiler/tf2xla/xla_resource.h:23,
                 from /home/ubuntu/anaconda3/envs/tfgpu/lib/python3.13/site-packages/tensorflow/include/tensorflow/compiler/tf2xla/xla_argument.h:22,
                 from /home/ubuntu/anaconda3/envs/tfgpu/lib/python3.13/site-packages/tensorflow/include/tensorflow/compiler/tf2xla/layout_util.h:27,
                 from /home/ubuntu/anaconda3/envs/tfgpu/lib/python3.13/site-packages/tensorflow/include/tensorflow/compiler/tf2xla/xla_compiler.h:25,
                 from /home/ubuntu/anaconda3/envs/tfgpu/lib/python3.13/site-packages/tensorflow/include/tensorflow/compiler/tf2xla/xla_op_kernel.h:23,
                 from /tmp/bayesfilter-hmc-v7-merge-20261005/bayesfilter/ops/symmetric_sylvester_op.cc:18:
/home/ubuntu/anaconda3/envs/tfgpu/include/absl/log/check.h:135: warning: "QCHECK_LT" redefined
  135 | #define QCHECK_LT(val1, val2) \
      | 
In file included from /home/ubuntu/anaconda3/envs/tfgpu/lib/python3.13/site-packages/tensorflow/include/xla/tsl/platform/logging.h:26,
                 from /home/ubuntu/anaconda3/envs/tfgpu/lib/python3.13/site-packages/tensorflow/include/tsl/platform/refcount.h:23,
                 from /home/ubuntu/anaconda3/envs/tfgpu/lib/python3.13/site-packages/tensorflow/include/tensorflow/core/platform/refcount.h:20,
                 from /home/ubuntu/anaconda3/envs/tfgpu/lib/python3.13/site-packages/tensorflow/include/tensorflow/core/lib/core/refcount.h:19,
                 from /home/ubuntu/anaconda3/envs/tfgpu/lib/python3.13/site-packages/tensorflow/include/tensorflow/core/framework/resource_base.h:24,
                 from /home/ubuntu/anaconda3/envs/tfgpu/lib/python3.13/site-packages/tensorflow/include/tensorflow/core/framework/resource_handle.h:22,
                 from /home/ubuntu/anaconda3/envs/tfgpu/lib/python3.13/site-packages/tensorflow/include/tensorflow/core/framework/types.h:30,
                 from /home/ubuntu/anaconda3/envs/tfgpu/lib/python3.13/site-packages/tensorflow/include/tensorflow/core/framework/op_def_builder.h:28,
                 from /home/ubuntu/anaconda3/envs/tfgpu/lib/python3.13/site-packages/tensorflow/include/tensorflow/core/framework/full_type_inference_util.h:24,
                 from /home/ubuntu/anaconda3/envs/tfgpu/lib/python3.13/site-packages/tensorflow/include/tensorflow/core/framework/op.h:27,
                 from /tmp/bayesfilter-hmc-v7-merge-20261005/bayesfilter/ops/symmetric_sylvester_op.cc:13:
/home/ubuntu/anaconda3/envs/tfgpu/lib/python3.13/site-packages/tensorflow/include/xla/tsl/platform/default/logging.h:537: note: this is the location of the previous definition
  537 | #define QCHECK_LT(x, y) CHECK_LT(x, y)
      | 
In file included from /home/ubuntu/anaconda3/envs/tfgpu/lib/python3.13/site-packages/tensorflow/include/xla/hlo/builder/xla_builder.h:35,
                 from /home/ubuntu/anaconda3/envs/tfgpu/lib/python3.13/site-packages/tensorflow/include/tensorflow/compiler/tf2xla/xla_resource.h:23,
                 from /home/ubuntu/anaconda3/envs/tfgpu/lib/python3.13/site-packages/tensorflow/include/tensorflow/compiler/tf2xla/xla_argument.h:22,
                 from /home/ubuntu/anaconda3/envs/tfgpu/lib/python3.13/site-packages/tensorflow/include/tensorflow/compiler/tf2xla/layout_util.h:27,
                 from /home/ubuntu/anaconda3/envs/tfgpu/lib/python3.13/site-packages/tensorflow/include/tensorflow/compiler/tf2xla/xla_compiler.h:25,
                 from /home/ubuntu/anaconda3/envs/tfgpu/lib/python3.13/site-packages/tensorflow/include/tensorflow/compiler/tf2xla/xla_op_kernel.h:23,
                 from /tmp/bayesfilter-hmc-v7-merge-20261005/bayesfilter/ops/symmetric_sylvester_op.cc:18:
/home/ubuntu/anaconda3/envs/tfgpu/include/absl/log/check.h:137: warning: "QCHECK_GE" redefined
  137 | #define QCHECK_GE(val1, val2) \
      | 
In file included from /home/ubuntu/anaconda3/envs/tfgpu/lib/python3.13/site-packages/tensorflow/include/xla/tsl/platform/logging.h:26,
                 from /home/ubuntu/anaconda3/envs/tfgpu/lib/python3.13/site-packages/tensorflow/include/tsl/platform/refcount.h:23,
                 from /home/ubuntu/anaconda3/envs/tfgpu/lib/python3.13/site-packages/tensorflow/include/tensorflow/core/platform/refcount.h:20,
                 from /home/ubuntu/anaconda3/envs/tfgpu/lib/python3.13/site-packages/tensorflow/include/tensorflow/core/lib/core/refcount.h:19,
                 from /home/ubuntu/anaconda3/envs/tfgpu/lib/python3.13/site-packages/tensorflow/include/tensorflow/core/framework/resource_base.h:24,
                 from /home/ubuntu/anaconda3/envs/tfgpu/lib/python3.13/site-packages/tensorflow/include/tensorflow/core/framework/resource_handle.h:22,
                 from /home/ubuntu/anaconda3/envs/tfgpu/lib/python3.13/site-packages/tensorflow/include/tensorflow/core/framework/types.h:30,
                 from /home/ubuntu/anaconda3/envs/tfgpu/lib/python3.13/site-packages/tensorflow/include/tensorflow/core/framework/op_def_builder.h:28,
                 from /home/ubuntu/anaconda3/envs/tfgpu/lib/python3.13/site-packages/tensorflow/include/tensorflow/core/framework/full_type_inference_util.h:24,
                 from /home/ubuntu/anaconda3/envs/tfgpu/lib/python3.13/site-packages/tensorflow/include/tensorflow/core/framework/op.h:27,
                 from /tmp/bayesfilter-hmc-v7-merge-20261005/bayesfilter/ops/symmetric_sylvester_op.cc:13:
/home/ubuntu/anaconda3/envs/tfgpu/lib/python3.13/site-packages/tensorflow/include/xla/tsl/platform/default/logging.h:538: note: this is the location of the previous definition
  538 | #define QCHECK_GE(x, y) CHECK_GE(x, y)
      | 
In file included from /home/ubuntu/anaconda3/envs/tfgpu/lib/python3.13/site-packages/tensorflow/include/xla/hlo/builder/xla_builder.h:35,
                 from /home/ubuntu/anaconda3/envs/tfgpu/lib/python3.13/site-packages/tensorflow/include/tensorflow/compiler/tf2xla/xla_resource.h:23,
                 from /home/ubuntu/anaconda3/envs/tfgpu/lib/python3.13/site-packages/tensorflow/include/tensorflow/compiler/tf2xla/xla_argument.h:22,
                 from /home/ubuntu/anaconda3/envs/tfgpu/lib/python3.13/site-packages/tensorflow/include/tensorflow/compiler/tf2xla/layout_util.h:27,
                 from /home/ubuntu/anaconda3/envs/tfgpu/lib/python3.13/site-packages/tensorflow/include/tensorflow/compiler/tf2xla/xla_compiler.h:25,
                 from /home/ubuntu/anaconda3/envs/tfgpu/lib/python3.13/site-packages/tensorflow/include/tensorflow/compiler/tf2xla/xla_op_kernel.h:23,
                 from /tmp/bayesfilter-hmc-v7-merge-20261005/bayesfilter/ops/symmetric_sylvester_op.cc:18:
/home/ubuntu/anaconda3/envs/tfgpu/include/absl/log/check.h:139: warning: "QCHECK_GT" redefined
  139 | #define QCHECK_GT(val1, val2) \
      | 
In file included from /home/ubuntu/anaconda3/envs/tfgpu/lib/python3.13/site-packages/tensorflow/include/xla/tsl/platform/logging.h:26,
                 from /home/ubuntu/anaconda3/envs/tfgpu/lib/python3.13/site-packages/tensorflow/include/tsl/platform/refcount.h:23,
                 from /home/ubuntu/anaconda3/envs/tfgpu/lib/python3.13/site-packages/tensorflow/include/tensorflow/core/platform/refcount.h:20,
                 from /home/ubuntu/anaconda3/envs/tfgpu/lib/python3.13/site-packages/tensorflow/include/tensorflow/core/lib/core/refcount.h:19,
                 from /home/ubuntu/anaconda3/envs/tfgpu/lib/python3.13/site-packages/tensorflow/include/tensorflow/core/framework/resource_base.h:24,
                 from /home/ubuntu/anaconda3/envs/tfgpu/lib/python3.13/site-packages/tensorflow/include/tensorflow/core/framework/resource_handle.h:22,
                 from /home/ubuntu/anaconda3/envs/tfgpu/lib/python3.13/site-packages/tensorflow/include/tensorflow/core/framework/types.h:30,
                 from /home/ubuntu/anaconda3/envs/tfgpu/lib/python3.13/site-packages/tensorflow/include/tensorflow/core/framework/op_def_builder.h:28,
                 from /home/ubuntu/anaconda3/envs/tfgpu/lib/python3.13/site-packages/tensorflow/include/tensorflow/core/framework/full_type_inference_util.h:24,
                 from /home/ubuntu/anaconda3/envs/tfgpu/lib/python3.13/site-packages/tensorflow/include/tensorflow/core/framework/op.h:27,
                 from /tmp/bayesfilter-hmc-v7-merge-20261005/bayesfilter/ops/symmetric_sylvester_op.cc:13:
/home/ubuntu/anaconda3/envs/tfgpu/lib/python3.13/site-packages/tensorflow/include/xla/tsl/platform/default/logging.h:539: note: this is the location of the previous definition
  539 | #define QCHECK_GT(x, y) CHECK_GT(x, y)
      | 
In file included from /home/ubuntu/anaconda3/envs/tfgpu/lib/python3.13/site-packages/tensorflow/include/xla/hlo/builder/xla_builder.h:35,
                 from /home/ubuntu/anaconda3/envs/tfgpu/lib/python3.13/site-packages/tensorflow/include/tensorflow/compiler/tf2xla/xla_resource.h:23,
                 from /home/ubuntu/anaconda3/envs/tfgpu/lib/python3.13/site-packages/tensorflow/include/tensorflow/compiler/tf2xla/xla_argument.h:22,
                 from /home/ubuntu/anaconda3/envs/tfgpu/lib/python3.13/site-packages/tensorflow/include/tensorflow/compiler/tf2xla/layout_util.h:27,
                 from /home/ubuntu/anaconda3/envs/tfgpu/lib/python3.13/site-packages/tensorflow/include/tensorflow/compiler/tf2xla/xla_compiler.h:25,
                 from /home/ubuntu/anaconda3/envs/tfgpu/lib/python3.13/site-packages/tensorflow/include/tensorflow/compiler/tf2xla/xla_op_kernel.h:23,
                 from /tmp/bayesfilter-hmc-v7-merge-20261005/bayesfilter/ops/symmetric_sylvester_op.cc:18:
/home/ubuntu/anaconda3/envs/tfgpu/include/absl/log/check.h:141: warning: "DCHECK_EQ" redefined
  141 | #define DCHECK_EQ(val1, val2) \
      | 
In file included from /home/ubuntu/anaconda3/envs/tfgpu/lib/python3.13/site-packages/tensorflow/include/xla/tsl/platform/logging.h:26,
                 from /home/ubuntu/anaconda3/envs/tfgpu/lib/python3.13/site-packages/tensorflow/include/tsl/platform/refcount.h:23,
                 from /home/ubuntu/anaconda3/envs/tfgpu/lib/python3.13/site-packages/tensorflow/include/tensorflow/core/platform/refcount.h:20,
                 from /home/ubuntu/anaconda3/envs/tfgpu/lib/python3.13/site-packages/tensorflow/include/tensorflow/core/lib/core/refcount.h:19,
                 from /home/ubuntu/anaconda3/envs/tfgpu/lib/python3.13/site-packages/tensorflow/include/tensorflow/core/framework/resource_base.h:24,
                 from /home/ubuntu/anaconda3/envs/tfgpu/lib/python3.13/site-packages/tensorflow/include/tensorflow/core/framework/resource_handle.h:22,
                 from /home/ubuntu/anaconda3/envs/tfgpu/lib/python3.13/site-packages/tensorflow/include/tensorflow/core/framework/types.h:30,
                 from /home/ubuntu/anaconda3/envs/tfgpu/lib/python3.13/site-packages/tensorflow/include/tensorflow/core/framework/op_def_builder.h:28,
                 from /home/ubuntu/anaconda3/envs/tfgpu/lib/python3.13/site-packages/tensorflow/include/tensorflow/core/framework/full_type_inference_util.h:24,
                 from /home/ubuntu/anaconda3/envs/tfgpu/lib/python3.13/site-packages/tensorflow/include/tensorflow/core/framework/op.h:27,
                 from /tmp/bayesfilter-hmc-v7-merge-20261005/bayesfilter/ops/symmetric_sylvester_op.cc:13:
/home/ubuntu/anaconda3/envs/tfgpu/lib/python3.13/site-packages/tensorflow/include/xla/tsl/platform/default/logging.h:503: note: this is the location of the previous definition
  503 | #define DCHECK_EQ(val1, val2) CHECK_EQ(val1, val2)
      | 
In file included from /home/ubuntu/anaconda3/envs/tfgpu/lib/python3.13/site-packages/tensorflow/include/xla/hlo/builder/xla_builder.h:35,
                 from /home/ubuntu/anaconda3/envs/tfgpu/lib/python3.13/site-packages/tensorflow/include/tensorflow/compiler/tf2xla/xla_resource.h:23,
                 from /home/ubuntu/anaconda3/envs/tfgpu/lib/python3.13/site-packages/tensorflow/include/tensorflow/compiler/tf2xla/xla_argument.h:22,
                 from /home/ubuntu/anaconda3/envs/tfgpu/lib/python3.13/site-packages/tensorflow/include/tensorflow/compiler/tf2xla/layout_util.h:27,
                 from /home/ubuntu/anaconda3/envs/tfgpu/lib/python3.13/site-packages/tensorflow/include/tensorflow/compiler/tf2xla/xla_compiler.h:25,
                 from /home/ubuntu/anaconda3/envs/tfgpu/lib/python3.13/site-packages/tensorflow/include/tensorflow/compiler/tf2xla/xla_op_kernel.h:23,
                 from /tmp/bayesfilter-hmc-v7-merge-20261005/bayesfilter/ops/symmetric_sylvester_op.cc:18:
/home/ubuntu/anaconda3/envs/tfgpu/include/absl/log/check.h:143: warning: "DCHECK_NE" redefined
  143 | #define DCHECK_NE(val1, val2) \
      | 
In file included from /home/ubuntu/anaconda3/envs/tfgpu/lib/python3.13/site-packages/tensorflow/include/xla/tsl/platform/logging.h:26,
                 from /home/ubuntu/anaconda3/envs/tfgpu/lib/python3.13/site-packages/tensorflow/include/tsl/platform/refcount.h:23,
                 from /home/ubuntu/anaconda3/envs/tfgpu/lib/python3.13/site-packages/tensorflow/include/tensorflow/core/platform/refcount.h:20,
                 from /home/ubuntu/anaconda3/envs/tfgpu/lib/python3.13/site-packages/tensorflow/include/tensorflow/core/lib/core/refcount.h:19,
                 from /home/ubuntu/anaconda3/envs/tfgpu/lib/python3.13/site-packages/tensorflow/include/tensorflow/core/framework/resource_base.h:24,
                 from /home/ubuntu/anaconda3/envs/tfgpu/lib/python3.13/site-packages/tensorflow/include/tensorflow/core/framework/resource_handle.h:22,
                 from /home/ubuntu/anaconda3/envs/tfgpu/lib/python3.13/site-packages/tensorflow/include/tensorflow/core/framework/types.h:30,
                 from /home/ubuntu/anaconda3/envs/tfgpu/lib/python3.13/site-packages/tensorflow/include/tensorflow/core/framework/op_def_builder.h:28,
                 from /home/ubuntu/anaconda3/envs/tfgpu/lib/python3.13/site-packages/tensorflow/include/tensorflow/core/framework/full_type_inference_util.h:24,
                 from /home/ubuntu/anaconda3/envs/tfgpu/lib/python3.13/site-packages/tensorflow/include/tensorflow/core/framework/op.h:27,
                 from /tmp/bayesfilter-hmc-v7-merge-20261005/bayesfilter/ops/symmetric_sylvester_op.cc:13:
/home/ubuntu/anaconda3/envs/tfgpu/lib/python3.13/site-packages/tensorflow/include/xla/tsl/platform/default/logging.h:504: note: this is the location of the previous definition
  504 | #define DCHECK_NE(val1, val2) CHECK_NE(val1, val2)
      | 
In file included from /home/ubuntu/anaconda3/envs/tfgpu/lib/python3.13/site-packages/tensorflow/include/xla/hlo/builder/xla_builder.h:35,
                 from /home/ubuntu/anaconda3/envs/tfgpu/lib/python3.13/site-packages/tensorflow/include/tensorflow/compiler/tf2xla/xla_resource.h:23,
                 from /home/ubuntu/anaconda3/envs/tfgpu/lib/python3.13/site-packages/tensorflow/include/tensorflow/compiler/tf2xla/xla_argument.h:22,
                 from /home/ubuntu/anaconda3/envs/tfgpu/lib/python3.13/site-packages/tensorflow/include/tensorflow/compiler/tf2xla/layout_util.h:27,
                 from /home/ubuntu/anaconda3/envs/tfgpu/lib/python3.13/site-packages/tensorflow/include/tensorflow/compiler/tf2xla/xla_compiler.h:25,
                 from /home/ubuntu/anaconda3/envs/tfgpu/lib/python3.13/site-packages/tensorflow/include/tensorflow/compiler/tf2xla/xla_op_kernel.h:23,
                 from /tmp/bayesfilter-hmc-v7-merge-20261005/bayesfilter/ops/symmetric_sylvester_op.cc:18:
/home/ubuntu/anaconda3/envs/tfgpu/include/absl/log/check.h:145: warning: "DCHECK_LE" redefined
  145 | #define DCHECK_LE(val1, val2) \
      | 
In file included from /home/ubuntu/anaconda3/envs/tfgpu/lib/python3.13/site-packages/tensorflow/include/xla/tsl/platform/logging.h:26,
                 from /home/ubuntu/anaconda3/envs/tfgpu/lib/python3.13/site-packages/tensorflow/include/tsl/platform/refcount.h:23,
                 from /home/ubuntu/anaconda3/envs/tfgpu/lib/python3.13/site-packages/tensorflow/include/tensorflow/core/platform/refcount.h:20,
                 from /home/ubuntu/anaconda3/envs/tfgpu/lib/python3.13/site-packages/tensorflow/include/tensorflow/core/lib/core/refcount.h:19,
                 from /home/ubuntu/anaconda3/envs/tfgpu/lib/python3.13/site-packages/tensorflow/include/tensorflow/core/framework/resource_base.h:24,
                 from /home/ubuntu/anaconda3/envs/tfgpu/lib/python3.13/site-packages/tensorflow/include/tensorflow/core/framework/resource_handle.h:22,
                 from /home/ubuntu/anaconda3/envs/tfgpu/lib/python3.13/site-packages/tensorflow/include/tensorflow/core/framework/types.h:30,
                 from /home/ubuntu/anaconda3/envs/tfgpu/lib/python3.13/site-packages/tensorflow/include/tensorflow/core/framework/op_def_builder.h:28,
                 from /home/ubuntu/anaconda3/envs/tfgpu/lib/python3.13/site-packages/tensorflow/include/tensorflow/core/framework/full_type_inference_util.h:24,
                 from /home/ubuntu/anaconda3/envs/tfgpu/lib/python3.13/site-packages/tensorflow/include/tensorflow/core/framework/op.h:27,
                 from /tmp/bayesfilter-hmc-v7-merge-20261005/bayesfilter/ops/symmetric_sylvester_op.cc:13:
/home/ubuntu/anaconda3/envs/tfgpu/lib/python3.13/site-packages/tensorflow/include/xla/tsl/platform/default/logging.h:505: note: this is the location of the previous definition
  505 | #define DCHECK_LE(val1, val2) CHECK_LE(val1, val2)
      | 
In file included from /home/ubuntu/anaconda3/envs/tfgpu/lib/python3.13/site-packages/tensorflow/include/xla/hlo/builder/xla_builder.h:35,
                 from /home/ubuntu/anaconda3/envs/tfgpu/lib/python3.13/site-packages/tensorflow/include/tensorflow/compiler/tf2xla/xla_resource.h:23,
                 from /home/ubuntu/anaconda3/envs/tfgpu/lib/python3.13/site-packages/tensorflow/include/tensorflow/compiler/tf2xla/xla_argument.h:22,
                 from /home/ubuntu/anaconda3/envs/tfgpu/lib/python3.13/site-packages/tensorflow/include/tensorflow/compiler/tf2xla/layout_util.h:27,
                 from /home/ubuntu/anaconda3/envs/tfgpu/lib/python3.13/site-packages/tensorflow/include/tensorflow/compiler/tf2xla/xla_compiler.h:25,
                 from /home/ubuntu/anaconda3/envs/tfgpu/lib/python3.13/site-packages/tensorflow/include/tensorflow/compiler/tf2xla/xla_op_kernel.h:23,
                 from /tmp/bayesfilter-hmc-v7-merge-20261005/bayesfilter/ops/symmetric_sylvester_op.cc:18:
/home/ubuntu/anaconda3/envs/tfgpu/include/absl/log/check.h:147: warning: "DCHECK_LT" redefined
  147 | #define DCHECK_LT(val1, val2) \
      | 
In file included from /home/ubuntu/anaconda3/envs/tfgpu/lib/python3.13/site-packages/tensorflow/include/xla/tsl/platform/logging.h:26,
                 from /home/ubuntu/anaconda3/envs/tfgpu/lib/python3.13/site-packages/tensorflow/include/tsl/platform/refcount.h:23,
                 from /home/ubuntu/anaconda3/envs/tfgpu/lib/python3.13/site-packages/tensorflow/include/tensorflow/core/platform/refcount.h:20,
                 from /home/ubuntu/anaconda3/envs/tfgpu/lib/python3.13/site-packages/tensorflow/include/tensorflow/core/lib/core/refcount.h:19,
                 from /home/ubuntu/anaconda3/envs/tfgpu/lib/python3.13/site-packages/tensorflow/include/tensorflow/core/framework/resource_base.h:24,
                 from /home/ubuntu/anaconda3/envs/tfgpu/lib/python3.13/site-packages/tensorflow/include/tensorflow/core/framework/resource_handle.h:22,
                 from /home/ubuntu/anaconda3/envs/tfgpu/lib/python3.13/site-packages/tensorflow/include/tensorflow/core/framework/types.h:30,
                 from /home/ubuntu/anaconda3/envs/tfgpu/lib/python3.13/site-packages/tensorflow/include/tensorflow/core/framework/op_def_builder.h:28,
                 from /home/ubuntu/anaconda3/envs/tfgpu/lib/python3.13/site-packages/tensorflow/include/tensorflow/core/framework/full_type_inference_util.h:24,
                 from /home/ubuntu/anaconda3/envs/tfgpu/lib/python3.13/site-packages/tensorflow/include/tensorflow/core/framework/op.h:27,
                 from /tmp/bayesfilter-hmc-v7-merge-20261005/bayesfilter/ops/symmetric_sylvester_op.cc:13:
/home/ubuntu/anaconda3/envs/tfgpu/lib/python3.13/site-packages/tensorflow/include/xla/tsl/platform/default/logging.h:506: note: this is the location of the previous definition
  506 | #define DCHECK_LT(val1, val2) CHECK_LT(val1, val2)
      | 
In file included from /home/ubuntu/anaconda3/envs/tfgpu/lib/python3.13/site-packages/tensorflow/include/xla/hlo/builder/xla_builder.h:35,
                 from /home/ubuntu/anaconda3/envs/tfgpu/lib/python3.13/site-packages/tensorflow/include/tensorflow/compiler/tf2xla/xla_resource.h:23,
                 from /home/ubuntu/anaconda3/envs/tfgpu/lib/python3.13/site-packages/tensorflow/include/tensorflow/compiler/tf2xla/xla_argument.h:22,
                 from /home/ubuntu/anaconda3/envs/tfgpu/lib/python3.13/site-packages/tensorflow/include/tensorflow/compiler/tf2xla/layout_util.h:27,
                 from /home/ubuntu/anaconda3/envs/tfgpu/lib/python3.13/site-packages/tensorflow/include/tensorflow/compiler/tf2xla/xla_compiler.h:25,
                 from /home/ubuntu/anaconda3/envs/tfgpu/lib/python3.13/site-packages/tensorflow/include/tensorflow/compiler/tf2xla/xla_op_kernel.h:23,
                 from /tmp/bayesfilter-hmc-v7-merge-20261005/bayesfilter/ops/symmetric_sylvester_op.cc:18:
/home/ubuntu/anaconda3/envs/tfgpu/include/absl/log/check.h:149: warning: "DCHECK_GE" redefined
  149 | #define DCHECK_GE(val1, val2) \
      | 
In file included from /home/ubuntu/anaconda3/envs/tfgpu/lib/python3.13/site-packages/tensorflow/include/xla/tsl/platform/logging.h:26,
                 from /home/ubuntu/anaconda3/envs/tfgpu/lib/python3.13/site-packages/tensorflow/include/tsl/platform/refcount.h:23,
                 from /home/ubuntu/anaconda3/envs/tfgpu/lib/python3.13/site-packages/tensorflow/include/tensorflow/core/platform/refcount.h:20,
                 from /home/ubuntu/anaconda3/envs/tfgpu/lib/python3.13/site-packages/tensorflow/include/tensorflow/core/lib/core/refcount.h:19,
                 from /home/ubuntu/anaconda3/envs/tfgpu/lib/python3.13/site-packages/tensorflow/include/tensorflow/core/framework/resource_base.h:24,
                 from /home/ubuntu/anaconda3/envs/tfgpu/lib/python3.13/site-packages/tensorflow/include/tensorflow/core/framework/resource_handle.h:22,
                 from /home/ubuntu/anaconda3/envs/tfgpu/lib/python3.13/site-packages/tensorflow/include/tensorflow/core/framework/types.h:30,
                 from /home/ubuntu/anaconda3/envs/tfgpu/lib/python3.13/site-packages/tensorflow/include/tensorflow/core/framework/op_def_builder.h:28,
                 from /home/ubuntu/anaconda3/envs/tfgpu/lib/python3.13/site-packages/tensorflow/include/tensorflow/core/framework/full_type_inference_util.h:24,
                 from /home/ubuntu/anaconda3/envs/tfgpu/lib/python3.13/site-packages/tensorflow/include/tensorflow/core/framework/op.h:27,
                 from /tmp/bayesfilter-hmc-v7-merge-20261005/bayesfilter/ops/symmetric_sylvester_op.cc:13:
/home/ubuntu/anaconda3/envs/tfgpu/lib/python3.13/site-packages/tensorflow/include/xla/tsl/platform/default/logging.h:507: note: this is the location of the previous definition
  507 | #define DCHECK_GE(val1, val2) CHECK_GE(val1, val2)
      | 
In file included from /home/ubuntu/anaconda3/envs/tfgpu/lib/python3.13/site-packages/tensorflow/include/xla/hlo/builder/xla_builder.h:35,
                 from /home/ubuntu/anaconda3/envs/tfgpu/lib/python3.13/site-packages/tensorflow/include/tensorflow/compiler/tf2xla/xla_resource.h:23,
                 from /home/ubuntu/anaconda3/envs/tfgpu/lib/python3.13/site-packages/tensorflow/include/tensorflow/compiler/tf2xla/xla_argument.h:22,
                 from /home/ubuntu/anaconda3/envs/tfgpu/lib/python3.13/site-packages/tensorflow/include/tensorflow/compiler/tf2xla/layout_util.h:27,
                 from /home/ubuntu/anaconda3/envs/tfgpu/lib/python3.13/site-packages/tensorflow/include/tensorflow/compiler/tf2xla/xla_compiler.h:25,
                 from /home/ubuntu/anaconda3/envs/tfgpu/lib/python3.13/site-packages/tensorflow/include/tensorflow/compiler/tf2xla/xla_op_kernel.h:23,
                 from /tmp/bayesfilter-hmc-v7-merge-20261005/bayesfilter/ops/symmetric_sylvester_op.cc:18:
/home/ubuntu/anaconda3/envs/tfgpu/include/absl/log/check.h:151: warning: "DCHECK_GT" redefined
  151 | #define DCHECK_GT(val1, val2) \
      | 
In file included from /home/ubuntu/anaconda3/envs/tfgpu/lib/python3.13/site-packages/tensorflow/include/xla/tsl/platform/logging.h:26,
                 from /home/ubuntu/anaconda3/envs/tfgpu/lib/python3.13/site-packages/tensorflow/include/tsl/platform/refcount.h:23,
                 from /home/ubuntu/anaconda3/envs/tfgpu/lib/python3.13/site-packages/tensorflow/include/tensorflow/core/platform/refcount.h:20,
                 from /home/ubuntu/anaconda3/envs/tfgpu/lib/python3.13/site-packages/tensorflow/include/tensorflow/core/lib/core/refcount.h:19,
                 from /home/ubuntu/anaconda3/envs/tfgpu/lib/python3.13/site-packages/tensorflow/include/tensorflow/core/framework/resource_base.h:24,
                 from /home/ubuntu/anaconda3/envs/tfgpu/lib/python3.13/site-packages/tensorflow/include/tensorflow/core/framework/resource_handle.h:22,
                 from /home/ubuntu/anaconda3/envs/tfgpu/lib/python3.13/site-packages/tensorflow/include/tensorflow/core/framework/types.h:30,
                 from /home/ubuntu/anaconda3/envs/tfgpu/lib/python3.13/site-packages/tensorflow/include/tensorflow/core/framework/op_def_builder.h:28,
                 from /home/ubuntu/anaconda3/envs/tfgpu/lib/python3.13/site-packages/tensorflow/include/tensorflow/core/framework/full_type_inference_util.h:24,
                 from /home/ubuntu/anaconda3/envs/tfgpu/lib/python3.13/site-packages/tensorflow/include/tensorflow/core/framework/op.h:27,
                 from /tmp/bayesfilter-hmc-v7-merge-20261005/bayesfilter/ops/symmetric_sylvester_op.cc:13:
/home/ubuntu/anaconda3/envs/tfgpu/lib/python3.13/site-packages/tensorflow/include/xla/tsl/platform/default/logging.h:508: note: this is the location of the previous definition
  508 | #define DCHECK_GT(val1, val2) CHECK_GT(val1, val2)
      | 
In file included from /home/ubuntu/anaconda3/envs/tfgpu/lib/python3.13/site-packages/tensorflow/include/xla/primitive_util.h:31,
                 from /home/ubuntu/anaconda3/envs/tfgpu/lib/python3.13/site-packages/tensorflow/include/xla/comparison_util.h:28,
                 from /home/ubuntu/anaconda3/envs/tfgpu/lib/python3.13/site-packages/tensorflow/include/xla/hlo/builder/xla_builder.h:44,
                 from /home/ubuntu/anaconda3/envs/tfgpu/lib/python3.13/site-packages/tensorflow/include/tensorflow/compiler/tf2xla/xla_resource.h:23,
                 from /home/ubuntu/anaconda3/envs/tfgpu/lib/python3.13/site-packages/tensorflow/include/tensorflow/compiler/tf2xla/xla_argument.h:22,
                 from /home/ubuntu/anaconda3/envs/tfgpu/lib/python3.13/site-packages/tensorflow/include/tensorflow/compiler/tf2xla/layout_util.h:27,
                 from /home/ubuntu/anaconda3/envs/tfgpu/lib/python3.13/site-packages/tensorflow/include/tensorflow/compiler/tf2xla/xla_compiler.h:25,
                 from /home/ubuntu/anaconda3/envs/tfgpu/lib/python3.13/site-packages/tensorflow/include/tensorflow/compiler/tf2xla/xla_op_kernel.h:23,
                 from /tmp/bayesfilter-hmc-v7-merge-20261005/bayesfilter/ops/symmetric_sylvester_op.cc:18:
/home/ubuntu/anaconda3/envs/tfgpu/include/absl/log/log.h:218: warning: "LOG" redefined
  218 | #define LOG(severity) ABSL_LOG_INTERNAL_LOG_IMPL(_##severity)
      | 
In file included from /home/ubuntu/anaconda3/envs/tfgpu/lib/python3.13/site-packages/tensorflow/include/xla/tsl/platform/logging.h:26,
                 from /home/ubuntu/anaconda3/envs/tfgpu/lib/python3.13/site-packages/tensorflow/include/tsl/platform/refcount.h:23,
                 from /home/ubuntu/anaconda3/envs/tfgpu/lib/python3.13/site-packages/tensorflow/include/tensorflow/core/platform/refcount.h:20,
                 from /home/ubuntu/anaconda3/envs/tfgpu/lib/python3.13/site-packages/tensorflow/include/tensorflow/core/lib/core/refcount.h:19,
                 from /home/ubuntu/anaconda3/envs/tfgpu/lib/python3.13/site-packages/tensorflow/include/tensorflow/core/framework/resource_base.h:24,
                 from /home/ubuntu/anaconda3/envs/tfgpu/lib/python3.13/site-packages/tensorflow/include/tensorflow/core/framework/resource_handle.h:22,
                 from /home/ubuntu/anaconda3/envs/tfgpu/lib/python3.13/site-packages/tensorflow/include/tensorflow/core/framework/types.h:30,
                 from /home/ubuntu/anaconda3/envs/tfgpu/lib/python3.13/site-packages/tensorflow/include/tensorflow/core/framework/op_def_builder.h:28,
                 from /home/ubuntu/anaconda3/envs/tfgpu/lib/python3.13/site-packages/tensorflow/include/tensorflow/core/framework/full_type_inference_util.h:24,
                 from /home/ubuntu/anaconda3/envs/tfgpu/lib/python3.13/site-packages/tensorflow/include/tensorflow/core/framework/op.h:27,
                 from /tmp/bayesfilter-hmc-v7-merge-20261005/bayesfilter/ops/symmetric_sylvester_op.cc:13:
/home/ubuntu/anaconda3/envs/tfgpu/lib/python3.13/site-packages/tensorflow/include/xla/tsl/platform/default/logging.h:155: note: this is the location of the previous definition
  155 | #define LOG(severity) _TF_LOG_##severity
      | 
In file included from /home/ubuntu/anaconda3/envs/tfgpu/lib/python3.13/site-packages/tensorflow/include/xla/primitive_util.h:31,
                 from /home/ubuntu/anaconda3/envs/tfgpu/lib/python3.13/site-packages/tensorflow/include/xla/comparison_util.h:28,
                 from /home/ubuntu/anaconda3/envs/tfgpu/lib/python3.13/site-packages/tensorflow/include/xla/hlo/builder/xla_builder.h:44,
                 from /home/ubuntu/anaconda3/envs/tfgpu/lib/python3.13/site-packages/tensorflow/include/tensorflow/compiler/tf2xla/xla_resource.h:23,
                 from /home/ubuntu/anaconda3/envs/tfgpu/lib/python3.13/site-packages/tensorflow/include/tensorflow/compiler/tf2xla/xla_argument.h:22,
                 from /home/ubuntu/anaconda3/envs/tfgpu/lib/python3.13/site-packages/tensorflow/include/tensorflow/compiler/tf2xla/layout_util.h:27,
                 from /home/ubuntu/anaconda3/envs/tfgpu/lib/python3.13/site-packages/tensorflow/include/tensorflow/compiler/tf2xla/xla_compiler.h:25,
                 from /home/ubuntu/anaconda3/envs/tfgpu/lib/python3.13/site-packages/tensorflow/include/tensorflow/compiler/tf2xla/xla_op_kernel.h:23,
                 from /tmp/bayesfilter-hmc-v7-merge-20261005/bayesfilter/ops/symmetric_sylvester_op.cc:18:
/home/ubuntu/anaconda3/envs/tfgpu/include/absl/log/log.h:250: warning: "VLOG" redefined
  250 | #define VLOG(verbose_level) ABSL_LOG_INTERNAL_VLOG_IMPL(verbose_level)
      | 
In file included from /home/ubuntu/anaconda3/envs/tfgpu/lib/python3.13/site-packages/tensorflow/include/xla/tsl/platform/logging.h:26,
                 from /home/ubuntu/anaconda3/envs/tfgpu/lib/python3.13/site-packages/tensorflow/include/tsl/platform/refcount.h:23,
                 from /home/ubuntu/anaconda3/envs/tfgpu/lib/python3.13/site-packages/tensorflow/include/tensorflow/core/platform/refcount.h:20,
                 from /home/ubuntu/anaconda3/envs/tfgpu/lib/python3.13/site-packages/tensorflow/include/tensorflow/core/lib/core/refcount.h:19,
                 from /home/ubuntu/anaconda3/envs/tfgpu/lib/python3.13/site-packages/tensorflow/include/tensorflow/core/framework/resource_base.h:24,
                 from /home/ubuntu/anaconda3/envs/tfgpu/lib/python3.13/site-packages/tensorflow/include/tensorflow/core/framework/resource_handle.h:22,
                 from /home/ubuntu/anaconda3/envs/tfgpu/lib/python3.13/site-packages/tensorflow/include/tensorflow/core/framework/types.h:30,
                 from /home/ubuntu/anaconda3/envs/tfgpu/lib/python3.13/site-packages/tensorflow/include/tensorflow/core/framework/op_def_builder.h:28,
                 from /home/ubuntu/anaconda3/envs/tfgpu/lib/python3.13/site-packages/tensorflow/include/tensorflow/core/framework/full_type_inference_util.h:24,
                 from /home/ubuntu/anaconda3/envs/tfgpu/lib/python3.13/site-packages/tensorflow/include/tensorflow/core/framework/op.h:27,
                 from /tmp/bayesfilter-hmc-v7-merge-20261005/bayesfilter/ops/symmetric_sylvester_op.cc:13:
/home/ubuntu/anaconda3/envs/tfgpu/lib/python3.13/site-packages/tensorflow/include/xla/tsl/platform/default/logging.h:176: note: this is the location of the previous definition
  176 | #define VLOG(level)                                       \
      | 
In file included from /home/ubuntu/anaconda3/envs/tfgpu/lib/python3.13/site-packages/tensorflow/include/xla/primitive_util.h:31,
                 from /home/ubuntu/anaconda3/envs/tfgpu/lib/python3.13/site-packages/tensorflow/include/xla/comparison_util.h:28,
                 from /home/ubuntu/anaconda3/envs/tfgpu/lib/python3.13/site-packages/tensorflow/include/xla/hlo/builder/xla_builder.h:44,
                 from /home/ubuntu/anaconda3/envs/tfgpu/lib/python3.13/site-packages/tensorflow/include/tensorflow/compiler/tf2xla/xla_resource.h:23,
                 from /home/ubuntu/anaconda3/envs/tfgpu/lib/python3.13/site-packages/tensorflow/include/tensorflow/compiler/tf2xla/xla_argument.h:22,
                 from /home/ubuntu/anaconda3/envs/tfgpu/lib/python3.13/site-packages/tensorflow/include/tensorflow/compiler/tf2xla/layout_util.h:27,
                 from /home/ubuntu/anaconda3/envs/tfgpu/lib/python3.13/site-packages/tensorflow/include/tensorflow/compiler/tf2xla/xla_compiler.h:25,
                 from /home/ubuntu/anaconda3/envs/tfgpu/lib/python3.13/site-packages/tensorflow/include/tensorflow/compiler/tf2xla/xla_op_kernel.h:23,
                 from /tmp/bayesfilter-hmc-v7-merge-20261005/bayesfilter/ops/symmetric_sylvester_op.cc:18:
/home/ubuntu/anaconda3/envs/tfgpu/include/absl/log/log.h:254: warning: "DVLOG" redefined
  254 | #define DVLOG(verbose_level) ABSL_LOG_INTERNAL_DVLOG_IMPL(verbose_level)
      | 
In file included from /home/ubuntu/anaconda3/envs/tfgpu/lib/python3.13/site-packages/tensorflow/include/xla/tsl/platform/logging.h:26,
                 from /home/ubuntu/anaconda3/envs/tfgpu/lib/python3.13/site-packages/tensorflow/include/tsl/platform/refcount.h:23,
                 from /home/ubuntu/anaconda3/envs/tfgpu/lib/python3.13/site-packages/tensorflow/include/tensorflow/core/platform/refcount.h:20,
                 from /home/ubuntu/anaconda3/envs/tfgpu/lib/python3.13/site-packages/tensorflow/include/tensorflow/core/lib/core/refcount.h:19,
                 from /home/ubuntu/anaconda3/envs/tfgpu/lib/python3.13/site-packages/tensorflow/include/tensorflow/core/framework/resource_base.h:24,
                 from /home/ubuntu/anaconda3/envs/tfgpu/lib/python3.13/site-packages/tensorflow/include/tensorflow/core/framework/resource_handle.h:22,
                 from /home/ubuntu/anaconda3/envs/tfgpu/lib/python3.13/site-packages/tensorflow/include/tensorflow/core/framework/types.h:30,
                 from /home/ubuntu/anaconda3/envs/tfgpu/lib/python3.13/site-packages/tensorflow/include/tensorflow/core/framework/op_def_builder.h:28,
                 from /home/ubuntu/anaconda3/envs/tfgpu/lib/python3.13/site-packages/tensorflow/include/tensorflow/core/framework/full_type_inference_util.h:24,
                 from /home/ubuntu/anaconda3/envs/tfgpu/lib/python3.13/site-packages/tensorflow/include/tensorflow/core/framework/op.h:27,
                 from /tmp/bayesfilter-hmc-v7-merge-20261005/bayesfilter/ops/symmetric_sylvester_op.cc:13:
/home/ubuntu/anaconda3/envs/tfgpu/lib/python3.13/site-packages/tensorflow/include/xla/tsl/platform/default/logging.h:186: note: this is the location of the previous definition
  186 | #define DVLOG VLOG
      | 
In file included from /home/ubuntu/anaconda3/envs/tfgpu/lib/python3.13/site-packages/tensorflow/include/xla/primitive_util.h:31,
                 from /home/ubuntu/anaconda3/envs/tfgpu/lib/python3.13/site-packages/tensorflow/include/xla/comparison_util.h:28,
                 from /home/ubuntu/anaconda3/envs/tfgpu/lib/python3.13/site-packages/tensorflow/include/xla/hlo/builder/xla_builder.h:44,
                 from /home/ubuntu/anaconda3/envs/tfgpu/lib/python3.13/site-packages/tensorflow/include/tensorflow/compiler/tf2xla/xla_resource.h:23,
                 from /home/ubuntu/anaconda3/envs/tfgpu/lib/python3.13/site-packages/tensorflow/include/tensorflow/compiler/tf2xla/xla_argument.h:22,
                 from /home/ubuntu/anaconda3/envs/tfgpu/lib/python3.13/site-packages/tensorflow/include/tensorflow/compiler/tf2xla/layout_util.h:27,
                 from /home/ubuntu/anaconda3/envs/tfgpu/lib/python3.13/site-packages/tensorflow/include/tensorflow/compiler/tf2xla/xla_compiler.h:25,
                 from /home/ubuntu/anaconda3/envs/tfgpu/lib/python3.13/site-packages/tensorflow/include/tensorflow/compiler/tf2xla/xla_op_kernel.h:23,
                 from /tmp/bayesfilter-hmc-v7-merge-20261005/bayesfilter/ops/symmetric_sylvester_op.cc:18:
/home/ubuntu/anaconda3/envs/tfgpu/include/absl/log/log.h:315: warning: "LOG_EVERY_N" redefined
  315 | #define LOG_EVERY_N(severity, n) \
      | 
In file included from /home/ubuntu/anaconda3/envs/tfgpu/lib/python3.13/site-packages/tensorflow/include/xla/tsl/platform/logging.h:26,
                 from /home/ubuntu/anaconda3/envs/tfgpu/lib/python3.13/site-packages/tensorflow/include/tsl/platform/refcount.h:23,
                 from /home/ubuntu/anaconda3/envs/tfgpu/lib/python3.13/site-packages/tensorflow/include/tensorflow/core/platform/refcount.h:20,
                 from /home/ubuntu/anaconda3/envs/tfgpu/lib/python3.13/site-packages/tensorflow/include/tensorflow/core/lib/core/refcount.h:19,
                 from /home/ubuntu/anaconda3/envs/tfgpu/lib/python3.13/site-packages/tensorflow/include/tensorflow/core/framework/resource_base.h:24,
                 from /home/ubuntu/anaconda3/envs/tfgpu/lib/python3.13/site-packages/tensorflow/include/tensorflow/core/framework/resource_handle.h:22,
                 from /home/ubuntu/anaconda3/envs/tfgpu/lib/python3.13/site-packages/tensorflow/include/tensorflow/core/framework/types.h:30,
                 from /home/ubuntu/anaconda3/envs/tfgpu/lib/python3.13/site-packages/tensorflow/include/tensorflow/core/framework/op_def_builder.h:28,
                 from /home/ubuntu/anaconda3/envs/tfgpu/lib/python3.13/site-packages/tensorflow/include/tensorflow/core/framework/full_type_inference_util.h:24,
                 from /home/ubuntu/anaconda3/envs/tfgpu/lib/python3.13/site-packages/tensorflow/include/tensorflow/core/framework/op.h:27,
                 from /tmp/bayesfilter-hmc-v7-merge-20261005/bayesfilter/ops/symmetric_sylvester_op.cc:13:
/home/ubuntu/anaconda3/envs/tfgpu/lib/python3.13/site-packages/tensorflow/include/xla/tsl/platform/default/logging.h:269: note: this is the location of the previous definition
  269 | #define LOG_EVERY_N(severity, n)                       \
      | 
In file included from /home/ubuntu/anaconda3/envs/tfgpu/lib/python3.13/site-packages/tensorflow/include/xla/primitive_util.h:31,
                 from /home/ubuntu/anaconda3/envs/tfgpu/lib/python3.13/site-packages/tensorflow/include/xla/comparison_util.h:28,
                 from /home/ubuntu/anaconda3/envs/tfgpu/lib/python3.13/site-packages/tensorflow/include/xla/hlo/builder/xla_builder.h:44,
                 from /home/ubuntu/anaconda3/envs/tfgpu/lib/python3.13/site-packages/tensorflow/include/tensorflow/compiler/tf2xla/xla_resource.h:23,
                 from /home/ubuntu/anaconda3/envs/tfgpu/lib/python3.13/site-packages/tensorflow/include/tensorflow/compiler/tf2xla/xla_argument.h:22,
                 from /home/ubuntu/anaconda3/envs/tfgpu/lib/python3.13/site-packages/tensorflow/include/tensorflow/compiler/tf2xla/layout_util.h:27,
                 from /home/ubuntu/anaconda3/envs/tfgpu/lib/python3.13/site-packages/tensorflow/include/tensorflow/compiler/tf2xla/xla_compiler.h:25,
                 from /home/ubuntu/anaconda3/envs/tfgpu/lib/python3.13/site-packages/tensorflow/include/tensorflow/compiler/tf2xla/xla_op_kernel.h:23,
                 from /tmp/bayesfilter-hmc-v7-merge-20261005/bayesfilter/ops/symmetric_sylvester_op.cc:18:
/home/ubuntu/anaconda3/envs/tfgpu/include/absl/log/log.h:317: warning: "LOG_FIRST_N" redefined
  317 | #define LOG_FIRST_N(severity, n) \
      | 
In file included from /home/ubuntu/anaconda3/envs/tfgpu/lib/python3.13/site-packages/tensorflow/include/xla/tsl/platform/logging.h:26,
                 from /home/ubuntu/anaconda3/envs/tfgpu/lib/python3.13/site-packages/tensorflow/include/tsl/platform/refcount.h:23,
                 from /home/ubuntu/anaconda3/envs/tfgpu/lib/python3.13/site-packages/tensorflow/include/tensorflow/core/platform/refcount.h:20,
                 from /home/ubuntu/anaconda3/envs/tfgpu/lib/python3.13/site-packages/tensorflow/include/tensorflow/core/lib/core/refcount.h:19,
                 from /home/ubuntu/anaconda3/envs/tfgpu/lib/python3.13/site-packages/tensorflow/include/tensorflow/core/framework/resource_base.h:24,
                 from /home/ubuntu/anaconda3/envs/tfgpu/lib/python3.13/site-packages/tensorflow/include/tensorflow/core/framework/resource_handle.h:22,
                 from /home/ubuntu/anaconda3/envs/tfgpu/lib/python3.13/site-packages/tensorflow/include/tensorflow/core/framework/types.h:30,
                 from /home/ubuntu/anaconda3/envs/tfgpu/lib/python3.13/site-packages/tensorflow/include/tensorflow/core/framework/op_def_builder.h:28,
                 from /home/ubuntu/anaconda3/envs/tfgpu/lib/python3.13/site-packages/tensorflow/include/tensorflow/core/framework/full_type_inference_util.h:24,
                 from /home/ubuntu/anaconda3/envs/tfgpu/lib/python3.13/site-packages/tensorflow/include/tensorflow/core/framework/op.h:27,
                 from /tmp/bayesfilter-hmc-v7-merge-20261005/bayesfilter/ops/symmetric_sylvester_op.cc:13:
/home/ubuntu/anaconda3/envs/tfgpu/lib/python3.13/site-packages/tensorflow/include/xla/tsl/platform/default/logging.h:275: note: this is the location of the previous definition
  275 | #define LOG_FIRST_N(severity, n)                       \
      | 
In file included from /home/ubuntu/anaconda3/envs/tfgpu/lib/python3.13/site-packages/tensorflow/include/xla/primitive_util.h:31,
                 from /home/ubuntu/anaconda3/envs/tfgpu/lib/python3.13/site-packages/tensorflow/include/xla/comparison_util.h:28,
                 from /home/ubuntu/anaconda3/envs/tfgpu/lib/python3.13/site-packages/tensorflow/include/xla/hlo/builder/xla_builder.h:44,
                 from /home/ubuntu/anaconda3/envs/tfgpu/lib/python3.13/site-packages/tensorflow/include/tensorflow/compiler/tf2xla/xla_resource.h:23,
                 from /home/ubuntu/anaconda3/envs/tfgpu/lib/python3.13/site-packages/tensorflow/include/tensorflow/compiler/tf2xla/xla_argument.h:22,
                 from /home/ubuntu/anaconda3/envs/tfgpu/lib/python3.13/site-packages/tensorflow/include/tensorflow/compiler/tf2xla/layout_util.h:27,
                 from /home/ubuntu/anaconda3/envs/tfgpu/lib/python3.13/site-packages/tensorflow/include/tensorflow/compiler/tf2xla/xla_compiler.h:25,
                 from /home/ubuntu/anaconda3/envs/tfgpu/lib/python3.13/site-packages/tensorflow/include/tensorflow/compiler/tf2xla/xla_op_kernel.h:23,
                 from /tmp/bayesfilter-hmc-v7-merge-20261005/bayesfilter/ops/symmetric_sylvester_op.cc:18:
/home/ubuntu/anaconda3/envs/tfgpu/include/absl/log/log.h:319: warning: "LOG_EVERY_POW_2" redefined
  319 | #define LOG_EVERY_POW_2(severity) \
      | 
In file included from /home/ubuntu/anaconda3/envs/tfgpu/lib/python3.13/site-packages/tensorflow/include/xla/tsl/platform/logging.h:26,
                 from /home/ubuntu/anaconda3/envs/tfgpu/lib/python3.13/site-packages/tensorflow/include/tsl/platform/refcount.h:23,
                 from /home/ubuntu/anaconda3/envs/tfgpu/lib/python3.13/site-packages/tensorflow/include/tensorflow/core/platform/refcount.h:20,
                 from /home/ubuntu/anaconda3/envs/tfgpu/lib/python3.13/site-packages/tensorflow/include/tensorflow/core/lib/core/refcount.h:19,
                 from /home/ubuntu/anaconda3/envs/tfgpu/lib/python3.13/site-packages/tensorflow/include/tensorflow/core/framework/resource_base.h:24,
                 from /home/ubuntu/anaconda3/envs/tfgpu/lib/python3.13/site-packages/tensorflow/include/tensorflow/core/framework/resource_handle.h:22,
                 from /home/ubuntu/anaconda3/envs/tfgpu/lib/python3.13/site-packages/tensorflow/include/tensorflow/core/framework/types.h:30,
                 from /home/ubuntu/anaconda3/envs/tfgpu/lib/python3.13/site-packages/tensorflow/include/tensorflow/core/framework/op_def_builder.h:28,
                 from /home/ubuntu/anaconda3/envs/tfgpu/lib/python3.13/site-packages/tensorflow/include/tensorflow/core/framework/full_type_inference_util.h:24,
                 from /home/ubuntu/anaconda3/envs/tfgpu/lib/python3.13/site-packages/tensorflow/include/tensorflow/core/framework/op.h:27,
                 from /tmp/bayesfilter-hmc-v7-merge-20261005/bayesfilter/ops/symmetric_sylvester_op.cc:13:
/home/ubuntu/anaconda3/envs/tfgpu/lib/python3.13/site-packages/tensorflow/include/xla/tsl/platform/default/logging.h:281: note: this is the location of the previous definition
  281 | #define LOG_EVERY_POW_2(severity)                         \
      | 
In file included from /home/ubuntu/anaconda3/envs/tfgpu/lib/python3.13/site-packages/tensorflow/include/xla/primitive_util.h:31,
                 from /home/ubuntu/anaconda3/envs/tfgpu/lib/python3.13/site-packages/tensorflow/include/xla/comparison_util.h:28,
                 from /home/ubuntu/anaconda3/envs/tfgpu/lib/python3.13/site-packages/tensorflow/include/xla/hlo/builder/xla_builder.h:44,
                 from /home/ubuntu/anaconda3/envs/tfgpu/lib/python3.13/site-packages/tensorflow/include/tensorflow/compiler/tf2xla/xla_resource.h:23,
                 from /home/ubuntu/anaconda3/envs/tfgpu/lib/python3.13/site-packages/tensorflow/include/tensorflow/compiler/tf2xla/xla_argument.h:22,
                 from /home/ubuntu/anaconda3/envs/tfgpu/lib/python3.13/site-packages/tensorflow/include/tensorflow/compiler/tf2xla/layout_util.h:27,
                 from /home/ubuntu/anaconda3/envs/tfgpu/lib/python3.13/site-packages/tensorflow/include/tensorflow/compiler/tf2xla/xla_compiler.h:25,
                 from /home/ubuntu/anaconda3/envs/tfgpu/lib/python3.13/site-packages/tensorflow/include/tensorflow/compiler/tf2xla/xla_op_kernel.h:23,
                 from /tmp/bayesfilter-hmc-v7-merge-20261005/bayesfilter/ops/symmetric_sylvester_op.cc:18:
/home/ubuntu/anaconda3/envs/tfgpu/include/absl/log/log.h:321: warning: "LOG_EVERY_N_SEC" redefined
  321 | #define LOG_EVERY_N_SEC(severity, n_seconds) \
      | 
In file included from /home/ubuntu/anaconda3/envs/tfgpu/lib/python3.13/site-packages/tensorflow/include/xla/tsl/platform/logging.h:26,
                 from /home/ubuntu/anaconda3/envs/tfgpu/lib/python3.13/site-packages/tensorflow/include/tsl/platform/refcount.h:23,
                 from /home/ubuntu/anaconda3/envs/tfgpu/lib/python3.13/site-packages/tensorflow/include/tensorflow/core/platform/refcount.h:20,
                 from /home/ubuntu/anaconda3/envs/tfgpu/lib/python3.13/site-packages/tensorflow/include/tensorflow/core/lib/core/refcount.h:19,
                 from /home/ubuntu/anaconda3/envs/tfgpu/lib/python3.13/site-packages/tensorflow/include/tensorflow/core/framework/resource_base.h:24,
                 from /home/ubuntu/anaconda3/envs/tfgpu/lib/python3.13/site-packages/tensorflow/include/tensorflow/core/framework/resource_handle.h:22,
                 from /home/ubuntu/anaconda3/envs/tfgpu/lib/python3.13/site-packages/tensorflow/include/tensorflow/core/framework/types.h:30,
                 from /home/ubuntu/anaconda3/envs/tfgpu/lib/python3.13/site-packages/tensorflow/include/tensorflow/core/framework/op_def_builder.h:28,
                 from /home/ubuntu/anaconda3/envs/tfgpu/lib/python3.13/site-packages/tensorflow/include/tensorflow/core/framework/full_type_inference_util.h:24,
                 from /home/ubuntu/anaconda3/envs/tfgpu/lib/python3.13/site-packages/tensorflow/include/tensorflow/core/framework/op.h:27,
                 from /tmp/bayesfilter-hmc-v7-merge-20261005/bayesfilter/ops/symmetric_sylvester_op.cc:13:
/home/ubuntu/anaconda3/envs/tfgpu/lib/python3.13/site-packages/tensorflow/include/xla/tsl/platform/default/logging.h:291: note: this is the location of the previous definition
  291 | #define LOG_EVERY_N_SEC(severity, n_seconds)                      \
      | 
In file included from /home/ubuntu/anaconda3/envs/tfgpu/lib/python3.13/site-packages/tensorflow/include/tensorflow/core/framework/attr_value.pb.h:34,
                 from /home/ubuntu/anaconda3/envs/tfgpu/lib/python3.13/site-packages/tensorflow/include/tensorflow/core/framework/op_def.pb.h:32,
                 from /home/ubuntu/anaconda3/envs/tfgpu/lib/python3.13/site-packages/tensorflow/include/tensorflow/core/framework/op_def_builder.h:27,
                 from /home/ubuntu/anaconda3/envs/tfgpu/lib/python3.13/site-packages/tensorflow/include/tensorflow/core/framework/full_type_inference_util.h:24,
                 from /home/ubuntu/anaconda3/envs/tfgpu/lib/python3.13/site-packages/tensorflow/include/tensorflow/core/framework/op.h:27,
                 from /tmp/bayesfilter-hmc-v7-merge-20261005/bayesfilter/ops/symmetric_sylvester_op.cc:13:
/home/ubuntu/anaconda3/envs/tfgpu/include/google/protobuf/map_field.h: In constructor ‘google::protobuf::internal::MapFieldBase::ReflectionPayload::ReflectionPayload(google::protobuf::Arena*, const google::protobuf::Message*)’:
/home/ubuntu/anaconda3/envs/tfgpu/include/google/protobuf/map_field.h:416:11: warning: ‘google::protobuf::RepeatedPtrField<T>::RepeatedPtrField(google::protobuf::Arena*) [with Element = google::protobuf::Message]’ is deprecated: Use Arena::Create<RepeatedPtrField<...>>(Arena*) instead [-Wdeprecated-declarations]
  416 |         : repeated_field_(arena), prototype_(prototype) {}
      |           ^~~~~~~~~~~~~~~~~~~~~~
In file included from /home/ubuntu/anaconda3/envs/tfgpu/include/google/protobuf/repeated_field.h:46,
                 from /home/ubuntu/anaconda3/envs/tfgpu/include/google/protobuf/parse_context.h:39,
                 from /home/ubuntu/anaconda3/envs/tfgpu/include/google/protobuf/generated_message_tctable_decl.h:25,
                 from /home/ubuntu/anaconda3/envs/tfgpu/lib/python3.13/site-packages/tensorflow/include/tensorflow/core/framework/full_type.pb.h:23,
                 from /home/ubuntu/anaconda3/envs/tfgpu/lib/python3.13/site-packages/tensorflow/include/tensorflow/core/framework/op.h:26,
                 from /tmp/bayesfilter-hmc-v7-merge-20261005/bayesfilter/ops/symmetric_sylvester_op.cc:13:
/home/ubuntu/anaconda3/envs/tfgpu/include/google/protobuf/repeated_ptr_field.h:1380:8: note: declared here
 1380 | inline RepeatedPtrField<Element>::RepeatedPtrField(Arena* arena)
      |        ^~~~~~~~~~~~~~~~~~~~~~~~~
In file included from /home/ubuntu/anaconda3/envs/tfgpu/lib/python3.13/site-packages/tensorflow/include/tensorflow/core/platform/mutex.h:22,
                 from /home/ubuntu/anaconda3/envs/tfgpu/lib/python3.13/site-packages/tensorflow/include/tensorflow/core/platform/refcount.h:19,
                 from /home/ubuntu/anaconda3/envs/tfgpu/lib/python3.13/site-packages/tensorflow/include/tensorflow/core/lib/core/refcount.h:19,
                 from /home/ubuntu/anaconda3/envs/tfgpu/lib/python3.13/site-packages/tensorflow/include/tensorflow/core/framework/resource_base.h:24,
                 from /home/ubuntu/anaconda3/envs/tfgpu/lib/python3.13/site-packages/tensorflow/include/tensorflow/core/framework/resource_handle.h:22,
                 from /home/ubuntu/anaconda3/envs/tfgpu/lib/python3.13/site-packages/tensorflow/include/tensorflow/core/framework/types.h:30,
                 from /home/ubuntu/anaconda3/envs/tfgpu/lib/python3.13/site-packages/tensorflow/include/tensorflow/core/framework/op_def_builder.h:28,
                 from /home/ubuntu/anaconda3/envs/tfgpu/lib/python3.13/site-packages/tensorflow/include/tensorflow/core/framework/full_type_inference_util.h:24,
                 from /home/ubuntu/anaconda3/envs/tfgpu/lib/python3.13/site-packages/tensorflow/include/tensorflow/core/framework/op.h:27,
                 from /tmp/bayesfilter-hmc-v7-merge-20261005/bayesfilter/ops/symmetric_sylvester_op.cc:13:
/home/ubuntu/anaconda3/envs/tfgpu/lib/python3.13/site-packages/tensorflow/include/tsl/platform/mutex.h: At global scope:
/home/ubuntu/anaconda3/envs/tfgpu/lib/python3.13/site-packages/tensorflow/include/tsl/platform/mutex.h:105:24: warning: ‘mutex’ is deprecated: Use absl::Mutex instead. [-Wdeprecated-declarations]
  105 |   typedef ::tsl::mutex mutex_type;
      |                        ^~~~~~~~~~
/home/ubuntu/anaconda3/envs/tfgpu/lib/python3.13/site-packages/tensorflow/include/tsl/platform/mutex.h:43:63: note: declared here
   43 | class TF_LOCKABLE ABSL_DEPRECATED("Use absl::Mutex instead.") mutex {
      |                                                               ^~~~~
/home/ubuntu/anaconda3/envs/tfgpu/lib/python3.13/site-packages/tensorflow/include/tsl/platform/mutex.h:107:37: warning: ‘mutex_type’ is deprecated: Use absl::Mutex instead. [-Wdeprecated-declarations]
  107 |   explicit mutex_lock(mutex_type& mu) TF_EXCLUSIVE_LOCK_FUNCTION(mu)
      |                                     ^
/home/ubuntu/anaconda3/envs/tfgpu/lib/python3.13/site-packages/tensorflow/include/tsl/platform/mutex.h:43:63: note: declared here
   43 | class TF_LOCKABLE ABSL_DEPRECATED("Use absl::Mutex instead.") mutex {
      |                                                               ^~~~~
/home/ubuntu/anaconda3/envs/tfgpu/lib/python3.13/site-packages/tensorflow/include/tsl/platform/mutex.h:112:48: warning: ‘mutex_type’ is deprecated: Use absl::Mutex instead. [-Wdeprecated-declarations]
  112 |   mutex_lock(mutex_type& mu, std::try_to_lock_t) TF_EXCLUSIVE_LOCK_FUNCTION(mu)
      |                                                ^
/home/ubuntu/anaconda3/envs/tfgpu/lib/python3.13/site-packages/tensorflow/include/tsl/platform/mutex.h:43:63: note: declared here
   43 | class TF_LOCKABLE ABSL_DEPRECATED("Use absl::Mutex instead.") mutex {
      |                                                               ^~~~~
/home/ubuntu/anaconda3/envs/tfgpu/lib/python3.13/site-packages/tensorflow/include/tsl/platform/mutex.h:145:24: warning: ‘mutex’ is deprecated: Use absl::Mutex instead. [-Wdeprecated-declarations]
  145 |   typedef ::tsl::mutex mutex_type;
      |                        ^~~~~~~~~~
/home/ubuntu/anaconda3/envs/tfgpu/lib/python3.13/site-packages/tensorflow/include/tsl/platform/mutex.h:43:63: note: declared here
   43 | class TF_LOCKABLE ABSL_DEPRECATED("Use absl::Mutex instead.") mutex {
      |                                                               ^~~~~
/home/ubuntu/anaconda3/envs/tfgpu/lib/python3.13/site-packages/tensorflow/include/tsl/platform/mutex.h:147:41: warning: ‘mutex_type’ is deprecated: Use absl::Mutex instead. [-Wdeprecated-declarations]
  147 |   explicit tf_shared_lock(mutex_type& mu) TF_SHARED_LOCK_FUNCTION(mu)
      |                                         ^
/home/ubuntu/anaconda3/envs/tfgpu/lib/python3.13/site-packages/tensorflow/include/tsl/platform/mutex.h:43:63: note: declared here
   43 | class TF_LOCKABLE ABSL_DEPRECATED("Use absl::Mutex instead.") mutex {
      |                                                               ^~~~~
/home/ubuntu/anaconda3/envs/tfgpu/lib/python3.13/site-packages/tensorflow/include/tsl/platform/mutex.h:152:52: warning: ‘mutex_type’ is deprecated: Use absl::Mutex instead. [-Wdeprecated-declarations]
  152 |   tf_shared_lock(mutex_type& mu, std::try_to_lock_t) TF_SHARED_LOCK_FUNCTION(mu)
      |                                                    ^
/home/ubuntu/anaconda3/envs/tfgpu/lib/python3.13/site-packages/tensorflow/include/tsl/platform/mutex.h:43:63: note: declared here
   43 | class TF_LOCKABLE ABSL_DEPRECATED("Use absl::Mutex instead.") mutex {
      |                                                               ^~~~~
/home/ubuntu/anaconda3/envs/tfgpu/lib/python3.13/site-packages/tensorflow/include/tsl/platform/mutex.h:215:78: warning: ‘condition_variable’ is deprecated: Use absl::CondVar instead. [-Wdeprecated-declarations]
  215 |                                            condition_variable* cv, int64_t ms) {
      |                                                                              ^
/home/ubuntu/anaconda3/envs/tfgpu/lib/python3.13/site-packages/tensorflow/include/tsl/platform/mutex.h:183:53: note: declared here
  183 | class ABSL_DEPRECATED("Use absl::CondVar instead.") condition_variable {
      |                                                     ^~~~~~~~~~~~~~~~~~
/home/ubuntu/anaconda3/envs/tfgpu/lib/python3.13/site-packages/tensorflow/include/tsl/platform/mutex.h: In member function ‘void tsl::mutex::lock()’:
/home/ubuntu/anaconda3/envs/tfgpu/lib/python3.13/site-packages/tensorflow/include/tsl/platform/mutex.h:225:66: warning: ‘void absl::lts_20260107::Mutex::Lock()’ is deprecated [-Wdeprecated-declarations]
  225 | inline void mutex::lock() TF_EXCLUSIVE_LOCK_FUNCTION() { mu_.Lock(); }
      |                                                          ~~~~~~~~^~
In file included from /home/ubuntu/anaconda3/envs/tfgpu/include/absl/strings/internal/cordz_info.h:31,
                 from /home/ubuntu/anaconda3/envs/tfgpu/include/absl/strings/cord.h:92,
                 from /home/ubuntu/anaconda3/envs/tfgpu/include/absl/container/internal/hash_function_defaults.h:59,
                 from /home/ubuntu/anaconda3/envs/tfgpu/include/absl/container/hash_container_defaults.h:19,
                 from /home/ubuntu/anaconda3/envs/tfgpu/include/absl/container/flat_hash_map.h:43,
                 from /home/ubuntu/anaconda3/envs/tfgpu/lib/python3.13/site-packages/tensorflow/include/tensorflow/core/framework/op.h:25,
                 from /tmp/bayesfilter-hmc-v7-merge-20261005/bayesfilter/ops/symmetric_sylvester_op.cc:13:
/home/ubuntu/anaconda3/envs/tfgpu/include/absl/synchronization/mutex.h:182:15: note: declared here
  182 |   inline void Lock() ABSL_EXCLUSIVE_LOCK_FUNCTION() { lock(); }
      |               ^~~~
In file included from /home/ubuntu/anaconda3/envs/tfgpu/lib/python3.13/site-packages/tensorflow/include/tensorflow/core/platform/mutex.h:22,
                 from /home/ubuntu/anaconda3/envs/tfgpu/lib/python3.13/site-packages/tensorflow/include/tensorflow/core/platform/refcount.h:19,
                 from /home/ubuntu/anaconda3/envs/tfgpu/lib/python3.13/site-packages/tensorflow/include/tensorflow/core/lib/core/refcount.h:19,
                 from /home/ubuntu/anaconda3/envs/tfgpu/lib/python3.13/site-packages/tensorflow/include/tensorflow/core/framework/resource_base.h:24,
                 from /home/ubuntu/anaconda3/envs/tfgpu/lib/python3.13/site-packages/tensorflow/include/tensorflow/core/framework/resource_handle.h:22,
                 from /home/ubuntu/anaconda3/envs/tfgpu/lib/python3.13/site-packages/tensorflow/include/tensorflow/core/framework/types.h:30,
                 from /home/ubuntu/anaconda3/envs/tfgpu/lib/python3.13/site-packages/tensorflow/include/tensorflow/core/framework/op_def_builder.h:28,
                 from /home/ubuntu/anaconda3/envs/tfgpu/lib/python3.13/site-packages/tensorflow/include/tensorflow/core/framework/full_type_inference_util.h:24,
                 from /home/ubuntu/anaconda3/envs/tfgpu/lib/python3.13/site-packages/tensorflow/include/tensorflow/core/framework/op.h:27,
                 from /tmp/bayesfilter-hmc-v7-merge-20261005/bayesfilter/ops/symmetric_sylvester_op.cc:13:
/home/ubuntu/anaconda3/envs/tfgpu/lib/python3.13/site-packages/tensorflow/include/tsl/platform/mutex.h: In member function ‘bool tsl::mutex::try_lock()’:
/home/ubuntu/anaconda3/envs/tfgpu/lib/python3.13/site-packages/tensorflow/include/tsl/platform/mutex.h:228:21: warning: ‘bool absl::lts_20260107::Mutex::TryLock()’ is deprecated [-Wdeprecated-declarations]
  228 |   return mu_.TryLock();
      |          ~~~~~~~~~~~^~
In file included from /home/ubuntu/anaconda3/envs/tfgpu/include/absl/strings/internal/cordz_info.h:31,
                 from /home/ubuntu/anaconda3/envs/tfgpu/include/absl/strings/cord.h:92,
                 from /home/ubuntu/anaconda3/envs/tfgpu/include/absl/container/internal/hash_function_defaults.h:59,
                 from /home/ubuntu/anaconda3/envs/tfgpu/include/absl/container/hash_container_defaults.h:19,
                 from /home/ubuntu/anaconda3/envs/tfgpu/include/absl/container/flat_hash_map.h:43,
                 from /home/ubuntu/anaconda3/envs/tfgpu/lib/python3.13/site-packages/tensorflow/include/tensorflow/core/framework/op.h:25,
                 from /tmp/bayesfilter-hmc-v7-merge-20261005/bayesfilter/ops/symmetric_sylvester_op.cc:13:
/home/ubuntu/anaconda3/envs/tfgpu/include/absl/synchronization/mutex.h:201:22: note: declared here
  201 |   [[nodiscard]] bool TryLock() ABSL_EXCLUSIVE_TRYLOCK_FUNCTION(true) {
      |                      ^~~~~~~
In file included from /home/ubuntu/anaconda3/envs/tfgpu/lib/python3.13/site-packages/tensorflow/include/tensorflow/core/platform/mutex.h:22,
                 from /home/ubuntu/anaconda3/envs/tfgpu/lib/python3.13/site-packages/tensorflow/include/tensorflow/core/platform/refcount.h:19,
                 from /home/ubuntu/anaconda3/envs/tfgpu/lib/python3.13/site-packages/tensorflow/include/tensorflow/core/lib/core/refcount.h:19,
                 from /home/ubuntu/anaconda3/envs/tfgpu/lib/python3.13/site-packages/tensorflow/include/tensorflow/core/framework/resource_base.h:24,
                 from /home/ubuntu/anaconda3/envs/tfgpu/lib/python3.13/site-packages/tensorflow/include/tensorflow/core/framework/resource_handle.h:22,
                 from /home/ubuntu/anaconda3/envs/tfgpu/lib/python3.13/site-packages/tensorflow/include/tensorflow/core/framework/types.h:30,
                 from /home/ubuntu/anaconda3/envs/tfgpu/lib/python3.13/site-packages/tensorflow/include/tensorflow/core/framework/op_def_builder.h:28,
                 from /home/ubuntu/anaconda3/envs/tfgpu/lib/python3.13/site-packages/tensorflow/include/tensorflow/core/framework/full_type_inference_util.h:24,
                 from /home/ubuntu/anaconda3/envs/tfgpu/lib/python3.13/site-packages/tensorflow/include/tensorflow/core/framework/op.h:27,
                 from /tmp/bayesfilter-hmc-v7-merge-20261005/bayesfilter/ops/symmetric_sylvester_op.cc:13:
/home/ubuntu/anaconda3/envs/tfgpu/lib/python3.13/site-packages/tensorflow/include/tsl/platform/mutex.h: In member function ‘void tsl::mutex::unlock()’:
/home/ubuntu/anaconda3/envs/tfgpu/lib/python3.13/site-packages/tensorflow/include/tsl/platform/mutex.h:231:62: warning: ‘void absl::lts_20260107::Mutex::Unlock()’ is deprecated [-Wdeprecated-declarations]
  231 | inline void mutex::unlock() TF_UNLOCK_FUNCTION() { mu_.Unlock(); }
      |                                                    ~~~~~~~~~~^~
In file included from /home/ubuntu/anaconda3/envs/tfgpu/include/absl/strings/internal/cordz_info.h:31,
                 from /home/ubuntu/anaconda3/envs/tfgpu/include/absl/strings/cord.h:92,
                 from /home/ubuntu/anaconda3/envs/tfgpu/include/absl/container/internal/hash_function_defaults.h:59,
                 from /home/ubuntu/anaconda3/envs/tfgpu/include/absl/container/hash_container_defaults.h:19,
                 from /home/ubuntu/anaconda3/envs/tfgpu/include/absl/container/flat_hash_map.h:43,
                 from /home/ubuntu/anaconda3/envs/tfgpu/lib/python3.13/site-packages/tensorflow/include/tensorflow/core/framework/op.h:25,
                 from /tmp/bayesfilter-hmc-v7-merge-20261005/bayesfilter/ops/symmetric_sylvester_op.cc:13:
/home/ubuntu/anaconda3/envs/tfgpu/include/absl/synchronization/mutex.h:191:15: note: declared here
  191 |   inline void Unlock() ABSL_UNLOCK_FUNCTION() { unlock(); }
      |               ^~~~~~
In file included from /home/ubuntu/anaconda3/envs/tfgpu/lib/python3.13/site-packages/tensorflow/include/tensorflow/core/platform/mutex.h:22,
                 from /home/ubuntu/anaconda3/envs/tfgpu/lib/python3.13/site-packages/tensorflow/include/tensorflow/core/platform/refcount.h:19,
                 from /home/ubuntu/anaconda3/envs/tfgpu/lib/python3.13/site-packages/tensorflow/include/tensorflow/core/lib/core/refcount.h:19,
                 from /home/ubuntu/anaconda3/envs/tfgpu/lib/python3.13/site-packages/tensorflow/include/tensorflow/core/framework/resource_base.h:24,
                 from /home/ubuntu/anaconda3/envs/tfgpu/lib/python3.13/site-packages/tensorflow/include/tensorflow/core/framework/resource_handle.h:22,
                 from /home/ubuntu/anaconda3/envs/tfgpu/lib/python3.13/site-packages/tensorflow/include/tensorflow/core/framework/types.h:30,
                 from /home/ubuntu/anaconda3/envs/tfgpu/lib/python3.13/site-packages/tensorflow/include/tensorflow/core/framework/op_def_builder.h:28,
                 from /home/ubuntu/anaconda3/envs/tfgpu/lib/python3.13/site-packages/tensorflow/include/tensorflow/core/framework/full_type_inference_util.h:24,
                 from /home/ubuntu/anaconda3/envs/tfgpu/lib/python3.13/site-packages/tensorflow/include/tensorflow/core/framework/op.h:27,
                 from /tmp/bayesfilter-hmc-v7-merge-20261005/bayesfilter/ops/symmetric_sylvester_op.cc:13:
/home/ubuntu/anaconda3/envs/tfgpu/lib/python3.13/site-packages/tensorflow/include/tsl/platform/mutex.h: In member function ‘void tsl::mutex::lock_shared()’:
/home/ubuntu/anaconda3/envs/tfgpu/lib/python3.13/site-packages/tensorflow/include/tsl/platform/mutex.h:237:76: warning: ‘void absl::lts_20260107::Mutex::ReaderLock()’ is deprecated [-Wdeprecated-declarations]
  237 | inline void mutex::lock_shared() TF_SHARED_LOCK_FUNCTION() { mu_.ReaderLock(); }
      |                                                              ~~~~~~~~~~~~~~^~
In file included from /home/ubuntu/anaconda3/envs/tfgpu/include/absl/strings/internal/cordz_info.h:31,
                 from /home/ubuntu/anaconda3/envs/tfgpu/include/absl/strings/cord.h:92,
                 from /home/ubuntu/anaconda3/envs/tfgpu/include/absl/container/internal/hash_function_defaults.h:59,
                 from /home/ubuntu/anaconda3/envs/tfgpu/include/absl/container/hash_container_defaults.h:19,
                 from /home/ubuntu/anaconda3/envs/tfgpu/include/absl/container/flat_hash_map.h:43,
                 from /home/ubuntu/anaconda3/envs/tfgpu/lib/python3.13/site-packages/tensorflow/include/tensorflow/core/framework/op.h:25,
                 from /tmp/bayesfilter-hmc-v7-merge-20261005/bayesfilter/ops/symmetric_sylvester_op.cc:13:
/home/ubuntu/anaconda3/envs/tfgpu/include/absl/synchronization/mutex.h:256:8: note: declared here
  256 |   void ReaderLock() ABSL_SHARED_LOCK_FUNCTION() { lock_shared(); }
      |        ^~~~~~~~~~
In file included from /home/ubuntu/anaconda3/envs/tfgpu/lib/python3.13/site-packages/tensorflow/include/tensorflow/core/platform/mutex.h:22,
                 from /home/ubuntu/anaconda3/envs/tfgpu/lib/python3.13/site-packages/tensorflow/include/tensorflow/core/platform/refcount.h:19,
                 from /home/ubuntu/anaconda3/envs/tfgpu/lib/python3.13/site-packages/tensorflow/include/tensorflow/core/lib/core/refcount.h:19,
                 from /home/ubuntu/anaconda3/envs/tfgpu/lib/python3.13/site-packages/tensorflow/include/tensorflow/core/framework/resource_base.h:24,
                 from /home/ubuntu/anaconda3/envs/tfgpu/lib/python3.13/site-packages/tensorflow/include/tensorflow/core/framework/resource_handle.h:22,
                 from /home/ubuntu/anaconda3/envs/tfgpu/lib/python3.13/site-packages/tensorflow/include/tensorflow/core/framework/types.h:30,
                 from /home/ubuntu/anaconda3/envs/tfgpu/lib/python3.13/site-packages/tensorflow/include/tensorflow/core/framework/op_def_builder.h:28,
                 from /home/ubuntu/anaconda3/envs/tfgpu/lib/python3.13/site-packages/tensorflow/include/tensorflow/core/framework/full_type_inference_util.h:24,
                 from /home/ubuntu/anaconda3/envs/tfgpu/lib/python3.13/site-packages/tensorflow/include/tensorflow/core/framework/op.h:27,
                 from /tmp/bayesfilter-hmc-v7-merge-20261005/bayesfilter/ops/symmetric_sylvester_op.cc:13:
/home/ubuntu/anaconda3/envs/tfgpu/lib/python3.13/site-packages/tensorflow/include/tsl/platform/mutex.h: In member function ‘bool tsl::mutex::try_lock_shared()’:
/home/ubuntu/anaconda3/envs/tfgpu/lib/python3.13/site-packages/tensorflow/include/tsl/platform/mutex.h:240:27: warning: ‘bool absl::lts_20260107::Mutex::ReaderTryLock()’ is deprecated [-Wdeprecated-declarations]
  240 |   return mu_.ReaderTryLock();
      |          ~~~~~~~~~~~~~~~~~^~
In file included from /home/ubuntu/anaconda3/envs/tfgpu/include/absl/strings/internal/cordz_info.h:31,
                 from /home/ubuntu/anaconda3/envs/tfgpu/include/absl/strings/cord.h:92,
                 from /home/ubuntu/anaconda3/envs/tfgpu/include/absl/container/internal/hash_function_defaults.h:59,
                 from /home/ubuntu/anaconda3/envs/tfgpu/include/absl/container/hash_container_defaults.h:19,
                 from /home/ubuntu/anaconda3/envs/tfgpu/include/absl/container/flat_hash_map.h:43,
                 from /home/ubuntu/anaconda3/envs/tfgpu/lib/python3.13/site-packages/tensorflow/include/tensorflow/core/framework/op.h:25,
                 from /tmp/bayesfilter-hmc-v7-merge-20261005/bayesfilter/ops/symmetric_sylvester_op.cc:13:
/home/ubuntu/anaconda3/envs/tfgpu/include/absl/synchronization/mutex.h:276:22: note: declared here
  276 |   [[nodiscard]] bool ReaderTryLock() ABSL_SHARED_TRYLOCK_FUNCTION(true) {
      |                      ^~~~~~~~~~~~~
In file included from /home/ubuntu/anaconda3/envs/tfgpu/lib/python3.13/site-packages/tensorflow/include/tensorflow/core/platform/mutex.h:22,
                 from /home/ubuntu/anaconda3/envs/tfgpu/lib/python3.13/site-packages/tensorflow/include/tensorflow/core/platform/refcount.h:19,
                 from /home/ubuntu/anaconda3/envs/tfgpu/lib/python3.13/site-packages/tensorflow/include/tensorflow/core/lib/core/refcount.h:19,
                 from /home/ubuntu/anaconda3/envs/tfgpu/lib/python3.13/site-packages/tensorflow/include/tensorflow/core/framework/resource_base.h:24,
                 from /home/ubuntu/anaconda3/envs/tfgpu/lib/python3.13/site-packages/tensorflow/include/tensorflow/core/framework/resource_handle.h:22,
                 from /home/ubuntu/anaconda3/envs/tfgpu/lib/python3.13/site-packages/tensorflow/include/tensorflow/core/framework/types.h:30,
                 from /home/ubuntu/anaconda3/envs/tfgpu/lib/python3.13/site-packages/tensorflow/include/tensorflow/core/framework/op_def_builder.h:28,
                 from /home/ubuntu/anaconda3/envs/tfgpu/lib/python3.13/site-packages/tensorflow/include/tensorflow/core/framework/full_type_inference_util.h:24,
                 from /home/ubuntu/anaconda3/envs/tfgpu/lib/python3.13/site-packages/tensorflow/include/tensorflow/core/framework/op.h:27,
                 from /tmp/bayesfilter-hmc-v7-merge-20261005/bayesfilter/ops/symmetric_sylvester_op.cc:13:
/home/ubuntu/anaconda3/envs/tfgpu/lib/python3.13/site-packages/tensorflow/include/tsl/platform/mutex.h: In member function ‘void tsl::mutex::unlock_shared()’:
/home/ubuntu/anaconda3/envs/tfgpu/lib/python3.13/site-packages/tensorflow/include/tsl/platform/mutex.h:243:75: warning: ‘void absl::lts_20260107::Mutex::ReaderUnlock()’ is deprecated [-Wdeprecated-declarations]
  243 | inline void mutex::unlock_shared() TF_UNLOCK_FUNCTION() { mu_.ReaderUnlock(); }
      |                                                           ~~~~~~~~~~~~~~~~^~
In file included from /home/ubuntu/anaconda3/envs/tfgpu/include/absl/strings/internal/cordz_info.h:31,
                 from /home/ubuntu/anaconda3/envs/tfgpu/include/absl/strings/cord.h:92,
                 from /home/ubuntu/anaconda3/envs/tfgpu/include/absl/container/internal/hash_function_defaults.h:59,
                 from /home/ubuntu/anaconda3/envs/tfgpu/include/absl/container/hash_container_defaults.h:19,
                 from /home/ubuntu/anaconda3/envs/tfgpu/include/absl/container/flat_hash_map.h:43,
                 from /home/ubuntu/anaconda3/envs/tfgpu/lib/python3.13/site-packages/tensorflow/include/tensorflow/core/framework/op.h:25,
                 from /tmp/bayesfilter-hmc-v7-merge-20261005/bayesfilter/ops/symmetric_sylvester_op.cc:13:
/home/ubuntu/anaconda3/envs/tfgpu/include/absl/synchronization/mutex.h:266:8: note: declared here
  266 |   void ReaderUnlock() ABSL_UNLOCK_FUNCTION() { unlock_shared(); }
      |        ^~~~~~~~~~~~
In file included from /home/ubuntu/anaconda3/envs/tfgpu/lib/python3.13/site-packages/tensorflow/include/tensorflow/core/platform/refcount.h:20,
                 from /home/ubuntu/anaconda3/envs/tfgpu/lib/python3.13/site-packages/tensorflow/include/tensorflow/core/lib/core/refcount.h:19,
                 from /home/ubuntu/anaconda3/envs/tfgpu/lib/python3.13/site-packages/tensorflow/include/tensorflow/core/framework/resource_base.h:24,
                 from /home/ubuntu/anaconda3/envs/tfgpu/lib/python3.13/site-packages/tensorflow/include/tensorflow/core/framework/resource_handle.h:22,
                 from /home/ubuntu/anaconda3/envs/tfgpu/lib/python3.13/site-packages/tensorflow/include/tensorflow/core/framework/types.h:30,
                 from /home/ubuntu/anaconda3/envs/tfgpu/lib/python3.13/site-packages/tensorflow/include/tensorflow/core/framework/op_def_builder.h:28,
                 from /home/ubuntu/anaconda3/envs/tfgpu/lib/python3.13/site-packages/tensorflow/include/tensorflow/core/framework/full_type_inference_util.h:24,
                 from /home/ubuntu/anaconda3/envs/tfgpu/lib/python3.13/site-packages/tensorflow/include/tensorflow/core/framework/op.h:27,
                 from /tmp/bayesfilter-hmc-v7-merge-20261005/bayesfilter/ops/symmetric_sylvester_op.cc:13:
/home/ubuntu/anaconda3/envs/tfgpu/lib/python3.13/site-packages/tensorflow/include/tsl/platform/refcount.h: At global scope:
/home/ubuntu/anaconda3/envs/tfgpu/lib/python3.13/site-packages/tensorflow/include/tsl/platform/refcount.h:158:19: warning: ‘mutex’ is deprecated: Use absl::Mutex instead. [-Wdeprecated-declarations]
  158 |     mutable mutex mu;
      |                   ^~
In file included from /home/ubuntu/anaconda3/envs/tfgpu/lib/python3.13/site-packages/tensorflow/include/tensorflow/core/platform/mutex.h:22,
                 from /home/ubuntu/anaconda3/envs/tfgpu/lib/python3.13/site-packages/tensorflow/include/tensorflow/core/platform/refcount.h:19,
                 from /home/ubuntu/anaconda3/envs/tfgpu/lib/python3.13/site-packages/tensorflow/include/tensorflow/core/lib/core/refcount.h:19,
                 from /home/ubuntu/anaconda3/envs/tfgpu/lib/python3.13/site-packages/tensorflow/include/tensorflow/core/framework/resource_base.h:24,
                 from /home/ubuntu/anaconda3/envs/tfgpu/lib/python3.13/site-packages/tensorflow/include/tensorflow/core/framework/resource_handle.h:22,
                 from /home/ubuntu/anaconda3/envs/tfgpu/lib/python3.13/site-packages/tensorflow/include/tensorflow/core/framework/types.h:30,
                 from /home/ubuntu/anaconda3/envs/tfgpu/lib/python3.13/site-packages/tensorflow/include/tensorflow/core/framework/op_def_builder.h:28,
                 from /home/ubuntu/anaconda3/envs/tfgpu/lib/python3.13/site-packages/tensorflow/include/tensorflow/core/framework/full_type_inference_util.h:24,
                 from /home/ubuntu/anaconda3/envs/tfgpu/lib/python3.13/site-packages/tensorflow/include/tensorflow/core/framework/op.h:27,
                 from /tmp/bayesfilter-hmc-v7-merge-20261005/bayesfilter/ops/symmetric_sylvester_op.cc:13:
/home/ubuntu/anaconda3/envs/tfgpu/lib/python3.13/site-packages/tensorflow/include/tsl/platform/mutex.h:43:63: note: declared here
   43 | class TF_LOCKABLE ABSL_DEPRECATED("Use absl::Mutex instead.") mutex {
      |                                                               ^~~~~
In file included from /home/ubuntu/anaconda3/envs/tfgpu/lib/python3.13/site-packages/tensorflow/include/tensorflow/core/platform/strcat.h:23,
                 from /home/ubuntu/anaconda3/envs/tfgpu/lib/python3.13/site-packages/tensorflow/include/tensorflow/core/platform/errors.h:29,
                 from /home/ubuntu/anaconda3/envs/tfgpu/lib/python3.13/site-packages/tensorflow/include/tensorflow/core/framework/resource_base.h:25,
                 from /home/ubuntu/anaconda3/envs/tfgpu/lib/python3.13/site-packages/tensorflow/include/tensorflow/core/framework/resource_handle.h:22,
                 from /home/ubuntu/anaconda3/envs/tfgpu/lib/python3.13/site-packages/tensorflow/include/tensorflow/core/framework/types.h:30,
                 from /home/ubuntu/anaconda3/envs/tfgpu/lib/python3.13/site-packages/tensorflow/include/tensorflow/core/framework/op_def_builder.h:28,
                 from /home/ubuntu/anaconda3/envs/tfgpu/lib/python3.13/site-packages/tensorflow/include/tensorflow/core/framework/full_type_inference_util.h:24,
                 from /home/ubuntu/anaconda3/envs/tfgpu/lib/python3.13/site-packages/tensorflow/include/tensorflow/core/framework/op.h:27,
                 from /tmp/bayesfilter-hmc-v7-merge-20261005/bayesfilter/ops/symmetric_sylvester_op.cc:13:
/home/ubuntu/anaconda3/envs/tfgpu/lib/python3.13/site-packages/tensorflow/include/tsl/platform/strcat.h:108:19: warning: ‘using Hex = struct absl::lts_20260107::Hex’ is deprecated [-Wdeprecated-declarations]
  108 |   AlphaNum(Hex hex);  // NOLINT(runtime/explicit)
      |                   ^
/home/ubuntu/anaconda3/envs/tfgpu/lib/python3.13/site-packages/tensorflow/include/tsl/platform/strcat.h:81:7: note: declared here
   81 | using Hex ABSL_DEPRECATE_AND_INLINE() = absl::Hex;
      |       ^~~
In file included from /home/ubuntu/anaconda3/envs/tfgpu/lib/python3.13/site-packages/tensorflow/include/tsl/platform/errors.h:19,
                 from /home/ubuntu/anaconda3/envs/tfgpu/lib/python3.13/site-packages/tensorflow/include/tensorflow/core/platform/errors.h:30,
                 from /home/ubuntu/anaconda3/envs/tfgpu/lib/python3.13/site-packages/tensorflow/include/tensorflow/core/framework/resource_base.h:25,
                 from /home/ubuntu/anaconda3/envs/tfgpu/lib/python3.13/site-packages/tensorflow/include/tensorflow/core/framework/resource_handle.h:22,
                 from /home/ubuntu/anaconda3/envs/tfgpu/lib/python3.13/site-packages/tensorflow/include/tensorflow/core/framework/types.h:30,
                 from /home/ubuntu/anaconda3/envs/tfgpu/lib/python3.13/site-packages/tensorflow/include/tensorflow/core/framework/op_def_builder.h:28,
                 from /home/ubuntu/anaconda3/envs/tfgpu/lib/python3.13/site-packages/tensorflow/include/tensorflow/core/framework/full_type_inference_util.h:24,
                 from /home/ubuntu/anaconda3/envs/tfgpu/lib/python3.13/site-packages/tensorflow/include/tensorflow/core/framework/op.h:27,
                 from /tmp/bayesfilter-hmc-v7-merge-20261005/bayesfilter/ops/symmetric_sylvester_op.cc:13:
/home/ubuntu/anaconda3/envs/tfgpu/lib/python3.13/site-packages/tensorflow/include/xla/tsl/platform/errors.h: In function ‘absl::lts_20260107::Status tsl::errors::Create(absl::lts_20260107::StatusCode, std::string_view, const std::unordered_map<std::__cxx11::basic_string<char>, std::__cxx11::basic_string<char> >&)’:
/home/ubuntu/anaconda3/envs/tfgpu/lib/python3.13/site-packages/tensorflow/include/xla/tsl/platform/errors.h:154:17: warning: ‘tsl::Status’ is deprecated [-Wdeprecated-declarations]
  154 |   Status status(code, message);
      |                 ^~~~
In file included from /home/ubuntu/anaconda3/envs/tfgpu/lib/python3.13/site-packages/tensorflow/include/tsl/platform/status.h:19,
                 from /home/ubuntu/anaconda3/envs/tfgpu/lib/python3.13/site-packages/tensorflow/include/tensorflow/core/platform/status.h:25,
                 from /home/ubuntu/anaconda3/envs/tfgpu/lib/python3.13/site-packages/tensorflow/include/tensorflow/core/platform/errors.h:27,
                 from /home/ubuntu/anaconda3/envs/tfgpu/lib/python3.13/site-packages/tensorflow/include/tensorflow/core/framework/resource_base.h:25,
                 from /home/ubuntu/anaconda3/envs/tfgpu/lib/python3.13/site-packages/tensorflow/include/tensorflow/core/framework/resource_handle.h:22,
                 from /home/ubuntu/anaconda3/envs/tfgpu/lib/python3.13/site-packages/tensorflow/include/tensorflow/core/framework/types.h:30,
                 from /home/ubuntu/anaconda3/envs/tfgpu/lib/python3.13/site-packages/tensorflow/include/tensorflow/core/framework/op_def_builder.h:28,
                 from /home/ubuntu/anaconda3/envs/tfgpu/lib/python3.13/site-packages/tensorflow/include/tensorflow/core/framework/full_type_inference_util.h:24,
                 from /home/ubuntu/anaconda3/envs/tfgpu/lib/python3.13/site-packages/tensorflow/include/tensorflow/core/framework/op.h:27,
                 from /tmp/bayesfilter-hmc-v7-merge-20261005/bayesfilter/ops/symmetric_sylvester_op.cc:13:
/home/ubuntu/anaconda3/envs/tfgpu/lib/python3.13/site-packages/tensorflow/include/xla/tsl/platform/status.h:62:22: note: declared here
   62 | typedef absl::Status Status ABSL_DEPRECATE_AND_INLINE();
      |                      ^~~~~~
In file included from /home/ubuntu/anaconda3/envs/tfgpu/lib/python3.13/site-packages/tensorflow/include/tensorflow/core/framework/resource_handle.h:22,
                 from /home/ubuntu/anaconda3/envs/tfgpu/lib/python3.13/site-packages/tensorflow/include/tensorflow/core/framework/types.h:30,
                 from /home/ubuntu/anaconda3/envs/tfgpu/lib/python3.13/site-packages/tensorflow/include/tensorflow/core/framework/op_def_builder.h:28,
                 from /home/ubuntu/anaconda3/envs/tfgpu/lib/python3.13/site-packages/tensorflow/include/tensorflow/core/framework/full_type_inference_util.h:24,
                 from /home/ubuntu/anaconda3/envs/tfgpu/lib/python3.13/site-packages/tensorflow/include/tensorflow/core/framework/op.h:27,
                 from /tmp/bayesfilter-hmc-v7-merge-20261005/bayesfilter/ops/symmetric_sylvester_op.cc:13:
/home/ubuntu/anaconda3/envs/tfgpu/lib/python3.13/site-packages/tensorflow/include/tensorflow/core/framework/resource_base.h: In member function ‘virtual absl::lts_20260107::Status tensorflow::ResourceBase::AsGraphDef(tensorflow::GraphDefBuilder*, tensorflow::Node**) const’:
/home/ubuntu/anaconda3/envs/tfgpu/lib/python3.13/site-packages/tensorflow/include/tensorflow/core/framework/resource_base.h:56:33: warning: ‘absl::lts_20260107::Status tsl::errors::Unimplemented(Args ...) [with Args = {const char*, std::__cxx11::basic_string<char, std::char_traits<char>, std::allocator<char> >}]’ is deprecated: Use absl::UnimplementedError() instead. [-Wdeprecated-declarations]
   56 |     return errors::Unimplemented("AsGraphDef not implemented for resource ",
      |            ~~~~~~~~~~~~~~~~~~~~~^~~~~~~~~~~~~~~~~~~~~~~~~~~~~~~~~~~~~~~~~~~~
   57 |                                  DebugString());
      |                                  ~~~~~~~~~~~~~~
In file included from /home/ubuntu/anaconda3/envs/tfgpu/lib/python3.13/site-packages/tensorflow/include/tsl/platform/errors.h:19,
                 from /home/ubuntu/anaconda3/envs/tfgpu/lib/python3.13/site-packages/tensorflow/include/tensorflow/core/platform/errors.h:30,
                 from /home/ubuntu/anaconda3/envs/tfgpu/lib/python3.13/site-packages/tensorflow/include/tensorflow/core/framework/resource_base.h:25,
                 from /home/ubuntu/anaconda3/envs/tfgpu/lib/python3.13/site-packages/tensorflow/include/tensorflow/core/framework/resource_handle.h:22,
                 from /home/ubuntu/anaconda3/envs/tfgpu/lib/python3.13/site-packages/tensorflow/include/tensorflow/core/framework/types.h:30,
                 from /home/ubuntu/anaconda3/envs/tfgpu/lib/python3.13/site-packages/tensorflow/include/tensorflow/core/framework/op_def_builder.h:28,
                 from /home/ubuntu/anaconda3/envs/tfgpu/lib/python3.13/site-packages/tensorflow/include/tensorflow/core/framework/full_type_inference_util.h:24,
                 from /home/ubuntu/anaconda3/envs/tfgpu/lib/python3.13/site-packages/tensorflow/include/tensorflow/core/framework/op.h:27,
                 from /tmp/bayesfilter-hmc-v7-merge-20261005/bayesfilter/ops/symmetric_sylvester_op.cc:13:
/home/ubuntu/anaconda3/envs/tfgpu/lib/python3.13/site-packages/tensorflow/include/xla/tsl/platform/errors.h:404:14: note: declared here
  404 | absl::Status Unimplemented(Args... args) {
      |              ^~~~~~~~~~~~~
In file included from /home/ubuntu/anaconda3/envs/tfgpu/lib/python3.13/site-packages/tensorflow/include/tensorflow/core/framework/resource_handle.h:23,
                 from /home/ubuntu/anaconda3/envs/tfgpu/lib/python3.13/site-packages/tensorflow/include/tensorflow/core/framework/types.h:30,
                 from /home/ubuntu/anaconda3/envs/tfgpu/lib/python3.13/site-packages/tensorflow/include/tensorflow/core/framework/op_def_builder.h:28,
                 from /home/ubuntu/anaconda3/envs/tfgpu/lib/python3.13/site-packages/tensorflow/include/tensorflow/core/framework/full_type_inference_util.h:24,
                 from /home/ubuntu/anaconda3/envs/tfgpu/lib/python3.13/site-packages/tensorflow/include/tensorflow/core/framework/op.h:27,
                 from /tmp/bayesfilter-hmc-v7-merge-20261005/bayesfilter/ops/symmetric_sylvester_op.cc:13:
/home/ubuntu/anaconda3/envs/tfgpu/lib/python3.13/site-packages/tensorflow/include/tensorflow/core/framework/tensor_shape.h: In member function ‘absl::lts_20260107::Status tensorflow::TensorShapeBase<Shape>::RemoveDimWithStatus(int64_t)’:
/home/ubuntu/anaconda3/envs/tfgpu/lib/python3.13/site-packages/tensorflow/include/tensorflow/core/framework/tensor_shape.h:250:30: warning: ‘absl::lts_20260107::Status tsl::errors::Internal(Args ...) [with Args = {const char*, long int}]’ is deprecated: Use absl::InternalError() instead. [-Wdeprecated-declarations]
  250 |       return errors::Internal(
      |              ~~~~~~~~~~~~~~~~^
  251 |           "Expected dimension index to be non-negative, got ", d);
      |           ~~~~~~~~~~~~~~~~~~~~~~~~~~~~~~~~~~~~~~~~~~~~~~~~~~~~~~~
In file included from /home/ubuntu/anaconda3/envs/tfgpu/lib/python3.13/site-packages/tensorflow/include/tsl/platform/errors.h:19,
                 from /home/ubuntu/anaconda3/envs/tfgpu/lib/python3.13/site-packages/tensorflow/include/tensorflow/core/platform/errors.h:30,
                 from /home/ubuntu/anaconda3/envs/tfgpu/lib/python3.13/site-packages/tensorflow/include/tensorflow/core/framework/resource_base.h:25,
                 from /home/ubuntu/anaconda3/envs/tfgpu/lib/python3.13/site-packages/tensorflow/include/tensorflow/core/framework/resource_handle.h:22,
                 from /home/ubuntu/anaconda3/envs/tfgpu/lib/python3.13/site-packages/tensorflow/include/tensorflow/core/framework/types.h:30,
                 from /home/ubuntu/anaconda3/envs/tfgpu/lib/python3.13/site-packages/tensorflow/include/tensorflow/core/framework/op_def_builder.h:28,
                 from /home/ubuntu/anaconda3/envs/tfgpu/lib/python3.13/site-packages/tensorflow/include/tensorflow/core/framework/full_type_inference_util.h:24,
                 from /home/ubuntu/anaconda3/envs/tfgpu/lib/python3.13/site-packages/tensorflow/include/tensorflow/core/framework/op.h:27,
                 from /tmp/bayesfilter-hmc-v7-merge-20261005/bayesfilter/ops/symmetric_sylvester_op.cc:13:
/home/ubuntu/anaconda3/envs/tfgpu/lib/python3.13/site-packages/tensorflow/include/xla/tsl/platform/errors.h:417:14: note: declared here
  417 | absl::Status Internal(Args... args) {
      |              ^~~~~~~~
In file included from /home/ubuntu/anaconda3/envs/tfgpu/lib/python3.13/site-packages/tensorflow/include/tensorflow/core/framework/resource_handle.h:23,
                 from /home/ubuntu/anaconda3/envs/tfgpu/lib/python3.13/site-packages/tensorflow/include/tensorflow/core/framework/types.h:30,
                 from /home/ubuntu/anaconda3/envs/tfgpu/lib/python3.13/site-packages/tensorflow/include/tensorflow/core/framework/op_def_builder.h:28,
                 from /home/ubuntu/anaconda3/envs/tfgpu/lib/python3.13/site-packages/tensorflow/include/tensorflow/core/framework/full_type_inference_util.h:24,
                 from /home/ubuntu/anaconda3/envs/tfgpu/lib/python3.13/site-packages/tensorflow/include/tensorflow/core/framework/op.h:27,
                 from /tmp/bayesfilter-hmc-v7-merge-20261005/bayesfilter/ops/symmetric_sylvester_op.cc:13:
/home/ubuntu/anaconda3/envs/tfgpu/lib/python3.13/site-packages/tensorflow/include/tensorflow/core/framework/tensor_shape.h: In member function ‘absl::lts_20260107::Status tensorflow::TensorShape::AsEigenDSizesWithStatus(Eigen::DSizes<IndexType, NumDims>*) const’:
/home/ubuntu/anaconda3/envs/tfgpu/lib/python3.13/site-packages/tensorflow/include/tensorflow/core/framework/tensor_shape.h:681:28: warning: ‘absl::lts_20260107::Status tsl::errors::Internal(Args ...) [with Args = {const char*, int, const char*, int, const char*}]’ is deprecated: Use absl::InternalError() instead. [-Wdeprecated-declarations]
  681 |     return errors::Internal("Asking for tensor of ", NDIMS,
      |            ~~~~~~~~~~~~~~~~^~~~~~~~~~~~~~~~~~~~~~~~~~~~~~~~
  682 |                             " dimensions from a tensor of ", dims(),
      |                             ~~~~~~~~~~~~~~~~~~~~~~~~~~~~~~~~~~~~~~~~
  683 |                             " dimensions");
      |                             ~~~~~~~~~~~~~~
In file included from /home/ubuntu/anaconda3/envs/tfgpu/lib/python3.13/site-packages/tensorflow/include/tsl/platform/errors.h:19,
                 from /home/ubuntu/anaconda3/envs/tfgpu/lib/python3.13/site-packages/tensorflow/include/tensorflow/core/platform/errors.h:30,
                 from /home/ubuntu/anaconda3/envs/tfgpu/lib/python3.13/site-packages/tensorflow/include/tensorflow/core/framework/resource_base.h:25,
                 from /home/ubuntu/anaconda3/envs/tfgpu/lib/python3.13/site-packages/tensorflow/include/tensorflow/core/framework/resource_handle.h:22,
                 from /home/ubuntu/anaconda3/envs/tfgpu/lib/python3.13/site-packages/tensorflow/include/tensorflow/core/framework/types.h:30,
                 from /home/ubuntu/anaconda3/envs/tfgpu/lib/python3.13/site-packages/tensorflow/include/tensorflow/core/framework/op_def_builder.h:28,
                 from /home/ubuntu/anaconda3/envs/tfgpu/lib/python3.13/site-packages/tensorflow/include/tensorflow/core/framework/full_type_inference_util.h:24,
                 from /home/ubuntu/anaconda3/envs/tfgpu/lib/python3.13/site-packages/tensorflow/include/tensorflow/core/framework/op.h:27,
                 from /tmp/bayesfilter-hmc-v7-merge-20261005/bayesfilter/ops/symmetric_sylvester_op.cc:13:
/home/ubuntu/anaconda3/envs/tfgpu/lib/python3.13/site-packages/tensorflow/include/xla/tsl/platform/errors.h:417:14: note: declared here
  417 | absl::Status Internal(Args... args) {
      |              ^~~~~~~~
In file included from /home/ubuntu/anaconda3/envs/tfgpu/lib/python3.13/site-packages/tensorflow/include/tensorflow/core/framework/resource_handle.h:23,
                 from /home/ubuntu/anaconda3/envs/tfgpu/lib/python3.13/site-packages/tensorflow/include/tensorflow/core/framework/types.h:30,
                 from /home/ubuntu/anaconda3/envs/tfgpu/lib/python3.13/site-packages/tensorflow/include/tensorflow/core/framework/op_def_builder.h:28,
                 from /home/ubuntu/anaconda3/envs/tfgpu/lib/python3.13/site-packages/tensorflow/include/tensorflow/core/framework/full_type_inference_util.h:24,
                 from /home/ubuntu/anaconda3/envs/tfgpu/lib/python3.13/site-packages/tensorflow/include/tensorflow/core/framework/op.h:27,
                 from /tmp/bayesfilter-hmc-v7-merge-20261005/bayesfilter/ops/symmetric_sylvester_op.cc:13:
/home/ubuntu/anaconda3/envs/tfgpu/lib/python3.13/site-packages/tensorflow/include/tensorflow/core/framework/tensor_shape.h: In member function ‘absl::lts_20260107::Status tensorflow::TensorShape::AsEigenDSizesWithPaddingWithStatus(Eigen::DSizes<IndexType, NumDims>*) const’:
/home/ubuntu/anaconda3/envs/tfgpu/lib/python3.13/site-packages/tensorflow/include/tensorflow/core/framework/tensor_shape.h:699:28: warning: ‘absl::lts_20260107::Status tsl::errors::Internal(Args ...) [with Args = {const char*, int, const char*, int, const char*}]’ is deprecated: Use absl::InternalError() instead. [-Wdeprecated-declarations]
  699 |     return errors::Internal("Asking for tensor of at most ", NDIMS,
      |            ~~~~~~~~~~~~~~~~^~~~~~~~~~~~~~~~~~~~~~~~~~~~~~~~~~~~~~~~
  700 |                             " dimensions from a tensor of ", dims(),
      |                             ~~~~~~~~~~~~~~~~~~~~~~~~~~~~~~~~~~~~~~~~
  701 |                             " dimensions");
      |                             ~~~~~~~~~~~~~~
In file included from /home/ubuntu/anaconda3/envs/tfgpu/lib/python3.13/site-packages/tensorflow/include/tsl/platform/errors.h:19,
                 from /home/ubuntu/anaconda3/envs/tfgpu/lib/python3.13/site-packages/tensorflow/include/tensorflow/core/platform/errors.h:30,
                 from /home/ubuntu/anaconda3/envs/tfgpu/lib/python3.13/site-packages/tensorflow/include/tensorflow/core/framework/resource_base.h:25,
                 from /home/ubuntu/anaconda3/envs/tfgpu/lib/python3.13/site-packages/tensorflow/include/tensorflow/core/framework/resource_handle.h:22,
                 from /home/ubuntu/anaconda3/envs/tfgpu/lib/python3.13/site-packages/tensorflow/include/tensorflow/core/framework/types.h:30,
                 from /home/ubuntu/anaconda3/envs/tfgpu/lib/python3.13/site-packages/tensorflow/include/tensorflow/core/framework/op_def_builder.h:28,
                 from /home/ubuntu/anaconda3/envs/tfgpu/lib/python3.13/site-packages/tensorflow/include/tensorflow/core/framework/full_type_inference_util.h:24,
                 from /home/ubuntu/anaconda3/envs/tfgpu/lib/python3.13/site-packages/tensorflow/include/tensorflow/core/framework/op.h:27,
                 from /tmp/bayesfilter-hmc-v7-merge-20261005/bayesfilter/ops/symmetric_sylvester_op.cc:13:
/home/ubuntu/anaconda3/envs/tfgpu/lib/python3.13/site-packages/tensorflow/include/xla/tsl/platform/errors.h:417:14: note: declared here
  417 | absl::Status Internal(Args... args) {
      |              ^~~~~~~~
In file included from /home/ubuntu/anaconda3/envs/tfgpu/lib/python3.13/site-packages/tensorflow/include/tensorflow/core/framework/types.h:30,
                 from /home/ubuntu/anaconda3/envs/tfgpu/lib/python3.13/site-packages/tensorflow/include/tensorflow/core/framework/op_def_builder.h:28,
                 from /home/ubuntu/anaconda3/envs/tfgpu/lib/python3.13/site-packages/tensorflow/include/tensorflow/core/framework/full_type_inference_util.h:24,
                 from /home/ubuntu/anaconda3/envs/tfgpu/lib/python3.13/site-packages/tensorflow/include/tensorflow/core/framework/op.h:27,
                 from /tmp/bayesfilter-hmc-v7-merge-20261005/bayesfilter/ops/symmetric_sylvester_op.cc:13:
/home/ubuntu/anaconda3/envs/tfgpu/lib/python3.13/site-packages/tensorflow/include/tensorflow/core/framework/resource_handle.h: At global scope:
/home/ubuntu/anaconda3/envs/tfgpu/lib/python3.13/site-packages/tensorflow/include/tensorflow/core/framework/resource_handle.h:157:30: warning: ‘using StatusOr = class absl::lts_20260107::StatusOr<T*>’ is deprecated [-Wdeprecated-declarations]
  157 |   StatusOr<T*> GetResource() const {
      |                              ^~~~~
In file included from /home/ubuntu/anaconda3/envs/tfgpu/lib/python3.13/site-packages/tensorflow/include/tsl/platform/statusor.h:19,
                 from /home/ubuntu/anaconda3/envs/tfgpu/lib/python3.13/site-packages/tensorflow/include/tensorflow/core/platform/statusor.h:21,
                 from /home/ubuntu/anaconda3/envs/tfgpu/lib/python3.13/site-packages/tensorflow/include/tensorflow/core/framework/tensor_shape.h:30,
                 from /home/ubuntu/anaconda3/envs/tfgpu/lib/python3.13/site-packages/tensorflow/include/tensorflow/core/framework/resource_handle.h:23,
                 from /home/ubuntu/anaconda3/envs/tfgpu/lib/python3.13/site-packages/tensorflow/include/tensorflow/core/framework/types.h:30,
                 from /home/ubuntu/anaconda3/envs/tfgpu/lib/python3.13/site-packages/tensorflow/include/tensorflow/core/framework/op_def_builder.h:28,
                 from /home/ubuntu/anaconda3/envs/tfgpu/lib/python3.13/site-packages/tensorflow/include/tensorflow/core/framework/full_type_inference_util.h:24,
                 from /home/ubuntu/anaconda3/envs/tfgpu/lib/python3.13/site-packages/tensorflow/include/tensorflow/core/framework/op.h:27,
                 from /tmp/bayesfilter-hmc-v7-merge-20261005/bayesfilter/ops/symmetric_sylvester_op.cc:13:
/home/ubuntu/anaconda3/envs/tfgpu/lib/python3.13/site-packages/tensorflow/include/xla/tsl/platform/statusor.h:94:7: note: declared here
   94 | using StatusOr ABSL_DEPRECATE_AND_INLINE() = absl::StatusOr<T>;
      |       ^~~~~~~~
In file included from /home/ubuntu/anaconda3/envs/tfgpu/lib/python3.13/site-packages/tensorflow/include/tensorflow/core/util/padding.h:26,
                 from /home/ubuntu/anaconda3/envs/tfgpu/lib/python3.13/site-packages/tensorflow/include/tensorflow/core/framework/node_def_util.h:39,
                 from /home/ubuntu/anaconda3/envs/tfgpu/lib/python3.13/site-packages/tensorflow/include/tensorflow/core/framework/full_type_util.h:24,
                 from /home/ubuntu/anaconda3/envs/tfgpu/lib/python3.13/site-packages/tensorflow/include/tensorflow/core/framework/op.h:28,
                 from /tmp/bayesfilter-hmc-v7-merge-20261005/bayesfilter/ops/symmetric_sylvester_op.cc:13:
/home/ubuntu/anaconda3/envs/tfgpu/lib/python3.13/site-packages/tensorflow/include/tensorflow/core/util/tensor_format.h:438:58: warning: ‘using ArraySlice = class absl::lts_20260107::Span<const T>’ is deprecated [-Wdeprecated-declarations]
  438 |                TensorFormat tensor_format, char dimension) {
      |                                                          ^
In file included from /home/ubuntu/anaconda3/envs/tfgpu/lib/python3.13/site-packages/tensorflow/include/tensorflow/core/framework/tensor_shape.h:23,
                 from /home/ubuntu/anaconda3/envs/tfgpu/lib/python3.13/site-packages/tensorflow/include/tensorflow/core/framework/resource_handle.h:23,
                 from /home/ubuntu/anaconda3/envs/tfgpu/lib/python3.13/site-packages/tensorflow/include/tensorflow/core/framework/types.h:30,
                 from /home/ubuntu/anaconda3/envs/tfgpu/lib/python3.13/site-packages/tensorflow/include/tensorflow/core/framework/op_def_builder.h:28,
                 from /home/ubuntu/anaconda3/envs/tfgpu/lib/python3.13/site-packages/tensorflow/include/tensorflow/core/framework/full_type_inference_util.h:24,
                 from /home/ubuntu/anaconda3/envs/tfgpu/lib/python3.13/site-packages/tensorflow/include/tensorflow/core/framework/op.h:27,
                 from /tmp/bayesfilter-hmc-v7-merge-20261005/bayesfilter/ops/symmetric_sylvester_op.cc:13:
/home/ubuntu/anaconda3/envs/tfgpu/lib/python3.13/site-packages/tensorflow/include/tensorflow/core/lib/gtl/array_slice.h:34:7: note: declared here
   34 | using ArraySlice ABSL_DEPRECATE_AND_INLINE() = absl::Span<const T>;
      |       ^~~~~~~~~~
In file included from /home/ubuntu/anaconda3/envs/tfgpu/lib/python3.13/site-packages/tensorflow/include/tensorflow/core/util/padding.h:26,
                 from /home/ubuntu/anaconda3/envs/tfgpu/lib/python3.13/site-packages/tensorflow/include/tensorflow/core/framework/node_def_util.h:39,
                 from /home/ubuntu/anaconda3/envs/tfgpu/lib/python3.13/site-packages/tensorflow/include/tensorflow/core/framework/full_type_util.h:24,
                 from /home/ubuntu/anaconda3/envs/tfgpu/lib/python3.13/site-packages/tensorflow/include/tensorflow/core/framework/op.h:28,
                 from /tmp/bayesfilter-hmc-v7-merge-20261005/bayesfilter/ops/symmetric_sylvester_op.cc:13:
/home/ubuntu/anaconda3/envs/tfgpu/lib/python3.13/site-packages/tensorflow/include/tensorflow/core/util/tensor_format.h:448:71: warning: ‘using ArraySlice = class absl::lts_20260107::Span<const T>’ is deprecated [-Wdeprecated-declarations]
  448 |                FilterTensorFormat filter_tensor_format, char dimension) {
      |                                                                       ^
In file included from /home/ubuntu/anaconda3/envs/tfgpu/lib/python3.13/site-packages/tensorflow/include/tensorflow/core/framework/tensor_shape.h:23,
                 from /home/ubuntu/anaconda3/envs/tfgpu/lib/python3.13/site-packages/tensorflow/include/tensorflow/core/framework/resource_handle.h:23,
                 from /home/ubuntu/anaconda3/envs/tfgpu/lib/python3.13/site-packages/tensorflow/include/tensorflow/core/framework/types.h:30,
                 from /home/ubuntu/anaconda3/envs/tfgpu/lib/python3.13/site-packages/tensorflow/include/tensorflow/core/framework/op_def_builder.h:28,
                 from /home/ubuntu/anaconda3/envs/tfgpu/lib/python3.13/site-packages/tensorflow/include/tensorflow/core/framework/full_type_inference_util.h:24,
                 from /home/ubuntu/anaconda3/envs/tfgpu/lib/python3.13/site-packages/tensorflow/include/tensorflow/core/framework/op.h:27,
                 from /tmp/bayesfilter-hmc-v7-merge-20261005/bayesfilter/ops/symmetric_sylvester_op.cc:13:
/home/ubuntu/anaconda3/envs/tfgpu/lib/python3.13/site-packages/tensorflow/include/tensorflow/core/lib/gtl/array_slice.h:34:7: note: declared here
   34 | using ArraySlice ABSL_DEPRECATE_AND_INLINE() = absl::Span<const T>;
      |       ^~~~~~~~~~
In file included from /home/ubuntu/anaconda3/envs/tfgpu/lib/python3.13/site-packages/tensorflow/include/tensorflow/core/framework/full_type_util.h:24,
                 from /home/ubuntu/anaconda3/envs/tfgpu/lib/python3.13/site-packages/tensorflow/include/tensorflow/core/framework/op.h:28,
                 from /tmp/bayesfilter-hmc-v7-merge-20261005/bayesfilter/ops/symmetric_sylvester_op.cc:13:
/home/ubuntu/anaconda3/envs/tfgpu/lib/python3.13/site-packages/tensorflow/include/tensorflow/core/framework/node_def_util.h:268:73: warning: ‘using StatusOr = class absl::lts_20260107::StatusOr<T>’ is deprecated [-Wdeprecated-declarations]
  268 | StatusOr<T> GetNodeAttr(const NodeDef& ndef, absl::string_view attr_name) {
      |                                                                         ^
In file included from /home/ubuntu/anaconda3/envs/tfgpu/lib/python3.13/site-packages/tensorflow/include/tsl/platform/statusor.h:19,
                 from /home/ubuntu/anaconda3/envs/tfgpu/lib/python3.13/site-packages/tensorflow/include/tensorflow/core/platform/statusor.h:21,
                 from /home/ubuntu/anaconda3/envs/tfgpu/lib/python3.13/site-packages/tensorflow/include/tensorflow/core/framework/tensor_shape.h:30,
                 from /home/ubuntu/anaconda3/envs/tfgpu/lib/python3.13/site-packages/tensorflow/include/tensorflow/core/framework/resource_handle.h:23,
                 from /home/ubuntu/anaconda3/envs/tfgpu/lib/python3.13/site-packages/tensorflow/include/tensorflow/core/framework/types.h:30,
                 from /home/ubuntu/anaconda3/envs/tfgpu/lib/python3.13/site-packages/tensorflow/include/tensorflow/core/framework/op_def_builder.h:28,
                 from /home/ubuntu/anaconda3/envs/tfgpu/lib/python3.13/site-packages/tensorflow/include/tensorflow/core/framework/full_type_inference_util.h:24,
                 from /home/ubuntu/anaconda3/envs/tfgpu/lib/python3.13/site-packages/tensorflow/include/tensorflow/core/framework/op.h:27,
                 from /tmp/bayesfilter-hmc-v7-merge-20261005/bayesfilter/ops/symmetric_sylvester_op.cc:13:
/home/ubuntu/anaconda3/envs/tfgpu/lib/python3.13/site-packages/tensorflow/include/xla/tsl/platform/statusor.h:94:7: note: declared here
   94 | using StatusOr ABSL_DEPRECATE_AND_INLINE() = absl::StatusOr<T>;
      |       ^~~~~~~~
In file included from /tmp/bayesfilter-hmc-v7-merge-20261005/bayesfilter/ops/symmetric_sylvester_op.cc:13:
/home/ubuntu/anaconda3/envs/tfgpu/lib/python3.13/site-packages/tensorflow/include/tensorflow/core/framework/op.h:164:17: warning: ‘mutex’ is deprecated: Use absl::Mutex instead. [-Wdeprecated-declarations]
  164 |   mutable mutex mu_;
      |                 ^~~
In file included from /home/ubuntu/anaconda3/envs/tfgpu/lib/python3.13/site-packages/tensorflow/include/tensorflow/core/platform/mutex.h:22,
                 from /home/ubuntu/anaconda3/envs/tfgpu/lib/python3.13/site-packages/tensorflow/include/tensorflow/core/platform/refcount.h:19,
                 from /home/ubuntu/anaconda3/envs/tfgpu/lib/python3.13/site-packages/tensorflow/include/tensorflow/core/lib/core/refcount.h:19,
                 from /home/ubuntu/anaconda3/envs/tfgpu/lib/python3.13/site-packages/tensorflow/include/tensorflow/core/framework/resource_base.h:24,
                 from /home/ubuntu/anaconda3/envs/tfgpu/lib/python3.13/site-packages/tensorflow/include/tensorflow/core/framework/resource_handle.h:22,
                 from /home/ubuntu/anaconda3/envs/tfgpu/lib/python3.13/site-packages/tensorflow/include/tensorflow/core/framework/types.h:30,
                 from /home/ubuntu/anaconda3/envs/tfgpu/lib/python3.13/site-packages/tensorflow/include/tensorflow/core/framework/op_def_builder.h:28,
                 from /home/ubuntu/anaconda3/envs/tfgpu/lib/python3.13/site-packages/tensorflow/include/tensorflow/core/framework/full_type_inference_util.h:24,
                 from /home/ubuntu/anaconda3/envs/tfgpu/lib/python3.13/site-packages/tensorflow/include/tensorflow/core/framework/op.h:27,
                 from /tmp/bayesfilter-hmc-v7-merge-20261005/bayesfilter/ops/symmetric_sylvester_op.cc:13:
/home/ubuntu/anaconda3/envs/tfgpu/lib/python3.13/site-packages/tensorflow/include/tsl/platform/mutex.h:43:63: note: declared here
   43 | class TF_LOCKABLE ABSL_DEPRECATED("Use absl::Mutex instead.") mutex {
      |                                                               ^~~~~
In file included from /home/ubuntu/anaconda3/envs/tfgpu/lib/python3.13/site-packages/tensorflow/include/tsl/platform/file_system.h:19,
                 from /home/ubuntu/anaconda3/envs/tfgpu/lib/python3.13/site-packages/tensorflow/include/tensorflow/core/platform/file_system.h:34,
                 from /home/ubuntu/anaconda3/envs/tfgpu/lib/python3.13/site-packages/tensorflow/include/tensorflow/core/platform/env.h:28,
                 from /home/ubuntu/anaconda3/envs/tfgpu/lib/python3.13/site-packages/tensorflow/include/tensorflow/core/platform/threadpool.h:23,
                 from /home/ubuntu/anaconda3/envs/tfgpu/lib/python3.13/site-packages/tensorflow/include/tensorflow/core/framework/device_base.h:33,
                 from /home/ubuntu/anaconda3/envs/tfgpu/lib/python3.13/site-packages/tensorflow/include/tensorflow/core/framework/op_kernel.h:32,
                 from /tmp/bayesfilter-hmc-v7-merge-20261005/bayesfilter/ops/symmetric_sylvester_op.cc:14:
/home/ubuntu/anaconda3/envs/tfgpu/lib/python3.13/site-packages/tensorflow/include/xla/tsl/platform/file_system.h: In member function ‘virtual absl::lts_20260107::Status tsl::FileSystem::SetOption(const string&, const string&)’:
/home/ubuntu/anaconda3/envs/tfgpu/lib/python3.13/site-packages/tensorflow/include/xla/tsl/platform/file_system.h:532:33: warning: ‘absl::lts_20260107::Status tsl::errors::Unimplemented(Args ...) [with Args = {const char*}]’ is deprecated: Use absl::UnimplementedError() instead. [-Wdeprecated-declarations]
  532 |     return errors::Unimplemented("SetOption");
      |            ~~~~~~~~~~~~~~~~~~~~~^~~~~~~~~~~~~
In file included from /home/ubuntu/anaconda3/envs/tfgpu/lib/python3.13/site-packages/tensorflow/include/tsl/platform/errors.h:19,
                 from /home/ubuntu/anaconda3/envs/tfgpu/lib/python3.13/site-packages/tensorflow/include/tensorflow/core/platform/errors.h:30,
                 from /home/ubuntu/anaconda3/envs/tfgpu/lib/python3.13/site-packages/tensorflow/include/tensorflow/core/framework/resource_base.h:25,
                 from /home/ubuntu/anaconda3/envs/tfgpu/lib/python3.13/site-packages/tensorflow/include/tensorflow/core/framework/resource_handle.h:22,
                 from /home/ubuntu/anaconda3/envs/tfgpu/lib/python3.13/site-packages/tensorflow/include/tensorflow/core/framework/types.h:30,
                 from /home/ubuntu/anaconda3/envs/tfgpu/lib/python3.13/site-packages/tensorflow/include/tensorflow/core/framework/op_def_builder.h:28,
                 from /home/ubuntu/anaconda3/envs/tfgpu/lib/python3.13/site-packages/tensorflow/include/tensorflow/core/framework/full_type_inference_util.h:24,
                 from /home/ubuntu/anaconda3/envs/tfgpu/lib/python3.13/site-packages/tensorflow/include/tensorflow/core/framework/op.h:27,
                 from /tmp/bayesfilter-hmc-v7-merge-20261005/bayesfilter/ops/symmetric_sylvester_op.cc:13:
/home/ubuntu/anaconda3/envs/tfgpu/lib/python3.13/site-packages/tensorflow/include/xla/tsl/platform/errors.h:404:14: note: declared here
  404 | absl::Status Unimplemented(Args... args) {
      |              ^~~~~~~~~~~~~
In file included from /home/ubuntu/anaconda3/envs/tfgpu/lib/python3.13/site-packages/tensorflow/include/tsl/platform/file_system.h:19,
                 from /home/ubuntu/anaconda3/envs/tfgpu/lib/python3.13/site-packages/tensorflow/include/tensorflow/core/platform/file_system.h:34,
                 from /home/ubuntu/anaconda3/envs/tfgpu/lib/python3.13/site-packages/tensorflow/include/tensorflow/core/platform/env.h:28,
                 from /home/ubuntu/anaconda3/envs/tfgpu/lib/python3.13/site-packages/tensorflow/include/tensorflow/core/platform/threadpool.h:23,
                 from /home/ubuntu/anaconda3/envs/tfgpu/lib/python3.13/site-packages/tensorflow/include/tensorflow/core/framework/device_base.h:33,
                 from /home/ubuntu/anaconda3/envs/tfgpu/lib/python3.13/site-packages/tensorflow/include/tensorflow/core/framework/op_kernel.h:32,
                 from /tmp/bayesfilter-hmc-v7-merge-20261005/bayesfilter/ops/symmetric_sylvester_op.cc:14:
/home/ubuntu/anaconda3/envs/tfgpu/lib/python3.13/site-packages/tensorflow/include/xla/tsl/platform/file_system.h: In member function ‘virtual absl::lts_20260107::Status tsl::FileSystem::SetOption(const string&, const std::vector<std::__cxx11::basic_string<char> >&)’:
/home/ubuntu/anaconda3/envs/tfgpu/lib/python3.13/site-packages/tensorflow/include/xla/tsl/platform/file_system.h:538:33: warning: ‘absl::lts_20260107::Status tsl::errors::Unimplemented(Args ...) [with Args = {const char*}]’ is deprecated: Use absl::UnimplementedError() instead. [-Wdeprecated-declarations]
  538 |     return errors::Unimplemented("SetOption");
      |            ~~~~~~~~~~~~~~~~~~~~~^~~~~~~~~~~~~
In file included from /home/ubuntu/anaconda3/envs/tfgpu/lib/python3.13/site-packages/tensorflow/include/tsl/platform/errors.h:19,
                 from /home/ubuntu/anaconda3/envs/tfgpu/lib/python3.13/site-packages/tensorflow/include/tensorflow/core/platform/errors.h:30,
                 from /home/ubuntu/anaconda3/envs/tfgpu/lib/python3.13/site-packages/tensorflow/include/tensorflow/core/framework/resource_base.h:25,
                 from /home/ubuntu/anaconda3/envs/tfgpu/lib/python3.13/site-packages/tensorflow/include/tensorflow/core/framework/resource_handle.h:22,
                 from /home/ubuntu/anaconda3/envs/tfgpu/lib/python3.13/site-packages/tensorflow/include/tensorflow/core/framework/types.h:30,
                 from /home/ubuntu/anaconda3/envs/tfgpu/lib/python3.13/site-packages/tensorflow/include/tensorflow/core/framework/op_def_builder.h:28,
                 from /home/ubuntu/anaconda3/envs/tfgpu/lib/python3.13/site-packages/tensorflow/include/tensorflow/core/framework/full_type_inference_util.h:24,
                 from /home/ubuntu/anaconda3/envs/tfgpu/lib/python3.13/site-packages/tensorflow/include/tensorflow/core/framework/op.h:27,
                 from /tmp/bayesfilter-hmc-v7-merge-20261005/bayesfilter/ops/symmetric_sylvester_op.cc:13:
/home/ubuntu/anaconda3/envs/tfgpu/lib/python3.13/site-packages/tensorflow/include/xla/tsl/platform/errors.h:404:14: note: declared here
  404 | absl::Status Unimplemented(Args... args) {
      |              ^~~~~~~~~~~~~
In file included from /home/ubuntu/anaconda3/envs/tfgpu/lib/python3.13/site-packages/tensorflow/include/tsl/platform/file_system.h:19,
                 from /home/ubuntu/anaconda3/envs/tfgpu/lib/python3.13/site-packages/tensorflow/include/tensorflow/core/platform/file_system.h:34,
                 from /home/ubuntu/anaconda3/envs/tfgpu/lib/python3.13/site-packages/tensorflow/include/tensorflow/core/platform/env.h:28,
                 from /home/ubuntu/anaconda3/envs/tfgpu/lib/python3.13/site-packages/tensorflow/include/tensorflow/core/platform/threadpool.h:23,
                 from /home/ubuntu/anaconda3/envs/tfgpu/lib/python3.13/site-packages/tensorflow/include/tensorflow/core/framework/device_base.h:33,
                 from /home/ubuntu/anaconda3/envs/tfgpu/lib/python3.13/site-packages/tensorflow/include/tensorflow/core/framework/op_kernel.h:32,
                 from /tmp/bayesfilter-hmc-v7-merge-20261005/bayesfilter/ops/symmetric_sylvester_op.cc:14:
/home/ubuntu/anaconda3/envs/tfgpu/lib/python3.13/site-packages/tensorflow/include/xla/tsl/platform/file_system.h: In member function ‘virtual absl::lts_20260107::Status tsl::FileSystem::SetOption(const string&, const std::vector<long int>&)’:
/home/ubuntu/anaconda3/envs/tfgpu/lib/python3.13/site-packages/tensorflow/include/xla/tsl/platform/file_system.h:544:33: warning: ‘absl::lts_20260107::Status tsl::errors::Unimplemented(Args ...) [with Args = {const char*}]’ is deprecated: Use absl::UnimplementedError() instead. [-Wdeprecated-declarations]
  544 |     return errors::Unimplemented("SetOption");
      |            ~~~~~~~~~~~~~~~~~~~~~^~~~~~~~~~~~~
In file included from /home/ubuntu/anaconda3/envs/tfgpu/lib/python3.13/site-packages/tensorflow/include/tsl/platform/errors.h:19,
                 from /home/ubuntu/anaconda3/envs/tfgpu/lib/python3.13/site-packages/tensorflow/include/tensorflow/core/platform/errors.h:30,
                 from /home/ubuntu/anaconda3/envs/tfgpu/lib/python3.13/site-packages/tensorflow/include/tensorflow/core/framework/resource_base.h:25,
                 from /home/ubuntu/anaconda3/envs/tfgpu/lib/python3.13/site-packages/tensorflow/include/tensorflow/core/framework/resource_handle.h:22,
                 from /home/ubuntu/anaconda3/envs/tfgpu/lib/python3.13/site-packages/tensorflow/include/tensorflow/core/framework/types.h:30,
                 from /home/ubuntu/anaconda3/envs/tfgpu/lib/python3.13/site-packages/tensorflow/include/tensorflow/core/framework/op_def_builder.h:28,
                 from /home/ubuntu/anaconda3/envs/tfgpu/lib/python3.13/site-packages/tensorflow/include/tensorflow/core/framework/full_type_inference_util.h:24,
                 from /home/ubuntu/anaconda3/envs/tfgpu/lib/python3.13/site-packages/tensorflow/include/tensorflow/core/framework/op.h:27,
                 from /tmp/bayesfilter-hmc-v7-merge-20261005/bayesfilter/ops/symmetric_sylvester_op.cc:13:
/home/ubuntu/anaconda3/envs/tfgpu/lib/python3.13/site-packages/tensorflow/include/xla/tsl/platform/errors.h:404:14: note: declared here
  404 | absl::Status Unimplemented(Args... args) {
      |              ^~~~~~~~~~~~~
In file included from /home/ubuntu/anaconda3/envs/tfgpu/lib/python3.13/site-packages/tensorflow/include/tsl/platform/file_system.h:19,
                 from /home/ubuntu/anaconda3/envs/tfgpu/lib/python3.13/site-packages/tensorflow/include/tensorflow/core/platform/file_system.h:34,
                 from /home/ubuntu/anaconda3/envs/tfgpu/lib/python3.13/site-packages/tensorflow/include/tensorflow/core/platform/env.h:28,
                 from /home/ubuntu/anaconda3/envs/tfgpu/lib/python3.13/site-packages/tensorflow/include/tensorflow/core/platform/threadpool.h:23,
                 from /home/ubuntu/anaconda3/envs/tfgpu/lib/python3.13/site-packages/tensorflow/include/tensorflow/core/framework/device_base.h:33,
                 from /home/ubuntu/anaconda3/envs/tfgpu/lib/python3.13/site-packages/tensorflow/include/tensorflow/core/framework/op_kernel.h:32,
                 from /tmp/bayesfilter-hmc-v7-merge-20261005/bayesfilter/ops/symmetric_sylvester_op.cc:14:
/home/ubuntu/anaconda3/envs/tfgpu/lib/python3.13/site-packages/tensorflow/include/xla/tsl/platform/file_system.h: In member function ‘virtual absl::lts_20260107::Status tsl::FileSystem::SetOption(const string&, const std::vector<double>&)’:
/home/ubuntu/anaconda3/envs/tfgpu/lib/python3.13/site-packages/tensorflow/include/xla/tsl/platform/file_system.h:550:33: warning: ‘absl::lts_20260107::Status tsl::errors::Unimplemented(Args ...) [with Args = {const char*}]’ is deprecated: Use absl::UnimplementedError() instead. [-Wdeprecated-declarations]
  550 |     return errors::Unimplemented("SetOption");
      |            ~~~~~~~~~~~~~~~~~~~~~^~~~~~~~~~~~~
In file included from /home/ubuntu/anaconda3/envs/tfgpu/lib/python3.13/site-packages/tensorflow/include/tsl/platform/errors.h:19,
                 from /home/ubuntu/anaconda3/envs/tfgpu/lib/python3.13/site-packages/tensorflow/include/tensorflow/core/platform/errors.h:30,
                 from /home/ubuntu/anaconda3/envs/tfgpu/lib/python3.13/site-packages/tensorflow/include/tensorflow/core/framework/resource_base.h:25,
                 from /home/ubuntu/anaconda3/envs/tfgpu/lib/python3.13/site-packages/tensorflow/include/tensorflow/core/framework/resource_handle.h:22,
                 from /home/ubuntu/anaconda3/envs/tfgpu/lib/python3.13/site-packages/tensorflow/include/tensorflow/core/framework/types.h:30,
                 from /home/ubuntu/anaconda3/envs/tfgpu/lib/python3.13/site-packages/tensorflow/include/tensorflow/core/framework/op_def_builder.h:28,
                 from /home/ubuntu/anaconda3/envs/tfgpu/lib/python3.13/site-packages/tensorflow/include/tensorflow/core/framework/full_type_inference_util.h:24,
                 from /home/ubuntu/anaconda3/envs/tfgpu/lib/python3.13/site-packages/tensorflow/include/tensorflow/core/framework/op.h:27,
                 from /tmp/bayesfilter-hmc-v7-merge-20261005/bayesfilter/ops/symmetric_sylvester_op.cc:13:
/home/ubuntu/anaconda3/envs/tfgpu/lib/python3.13/site-packages/tensorflow/include/xla/tsl/platform/errors.h:404:14: note: declared here
  404 | absl::Status Unimplemented(Args... args) {
      |              ^~~~~~~~~~~~~
In file included from /home/ubuntu/anaconda3/envs/tfgpu/lib/python3.13/site-packages/tensorflow/include/tsl/platform/file_system.h:19,
                 from /home/ubuntu/anaconda3/envs/tfgpu/lib/python3.13/site-packages/tensorflow/include/tensorflow/core/platform/file_system.h:34,
                 from /home/ubuntu/anaconda3/envs/tfgpu/lib/python3.13/site-packages/tensorflow/include/tensorflow/core/platform/env.h:28,
                 from /home/ubuntu/anaconda3/envs/tfgpu/lib/python3.13/site-packages/tensorflow/include/tensorflow/core/platform/threadpool.h:23,
                 from /home/ubuntu/anaconda3/envs/tfgpu/lib/python3.13/site-packages/tensorflow/include/tensorflow/core/framework/device_base.h:33,
                 from /home/ubuntu/anaconda3/envs/tfgpu/lib/python3.13/site-packages/tensorflow/include/tensorflow/core/framework/op_kernel.h:32,
                 from /tmp/bayesfilter-hmc-v7-merge-20261005/bayesfilter/ops/symmetric_sylvester_op.cc:14:
/home/ubuntu/anaconda3/envs/tfgpu/lib/python3.13/site-packages/tensorflow/include/xla/tsl/platform/file_system.h: In member function ‘virtual absl::lts_20260107::Status tsl::FileSystem::SetFileAcl(std::shared_ptr<tsl::FileAcl>)’:
/home/ubuntu/anaconda3/envs/tfgpu/lib/python3.13/site-packages/tensorflow/include/xla/tsl/platform/file_system.h:557:33: warning: ‘absl::lts_20260107::Status tsl::errors::Unimplemented(Args ...) [with Args = {const char*}]’ is deprecated: Use absl::UnimplementedError() instead. [-Wdeprecated-declarations]
  557 |     return errors::Unimplemented("SetFileAcl");
      |            ~~~~~~~~~~~~~~~~~~~~~^~~~~~~~~~~~~~
In file included from /home/ubuntu/anaconda3/envs/tfgpu/lib/python3.13/site-packages/tensorflow/include/tsl/platform/errors.h:19,
                 from /home/ubuntu/anaconda3/envs/tfgpu/lib/python3.13/site-packages/tensorflow/include/tensorflow/core/platform/errors.h:30,
                 from /home/ubuntu/anaconda3/envs/tfgpu/lib/python3.13/site-packages/tensorflow/include/tensorflow/core/framework/resource_base.h:25,
                 from /home/ubuntu/anaconda3/envs/tfgpu/lib/python3.13/site-packages/tensorflow/include/tensorflow/core/framework/resource_handle.h:22,
                 from /home/ubuntu/anaconda3/envs/tfgpu/lib/python3.13/site-packages/tensorflow/include/tensorflow/core/framework/types.h:30,
                 from /home/ubuntu/anaconda3/envs/tfgpu/lib/python3.13/site-packages/tensorflow/include/tensorflow/core/framework/op_def_builder.h:28,
                 from /home/ubuntu/anaconda3/envs/tfgpu/lib/python3.13/site-packages/tensorflow/include/tensorflow/core/framework/full_type_inference_util.h:24,
                 from /home/ubuntu/anaconda3/envs/tfgpu/lib/python3.13/site-packages/tensorflow/include/tensorflow/core/framework/op.h:27,
                 from /tmp/bayesfilter-hmc-v7-merge-20261005/bayesfilter/ops/symmetric_sylvester_op.cc:13:
/home/ubuntu/anaconda3/envs/tfgpu/lib/python3.13/site-packages/tensorflow/include/xla/tsl/platform/errors.h:404:14: note: declared here
  404 | absl::Status Unimplemented(Args... args) {
      |              ^~~~~~~~~~~~~
In file included from /home/ubuntu/anaconda3/envs/tfgpu/lib/python3.13/site-packages/tensorflow/include/tsl/platform/file_system.h:19,
                 from /home/ubuntu/anaconda3/envs/tfgpu/lib/python3.13/site-packages/tensorflow/include/tensorflow/core/platform/file_system.h:34,
                 from /home/ubuntu/anaconda3/envs/tfgpu/lib/python3.13/site-packages/tensorflow/include/tensorflow/core/platform/env.h:28,
                 from /home/ubuntu/anaconda3/envs/tfgpu/lib/python3.13/site-packages/tensorflow/include/tensorflow/core/platform/threadpool.h:23,
                 from /home/ubuntu/anaconda3/envs/tfgpu/lib/python3.13/site-packages/tensorflow/include/tensorflow/core/framework/device_base.h:33,
                 from /home/ubuntu/anaconda3/envs/tfgpu/lib/python3.13/site-packages/tensorflow/include/tensorflow/core/framework/op_kernel.h:32,
                 from /tmp/bayesfilter-hmc-v7-merge-20261005/bayesfilter/ops/symmetric_sylvester_op.cc:14:
/home/ubuntu/anaconda3/envs/tfgpu/lib/python3.13/site-packages/tensorflow/include/xla/tsl/platform/file_system.h: In member function ‘virtual absl::lts_20260107::Status tsl::RandomAccessFile::Name(std::string_view*) const’:
/home/ubuntu/anaconda3/envs/tfgpu/lib/python3.13/site-packages/tensorflow/include/xla/tsl/platform/file_system.h:771:33: warning: ‘absl::lts_20260107::Status tsl::errors::Unimplemented(Args ...) [with Args = {const char*}]’ is deprecated: Use absl::UnimplementedError() instead. [-Wdeprecated-declarations]
  771 |     return errors::Unimplemented("This filesystem does not support Name()");
      |            ~~~~~~~~~~~~~~~~~~~~~^~~~~~~~~~~~~~~~~~~~~~~~~~~~~~~~~~~~~~~~~~~
In file included from /home/ubuntu/anaconda3/envs/tfgpu/lib/python3.13/site-packages/tensorflow/include/tsl/platform/errors.h:19,
                 from /home/ubuntu/anaconda3/envs/tfgpu/lib/python3.13/site-packages/tensorflow/include/tensorflow/core/platform/errors.h:30,
                 from /home/ubuntu/anaconda3/envs/tfgpu/lib/python3.13/site-packages/tensorflow/include/tensorflow/core/framework/resource_base.h:25,
                 from /home/ubuntu/anaconda3/envs/tfgpu/lib/python3.13/site-packages/tensorflow/include/tensorflow/core/framework/resource_handle.h:22,
                 from /home/ubuntu/anaconda3/envs/tfgpu/lib/python3.13/site-packages/tensorflow/include/tensorflow/core/framework/types.h:30,
                 from /home/ubuntu/anaconda3/envs/tfgpu/lib/python3.13/site-packages/tensorflow/include/tensorflow/core/framework/op_def_builder.h:28,
                 from /home/ubuntu/anaconda3/envs/tfgpu/lib/python3.13/site-packages/tensorflow/include/tensorflow/core/framework/full_type_inference_util.h:24,
                 from /home/ubuntu/anaconda3/envs/tfgpu/lib/python3.13/site-packages/tensorflow/include/tensorflow/core/framework/op.h:27,
                 from /tmp/bayesfilter-hmc-v7-merge-20261005/bayesfilter/ops/symmetric_sylvester_op.cc:13:
/home/ubuntu/anaconda3/envs/tfgpu/lib/python3.13/site-packages/tensorflow/include/xla/tsl/platform/errors.h:404:14: note: declared here
  404 | absl::Status Unimplemented(Args... args) {
      |              ^~~~~~~~~~~~~
In file included from /home/ubuntu/anaconda3/envs/tfgpu/lib/python3.13/site-packages/tensorflow/include/tsl/platform/file_system.h:19,
                 from /home/ubuntu/anaconda3/envs/tfgpu/lib/python3.13/site-packages/tensorflow/include/tensorflow/core/platform/file_system.h:34,
                 from /home/ubuntu/anaconda3/envs/tfgpu/lib/python3.13/site-packages/tensorflow/include/tensorflow/core/platform/env.h:28,
                 from /home/ubuntu/anaconda3/envs/tfgpu/lib/python3.13/site-packages/tensorflow/include/tensorflow/core/platform/threadpool.h:23,
                 from /home/ubuntu/anaconda3/envs/tfgpu/lib/python3.13/site-packages/tensorflow/include/tensorflow/core/framework/device_base.h:33,
                 from /home/ubuntu/anaconda3/envs/tfgpu/lib/python3.13/site-packages/tensorflow/include/tensorflow/core/framework/op_kernel.h:32,
                 from /tmp/bayesfilter-hmc-v7-merge-20261005/bayesfilter/ops/symmetric_sylvester_op.cc:14:
/home/ubuntu/anaconda3/envs/tfgpu/lib/python3.13/site-packages/tensorflow/include/xla/tsl/platform/file_system.h: In member function ‘virtual absl::lts_20260107::Status tsl::RandomAccessFile::Read(tsl::uint64, std::string_view&, absl::lts_20260107::Span<char>) const’:
/home/ubuntu/anaconda3/envs/tfgpu/lib/python3.13/site-packages/tensorflow/include/xla/tsl/platform/file_system.h:811:16: warning: ‘virtual absl::lts_20260107::Status tsl::RandomAccessFile::Read(tsl::uint64, size_t, std::string_view*, char*) const’ is deprecated [-Wdeprecated-declarations]
  811 |     return Read(offset, scratch.size(), &result, scratch.data());
      |            ~~~~^~~~~~~~~~~~~~~~~~~~~~~~~~~~~~~~~~~~~~~~~~~~~~~~~
/home/ubuntu/anaconda3/envs/tfgpu/lib/python3.13/site-packages/tensorflow/include/xla/tsl/platform/file_system.h:790:24: note: declared here
  790 |   virtual absl::Status Read(uint64 offset, size_t n, absl::string_view* result,
      |                        ^~~~
/home/ubuntu/anaconda3/envs/tfgpu/lib/python3.13/site-packages/tensorflow/include/xla/tsl/platform/file_system.h: In member function ‘virtual absl::lts_20260107::Status tsl::RandomAccessFile::Read(tsl::uint64, size_t, absl::lts_20260107::Cord*) const’:
/home/ubuntu/anaconda3/envs/tfgpu/lib/python3.13/site-packages/tensorflow/include/xla/tsl/platform/file_system.h:817:33: warning: ‘absl::lts_20260107::Status tsl::errors::Unimplemented(Args ...) [with Args = {const char*}]’ is deprecated: Use absl::UnimplementedError() instead. [-Wdeprecated-declarations]
  817 |     return errors::Unimplemented(
      |            ~~~~~~~~~~~~~~~~~~~~~^
  818 |         "Read(uint64, size_t, absl::Cord*) is not "
      |         ~~~~~~~~~~~~~~~~~~~~~~~~~~~~~~~~~~~~~~~~~~~
  819 |         "implemented");
      |         ~~~~~~~~~~~~~~           
In file included from /home/ubuntu/anaconda3/envs/tfgpu/lib/python3.13/site-packages/tensorflow/include/tsl/platform/errors.h:19,
                 from /home/ubuntu/anaconda3/envs/tfgpu/lib/python3.13/site-packages/tensorflow/include/tensorflow/core/platform/errors.h:30,
                 from /home/ubuntu/anaconda3/envs/tfgpu/lib/python3.13/site-packages/tensorflow/include/tensorflow/core/framework/resource_base.h:25,
                 from /home/ubuntu/anaconda3/envs/tfgpu/lib/python3.13/site-packages/tensorflow/include/tensorflow/core/framework/resource_handle.h:22,
                 from /home/ubuntu/anaconda3/envs/tfgpu/lib/python3.13/site-packages/tensorflow/include/tensorflow/core/framework/types.h:30,
                 from /home/ubuntu/anaconda3/envs/tfgpu/lib/python3.13/site-packages/tensorflow/include/tensorflow/core/framework/op_def_builder.h:28,
                 from /home/ubuntu/anaconda3/envs/tfgpu/lib/python3.13/site-packages/tensorflow/include/tensorflow/core/framework/full_type_inference_util.h:24,
                 from /home/ubuntu/anaconda3/envs/tfgpu/lib/python3.13/site-packages/tensorflow/include/tensorflow/core/framework/op.h:27,
                 from /tmp/bayesfilter-hmc-v7-merge-20261005/bayesfilter/ops/symmetric_sylvester_op.cc:13:
/home/ubuntu/anaconda3/envs/tfgpu/lib/python3.13/site-packages/tensorflow/include/xla/tsl/platform/errors.h:404:14: note: declared here
  404 | absl::Status Unimplemented(Args... args) {
      |              ^~~~~~~~~~~~~
In file included from /home/ubuntu/anaconda3/envs/tfgpu/lib/python3.13/site-packages/tensorflow/include/tsl/platform/file_system.h:19,
                 from /home/ubuntu/anaconda3/envs/tfgpu/lib/python3.13/site-packages/tensorflow/include/tensorflow/core/platform/file_system.h:34,
                 from /home/ubuntu/anaconda3/envs/tfgpu/lib/python3.13/site-packages/tensorflow/include/tensorflow/core/platform/env.h:28,
                 from /home/ubuntu/anaconda3/envs/tfgpu/lib/python3.13/site-packages/tensorflow/include/tensorflow/core/platform/threadpool.h:23,
                 from /home/ubuntu/anaconda3/envs/tfgpu/lib/python3.13/site-packages/tensorflow/include/tensorflow/core/framework/device_base.h:33,
                 from /home/ubuntu/anaconda3/envs/tfgpu/lib/python3.13/site-packages/tensorflow/include/tensorflow/core/framework/op_kernel.h:32,
                 from /tmp/bayesfilter-hmc-v7-merge-20261005/bayesfilter/ops/symmetric_sylvester_op.cc:14:
/home/ubuntu/anaconda3/envs/tfgpu/lib/python3.13/site-packages/tensorflow/include/xla/tsl/platform/file_system.h: In member function ‘virtual absl::lts_20260107::Status tsl::WritableFile::Name(std::string_view*) const’:
/home/ubuntu/anaconda3/envs/tfgpu/lib/python3.13/site-packages/tensorflow/include/xla/tsl/platform/file_system.h:876:33: warning: ‘absl::lts_20260107::Status tsl::errors::Unimplemented(Args ...) [with Args = {const char*}]’ is deprecated: Use absl::UnimplementedError() instead. [-Wdeprecated-declarations]
  876 |     return errors::Unimplemented("This filesystem does not support Name()");
      |            ~~~~~~~~~~~~~~~~~~~~~^~~~~~~~~~~~~~~~~~~~~~~~~~~~~~~~~~~~~~~~~~~
In file included from /home/ubuntu/anaconda3/envs/tfgpu/lib/python3.13/site-packages/tensorflow/include/tsl/platform/errors.h:19,
                 from /home/ubuntu/anaconda3/envs/tfgpu/lib/python3.13/site-packages/tensorflow/include/tensorflow/core/platform/errors.h:30,
                 from /home/ubuntu/anaconda3/envs/tfgpu/lib/python3.13/site-packages/tensorflow/include/tensorflow/core/framework/resource_base.h:25,
                 from /home/ubuntu/anaconda3/envs/tfgpu/lib/python3.13/site-packages/tensorflow/include/tensorflow/core/framework/resource_handle.h:22,
                 from /home/ubuntu/anaconda3/envs/tfgpu/lib/python3.13/site-packages/tensorflow/include/tensorflow/core/framework/types.h:30,
                 from /home/ubuntu/anaconda3/envs/tfgpu/lib/python3.13/site-packages/tensorflow/include/tensorflow/core/framework/op_def_builder.h:28,
                 from /home/ubuntu/anaconda3/envs/tfgpu/lib/python3.13/site-packages/tensorflow/include/tensorflow/core/framework/full_type_inference_util.h:24,
                 from /home/ubuntu/anaconda3/envs/tfgpu/lib/python3.13/site-packages/tensorflow/include/tensorflow/core/framework/op.h:27,
                 from /tmp/bayesfilter-hmc-v7-merge-20261005/bayesfilter/ops/symmetric_sylvester_op.cc:13:
/home/ubuntu/anaconda3/envs/tfgpu/lib/python3.13/site-packages/tensorflow/include/xla/tsl/platform/errors.h:404:14: note: declared here
  404 | absl::Status Unimplemented(Args... args) {
      |              ^~~~~~~~~~~~~
In file included from /home/ubuntu/anaconda3/envs/tfgpu/lib/python3.13/site-packages/tensorflow/include/tsl/platform/file_system.h:19,
                 from /home/ubuntu/anaconda3/envs/tfgpu/lib/python3.13/site-packages/tensorflow/include/tensorflow/core/platform/file_system.h:34,
                 from /home/ubuntu/anaconda3/envs/tfgpu/lib/python3.13/site-packages/tensorflow/include/tensorflow/core/platform/env.h:28,
                 from /home/ubuntu/anaconda3/envs/tfgpu/lib/python3.13/site-packages/tensorflow/include/tensorflow/core/platform/threadpool.h:23,
                 from /home/ubuntu/anaconda3/envs/tfgpu/lib/python3.13/site-packages/tensorflow/include/tensorflow/core/framework/device_base.h:33,
                 from /home/ubuntu/anaconda3/envs/tfgpu/lib/python3.13/site-packages/tensorflow/include/tensorflow/core/framework/op_kernel.h:32,
                 from /tmp/bayesfilter-hmc-v7-merge-20261005/bayesfilter/ops/symmetric_sylvester_op.cc:14:
/home/ubuntu/anaconda3/envs/tfgpu/lib/python3.13/site-packages/tensorflow/include/xla/tsl/platform/file_system.h: In member function ‘virtual absl::lts_20260107::Status tsl::WritableFile::Tell(int64_t*)’:
/home/ubuntu/anaconda3/envs/tfgpu/lib/python3.13/site-packages/tensorflow/include/xla/tsl/platform/file_system.h:894:33: warning: ‘absl::lts_20260107::Status tsl::errors::Unimplemented(Args ...) [with Args = {const char*}]’ is deprecated: Use absl::UnimplementedError() instead. [-Wdeprecated-declarations]
  894 |     return errors::Unimplemented("This filesystem does not support Tell()");
      |            ~~~~~~~~~~~~~~~~~~~~~^~~~~~~~~~~~~~~~~~~~~~~~~~~~~~~~~~~~~~~~~~~
In file included from /home/ubuntu/anaconda3/envs/tfgpu/lib/python3.13/site-packages/tensorflow/include/tsl/platform/errors.h:19,
                 from /home/ubuntu/anaconda3/envs/tfgpu/lib/python3.13/site-packages/tensorflow/include/tensorflow/core/platform/errors.h:30,
                 from /home/ubuntu/anaconda3/envs/tfgpu/lib/python3.13/site-packages/tensorflow/include/tensorflow/core/framework/resource_base.h:25,
                 from /home/ubuntu/anaconda3/envs/tfgpu/lib/python3.13/site-packages/tensorflow/include/tensorflow/core/framework/resource_handle.h:22,
                 from /home/ubuntu/anaconda3/envs/tfgpu/lib/python3.13/site-packages/tensorflow/include/tensorflow/core/framework/types.h:30,
                 from /home/ubuntu/anaconda3/envs/tfgpu/lib/python3.13/site-packages/tensorflow/include/tensorflow/core/framework/op_def_builder.h:28,
                 from /home/ubuntu/anaconda3/envs/tfgpu/lib/python3.13/site-packages/tensorflow/include/tensorflow/core/framework/full_type_inference_util.h:24,
                 from /home/ubuntu/anaconda3/envs/tfgpu/lib/python3.13/site-packages/tensorflow/include/tensorflow/core/framework/op.h:27,
                 from /tmp/bayesfilter-hmc-v7-merge-20261005/bayesfilter/ops/symmetric_sylvester_op.cc:13:
/home/ubuntu/anaconda3/envs/tfgpu/lib/python3.13/site-packages/tensorflow/include/xla/tsl/platform/errors.h:404:14: note: declared here
  404 | absl::Status Unimplemented(Args... args) {
      |              ^~~~~~~~~~~~~
In file included from /home/ubuntu/anaconda3/envs/tfgpu/lib/python3.13/site-packages/tensorflow/include/tsl/platform/env.h:19,
                 from /home/ubuntu/anaconda3/envs/tfgpu/lib/python3.13/site-packages/tensorflow/include/tensorflow/core/platform/env.h:37,
                 from /home/ubuntu/anaconda3/envs/tfgpu/lib/python3.13/site-packages/tensorflow/include/tensorflow/core/platform/threadpool.h:23,
                 from /home/ubuntu/anaconda3/envs/tfgpu/lib/python3.13/site-packages/tensorflow/include/tensorflow/core/framework/device_base.h:33,
                 from /home/ubuntu/anaconda3/envs/tfgpu/lib/python3.13/site-packages/tensorflow/include/tensorflow/core/framework/op_kernel.h:32,
                 from /tmp/bayesfilter-hmc-v7-merge-20261005/bayesfilter/ops/symmetric_sylvester_op.cc:14:
/home/ubuntu/anaconda3/envs/tfgpu/lib/python3.13/site-packages/tensorflow/include/xla/tsl/platform/env.h: In function ‘absl::lts_20260107::Status tsl::WriteTextProto(tsl::Env*, const string&, const google::protobuf::MessageLite&)’:
/home/ubuntu/anaconda3/envs/tfgpu/lib/python3.13/site-packages/tensorflow/include/xla/tsl/platform/env.h:661:31: warning: ‘absl::lts_20260107::Status tsl::errors::Unimplemented(Args ...) [with Args = {const char*}]’ is deprecated: Use absl::UnimplementedError() instead. [-Wdeprecated-declarations]
  661 |   return errors::Unimplemented("Can't write text protos with protolite.");
      |          ~~~~~~~~~~~~~~~~~~~~~^~~~~~~~~~~~~~~~~~~~~~~~~~~~~~~~~~~~~~~~~~~
In file included from /home/ubuntu/anaconda3/envs/tfgpu/lib/python3.13/site-packages/tensorflow/include/tsl/platform/errors.h:19,
                 from /home/ubuntu/anaconda3/envs/tfgpu/lib/python3.13/site-packages/tensorflow/include/tensorflow/core/platform/errors.h:30,
                 from /home/ubuntu/anaconda3/envs/tfgpu/lib/python3.13/site-packages/tensorflow/include/tensorflow/core/framework/resource_base.h:25,
                 from /home/ubuntu/anaconda3/envs/tfgpu/lib/python3.13/site-packages/tensorflow/include/tensorflow/core/framework/resource_handle.h:22,
                 from /home/ubuntu/anaconda3/envs/tfgpu/lib/python3.13/site-packages/tensorflow/include/tensorflow/core/framework/types.h:30,
                 from /home/ubuntu/anaconda3/envs/tfgpu/lib/python3.13/site-packages/tensorflow/include/tensorflow/core/framework/op_def_builder.h:28,
                 from /home/ubuntu/anaconda3/envs/tfgpu/lib/python3.13/site-packages/tensorflow/include/tensorflow/core/framework/full_type_inference_util.h:24,
                 from /home/ubuntu/anaconda3/envs/tfgpu/lib/python3.13/site-packages/tensorflow/include/tensorflow/core/framework/op.h:27,
                 from /tmp/bayesfilter-hmc-v7-merge-20261005/bayesfilter/ops/symmetric_sylvester_op.cc:13:
/home/ubuntu/anaconda3/envs/tfgpu/lib/python3.13/site-packages/tensorflow/include/xla/tsl/platform/errors.h:404:14: note: declared here
  404 | absl::Status Unimplemented(Args... args) {
      |              ^~~~~~~~~~~~~
In file included from /home/ubuntu/anaconda3/envs/tfgpu/lib/python3.13/site-packages/tensorflow/include/tsl/platform/env.h:19,
                 from /home/ubuntu/anaconda3/envs/tfgpu/lib/python3.13/site-packages/tensorflow/include/tensorflow/core/platform/env.h:37,
                 from /home/ubuntu/anaconda3/envs/tfgpu/lib/python3.13/site-packages/tensorflow/include/tensorflow/core/platform/threadpool.h:23,
                 from /home/ubuntu/anaconda3/envs/tfgpu/lib/python3.13/site-packages/tensorflow/include/tensorflow/core/framework/device_base.h:33,
                 from /home/ubuntu/anaconda3/envs/tfgpu/lib/python3.13/site-packages/tensorflow/include/tensorflow/core/framework/op_kernel.h:32,
                 from /tmp/bayesfilter-hmc-v7-merge-20261005/bayesfilter/ops/symmetric_sylvester_op.cc:14:
/home/ubuntu/anaconda3/envs/tfgpu/lib/python3.13/site-packages/tensorflow/include/xla/tsl/platform/env.h: In function ‘absl::lts_20260107::Status tsl::ReadTextProto(tsl::Env*, const string&, google::protobuf::MessageLite*)’:
/home/ubuntu/anaconda3/envs/tfgpu/lib/python3.13/site-packages/tensorflow/include/xla/tsl/platform/env.h:671:31: warning: ‘absl::lts_20260107::Status tsl::errors::Unimplemented(Args ...) [with Args = {const char*}]’ is deprecated: Use absl::UnimplementedError() instead. [-Wdeprecated-declarations]
  671 |   return errors::Unimplemented("Can't parse text protos with protolite.");
      |          ~~~~~~~~~~~~~~~~~~~~~^~~~~~~~~~~~~~~~~~~~~~~~~~~~~~~~~~~~~~~~~~~
In file included from /home/ubuntu/anaconda3/envs/tfgpu/lib/python3.13/site-packages/tensorflow/include/tsl/platform/errors.h:19,
                 from /home/ubuntu/anaconda3/envs/tfgpu/lib/python3.13/site-packages/tensorflow/include/tensorflow/core/platform/errors.h:30,
                 from /home/ubuntu/anaconda3/envs/tfgpu/lib/python3.13/site-packages/tensorflow/include/tensorflow/core/framework/resource_base.h:25,
                 from /home/ubuntu/anaconda3/envs/tfgpu/lib/python3.13/site-packages/tensorflow/include/tensorflow/core/framework/resource_handle.h:22,
                 from /home/ubuntu/anaconda3/envs/tfgpu/lib/python3.13/site-packages/tensorflow/include/tensorflow/core/framework/types.h:30,
                 from /home/ubuntu/anaconda3/envs/tfgpu/lib/python3.13/site-packages/tensorflow/include/tensorflow/core/framework/op_def_builder.h:28,
                 from /home/ubuntu/anaconda3/envs/tfgpu/lib/python3.13/site-packages/tensorflow/include/tensorflow/core/framework/full_type_inference_util.h:24,
                 from /home/ubuntu/anaconda3/envs/tfgpu/lib/python3.13/site-packages/tensorflow/include/tensorflow/core/framework/op.h:27,
                 from /tmp/bayesfilter-hmc-v7-merge-20261005/bayesfilter/ops/symmetric_sylvester_op.cc:13:
/home/ubuntu/anaconda3/envs/tfgpu/lib/python3.13/site-packages/tensorflow/include/xla/tsl/platform/errors.h:404:14: note: declared here
  404 | absl::Status Unimplemented(Args... args) {
      |              ^~~~~~~~~~~~~
In file included from /home/ubuntu/anaconda3/envs/tfgpu/lib/python3.13/site-packages/tensorflow/include/tsl/platform/threadpool.h:19,
                 from /home/ubuntu/anaconda3/envs/tfgpu/lib/python3.13/site-packages/tensorflow/include/tensorflow/core/platform/threadpool.h:27,
                 from /home/ubuntu/anaconda3/envs/tfgpu/lib/python3.13/site-packages/tensorflow/include/tensorflow/core/framework/device_base.h:33,
                 from /home/ubuntu/anaconda3/envs/tfgpu/lib/python3.13/site-packages/tensorflow/include/tensorflow/core/framework/op_kernel.h:32,
                 from /tmp/bayesfilter-hmc-v7-merge-20261005/bayesfilter/ops/symmetric_sylvester_op.cc:14:
/home/ubuntu/anaconda3/envs/tfgpu/lib/python3.13/site-packages/tensorflow/include/xla/tsl/platform/threadpool.h: In static member function ‘static tsl::thread::ThreadPool::SchedulingParams tsl::thread::ThreadPool::SchedulingParams::Fixed(int64_t)’:
/home/ubuntu/anaconda3/envs/tfgpu/lib/python3.13/site-packages/tensorflow/include/xla/tsl/platform/threadpool.h:79:41: warning: ‘tsl::thread::ThreadPool::SchedulingParams::SchedulingParams(tsl::thread::ThreadPool::SchedulingStrategy, std::optional<long int>, std::optional<long int>)’ is deprecated: Use SchedulingParams::Fixed or SchedulingParams::Adaptive [-Wdeprecated-declarations]
   79 |                               block_size);
      |                                         ^
/home/ubuntu/anaconda3/envs/tfgpu/lib/python3.13/site-packages/tensorflow/include/xla/tsl/platform/threadpool.h:88:14: note: declared here
   88 |     explicit SchedulingParams(SchedulingStrategy strategy,
      |              ^~~~~~~~~~~~~~~~
/home/ubuntu/anaconda3/envs/tfgpu/lib/python3.13/site-packages/tensorflow/include/xla/tsl/platform/threadpool.h: In static member function ‘static tsl::thread::ThreadPool::SchedulingParams tsl::thread::ThreadPool::SchedulingParams::Adaptive(int64_t)’:
/home/ubuntu/anaconda3/envs/tfgpu/lib/python3.13/site-packages/tensorflow/include/xla/tsl/platform/threadpool.h:84:43: warning: ‘tsl::thread::ThreadPool::SchedulingParams::SchedulingParams(tsl::thread::ThreadPool::SchedulingStrategy, std::optional<long int>, std::optional<long int>)’ is deprecated: Use SchedulingParams::Fixed or SchedulingParams::Adaptive [-Wdeprecated-declarations]
   84 |                               std::nullopt);
      |                                           ^
/home/ubuntu/anaconda3/envs/tfgpu/lib/python3.13/site-packages/tensorflow/include/xla/tsl/platform/threadpool.h:88:14: note: declared here
   88 |     explicit SchedulingParams(SchedulingStrategy strategy,
      |              ^~~~~~~~~~~~~~~~
In file included from /home/ubuntu/anaconda3/envs/tfgpu/lib/python3.13/site-packages/tensorflow/include/tensorflow/core/framework/op_kernel.h:32,
                 from /tmp/bayesfilter-hmc-v7-merge-20261005/bayesfilter/ops/symmetric_sylvester_op.cc:14:
/home/ubuntu/anaconda3/envs/tfgpu/lib/python3.13/site-packages/tensorflow/include/tensorflow/core/framework/device_base.h: In member function ‘virtual void tensorflow::DeviceContext::CopyCPUTensorToDevice(const tensorflow::Tensor*, tensorflow::Device*, tensorflow::Tensor*, tsl::StatusCallback, bool) const’:
/home/ubuntu/anaconda3/envs/tfgpu/lib/python3.13/site-packages/tensorflow/include/tensorflow/core/framework/device_base.h:85:26: warning: ‘absl::lts_20260107::Status tsl::errors::Internal(Args ...) [with Args = {const char*}]’ is deprecated: Use absl::InternalError() instead. [-Wdeprecated-declarations]
   85 |     done(errors::Internal("Unrecognized device type in CPU-to-device Copy"));
      |          ~~~~~~~~~~~~~~~~^~~~~~~~~~~~~~~~~~~~~~~~~~~~~~~~~~~~~~~~~~~~~~~~~~
In file included from /home/ubuntu/anaconda3/envs/tfgpu/lib/python3.13/site-packages/tensorflow/include/tsl/platform/errors.h:19,
                 from /home/ubuntu/anaconda3/envs/tfgpu/lib/python3.13/site-packages/tensorflow/include/tensorflow/core/platform/errors.h:30,
                 from /home/ubuntu/anaconda3/envs/tfgpu/lib/python3.13/site-packages/tensorflow/include/tensorflow/core/framework/resource_base.h:25,
                 from /home/ubuntu/anaconda3/envs/tfgpu/lib/python3.13/site-packages/tensorflow/include/tensorflow/core/framework/resource_handle.h:22,
                 from /home/ubuntu/anaconda3/envs/tfgpu/lib/python3.13/site-packages/tensorflow/include/tensorflow/core/framework/types.h:30,
                 from /home/ubuntu/anaconda3/envs/tfgpu/lib/python3.13/site-packages/tensorflow/include/tensorflow/core/framework/op_def_builder.h:28,
                 from /home/ubuntu/anaconda3/envs/tfgpu/lib/python3.13/site-packages/tensorflow/include/tensorflow/core/framework/full_type_inference_util.h:24,
                 from /home/ubuntu/anaconda3/envs/tfgpu/lib/python3.13/site-packages/tensorflow/include/tensorflow/core/framework/op.h:27,
                 from /tmp/bayesfilter-hmc-v7-merge-20261005/bayesfilter/ops/symmetric_sylvester_op.cc:13:
/home/ubuntu/anaconda3/envs/tfgpu/lib/python3.13/site-packages/tensorflow/include/xla/tsl/platform/errors.h:417:14: note: declared here
  417 | absl::Status Internal(Args... args) {
      |              ^~~~~~~~
In file included from /home/ubuntu/anaconda3/envs/tfgpu/lib/python3.13/site-packages/tensorflow/include/tensorflow/core/framework/op_kernel.h:32,
                 from /tmp/bayesfilter-hmc-v7-merge-20261005/bayesfilter/ops/symmetric_sylvester_op.cc:14:
/home/ubuntu/anaconda3/envs/tfgpu/lib/python3.13/site-packages/tensorflow/include/tensorflow/core/framework/device_base.h: In member function ‘virtual void tensorflow::DeviceContext::CopyTensorInSameDevice(const tensorflow::Tensor*, tensorflow::Device*, tensorflow::Tensor*, tsl::StatusCallback) const’:
/home/ubuntu/anaconda3/envs/tfgpu/lib/python3.13/site-packages/tensorflow/include/tensorflow/core/framework/device_base.h:97:31: warning: ‘absl::lts_20260107::Status tsl::errors::Unimplemented(Args ...) [with Args = {const char*}]’ is deprecated: Use absl::UnimplementedError() instead. [-Wdeprecated-declarations]
   97 |     done(errors::Unimplemented("Copy in same device not implemented."));
      |          ~~~~~~~~~~~~~~~~~~~~~^~~~~~~~~~~~~~~~~~~~~~~~~~~~~~~~~~~~~~~~
In file included from /home/ubuntu/anaconda3/envs/tfgpu/lib/python3.13/site-packages/tensorflow/include/tsl/platform/errors.h:19,
                 from /home/ubuntu/anaconda3/envs/tfgpu/lib/python3.13/site-packages/tensorflow/include/tensorflow/core/platform/errors.h:30,
                 from /home/ubuntu/anaconda3/envs/tfgpu/lib/python3.13/site-packages/tensorflow/include/tensorflow/core/framework/resource_base.h:25,
                 from /home/ubuntu/anaconda3/envs/tfgpu/lib/python3.13/site-packages/tensorflow/include/tensorflow/core/framework/resource_handle.h:22,
                 from /home/ubuntu/anaconda3/envs/tfgpu/lib/python3.13/site-packages/tensorflow/include/tensorflow/core/framework/types.h:30,
                 from /home/ubuntu/anaconda3/envs/tfgpu/lib/python3.13/site-packages/tensorflow/include/tensorflow/core/framework/op_def_builder.h:28,
                 from /home/ubuntu/anaconda3/envs/tfgpu/lib/python3.13/site-packages/tensorflow/include/tensorflow/core/framework/full_type_inference_util.h:24,
                 from /home/ubuntu/anaconda3/envs/tfgpu/lib/python3.13/site-packages/tensorflow/include/tensorflow/core/framework/op.h:27,
                 from /tmp/bayesfilter-hmc-v7-merge-20261005/bayesfilter/ops/symmetric_sylvester_op.cc:13:
/home/ubuntu/anaconda3/envs/tfgpu/lib/python3.13/site-packages/tensorflow/include/xla/tsl/platform/errors.h:404:14: note: declared here
  404 | absl::Status Unimplemented(Args... args) {
      |              ^~~~~~~~~~~~~
In file included from /home/ubuntu/anaconda3/envs/tfgpu/lib/python3.13/site-packages/tensorflow/include/tensorflow/core/framework/op_kernel.h:32,
                 from /tmp/bayesfilter-hmc-v7-merge-20261005/bayesfilter/ops/symmetric_sylvester_op.cc:14:
/home/ubuntu/anaconda3/envs/tfgpu/lib/python3.13/site-packages/tensorflow/include/tensorflow/core/framework/device_base.h: In member function ‘virtual void tensorflow::DeviceContext::CopyDeviceTensorToCPU(const tensorflow::Tensor*, std::string_view, tensorflow::Device*, tensorflow::Tensor*, tsl::StatusCallback)’:
/home/ubuntu/anaconda3/envs/tfgpu/lib/python3.13/site-packages/tensorflow/include/tensorflow/core/framework/device_base.h:107:26: warning: ‘absl::lts_20260107::Status tsl::errors::Internal(Args ...) [with Args = {const char*}]’ is deprecated: Use absl::InternalError() instead. [-Wdeprecated-declarations]
  107 |     done(errors::Internal("Unrecognized device type in device-to-CPU Copy"));
      |          ~~~~~~~~~~~~~~~~^~~~~~~~~~~~~~~~~~~~~~~~~~~~~~~~~~~~~~~~~~~~~~~~~~
In file included from /home/ubuntu/anaconda3/envs/tfgpu/lib/python3.13/site-packages/tensorflow/include/tsl/platform/errors.h:19,
                 from /home/ubuntu/anaconda3/envs/tfgpu/lib/python3.13/site-packages/tensorflow/include/tensorflow/core/platform/errors.h:30,
                 from /home/ubuntu/anaconda3/envs/tfgpu/lib/python3.13/site-packages/tensorflow/include/tensorflow/core/framework/resource_base.h:25,
                 from /home/ubuntu/anaconda3/envs/tfgpu/lib/python3.13/site-packages/tensorflow/include/tensorflow/core/framework/resource_handle.h:22,
                 from /home/ubuntu/anaconda3/envs/tfgpu/lib/python3.13/site-packages/tensorflow/include/tensorflow/core/framework/types.h:30,
                 from /home/ubuntu/anaconda3/envs/tfgpu/lib/python3.13/site-packages/tensorflow/include/tensorflow/core/framework/op_def_builder.h:28,
                 from /home/ubuntu/anaconda3/envs/tfgpu/lib/python3.13/site-packages/tensorflow/include/tensorflow/core/framework/full_type_inference_util.h:24,
                 from /home/ubuntu/anaconda3/envs/tfgpu/lib/python3.13/site-packages/tensorflow/include/tensorflow/core/framework/op.h:27,
                 from /tmp/bayesfilter-hmc-v7-merge-20261005/bayesfilter/ops/symmetric_sylvester_op.cc:13:
/home/ubuntu/anaconda3/envs/tfgpu/lib/python3.13/site-packages/tensorflow/include/xla/tsl/platform/errors.h:417:14: note: declared here
  417 | absl::Status Internal(Args... args) {
      |              ^~~~~~~~
In file included from /home/ubuntu/anaconda3/envs/tfgpu/lib/python3.13/site-packages/tensorflow/include/tensorflow/core/framework/op_kernel.h:32,
                 from /tmp/bayesfilter-hmc-v7-merge-20261005/bayesfilter/ops/symmetric_sylvester_op.cc:14:
/home/ubuntu/anaconda3/envs/tfgpu/lib/python3.13/site-packages/tensorflow/include/tensorflow/core/framework/device_base.h: In member function ‘virtual absl::lts_20260107::Status tensorflow::DeviceContext::ThenExecute(tensorflow::Device*, stream_executor::Stream*, std::function<void()>)’:
/home/ubuntu/anaconda3/envs/tfgpu/lib/python3.13/site-packages/tensorflow/include/tensorflow/core/framework/device_base.h:122:28: warning: ‘absl::lts_20260107::Status tsl::errors::Internal(Args ...) [with Args = {const char*}]’ is deprecated: Use absl::InternalError() instead. [-Wdeprecated-declarations]
  122 |     return errors::Internal("ThenExecute not supported by device");
      |            ~~~~~~~~~~~~~~~~^~~~~~~~~~~~~~~~~~~~~~~~~~~~~~~~~~~~~~~
In file included from /home/ubuntu/anaconda3/envs/tfgpu/lib/python3.13/site-packages/tensorflow/include/tsl/platform/errors.h:19,
                 from /home/ubuntu/anaconda3/envs/tfgpu/lib/python3.13/site-packages/tensorflow/include/tensorflow/core/platform/errors.h:30,
                 from /home/ubuntu/anaconda3/envs/tfgpu/lib/python3.13/site-packages/tensorflow/include/tensorflow/core/framework/resource_base.h:25,
                 from /home/ubuntu/anaconda3/envs/tfgpu/lib/python3.13/site-packages/tensorflow/include/tensorflow/core/framework/resource_handle.h:22,
                 from /home/ubuntu/anaconda3/envs/tfgpu/lib/python3.13/site-packages/tensorflow/include/tensorflow/core/framework/types.h:30,
                 from /home/ubuntu/anaconda3/envs/tfgpu/lib/python3.13/site-packages/tensorflow/include/tensorflow/core/framework/op_def_builder.h:28,
                 from /home/ubuntu/anaconda3/envs/tfgpu/lib/python3.13/site-packages/tensorflow/include/tensorflow/core/framework/full_type_inference_util.h:24,
                 from /home/ubuntu/anaconda3/envs/tfgpu/lib/python3.13/site-packages/tensorflow/include/tensorflow/core/framework/op.h:27,
                 from /tmp/bayesfilter-hmc-v7-merge-20261005/bayesfilter/ops/symmetric_sylvester_op.cc:13:
/home/ubuntu/anaconda3/envs/tfgpu/lib/python3.13/site-packages/tensorflow/include/xla/tsl/platform/errors.h:417:14: note: declared here
  417 | absl::Status Internal(Args... args) {
      |              ^~~~~~~~
In file included from /home/ubuntu/anaconda3/envs/tfgpu/lib/python3.13/site-packages/tensorflow/include/tensorflow/core/framework/op_kernel.h:32,
                 from /tmp/bayesfilter-hmc-v7-merge-20261005/bayesfilter/ops/symmetric_sylvester_op.cc:14:
/home/ubuntu/anaconda3/envs/tfgpu/lib/python3.13/site-packages/tensorflow/include/tensorflow/core/framework/device_base.h: In member function ‘virtual absl::lts_20260107::Status tensorflow::DeviceBase::MakeTensorFromProto(const tensorflow::TensorProto&, tsl::AllocatorAttributes, tensorflow::Tensor*)’:
/home/ubuntu/anaconda3/envs/tfgpu/lib/python3.13/site-packages/tensorflow/include/tensorflow/core/framework/device_base.h:262:28: warning: ‘absl::lts_20260107::Status tsl::errors::Internal(Args ...) [with Args = {const char*}]’ is deprecated: Use absl::InternalError() instead. [-Wdeprecated-declarations]
  262 |     return errors::Internal("Device does not implement MakeTensorFromProto()");
      |            ~~~~~~~~~~~~~~~~^~~~~~~~~~~~~~~~~~~~~~~~~~~~~~~~~~~~~~~~~~~~~~~~~~~
In file included from /home/ubuntu/anaconda3/envs/tfgpu/lib/python3.13/site-packages/tensorflow/include/tsl/platform/errors.h:19,
                 from /home/ubuntu/anaconda3/envs/tfgpu/lib/python3.13/site-packages/tensorflow/include/tensorflow/core/platform/errors.h:30,
                 from /home/ubuntu/anaconda3/envs/tfgpu/lib/python3.13/site-packages/tensorflow/include/tensorflow/core/framework/resource_base.h:25,
                 from /home/ubuntu/anaconda3/envs/tfgpu/lib/python3.13/site-packages/tensorflow/include/tensorflow/core/framework/resource_handle.h:22,
                 from /home/ubuntu/anaconda3/envs/tfgpu/lib/python3.13/site-packages/tensorflow/include/tensorflow/core/framework/types.h:30,
                 from /home/ubuntu/anaconda3/envs/tfgpu/lib/python3.13/site-packages/tensorflow/include/tensorflow/core/framework/op_def_builder.h:28,
                 from /home/ubuntu/anaconda3/envs/tfgpu/lib/python3.13/site-packages/tensorflow/include/tensorflow/core/framework/full_type_inference_util.h:24,
                 from /home/ubuntu/anaconda3/envs/tfgpu/lib/python3.13/site-packages/tensorflow/include/tensorflow/core/framework/op.h:27,
                 from /tmp/bayesfilter-hmc-v7-merge-20261005/bayesfilter/ops/symmetric_sylvester_op.cc:13:
/home/ubuntu/anaconda3/envs/tfgpu/lib/python3.13/site-packages/tensorflow/include/xla/tsl/platform/errors.h:417:14: note: declared here
  417 | absl::Status Internal(Args... args) {
      |              ^~~~~~~~
In file included from /home/ubuntu/anaconda3/envs/tfgpu/lib/python3.13/site-packages/tensorflow/include/tensorflow/core/framework/op_kernel.h:32,
                 from /tmp/bayesfilter-hmc-v7-merge-20261005/bayesfilter/ops/symmetric_sylvester_op.cc:14:
/home/ubuntu/anaconda3/envs/tfgpu/lib/python3.13/site-packages/tensorflow/include/tensorflow/core/framework/device_base.h: In member function ‘virtual void tensorflow::DeviceBase::CopyTensorInSameDevice(const tensorflow::Tensor*, tensorflow::Tensor*, const tensorflow::DeviceContext*, tsl::StatusCallback)’:
/home/ubuntu/anaconda3/envs/tfgpu/lib/python3.13/site-packages/tensorflow/include/tensorflow/core/framework/device_base.h:286:26: warning: ‘absl::lts_20260107::Status tsl::errors::Internal(Args ...) [with Args = {const char*, std::__cxx11::basic_string<char, std::char_traits<char>, std::allocator<char> >, const char*, const char*}]’ is deprecated: Use absl::InternalError() instead. [-Wdeprecated-declarations]
  286 |     done(errors::Internal("Device ", name(), " does not implement ",
      |          ~~~~~~~~~~~~~~~~^~~~~~~~~~~~~~~~~~~~~~~~~~~~~~~~~~~~~~~~~~~
  287 |                           "CopyTensorInSameDevice"));
      |                           ~~~~~~~~~~~~~~~~~~~~~~~~~
In file included from /home/ubuntu/anaconda3/envs/tfgpu/lib/python3.13/site-packages/tensorflow/include/tsl/platform/errors.h:19,
                 from /home/ubuntu/anaconda3/envs/tfgpu/lib/python3.13/site-packages/tensorflow/include/tensorflow/core/platform/errors.h:30,
                 from /home/ubuntu/anaconda3/envs/tfgpu/lib/python3.13/site-packages/tensorflow/include/tensorflow/core/framework/resource_base.h:25,
                 from /home/ubuntu/anaconda3/envs/tfgpu/lib/python3.13/site-packages/tensorflow/include/tensorflow/core/framework/resource_handle.h:22,
                 from /home/ubuntu/anaconda3/envs/tfgpu/lib/python3.13/site-packages/tensorflow/include/tensorflow/core/framework/types.h:30,
                 from /home/ubuntu/anaconda3/envs/tfgpu/lib/python3.13/site-packages/tensorflow/include/tensorflow/core/framework/op_def_builder.h:28,
                 from /home/ubuntu/anaconda3/envs/tfgpu/lib/python3.13/site-packages/tensorflow/include/tensorflow/core/framework/full_type_inference_util.h:24,
                 from /home/ubuntu/anaconda3/envs/tfgpu/lib/python3.13/site-packages/tensorflow/include/tensorflow/core/framework/op.h:27,
                 from /tmp/bayesfilter-hmc-v7-merge-20261005/bayesfilter/ops/symmetric_sylvester_op.cc:13:
/home/ubuntu/anaconda3/envs/tfgpu/lib/python3.13/site-packages/tensorflow/include/xla/tsl/platform/errors.h:417:14: note: declared here
  417 | absl::Status Internal(Args... args) {
      |              ^~~~~~~~
In file included from /home/ubuntu/anaconda3/envs/tfgpu/lib/python3.13/site-packages/tensorflow/include/tensorflow/core/framework/op_kernel.h:35,
                 from /tmp/bayesfilter-hmc-v7-merge-20261005/bayesfilter/ops/symmetric_sylvester_op.cc:14:
/home/ubuntu/anaconda3/envs/tfgpu/lib/python3.13/site-packages/tensorflow/include/tensorflow/core/framework/kernel_def_builder.h: At global scope:
/home/ubuntu/anaconda3/envs/tfgpu/lib/python3.13/site-packages/tensorflow/include/tensorflow/core/framework/kernel_def_builder.h:47:62: warning: ‘using ArraySlice = class absl::lts_20260107::Span<const T>’ is deprecated [-Wdeprecated-declarations]
   47 |                                    gtl::ArraySlice<T> allowed);
      |                                                              ^
In file included from /home/ubuntu/anaconda3/envs/tfgpu/lib/python3.13/site-packages/tensorflow/include/tensorflow/core/framework/tensor_shape.h:23,
                 from /home/ubuntu/anaconda3/envs/tfgpu/lib/python3.13/site-packages/tensorflow/include/tensorflow/core/framework/resource_handle.h:23,
                 from /home/ubuntu/anaconda3/envs/tfgpu/lib/python3.13/site-packages/tensorflow/include/tensorflow/core/framework/types.h:30,
                 from /home/ubuntu/anaconda3/envs/tfgpu/lib/python3.13/site-packages/tensorflow/include/tensorflow/core/framework/op_def_builder.h:28,
                 from /home/ubuntu/anaconda3/envs/tfgpu/lib/python3.13/site-packages/tensorflow/include/tensorflow/core/framework/full_type_inference_util.h:24,
                 from /home/ubuntu/anaconda3/envs/tfgpu/lib/python3.13/site-packages/tensorflow/include/tensorflow/core/framework/op.h:27,
                 from /tmp/bayesfilter-hmc-v7-merge-20261005/bayesfilter/ops/symmetric_sylvester_op.cc:13:
/home/ubuntu/anaconda3/envs/tfgpu/lib/python3.13/site-packages/tensorflow/include/tensorflow/core/lib/gtl/array_slice.h:34:7: note: declared here
   34 | using ArraySlice ABSL_DEPRECATE_AND_INLINE() = absl::Span<const T>;
      |       ^~~~~~~~~~
In file included from /home/ubuntu/anaconda3/envs/tfgpu/lib/python3.13/site-packages/tensorflow/include/tensorflow/core/framework/op_kernel.h:43,
                 from /tmp/bayesfilter-hmc-v7-merge-20261005/bayesfilter/ops/symmetric_sylvester_op.cc:14:
/home/ubuntu/anaconda3/envs/tfgpu/lib/python3.13/site-packages/tensorflow/include/tensorflow/core/framework/session_state.h:47:9: warning: ‘mutex’ is deprecated: Use absl::Mutex instead. [-Wdeprecated-declarations]
   47 |   mutex state_lock_;
      |         ^~~~~~~~~~~
In file included from /home/ubuntu/anaconda3/envs/tfgpu/lib/python3.13/site-packages/tensorflow/include/tensorflow/core/platform/mutex.h:22,
                 from /home/ubuntu/anaconda3/envs/tfgpu/lib/python3.13/site-packages/tensorflow/include/tensorflow/core/platform/refcount.h:19,
                 from /home/ubuntu/anaconda3/envs/tfgpu/lib/python3.13/site-packages/tensorflow/include/tensorflow/core/lib/core/refcount.h:19,
                 from /home/ubuntu/anaconda3/envs/tfgpu/lib/python3.13/site-packages/tensorflow/include/tensorflow/core/framework/resource_base.h:24,
                 from /home/ubuntu/anaconda3/envs/tfgpu/lib/python3.13/site-packages/tensorflow/include/tensorflow/core/framework/resource_handle.h:22,
                 from /home/ubuntu/anaconda3/envs/tfgpu/lib/python3.13/site-packages/tensorflow/include/tensorflow/core/framework/types.h:30,
                 from /home/ubuntu/anaconda3/envs/tfgpu/lib/python3.13/site-packages/tensorflow/include/tensorflow/core/framework/op_def_builder.h:28,
                 from /home/ubuntu/anaconda3/envs/tfgpu/lib/python3.13/site-packages/tensorflow/include/tensorflow/core/framework/full_type_inference_util.h:24,
                 from /home/ubuntu/anaconda3/envs/tfgpu/lib/python3.13/site-packages/tensorflow/include/tensorflow/core/framework/op.h:27,
                 from /tmp/bayesfilter-hmc-v7-merge-20261005/bayesfilter/ops/symmetric_sylvester_op.cc:13:
/home/ubuntu/anaconda3/envs/tfgpu/lib/python3.13/site-packages/tensorflow/include/tsl/platform/mutex.h:43:63: note: declared here
   43 | class TF_LOCKABLE ABSL_DEPRECATED("Use absl::Mutex instead.") mutex {
      |                                                               ^~~~~
In file included from /home/ubuntu/anaconda3/envs/tfgpu/lib/python3.13/site-packages/tensorflow/include/tensorflow/core/framework/op_kernel.h:43,
                 from /tmp/bayesfilter-hmc-v7-merge-20261005/bayesfilter/ops/symmetric_sylvester_op.cc:14:
/home/ubuntu/anaconda3/envs/tfgpu/lib/python3.13/site-packages/tensorflow/include/tensorflow/core/framework/session_state.h:81:9: warning: ‘mutex’ is deprecated: Use absl::Mutex instead. [-Wdeprecated-declarations]
   81 |   mutex lock_;
      |         ^~~~~
In file included from /home/ubuntu/anaconda3/envs/tfgpu/lib/python3.13/site-packages/tensorflow/include/tensorflow/core/platform/mutex.h:22,
                 from /home/ubuntu/anaconda3/envs/tfgpu/lib/python3.13/site-packages/tensorflow/include/tensorflow/core/platform/refcount.h:19,
                 from /home/ubuntu/anaconda3/envs/tfgpu/lib/python3.13/site-packages/tensorflow/include/tensorflow/core/lib/core/refcount.h:19,
                 from /home/ubuntu/anaconda3/envs/tfgpu/lib/python3.13/site-packages/tensorflow/include/tensorflow/core/framework/resource_base.h:24,
                 from /home/ubuntu/anaconda3/envs/tfgpu/lib/python3.13/site-packages/tensorflow/include/tensorflow/core/framework/resource_handle.h:22,
                 from /home/ubuntu/anaconda3/envs/tfgpu/lib/python3.13/site-packages/tensorflow/include/tensorflow/core/framework/types.h:30,
                 from /home/ubuntu/anaconda3/envs/tfgpu/lib/python3.13/site-packages/tensorflow/include/tensorflow/core/framework/op_def_builder.h:28,
                 from /home/ubuntu/anaconda3/envs/tfgpu/lib/python3.13/site-packages/tensorflow/include/tensorflow/core/framework/full_type_inference_util.h:24,
                 from /home/ubuntu/anaconda3/envs/tfgpu/lib/python3.13/site-packages/tensorflow/include/tensorflow/core/framework/op.h:27,
                 from /tmp/bayesfilter-hmc-v7-merge-20261005/bayesfilter/ops/symmetric_sylvester_op.cc:13:
/home/ubuntu/anaconda3/envs/tfgpu/lib/python3.13/site-packages/tensorflow/include/tsl/platform/mutex.h:43:63: note: declared here
   43 | class TF_LOCKABLE ABSL_DEPRECATED("Use absl::Mutex instead.") mutex {
      |                                                               ^~~~~
In file included from /home/ubuntu/anaconda3/envs/tfgpu/lib/python3.13/site-packages/tensorflow/include/tensorflow/core/framework/op_kernel.h:43,
                 from /tmp/bayesfilter-hmc-v7-merge-20261005/bayesfilter/ops/symmetric_sylvester_op.cc:14:
/home/ubuntu/anaconda3/envs/tfgpu/lib/python3.13/site-packages/tensorflow/include/tensorflow/core/framework/session_state.h: In member function ‘std::string tensorflow::TensorStore::TensorAndKey::GetHandle(const string&)’:
/home/ubuntu/anaconda3/envs/tfgpu/lib/python3.13/site-packages/tensorflow/include/tensorflow/core/framework/session_state.h:66:29: warning: ‘std::string tsl::strings::StrCat(const tsl::strings::AlphaNum&, const tsl::strings::AlphaNum&, const tsl::strings::AlphaNum&, const tsl::strings::AlphaNum&, const tsl::strings::AlphaNum&, const AV& ...) [with AV = {}; std::string = std::__cxx11::basic_string<char>]’ is deprecated: Use absl::StrCat() instead. [-Wdeprecated-declarations]
   66 |       return strings::StrCat(tensor_name, ";", id, ";", device_name);
      |              ~~~~~~~~~~~~~~~^~~~~~~~~~~~~~~~~~~~~~~~~~~~~~~~~~~~~~~~
In file included from /home/ubuntu/anaconda3/envs/tfgpu/lib/python3.13/site-packages/tensorflow/include/tensorflow/core/platform/strcat.h:23,
                 from /home/ubuntu/anaconda3/envs/tfgpu/lib/python3.13/site-packages/tensorflow/include/tensorflow/core/platform/errors.h:29,
                 from /home/ubuntu/anaconda3/envs/tfgpu/lib/python3.13/site-packages/tensorflow/include/tensorflow/core/framework/resource_base.h:25,
                 from /home/ubuntu/anaconda3/envs/tfgpu/lib/python3.13/site-packages/tensorflow/include/tensorflow/core/framework/resource_handle.h:22,
                 from /home/ubuntu/anaconda3/envs/tfgpu/lib/python3.13/site-packages/tensorflow/include/tensorflow/core/framework/types.h:30,
                 from /home/ubuntu/anaconda3/envs/tfgpu/lib/python3.13/site-packages/tensorflow/include/tensorflow/core/framework/op_def_builder.h:28,
                 from /home/ubuntu/anaconda3/envs/tfgpu/lib/python3.13/site-packages/tensorflow/include/tensorflow/core/framework/full_type_inference_util.h:24,
                 from /home/ubuntu/anaconda3/envs/tfgpu/lib/python3.13/site-packages/tensorflow/include/tensorflow/core/framework/op.h:27,
                 from /tmp/bayesfilter-hmc-v7-merge-20261005/bayesfilter/ops/symmetric_sylvester_op.cc:13:
/home/ubuntu/anaconda3/envs/tfgpu/lib/python3.13/site-packages/tensorflow/include/tsl/platform/strcat.h:190:13: note: declared here
  190 | std::string StrCat(const AlphaNum &a, const AlphaNum &b, const AlphaNum &c,
      |             ^~~~~~
In file included from /tmp/bayesfilter-hmc-v7-merge-20261005/bayesfilter/ops/symmetric_sylvester_op.cc:14:
/home/ubuntu/anaconda3/envs/tfgpu/lib/python3.13/site-packages/tensorflow/include/tensorflow/core/framework/op_kernel.h: At global scope:
/home/ubuntu/anaconda3/envs/tfgpu/lib/python3.13/site-packages/tensorflow/include/tensorflow/core/framework/op_kernel.h:197:74: warning: ‘using StringPiece = using string_view = class std::basic_string_view<char>’ is deprecated [-Wdeprecated-declarations]
  197 |   absl::Status InputRange(StringPiece input_name, int* start, int* stop) const;
      |                                                                          ^~~~~
In file included from /home/ubuntu/anaconda3/envs/tfgpu/lib/python3.13/site-packages/tensorflow/include/tensorflow/core/platform/tstring.h:21,
                 from /home/ubuntu/anaconda3/envs/tfgpu/lib/python3.13/site-packages/tensorflow/include/tensorflow/core/platform/types.h:25,
                 from /home/ubuntu/anaconda3/envs/tfgpu/lib/python3.13/site-packages/tensorflow/include/tensorflow/core/framework/numeric_types.h:25,
                 from /home/ubuntu/anaconda3/envs/tfgpu/lib/python3.13/site-packages/tensorflow/include/tensorflow/core/framework/bfloat16.h:19,
                 from /home/ubuntu/anaconda3/envs/tfgpu/lib/python3.13/site-packages/tensorflow/include/tensorflow/core/framework/types.h:27,
                 from /home/ubuntu/anaconda3/envs/tfgpu/lib/python3.13/site-packages/tensorflow/include/tensorflow/core/framework/op_def_builder.h:28,
                 from /home/ubuntu/anaconda3/envs/tfgpu/lib/python3.13/site-packages/tensorflow/include/tensorflow/core/framework/full_type_inference_util.h:24,
                 from /home/ubuntu/anaconda3/envs/tfgpu/lib/python3.13/site-packages/tensorflow/include/tensorflow/core/framework/op.h:27,
                 from /tmp/bayesfilter-hmc-v7-merge-20261005/bayesfilter/ops/symmetric_sylvester_op.cc:13:
/home/ubuntu/anaconda3/envs/tfgpu/lib/python3.13/site-packages/tensorflow/include/tensorflow/core/platform/stringpiece.h:39:7: note: declared here
   39 | using StringPiece ABSL_DEPRECATE_AND_INLINE() = absl::string_view;
      |       ^~~~~~~~~~~
In file included from /tmp/bayesfilter-hmc-v7-merge-20261005/bayesfilter/ops/symmetric_sylvester_op.cc:14:
/home/ubuntu/anaconda3/envs/tfgpu/lib/python3.13/site-packages/tensorflow/include/tensorflow/core/framework/op_kernel.h:199:39: warning: ‘using StringPiece = using string_view = class std::basic_string_view<char>’ is deprecated [-Wdeprecated-declarations]
  199 |                            int* stop) const;
      |                                       ^~~~~
In file included from /home/ubuntu/anaconda3/envs/tfgpu/lib/python3.13/site-packages/tensorflow/include/tensorflow/core/platform/tstring.h:21,
                 from /home/ubuntu/anaconda3/envs/tfgpu/lib/python3.13/site-packages/tensorflow/include/tensorflow/core/platform/types.h:25,
                 from /home/ubuntu/anaconda3/envs/tfgpu/lib/python3.13/site-packages/tensorflow/include/tensorflow/core/framework/numeric_types.h:25,
                 from /home/ubuntu/anaconda3/envs/tfgpu/lib/python3.13/site-packages/tensorflow/include/tensorflow/core/framework/bfloat16.h:19,
                 from /home/ubuntu/anaconda3/envs/tfgpu/lib/python3.13/site-packages/tensorflow/include/tensorflow/core/framework/types.h:27,
                 from /home/ubuntu/anaconda3/envs/tfgpu/lib/python3.13/site-packages/tensorflow/include/tensorflow/core/framework/op_def_builder.h:28,
                 from /home/ubuntu/anaconda3/envs/tfgpu/lib/python3.13/site-packages/tensorflow/include/tensorflow/core/framework/full_type_inference_util.h:24,
                 from /home/ubuntu/anaconda3/envs/tfgpu/lib/python3.13/site-packages/tensorflow/include/tensorflow/core/framework/op.h:27,
                 from /tmp/bayesfilter-hmc-v7-merge-20261005/bayesfilter/ops/symmetric_sylvester_op.cc:13:
/home/ubuntu/anaconda3/envs/tfgpu/lib/python3.13/site-packages/tensorflow/include/tensorflow/core/platform/stringpiece.h:39:7: note: declared here
   39 | using StringPiece ABSL_DEPRECATE_AND_INLINE() = absl::string_view;
      |       ^~~~~~~~~~~
In file included from /home/ubuntu/anaconda3/envs/tfgpu/lib/python3.13/site-packages/tensorflow/include/xla/tsl/platform/default/logging.h:37,
                 from /home/ubuntu/anaconda3/envs/tfgpu/lib/python3.13/site-packages/tensorflow/include/xla/tsl/platform/logging.h:26,
                 from /home/ubuntu/anaconda3/envs/tfgpu/lib/python3.13/site-packages/tensorflow/include/tsl/platform/refcount.h:23,
                 from /home/ubuntu/anaconda3/envs/tfgpu/lib/python3.13/site-packages/tensorflow/include/tensorflow/core/platform/refcount.h:20,
                 from /home/ubuntu/anaconda3/envs/tfgpu/lib/python3.13/site-packages/tensorflow/include/tensorflow/core/lib/core/refcount.h:19,
                 from /home/ubuntu/anaconda3/envs/tfgpu/lib/python3.13/site-packages/tensorflow/include/tensorflow/core/framework/resource_base.h:24,
                 from /home/ubuntu/anaconda3/envs/tfgpu/lib/python3.13/site-packages/tensorflow/include/tensorflow/core/framework/resource_handle.h:22,
                 from /home/ubuntu/anaconda3/envs/tfgpu/lib/python3.13/site-packages/tensorflow/include/tensorflow/core/framework/types.h:30,
                 from /home/ubuntu/anaconda3/envs/tfgpu/lib/python3.13/site-packages/tensorflow/include/tensorflow/core/framework/op_def_builder.h:28,
                 from /home/ubuntu/anaconda3/envs/tfgpu/lib/python3.13/site-packages/tensorflow/include/tensorflow/core/framework/full_type_inference_util.h:24,
                 from /home/ubuntu/anaconda3/envs/tfgpu/lib/python3.13/site-packages/tensorflow/include/tensorflow/core/framework/op.h:27,
                 from /tmp/bayesfilter-hmc-v7-merge-20261005/bayesfilter/ops/symmetric_sylvester_op.cc:13:
/home/ubuntu/anaconda3/envs/tfgpu/lib/python3.13/site-packages/tensorflow/include/xla/tsl/platform/macros.h:24:55: warning: ‘using StringPiece = using string_view = class std::basic_string_view<char>’ is deprecated [-Wdeprecated-declarations]
   24 | #define TF_ATTRIBUTE_NOINLINE __attribute__((noinline))
      |                                                       ^
/home/ubuntu/anaconda3/envs/tfgpu/lib/python3.13/site-packages/tensorflow/include/tensorflow/core/framework/op_kernel.h:322:40: note: in expansion of macro ‘TF_ATTRIBUTE_NOINLINE’
  322 |                        T* value) const TF_ATTRIBUTE_NOINLINE;
      |                                        ^~~~~~~~~~~~~~~~~~~~~
In file included from /home/ubuntu/anaconda3/envs/tfgpu/lib/python3.13/site-packages/tensorflow/include/tensorflow/core/platform/tstring.h:21,
                 from /home/ubuntu/anaconda3/envs/tfgpu/lib/python3.13/site-packages/tensorflow/include/tensorflow/core/platform/types.h:25,
                 from /home/ubuntu/anaconda3/envs/tfgpu/lib/python3.13/site-packages/tensorflow/include/tensorflow/core/framework/numeric_types.h:25,
                 from /home/ubuntu/anaconda3/envs/tfgpu/lib/python3.13/site-packages/tensorflow/include/tensorflow/core/framework/bfloat16.h:19,
                 from /home/ubuntu/anaconda3/envs/tfgpu/lib/python3.13/site-packages/tensorflow/include/tensorflow/core/framework/types.h:27,
                 from /home/ubuntu/anaconda3/envs/tfgpu/lib/python3.13/site-packages/tensorflow/include/tensorflow/core/framework/op_def_builder.h:28,
                 from /home/ubuntu/anaconda3/envs/tfgpu/lib/python3.13/site-packages/tensorflow/include/tensorflow/core/framework/full_type_inference_util.h:24,
                 from /home/ubuntu/anaconda3/envs/tfgpu/lib/python3.13/site-packages/tensorflow/include/tensorflow/core/framework/op.h:27,
                 from /tmp/bayesfilter-hmc-v7-merge-20261005/bayesfilter/ops/symmetric_sylvester_op.cc:13:
/home/ubuntu/anaconda3/envs/tfgpu/lib/python3.13/site-packages/tensorflow/include/tensorflow/core/platform/stringpiece.h:39:7: note: declared here
   39 | using StringPiece ABSL_DEPRECATE_AND_INLINE() = absl::string_view;
      |       ^~~~~~~~~~~
In file included from /tmp/bayesfilter-hmc-v7-merge-20261005/bayesfilter/ops/symmetric_sylvester_op.cc:14:
/home/ubuntu/anaconda3/envs/tfgpu/lib/python3.13/site-packages/tensorflow/include/tensorflow/core/framework/op_kernel.h:325:39: warning: ‘using StringPiece = using string_view = class std::basic_string_view<char>’ is deprecated [-Wdeprecated-declarations]
  325 |   bool HasAttr(StringPiece attr_name) const;
      |                                       ^~~~~
In file included from /home/ubuntu/anaconda3/envs/tfgpu/lib/python3.13/site-packages/tensorflow/include/tensorflow/core/platform/tstring.h:21,
                 from /home/ubuntu/anaconda3/envs/tfgpu/lib/python3.13/site-packages/tensorflow/include/tensorflow/core/platform/types.h:25,
                 from /home/ubuntu/anaconda3/envs/tfgpu/lib/python3.13/site-packages/tensorflow/include/tensorflow/core/framework/numeric_types.h:25,
                 from /home/ubuntu/anaconda3/envs/tfgpu/lib/python3.13/site-packages/tensorflow/include/tensorflow/core/framework/bfloat16.h:19,
                 from /home/ubuntu/anaconda3/envs/tfgpu/lib/python3.13/site-packages/tensorflow/include/tensorflow/core/framework/types.h:27,
                 from /home/ubuntu/anaconda3/envs/tfgpu/lib/python3.13/site-packages/tensorflow/include/tensorflow/core/framework/op_def_builder.h:28,
                 from /home/ubuntu/anaconda3/envs/tfgpu/lib/python3.13/site-packages/tensorflow/include/tensorflow/core/framework/full_type_inference_util.h:24,
                 from /home/ubuntu/anaconda3/envs/tfgpu/lib/python3.13/site-packages/tensorflow/include/tensorflow/core/framework/op.h:27,
                 from /tmp/bayesfilter-hmc-v7-merge-20261005/bayesfilter/ops/symmetric_sylvester_op.cc:13:
/home/ubuntu/anaconda3/envs/tfgpu/lib/python3.13/site-packages/tensorflow/include/tensorflow/core/platform/stringpiece.h:39:7: note: declared here
   39 | using StringPiece ABSL_DEPRECATE_AND_INLINE() = absl::string_view;
      |       ^~~~~~~~~~~
In file included from /tmp/bayesfilter-hmc-v7-merge-20261005/bayesfilter/ops/symmetric_sylvester_op.cc:14:
/home/ubuntu/anaconda3/envs/tfgpu/lib/python3.13/site-packages/tensorflow/include/tensorflow/core/framework/op_kernel.h:456:25: warning: ‘mutex’ is deprecated: Use absl::Mutex instead. [-Wdeprecated-declarations]
  456 |   mutex* ref_mutex(int i);
      |                         ^
In file included from /home/ubuntu/anaconda3/envs/tfgpu/lib/python3.13/site-packages/tensorflow/include/tensorflow/core/platform/mutex.h:22,
                 from /home/ubuntu/anaconda3/envs/tfgpu/lib/python3.13/site-packages/tensorflow/include/tensorflow/core/platform/refcount.h:19,
                 from /home/ubuntu/anaconda3/envs/tfgpu/lib/python3.13/site-packages/tensorflow/include/tensorflow/core/lib/core/refcount.h:19,
                 from /home/ubuntu/anaconda3/envs/tfgpu/lib/python3.13/site-packages/tensorflow/include/tensorflow/core/framework/resource_base.h:24,
                 from /home/ubuntu/anaconda3/envs/tfgpu/lib/python3.13/site-packages/tensorflow/include/tensorflow/core/framework/resource_handle.h:22,
                 from /home/ubuntu/anaconda3/envs/tfgpu/lib/python3.13/site-packages/tensorflow/include/tensorflow/core/framework/types.h:30,
                 from /home/ubuntu/anaconda3/envs/tfgpu/lib/python3.13/site-packages/tensorflow/include/tensorflow/core/framework/op_def_builder.h:28,
                 from /home/ubuntu/anaconda3/envs/tfgpu/lib/python3.13/site-packages/tensorflow/include/tensorflow/core/framework/full_type_inference_util.h:24,
                 from /home/ubuntu/anaconda3/envs/tfgpu/lib/python3.13/site-packages/tensorflow/include/tensorflow/core/framework/op.h:27,
                 from /tmp/bayesfilter-hmc-v7-merge-20261005/bayesfilter/ops/symmetric_sylvester_op.cc:13:
/home/ubuntu/anaconda3/envs/tfgpu/lib/python3.13/site-packages/tensorflow/include/tsl/platform/mutex.h:43:63: note: declared here
   43 | class TF_LOCKABLE ABSL_DEPRECATED("Use absl::Mutex instead.") mutex {
      |                                                               ^~~~~
In file included from /tmp/bayesfilter-hmc-v7-merge-20261005/bayesfilter/ops/symmetric_sylvester_op.cc:14:
/home/ubuntu/anaconda3/envs/tfgpu/lib/python3.13/site-packages/tensorflow/include/tensorflow/core/framework/op_kernel.h:482:56: warning: ‘mutex’ is deprecated: Use absl::Mutex instead. [-Wdeprecated-declarations]
  482 |   void set_ref(int i, mutex* mu, Tensor* tensor_for_ref);
      |                                                        ^
In file included from /home/ubuntu/anaconda3/envs/tfgpu/lib/python3.13/site-packages/tensorflow/include/tensorflow/core/platform/mutex.h:22,
                 from /home/ubuntu/anaconda3/envs/tfgpu/lib/python3.13/site-packages/tensorflow/include/tensorflow/core/platform/refcount.h:19,
                 from /home/ubuntu/anaconda3/envs/tfgpu/lib/python3.13/site-packages/tensorflow/include/tensorflow/core/lib/core/refcount.h:19,
                 from /home/ubuntu/anaconda3/envs/tfgpu/lib/python3.13/site-packages/tensorflow/include/tensorflow/core/framework/resource_base.h:24,
                 from /home/ubuntu/anaconda3/envs/tfgpu/lib/python3.13/site-packages/tensorflow/include/tensorflow/core/framework/resource_handle.h:22,
                 from /home/ubuntu/anaconda3/envs/tfgpu/lib/python3.13/site-packages/tensorflow/include/tensorflow/core/framework/types.h:30,
                 from /home/ubuntu/anaconda3/envs/tfgpu/lib/python3.13/site-packages/tensorflow/include/tensorflow/core/framework/op_def_builder.h:28,
                 from /home/ubuntu/anaconda3/envs/tfgpu/lib/python3.13/site-packages/tensorflow/include/tensorflow/core/framework/full_type_inference_util.h:24,
                 from /home/ubuntu/anaconda3/envs/tfgpu/lib/python3.13/site-packages/tensorflow/include/tensorflow/core/framework/op.h:27,
                 from /tmp/bayesfilter-hmc-v7-merge-20261005/bayesfilter/ops/symmetric_sylvester_op.cc:13:
/home/ubuntu/anaconda3/envs/tfgpu/lib/python3.13/site-packages/tensorflow/include/tsl/platform/mutex.h:43:63: note: declared here
   43 | class TF_LOCKABLE ABSL_DEPRECATED("Use absl::Mutex instead.") mutex {
      |                                                               ^~~~~
In file included from /tmp/bayesfilter-hmc-v7-merge-20261005/bayesfilter/ops/symmetric_sylvester_op.cc:14:
/home/ubuntu/anaconda3/envs/tfgpu/lib/python3.13/site-packages/tensorflow/include/tensorflow/core/framework/op_kernel.h:498:35: warning: ‘mutex’ is deprecated: Use absl::Mutex instead. [-Wdeprecated-declarations]
  498 |   TensorValue(mutex* mu, Tensor* t) : mutex_if_ref(mu), tensor(t) {}
      |                                   ^
In file included from /home/ubuntu/anaconda3/envs/tfgpu/lib/python3.13/site-packages/tensorflow/include/tensorflow/core/platform/mutex.h:22,
                 from /home/ubuntu/anaconda3/envs/tfgpu/lib/python3.13/site-packages/tensorflow/include/tensorflow/core/platform/refcount.h:19,
                 from /home/ubuntu/anaconda3/envs/tfgpu/lib/python3.13/site-packages/tensorflow/include/tensorflow/core/lib/core/refcount.h:19,
                 from /home/ubuntu/anaconda3/envs/tfgpu/lib/python3.13/site-packages/tensorflow/include/tensorflow/core/framework/resource_base.h:24,
                 from /home/ubuntu/anaconda3/envs/tfgpu/lib/python3.13/site-packages/tensorflow/include/tensorflow/core/framework/resource_handle.h:22,
                 from /home/ubuntu/anaconda3/envs/tfgpu/lib/python3.13/site-packages/tensorflow/include/tensorflow/core/framework/types.h:30,
                 from /home/ubuntu/anaconda3/envs/tfgpu/lib/python3.13/site-packages/tensorflow/include/tensorflow/core/framework/op_def_builder.h:28,
                 from /home/ubuntu/anaconda3/envs/tfgpu/lib/python3.13/site-packages/tensorflow/include/tensorflow/core/framework/full_type_inference_util.h:24,
                 from /home/ubuntu/anaconda3/envs/tfgpu/lib/python3.13/site-packages/tensorflow/include/tensorflow/core/framework/op.h:27,
                 from /tmp/bayesfilter-hmc-v7-merge-20261005/bayesfilter/ops/symmetric_sylvester_op.cc:13:
/home/ubuntu/anaconda3/envs/tfgpu/lib/python3.13/site-packages/tensorflow/include/tsl/platform/mutex.h:43:63: note: declared here
   43 | class TF_LOCKABLE ABSL_DEPRECATED("Use absl::Mutex instead.") mutex {
      |                                                               ^~~~~
In file included from /tmp/bayesfilter-hmc-v7-merge-20261005/bayesfilter/ops/symmetric_sylvester_op.cc:14:
/home/ubuntu/anaconda3/envs/tfgpu/lib/python3.13/site-packages/tensorflow/include/tensorflow/core/framework/op_kernel.h:524:10: warning: ‘mutex’ is deprecated: Use absl::Mutex instead. [-Wdeprecated-declarations]
  524 |   mutex* mutex_if_ref;  // nullptr if not a ref, != nullptr if a ref
      |          ^~~~~~~~~~~~
In file included from /home/ubuntu/anaconda3/envs/tfgpu/lib/python3.13/site-packages/tensorflow/include/tensorflow/core/platform/mutex.h:22,
                 from /home/ubuntu/anaconda3/envs/tfgpu/lib/python3.13/site-packages/tensorflow/include/tensorflow/core/platform/refcount.h:19,
                 from /home/ubuntu/anaconda3/envs/tfgpu/lib/python3.13/site-packages/tensorflow/include/tensorflow/core/lib/core/refcount.h:19,
                 from /home/ubuntu/anaconda3/envs/tfgpu/lib/python3.13/site-packages/tensorflow/include/tensorflow/core/framework/resource_base.h:24,
                 from /home/ubuntu/anaconda3/envs/tfgpu/lib/python3.13/site-packages/tensorflow/include/tensorflow/core/framework/resource_handle.h:22,
                 from /home/ubuntu/anaconda3/envs/tfgpu/lib/python3.13/site-packages/tensorflow/include/tensorflow/core/framework/types.h:30,
                 from /home/ubuntu/anaconda3/envs/tfgpu/lib/python3.13/site-packages/tensorflow/include/tensorflow/core/framework/op_def_builder.h:28,
                 from /home/ubuntu/anaconda3/envs/tfgpu/lib/python3.13/site-packages/tensorflow/include/tensorflow/core/framework/full_type_inference_util.h:24,
                 from /home/ubuntu/anaconda3/envs/tfgpu/lib/python3.13/site-packages/tensorflow/include/tensorflow/core/framework/op.h:27,
                 from /tmp/bayesfilter-hmc-v7-merge-20261005/bayesfilter/ops/symmetric_sylvester_op.cc:13:
/home/ubuntu/anaconda3/envs/tfgpu/lib/python3.13/site-packages/tensorflow/include/tsl/platform/mutex.h:43:63: note: declared here
   43 | class TF_LOCKABLE ABSL_DEPRECATED("Use absl::Mutex instead.") mutex {
      |                                                               ^~~~~
In file included from /tmp/bayesfilter-hmc-v7-merge-20261005/bayesfilter/ops/symmetric_sylvester_op.cc:14:
/home/ubuntu/anaconda3/envs/tfgpu/lib/python3.13/site-packages/tensorflow/include/tensorflow/core/framework/op_kernel.h:530:9: warning: ‘mutex’ is deprecated: Use absl::Mutex instead. [-Wdeprecated-declarations]
  530 |   mutex mu;
      |         ^~
In file included from /home/ubuntu/anaconda3/envs/tfgpu/lib/python3.13/site-packages/tensorflow/include/tensorflow/core/platform/mutex.h:22,
                 from /home/ubuntu/anaconda3/envs/tfgpu/lib/python3.13/site-packages/tensorflow/include/tensorflow/core/platform/refcount.h:19,
                 from /home/ubuntu/anaconda3/envs/tfgpu/lib/python3.13/site-packages/tensorflow/include/tensorflow/core/lib/core/refcount.h:19,
                 from /home/ubuntu/anaconda3/envs/tfgpu/lib/python3.13/site-packages/tensorflow/include/tensorflow/core/framework/resource_base.h:24,
                 from /home/ubuntu/anaconda3/envs/tfgpu/lib/python3.13/site-packages/tensorflow/include/tensorflow/core/framework/resource_handle.h:22,
                 from /home/ubuntu/anaconda3/envs/tfgpu/lib/python3.13/site-packages/tensorflow/include/tensorflow/core/framework/types.h:30,
                 from /home/ubuntu/anaconda3/envs/tfgpu/lib/python3.13/site-packages/tensorflow/include/tensorflow/core/framework/op_def_builder.h:28,
                 from /home/ubuntu/anaconda3/envs/tfgpu/lib/python3.13/site-packages/tensorflow/include/tensorflow/core/framework/full_type_inference_util.h:24,
                 from /home/ubuntu/anaconda3/envs/tfgpu/lib/python3.13/site-packages/tensorflow/include/tensorflow/core/framework/op.h:27,
                 from /tmp/bayesfilter-hmc-v7-merge-20261005/bayesfilter/ops/symmetric_sylvester_op.cc:13:
/home/ubuntu/anaconda3/envs/tfgpu/lib/python3.13/site-packages/tensorflow/include/tsl/platform/mutex.h:43:63: note: declared here
   43 | class TF_LOCKABLE ABSL_DEPRECATED("Use absl::Mutex instead.") mutex {
      |                                                               ^~~~~
In file included from /tmp/bayesfilter-hmc-v7-merge-20261005/bayesfilter/ops/symmetric_sylvester_op.cc:14:
/home/ubuntu/anaconda3/envs/tfgpu/lib/python3.13/site-packages/tensorflow/include/tensorflow/core/framework/op_kernel.h:736:63: warning: ‘using StringPiece = using string_view = class std::basic_string_view<char>’ is deprecated [-Wdeprecated-declarations]
  736 |   absl::Status input_dtype(StringPiece name, DataType* dtype) const;
      |                                                               ^~~~~
In file included from /home/ubuntu/anaconda3/envs/tfgpu/lib/python3.13/site-packages/tensorflow/include/tensorflow/core/platform/tstring.h:21,
                 from /home/ubuntu/anaconda3/envs/tfgpu/lib/python3.13/site-packages/tensorflow/include/tensorflow/core/platform/types.h:25,
                 from /home/ubuntu/anaconda3/envs/tfgpu/lib/python3.13/site-packages/tensorflow/include/tensorflow/core/framework/numeric_types.h:25,
                 from /home/ubuntu/anaconda3/envs/tfgpu/lib/python3.13/site-packages/tensorflow/include/tensorflow/core/framework/bfloat16.h:19,
                 from /home/ubuntu/anaconda3/envs/tfgpu/lib/python3.13/site-packages/tensorflow/include/tensorflow/core/framework/types.h:27,
                 from /home/ubuntu/anaconda3/envs/tfgpu/lib/python3.13/site-packages/tensorflow/include/tensorflow/core/framework/op_def_builder.h:28,
                 from /home/ubuntu/anaconda3/envs/tfgpu/lib/python3.13/site-packages/tensorflow/include/tensorflow/core/framework/full_type_inference_util.h:24,
                 from /home/ubuntu/anaconda3/envs/tfgpu/lib/python3.13/site-packages/tensorflow/include/tensorflow/core/framework/op.h:27,
                 from /tmp/bayesfilter-hmc-v7-merge-20261005/bayesfilter/ops/symmetric_sylvester_op.cc:13:
/home/ubuntu/anaconda3/envs/tfgpu/lib/python3.13/site-packages/tensorflow/include/tensorflow/core/platform/stringpiece.h:39:7: note: declared here
   39 | using StringPiece ABSL_DEPRECATE_AND_INLINE() = absl::string_view;
      |       ^~~~~~~~~~~
In file included from /tmp/bayesfilter-hmc-v7-merge-20261005/bayesfilter/ops/symmetric_sylvester_op.cc:14:
/home/ubuntu/anaconda3/envs/tfgpu/lib/python3.13/site-packages/tensorflow/include/tensorflow/core/framework/op_kernel.h:761:61: warning: ‘using StringPiece = using string_view = class std::basic_string_view<char>’ is deprecated [-Wdeprecated-declarations]
  761 |   absl::Status input(StringPiece name, const Tensor** tensor);
      |                                                             ^
In file included from /home/ubuntu/anaconda3/envs/tfgpu/lib/python3.13/site-packages/tensorflow/include/tensorflow/core/platform/tstring.h:21,
                 from /home/ubuntu/anaconda3/envs/tfgpu/lib/python3.13/site-packages/tensorflow/include/tensorflow/core/platform/types.h:25,
                 from /home/ubuntu/anaconda3/envs/tfgpu/lib/python3.13/site-packages/tensorflow/include/tensorflow/core/framework/numeric_types.h:25,
                 from /home/ubuntu/anaconda3/envs/tfgpu/lib/python3.13/site-packages/tensorflow/include/tensorflow/core/framework/bfloat16.h:19,
                 from /home/ubuntu/anaconda3/envs/tfgpu/lib/python3.13/site-packages/tensorflow/include/tensorflow/core/framework/types.h:27,
                 from /home/ubuntu/anaconda3/envs/tfgpu/lib/python3.13/site-packages/tensorflow/include/tensorflow/core/framework/op_def_builder.h:28,
                 from /home/ubuntu/anaconda3/envs/tfgpu/lib/python3.13/site-packages/tensorflow/include/tensorflow/core/framework/full_type_inference_util.h:24,
                 from /home/ubuntu/anaconda3/envs/tfgpu/lib/python3.13/site-packages/tensorflow/include/tensorflow/core/framework/op.h:27,
                 from /tmp/bayesfilter-hmc-v7-merge-20261005/bayesfilter/ops/symmetric_sylvester_op.cc:13:
/home/ubuntu/anaconda3/envs/tfgpu/lib/python3.13/site-packages/tensorflow/include/tensorflow/core/platform/stringpiece.h:39:7: note: declared here
   39 | using StringPiece ABSL_DEPRECATE_AND_INLINE() = absl::string_view;
      |       ^~~~~~~~~~~
In file included from /tmp/bayesfilter-hmc-v7-merge-20261005/bayesfilter/ops/symmetric_sylvester_op.cc:14:
/home/ubuntu/anaconda3/envs/tfgpu/lib/python3.13/site-packages/tensorflow/include/tensorflow/core/framework/op_kernel.h:768:62: warning: ‘using StringPiece = using string_view = class std::basic_string_view<char>’ is deprecated [-Wdeprecated-declarations]
  768 |   absl::Status input_list(StringPiece name, OpInputList* list);
      |                                                              ^
In file included from /home/ubuntu/anaconda3/envs/tfgpu/lib/python3.13/site-packages/tensorflow/include/tensorflow/core/platform/tstring.h:21,
                 from /home/ubuntu/anaconda3/envs/tfgpu/lib/python3.13/site-packages/tensorflow/include/tensorflow/core/platform/types.h:25,
                 from /home/ubuntu/anaconda3/envs/tfgpu/lib/python3.13/site-packages/tensorflow/include/tensorflow/core/framework/numeric_types.h:25,
                 from /home/ubuntu/anaconda3/envs/tfgpu/lib/python3.13/site-packages/tensorflow/include/tensorflow/core/framework/bfloat16.h:19,
                 from /home/ubuntu/anaconda3/envs/tfgpu/lib/python3.13/site-packages/tensorflow/include/tensorflow/core/framework/types.h:27,
                 from /home/ubuntu/anaconda3/envs/tfgpu/lib/python3.13/site-packages/tensorflow/include/tensorflow/core/framework/op_def_builder.h:28,
                 from /home/ubuntu/anaconda3/envs/tfgpu/lib/python3.13/site-packages/tensorflow/include/tensorflow/core/framework/full_type_inference_util.h:24,
                 from /home/ubuntu/anaconda3/envs/tfgpu/lib/python3.13/site-packages/tensorflow/include/tensorflow/core/framework/op.h:27,
                 from /tmp/bayesfilter-hmc-v7-merge-20261005/bayesfilter/ops/symmetric_sylvester_op.cc:13:
/home/ubuntu/anaconda3/envs/tfgpu/lib/python3.13/site-packages/tensorflow/include/tensorflow/core/platform/stringpiece.h:39:7: note: declared here
   39 | using StringPiece ABSL_DEPRECATE_AND_INLINE() = absl::string_view;
      |       ^~~~~~~~~~~
In file included from /tmp/bayesfilter-hmc-v7-merge-20261005/bayesfilter/ops/symmetric_sylvester_op.cc:14:
/home/ubuntu/anaconda3/envs/tfgpu/lib/python3.13/site-packages/tensorflow/include/tensorflow/core/framework/op_kernel.h:778:67: warning: ‘using StringPiece = using string_view = class std::basic_string_view<char>’ is deprecated [-Wdeprecated-declarations]
  778 |   absl::Status input_ref_mutex(StringPiece name, mutex** out_mutex);
      |                                                                   ^
In file included from /home/ubuntu/anaconda3/envs/tfgpu/lib/python3.13/site-packages/tensorflow/include/tensorflow/core/platform/tstring.h:21,
                 from /home/ubuntu/anaconda3/envs/tfgpu/lib/python3.13/site-packages/tensorflow/include/tensorflow/core/platform/types.h:25,
                 from /home/ubuntu/anaconda3/envs/tfgpu/lib/python3.13/site-packages/tensorflow/include/tensorflow/core/framework/numeric_types.h:25,
                 from /home/ubuntu/anaconda3/envs/tfgpu/lib/python3.13/site-packages/tensorflow/include/tensorflow/core/framework/bfloat16.h:19,
                 from /home/ubuntu/anaconda3/envs/tfgpu/lib/python3.13/site-packages/tensorflow/include/tensorflow/core/framework/types.h:27,
                 from /home/ubuntu/anaconda3/envs/tfgpu/lib/python3.13/site-packages/tensorflow/include/tensorflow/core/framework/op_def_builder.h:28,
                 from /home/ubuntu/anaconda3/envs/tfgpu/lib/python3.13/site-packages/tensorflow/include/tensorflow/core/framework/full_type_inference_util.h:24,
                 from /home/ubuntu/anaconda3/envs/tfgpu/lib/python3.13/site-packages/tensorflow/include/tensorflow/core/framework/op.h:27,
                 from /tmp/bayesfilter-hmc-v7-merge-20261005/bayesfilter/ops/symmetric_sylvester_op.cc:13:
/home/ubuntu/anaconda3/envs/tfgpu/lib/python3.13/site-packages/tensorflow/include/tensorflow/core/platform/stringpiece.h:39:7: note: declared here
   39 | using StringPiece ABSL_DEPRECATE_AND_INLINE() = absl::string_view;
      |       ^~~~~~~~~~~
In file included from /tmp/bayesfilter-hmc-v7-merge-20261005/bayesfilter/ops/symmetric_sylvester_op.cc:14:
/home/ubuntu/anaconda3/envs/tfgpu/lib/python3.13/site-packages/tensorflow/include/tensorflow/core/framework/op_kernel.h:778:67: warning: ‘mutex’ is deprecated: Use absl::Mutex instead. [-Wdeprecated-declarations]
  778 |   absl::Status input_ref_mutex(StringPiece name, mutex** out_mutex);
      |                                                                   ^
In file included from /home/ubuntu/anaconda3/envs/tfgpu/lib/python3.13/site-packages/tensorflow/include/tensorflow/core/platform/mutex.h:22,
                 from /home/ubuntu/anaconda3/envs/tfgpu/lib/python3.13/site-packages/tensorflow/include/tensorflow/core/platform/refcount.h:19,
                 from /home/ubuntu/anaconda3/envs/tfgpu/lib/python3.13/site-packages/tensorflow/include/tensorflow/core/lib/core/refcount.h:19,
                 from /home/ubuntu/anaconda3/envs/tfgpu/lib/python3.13/site-packages/tensorflow/include/tensorflow/core/framework/resource_base.h:24,
                 from /home/ubuntu/anaconda3/envs/tfgpu/lib/python3.13/site-packages/tensorflow/include/tensorflow/core/framework/resource_handle.h:22,
                 from /home/ubuntu/anaconda3/envs/tfgpu/lib/python3.13/site-packages/tensorflow/include/tensorflow/core/framework/types.h:30,
                 from /home/ubuntu/anaconda3/envs/tfgpu/lib/python3.13/site-packages/tensorflow/include/tensorflow/core/framework/op_def_builder.h:28,
                 from /home/ubuntu/anaconda3/envs/tfgpu/lib/python3.13/site-packages/tensorflow/include/tensorflow/core/framework/full_type_inference_util.h:24,
                 from /home/ubuntu/anaconda3/envs/tfgpu/lib/python3.13/site-packages/tensorflow/include/tensorflow/core/framework/op.h:27,
                 from /tmp/bayesfilter-hmc-v7-merge-20261005/bayesfilter/ops/symmetric_sylvester_op.cc:13:
/home/ubuntu/anaconda3/envs/tfgpu/lib/python3.13/site-packages/tensorflow/include/tsl/platform/mutex.h:43:63: note: declared here
   43 | class TF_LOCKABLE ABSL_DEPRECATED("Use absl::Mutex instead.") mutex {
      |                                                               ^~~~~
In file included from /tmp/bayesfilter-hmc-v7-merge-20261005/bayesfilter/ops/symmetric_sylvester_op.cc:14:
/home/ubuntu/anaconda3/envs/tfgpu/lib/python3.13/site-packages/tensorflow/include/tensorflow/core/framework/op_kernel.h:796:78: warning: ‘using StringPiece = using string_view = class std::basic_string_view<char>’ is deprecated [-Wdeprecated-declarations]
  796 |   absl::Status mutable_input(StringPiece name, Tensor* tensor, bool lock_held);
      |                                                                              ^
In file included from /home/ubuntu/anaconda3/envs/tfgpu/lib/python3.13/site-packages/tensorflow/include/tensorflow/core/platform/tstring.h:21,
                 from /home/ubuntu/anaconda3/envs/tfgpu/lib/python3.13/site-packages/tensorflow/include/tensorflow/core/platform/types.h:25,
                 from /home/ubuntu/anaconda3/envs/tfgpu/lib/python3.13/site-packages/tensorflow/include/tensorflow/core/framework/numeric_types.h:25,
                 from /home/ubuntu/anaconda3/envs/tfgpu/lib/python3.13/site-packages/tensorflow/include/tensorflow/core/framework/bfloat16.h:19,
                 from /home/ubuntu/anaconda3/envs/tfgpu/lib/python3.13/site-packages/tensorflow/include/tensorflow/core/framework/types.h:27,
                 from /home/ubuntu/anaconda3/envs/tfgpu/lib/python3.13/site-packages/tensorflow/include/tensorflow/core/framework/op_def_builder.h:28,
                 from /home/ubuntu/anaconda3/envs/tfgpu/lib/python3.13/site-packages/tensorflow/include/tensorflow/core/framework/full_type_inference_util.h:24,
                 from /home/ubuntu/anaconda3/envs/tfgpu/lib/python3.13/site-packages/tensorflow/include/tensorflow/core/framework/op.h:27,
                 from /tmp/bayesfilter-hmc-v7-merge-20261005/bayesfilter/ops/symmetric_sylvester_op.cc:13:
/home/ubuntu/anaconda3/envs/tfgpu/lib/python3.13/site-packages/tensorflow/include/tensorflow/core/platform/stringpiece.h:39:7: note: declared here
   39 | using StringPiece ABSL_DEPRECATE_AND_INLINE() = absl::string_view;
      |       ^~~~~~~~~~~
In file included from /tmp/bayesfilter-hmc-v7-merge-20261005/bayesfilter/ops/symmetric_sylvester_op.cc:14:
/home/ubuntu/anaconda3/envs/tfgpu/lib/python3.13/site-packages/tensorflow/include/tensorflow/core/framework/op_kernel.h:804:77: warning: ‘using StringPiece = using string_view = class std::basic_string_view<char>’ is deprecated [-Wdeprecated-declarations]
  804 |   absl::Status mutable_input_list(StringPiece name, OpMutableInputList* list);
      |                                                                             ^
In file included from /home/ubuntu/anaconda3/envs/tfgpu/lib/python3.13/site-packages/tensorflow/include/tensorflow/core/platform/tstring.h:21,
                 from /home/ubuntu/anaconda3/envs/tfgpu/lib/python3.13/site-packages/tensorflow/include/tensorflow/core/platform/types.h:25,
                 from /home/ubuntu/anaconda3/envs/tfgpu/lib/python3.13/site-packages/tensorflow/include/tensorflow/core/framework/numeric_types.h:25,
                 from /home/ubuntu/anaconda3/envs/tfgpu/lib/python3.13/site-packages/tensorflow/include/tensorflow/core/framework/bfloat16.h:19,
                 from /home/ubuntu/anaconda3/envs/tfgpu/lib/python3.13/site-packages/tensorflow/include/tensorflow/core/framework/types.h:27,
                 from /home/ubuntu/anaconda3/envs/tfgpu/lib/python3.13/site-packages/tensorflow/include/tensorflow/core/framework/op_def_builder.h:28,
                 from /home/ubuntu/anaconda3/envs/tfgpu/lib/python3.13/site-packages/tensorflow/include/tensorflow/core/framework/full_type_inference_util.h:24,
                 from /home/ubuntu/anaconda3/envs/tfgpu/lib/python3.13/site-packages/tensorflow/include/tensorflow/core/framework/op.h:27,
                 from /tmp/bayesfilter-hmc-v7-merge-20261005/bayesfilter/ops/symmetric_sylvester_op.cc:13:
/home/ubuntu/anaconda3/envs/tfgpu/lib/python3.13/site-packages/tensorflow/include/tensorflow/core/platform/stringpiece.h:39:7: note: declared here
   39 | using StringPiece ABSL_DEPRECATE_AND_INLINE() = absl::string_view;
      |       ^~~~~~~~~~~
In file included from /tmp/bayesfilter-hmc-v7-merge-20261005/bayesfilter/ops/symmetric_sylvester_op.cc:14:
/home/ubuntu/anaconda3/envs/tfgpu/lib/python3.13/site-packages/tensorflow/include/tensorflow/core/framework/op_kernel.h:817:48: warning: ‘using StringPiece = using string_view = class std::basic_string_view<char>’ is deprecated [-Wdeprecated-declarations]
  817 |                                  bool lock_held);
      |                                                ^
In file included from /home/ubuntu/anaconda3/envs/tfgpu/lib/python3.13/site-packages/tensorflow/include/tensorflow/core/platform/tstring.h:21,
                 from /home/ubuntu/anaconda3/envs/tfgpu/lib/python3.13/site-packages/tensorflow/include/tensorflow/core/platform/types.h:25,
                 from /home/ubuntu/anaconda3/envs/tfgpu/lib/python3.13/site-packages/tensorflow/include/tensorflow/core/framework/numeric_types.h:25,
                 from /home/ubuntu/anaconda3/envs/tfgpu/lib/python3.13/site-packages/tensorflow/include/tensorflow/core/framework/bfloat16.h:19,
                 from /home/ubuntu/anaconda3/envs/tfgpu/lib/python3.13/site-packages/tensorflow/include/tensorflow/core/framework/types.h:27,
                 from /home/ubuntu/anaconda3/envs/tfgpu/lib/python3.13/site-packages/tensorflow/include/tensorflow/core/framework/op_def_builder.h:28,
                 from /home/ubuntu/anaconda3/envs/tfgpu/lib/python3.13/site-packages/tensorflow/include/tensorflow/core/framework/full_type_inference_util.h:24,
                 from /home/ubuntu/anaconda3/envs/tfgpu/lib/python3.13/site-packages/tensorflow/include/tensorflow/core/framework/op.h:27,
                 from /tmp/bayesfilter-hmc-v7-merge-20261005/bayesfilter/ops/symmetric_sylvester_op.cc:13:
/home/ubuntu/anaconda3/envs/tfgpu/lib/python3.13/site-packages/tensorflow/include/tensorflow/core/platform/stringpiece.h:39:7: note: declared here
   39 | using StringPiece ABSL_DEPRECATE_AND_INLINE() = absl::string_view;
      |       ^~~~~~~~~~~
In file included from /tmp/bayesfilter-hmc-v7-merge-20261005/bayesfilter/ops/symmetric_sylvester_op.cc:14:
/home/ubuntu/anaconda3/envs/tfgpu/lib/python3.13/site-packages/tensorflow/include/tensorflow/core/framework/op_kernel.h:869:55: warning: ‘using StringPiece = using string_view = class std::basic_string_view<char>’ is deprecated [-Wdeprecated-declarations]
  869 |       const TensorShape& output_shape, Tensor** output);
      |                                                       ^
In file included from /home/ubuntu/anaconda3/envs/tfgpu/lib/python3.13/site-packages/tensorflow/include/tensorflow/core/platform/tstring.h:21,
                 from /home/ubuntu/anaconda3/envs/tfgpu/lib/python3.13/site-packages/tensorflow/include/tensorflow/core/platform/types.h:25,
                 from /home/ubuntu/anaconda3/envs/tfgpu/lib/python3.13/site-packages/tensorflow/include/tensorflow/core/framework/numeric_types.h:25,
                 from /home/ubuntu/anaconda3/envs/tfgpu/lib/python3.13/site-packages/tensorflow/include/tensorflow/core/framework/bfloat16.h:19,
                 from /home/ubuntu/anaconda3/envs/tfgpu/lib/python3.13/site-packages/tensorflow/include/tensorflow/core/framework/types.h:27,
                 from /home/ubuntu/anaconda3/envs/tfgpu/lib/python3.13/site-packages/tensorflow/include/tensorflow/core/framework/op_def_builder.h:28,
                 from /home/ubuntu/anaconda3/envs/tfgpu/lib/python3.13/site-packages/tensorflow/include/tensorflow/core/framework/full_type_inference_util.h:24,
                 from /home/ubuntu/anaconda3/envs/tfgpu/lib/python3.13/site-packages/tensorflow/include/tensorflow/core/framework/op.h:27,
                 from /tmp/bayesfilter-hmc-v7-merge-20261005/bayesfilter/ops/symmetric_sylvester_op.cc:13:
/home/ubuntu/anaconda3/envs/tfgpu/lib/python3.13/site-packages/tensorflow/include/tensorflow/core/platform/stringpiece.h:39:7: note: declared here
   39 | using StringPiece ABSL_DEPRECATE_AND_INLINE() = absl::string_view;
      |       ^~~~~~~~~~~
In file included from /tmp/bayesfilter-hmc-v7-merge-20261005/bayesfilter/ops/symmetric_sylvester_op.cc:14:
/home/ubuntu/anaconda3/envs/tfgpu/lib/python3.13/site-packages/tensorflow/include/tensorflow/core/framework/op_kernel.h:869:55: warning: ‘using StringPiece = using string_view = class std::basic_string_view<char>’ is deprecated [-Wdeprecated-declarations]
  869 |       const TensorShape& output_shape, Tensor** output);
      |                                                       ^
In file included from /home/ubuntu/anaconda3/envs/tfgpu/lib/python3.13/site-packages/tensorflow/include/tensorflow/core/platform/tstring.h:21,
                 from /home/ubuntu/anaconda3/envs/tfgpu/lib/python3.13/site-packages/tensorflow/include/tensorflow/core/platform/types.h:25,
                 from /home/ubuntu/anaconda3/envs/tfgpu/lib/python3.13/site-packages/tensorflow/include/tensorflow/core/framework/numeric_types.h:25,
                 from /home/ubuntu/anaconda3/envs/tfgpu/lib/python3.13/site-packages/tensorflow/include/tensorflow/core/framework/bfloat16.h:19,
                 from /home/ubuntu/anaconda3/envs/tfgpu/lib/python3.13/site-packages/tensorflow/include/tensorflow/core/framework/types.h:27,
                 from /home/ubuntu/anaconda3/envs/tfgpu/lib/python3.13/site-packages/tensorflow/include/tensorflow/core/framework/op_def_builder.h:28,
                 from /home/ubuntu/anaconda3/envs/tfgpu/lib/python3.13/site-packages/tensorflow/include/tensorflow/core/framework/full_type_inference_util.h:24,
                 from /home/ubuntu/anaconda3/envs/tfgpu/lib/python3.13/site-packages/tensorflow/include/tensorflow/core/framework/op.h:27,
                 from /tmp/bayesfilter-hmc-v7-merge-20261005/bayesfilter/ops/symmetric_sylvester_op.cc:13:
/home/ubuntu/anaconda3/envs/tfgpu/lib/python3.13/site-packages/tensorflow/include/tensorflow/core/platform/stringpiece.h:39:7: note: declared here
   39 | using StringPiece ABSL_DEPRECATE_AND_INLINE() = absl::string_view;
      |       ^~~~~~~~~~~
In file included from /tmp/bayesfilter-hmc-v7-merge-20261005/bayesfilter/ops/symmetric_sylvester_op.cc:14:
/home/ubuntu/anaconda3/envs/tfgpu/lib/python3.13/site-packages/tensorflow/include/tensorflow/core/framework/op_kernel.h:915:24: warning: ‘using StringPiece = using string_view = class std::basic_string_view<char>’ is deprecated [-Wdeprecated-declarations]
  915 |       absl::Span<const StringPiece> candidate_input_names,
      |                        ^~~~~~~~~~~
In file included from /home/ubuntu/anaconda3/envs/tfgpu/lib/python3.13/site-packages/tensorflow/include/tensorflow/core/platform/tstring.h:21,
                 from /home/ubuntu/anaconda3/envs/tfgpu/lib/python3.13/site-packages/tensorflow/include/tensorflow/core/platform/types.h:25,
                 from /home/ubuntu/anaconda3/envs/tfgpu/lib/python3.13/site-packages/tensorflow/include/tensorflow/core/framework/numeric_types.h:25,
                 from /home/ubuntu/anaconda3/envs/tfgpu/lib/python3.13/site-packages/tensorflow/include/tensorflow/core/framework/bfloat16.h:19,
                 from /home/ubuntu/anaconda3/envs/tfgpu/lib/python3.13/site-packages/tensorflow/include/tensorflow/core/framework/types.h:27,
                 from /home/ubuntu/anaconda3/envs/tfgpu/lib/python3.13/site-packages/tensorflow/include/tensorflow/core/framework/op_def_builder.h:28,
                 from /home/ubuntu/anaconda3/envs/tfgpu/lib/python3.13/site-packages/tensorflow/include/tensorflow/core/framework/full_type_inference_util.h:24,
                 from /home/ubuntu/anaconda3/envs/tfgpu/lib/python3.13/site-packages/tensorflow/include/tensorflow/core/framework/op.h:27,
                 from /tmp/bayesfilter-hmc-v7-merge-20261005/bayesfilter/ops/symmetric_sylvester_op.cc:13:
/home/ubuntu/anaconda3/envs/tfgpu/lib/python3.13/site-packages/tensorflow/include/tensorflow/core/platform/stringpiece.h:39:7: note: declared here
   39 | using StringPiece ABSL_DEPRECATE_AND_INLINE() = absl::string_view;
      |       ^~~~~~~~~~~
In file included from /tmp/bayesfilter-hmc-v7-merge-20261005/bayesfilter/ops/symmetric_sylvester_op.cc:14:
/home/ubuntu/anaconda3/envs/tfgpu/lib/python3.13/site-packages/tensorflow/include/tensorflow/core/framework/op_kernel.h:917:22: warning: ‘using StringPiece = using string_view = class std::basic_string_view<char>’ is deprecated [-Wdeprecated-declarations]
  917 |       Tensor** output);
      |                      ^
In file included from /home/ubuntu/anaconda3/envs/tfgpu/lib/python3.13/site-packages/tensorflow/include/tensorflow/core/platform/tstring.h:21,
                 from /home/ubuntu/anaconda3/envs/tfgpu/lib/python3.13/site-packages/tensorflow/include/tensorflow/core/platform/types.h:25,
                 from /home/ubuntu/anaconda3/envs/tfgpu/lib/python3.13/site-packages/tensorflow/include/tensorflow/core/framework/numeric_types.h:25,
                 from /home/ubuntu/anaconda3/envs/tfgpu/lib/python3.13/site-packages/tensorflow/include/tensorflow/core/framework/bfloat16.h:19,
                 from /home/ubuntu/anaconda3/envs/tfgpu/lib/python3.13/site-packages/tensorflow/include/tensorflow/core/framework/types.h:27,
                 from /home/ubuntu/anaconda3/envs/tfgpu/lib/python3.13/site-packages/tensorflow/include/tensorflow/core/framework/op_def_builder.h:28,
                 from /home/ubuntu/anaconda3/envs/tfgpu/lib/python3.13/site-packages/tensorflow/include/tensorflow/core/framework/full_type_inference_util.h:24,
                 from /home/ubuntu/anaconda3/envs/tfgpu/lib/python3.13/site-packages/tensorflow/include/tensorflow/core/framework/op.h:27,
                 from /tmp/bayesfilter-hmc-v7-merge-20261005/bayesfilter/ops/symmetric_sylvester_op.cc:13:
/home/ubuntu/anaconda3/envs/tfgpu/lib/python3.13/site-packages/tensorflow/include/tensorflow/core/platform/stringpiece.h:39:7: note: declared here
   39 | using StringPiece ABSL_DEPRECATE_AND_INLINE() = absl::string_view;
      |       ^~~~~~~~~~~
In file included from /tmp/bayesfilter-hmc-v7-merge-20261005/bayesfilter/ops/symmetric_sylvester_op.cc:14:
/home/ubuntu/anaconda3/envs/tfgpu/lib/python3.13/site-packages/tensorflow/include/tensorflow/core/framework/op_kernel.h:938:64: warning: ‘using StringPiece = using string_view = class std::basic_string_view<char>’ is deprecated [-Wdeprecated-declarations]
  938 |   absl::Status output_list(StringPiece name, OpOutputList* list);
      |                                                                ^
In file included from /home/ubuntu/anaconda3/envs/tfgpu/lib/python3.13/site-packages/tensorflow/include/tensorflow/core/platform/tstring.h:21,
                 from /home/ubuntu/anaconda3/envs/tfgpu/lib/python3.13/site-packages/tensorflow/include/tensorflow/core/platform/types.h:25,
                 from /home/ubuntu/anaconda3/envs/tfgpu/lib/python3.13/site-packages/tensorflow/include/tensorflow/core/framework/numeric_types.h:25,
                 from /home/ubuntu/anaconda3/envs/tfgpu/lib/python3.13/site-packages/tensorflow/include/tensorflow/core/framework/bfloat16.h:19,
                 from /home/ubuntu/anaconda3/envs/tfgpu/lib/python3.13/site-packages/tensorflow/include/tensorflow/core/framework/types.h:27,
                 from /home/ubuntu/anaconda3/envs/tfgpu/lib/python3.13/site-packages/tensorflow/include/tensorflow/core/framework/op_def_builder.h:28,
                 from /home/ubuntu/anaconda3/envs/tfgpu/lib/python3.13/site-packages/tensorflow/include/tensorflow/core/framework/full_type_inference_util.h:24,
                 from /home/ubuntu/anaconda3/envs/tfgpu/lib/python3.13/site-packages/tensorflow/include/tensorflow/core/framework/op.h:27,
                 from /tmp/bayesfilter-hmc-v7-merge-20261005/bayesfilter/ops/symmetric_sylvester_op.cc:13:
/home/ubuntu/anaconda3/envs/tfgpu/lib/python3.13/site-packages/tensorflow/include/tensorflow/core/platform/stringpiece.h:39:7: note: declared here
   39 | using StringPiece ABSL_DEPRECATE_AND_INLINE() = absl::string_view;
      |       ^~~~~~~~~~~
In file included from /tmp/bayesfilter-hmc-v7-merge-20261005/bayesfilter/ops/symmetric_sylvester_op.cc:14:
/home/ubuntu/anaconda3/envs/tfgpu/lib/python3.13/site-packages/tensorflow/include/tensorflow/core/framework/op_kernel.h:1002:55: warning: ‘using StringPiece = using string_view = class std::basic_string_view<char>’ is deprecated [-Wdeprecated-declarations]
 1002 |                                        Tensor** tensor);
      |                                                       ^
In file included from /home/ubuntu/anaconda3/envs/tfgpu/lib/python3.13/site-packages/tensorflow/include/tensorflow/core/platform/tstring.h:21,
                 from /home/ubuntu/anaconda3/envs/tfgpu/lib/python3.13/site-packages/tensorflow/include/tensorflow/core/platform/types.h:25,
                 from /home/ubuntu/anaconda3/envs/tfgpu/lib/python3.13/site-packages/tensorflow/include/tensorflow/core/framework/numeric_types.h:25,
                 from /home/ubuntu/anaconda3/envs/tfgpu/lib/python3.13/site-packages/tensorflow/include/tensorflow/core/framework/bfloat16.h:19,
                 from /home/ubuntu/anaconda3/envs/tfgpu/lib/python3.13/site-packages/tensorflow/include/tensorflow/core/framework/types.h:27,
                 from /home/ubuntu/anaconda3/envs/tfgpu/lib/python3.13/site-packages/tensorflow/include/tensorflow/core/framework/op_def_builder.h:28,
                 from /home/ubuntu/anaconda3/envs/tfgpu/lib/python3.13/site-packages/tensorflow/include/tensorflow/core/framework/full_type_inference_util.h:24,
                 from /home/ubuntu/anaconda3/envs/tfgpu/lib/python3.13/site-packages/tensorflow/include/tensorflow/core/framework/op.h:27,
                 from /tmp/bayesfilter-hmc-v7-merge-20261005/bayesfilter/ops/symmetric_sylvester_op.cc:13:
/home/ubuntu/anaconda3/envs/tfgpu/lib/python3.13/site-packages/tensorflow/include/tensorflow/core/platform/stringpiece.h:39:7: note: declared here
   39 | using StringPiece ABSL_DEPRECATE_AND_INLINE() = absl::string_view;
      |       ^~~~~~~~~~~
In file included from /tmp/bayesfilter-hmc-v7-merge-20261005/bayesfilter/ops/symmetric_sylvester_op.cc:14:
/home/ubuntu/anaconda3/envs/tfgpu/lib/python3.13/site-packages/tensorflow/include/tensorflow/core/framework/op_kernel.h:1014:64: warning: ‘using StringPiece = using string_view = class std::basic_string_view<char>’ is deprecated [-Wdeprecated-declarations]
 1014 |                                        AllocatorAttributes attr);
      |                                                                ^
In file included from /home/ubuntu/anaconda3/envs/tfgpu/lib/python3.13/site-packages/tensorflow/include/tensorflow/core/platform/tstring.h:21,
                 from /home/ubuntu/anaconda3/envs/tfgpu/lib/python3.13/site-packages/tensorflow/include/tensorflow/core/platform/types.h:25,
                 from /home/ubuntu/anaconda3/envs/tfgpu/lib/python3.13/site-packages/tensorflow/include/tensorflow/core/framework/numeric_types.h:25,
                 from /home/ubuntu/anaconda3/envs/tfgpu/lib/python3.13/site-packages/tensorflow/include/tensorflow/core/framework/bfloat16.h:19,
                 from /home/ubuntu/anaconda3/envs/tfgpu/lib/python3.13/site-packages/tensorflow/include/tensorflow/core/framework/types.h:27,
                 from /home/ubuntu/anaconda3/envs/tfgpu/lib/python3.13/site-packages/tensorflow/include/tensorflow/core/framework/op_def_builder.h:28,
                 from /home/ubuntu/anaconda3/envs/tfgpu/lib/python3.13/site-packages/tensorflow/include/tensorflow/core/framework/full_type_inference_util.h:24,
                 from /home/ubuntu/anaconda3/envs/tfgpu/lib/python3.13/site-packages/tensorflow/include/tensorflow/core/framework/op.h:27,
                 from /tmp/bayesfilter-hmc-v7-merge-20261005/bayesfilter/ops/symmetric_sylvester_op.cc:13:
/home/ubuntu/anaconda3/envs/tfgpu/lib/python3.13/site-packages/tensorflow/include/tensorflow/core/platform/stringpiece.h:39:7: note: declared here
   39 | using StringPiece ABSL_DEPRECATE_AND_INLINE() = absl::string_view;
      |       ^~~~~~~~~~~
In file included from /tmp/bayesfilter-hmc-v7-merge-20261005/bayesfilter/ops/symmetric_sylvester_op.cc:14:
/home/ubuntu/anaconda3/envs/tfgpu/lib/python3.13/site-packages/tensorflow/include/tensorflow/core/framework/op_kernel.h:1034:65: warning: ‘using StringPiece = using string_view = class std::basic_string_view<char>’ is deprecated [-Wdeprecated-declarations]
 1034 |   absl::Status set_output(StringPiece name, const Tensor& tensor);
      |                                                                 ^
In file included from /home/ubuntu/anaconda3/envs/tfgpu/lib/python3.13/site-packages/tensorflow/include/tensorflow/core/platform/tstring.h:21,
                 from /home/ubuntu/anaconda3/envs/tfgpu/lib/python3.13/site-packages/tensorflow/include/tensorflow/core/platform/types.h:25,
                 from /home/ubuntu/anaconda3/envs/tfgpu/lib/python3.13/site-packages/tensorflow/include/tensorflow/core/framework/numeric_types.h:25,
                 from /home/ubuntu/anaconda3/envs/tfgpu/lib/python3.13/site-packages/tensorflow/include/tensorflow/core/framework/bfloat16.h:19,
                 from /home/ubuntu/anaconda3/envs/tfgpu/lib/python3.13/site-packages/tensorflow/include/tensorflow/core/framework/types.h:27,
                 from /home/ubuntu/anaconda3/envs/tfgpu/lib/python3.13/site-packages/tensorflow/include/tensorflow/core/framework/op_def_builder.h:28,
                 from /home/ubuntu/anaconda3/envs/tfgpu/lib/python3.13/site-packages/tensorflow/include/tensorflow/core/framework/full_type_inference_util.h:24,
                 from /home/ubuntu/anaconda3/envs/tfgpu/lib/python3.13/site-packages/tensorflow/include/tensorflow/core/framework/op.h:27,
                 from /tmp/bayesfilter-hmc-v7-merge-20261005/bayesfilter/ops/symmetric_sylvester_op.cc:13:
/home/ubuntu/anaconda3/envs/tfgpu/lib/python3.13/site-packages/tensorflow/include/tensorflow/core/platform/stringpiece.h:39:7: note: declared here
   39 | using StringPiece ABSL_DEPRECATE_AND_INLINE() = absl::string_view;
      |       ^~~~~~~~~~~
In file included from /tmp/bayesfilter-hmc-v7-merge-20261005/bayesfilter/ops/symmetric_sylvester_op.cc:14:
/home/ubuntu/anaconda3/envs/tfgpu/lib/python3.13/site-packages/tensorflow/include/tensorflow/core/framework/op_kernel.h:1035:60: warning: ‘using StringPiece = using string_view = class std::basic_string_view<char>’ is deprecated [-Wdeprecated-declarations]
 1035 |   absl::Status set_output(StringPiece name, Tensor&& tensor);
      |                                                            ^
In file included from /home/ubuntu/anaconda3/envs/tfgpu/lib/python3.13/site-packages/tensorflow/include/tensorflow/core/platform/tstring.h:21,
                 from /home/ubuntu/anaconda3/envs/tfgpu/lib/python3.13/site-packages/tensorflow/include/tensorflow/core/platform/types.h:25,
                 from /home/ubuntu/anaconda3/envs/tfgpu/lib/python3.13/site-packages/tensorflow/include/tensorflow/core/framework/numeric_types.h:25,
                 from /home/ubuntu/anaconda3/envs/tfgpu/lib/python3.13/site-packages/tensorflow/include/tensorflow/core/framework/bfloat16.h:19,
                 from /home/ubuntu/anaconda3/envs/tfgpu/lib/python3.13/site-packages/tensorflow/include/tensorflow/core/framework/types.h:27,
                 from /home/ubuntu/anaconda3/envs/tfgpu/lib/python3.13/site-packages/tensorflow/include/tensorflow/core/framework/op_def_builder.h:28,
                 from /home/ubuntu/anaconda3/envs/tfgpu/lib/python3.13/site-packages/tensorflow/include/tensorflow/core/framework/full_type_inference_util.h:24,
                 from /home/ubuntu/anaconda3/envs/tfgpu/lib/python3.13/site-packages/tensorflow/include/tensorflow/core/framework/op.h:27,
                 from /tmp/bayesfilter-hmc-v7-merge-20261005/bayesfilter/ops/symmetric_sylvester_op.cc:13:
/home/ubuntu/anaconda3/envs/tfgpu/lib/python3.13/site-packages/tensorflow/include/tensorflow/core/platform/stringpiece.h:39:7: note: declared here
   39 | using StringPiece ABSL_DEPRECATE_AND_INLINE() = absl::string_view;
      |       ^~~~~~~~~~~
In file included from /tmp/bayesfilter-hmc-v7-merge-20261005/bayesfilter/ops/symmetric_sylvester_op.cc:14:
/home/ubuntu/anaconda3/envs/tfgpu/lib/python3.13/site-packages/tensorflow/include/tensorflow/core/framework/op_kernel.h:1043:53: warning: ‘using StringPiece = using string_view = class std::basic_string_view<char>’ is deprecated [-Wdeprecated-declarations]
 1043 |                               Tensor* tensor_for_ref);
      |                                                     ^
In file included from /home/ubuntu/anaconda3/envs/tfgpu/lib/python3.13/site-packages/tensorflow/include/tensorflow/core/platform/tstring.h:21,
                 from /home/ubuntu/anaconda3/envs/tfgpu/lib/python3.13/site-packages/tensorflow/include/tensorflow/core/platform/types.h:25,
                 from /home/ubuntu/anaconda3/envs/tfgpu/lib/python3.13/site-packages/tensorflow/include/tensorflow/core/framework/numeric_types.h:25,
                 from /home/ubuntu/anaconda3/envs/tfgpu/lib/python3.13/site-packages/tensorflow/include/tensorflow/core/framework/bfloat16.h:19,
                 from /home/ubuntu/anaconda3/envs/tfgpu/lib/python3.13/site-packages/tensorflow/include/tensorflow/core/framework/types.h:27,
                 from /home/ubuntu/anaconda3/envs/tfgpu/lib/python3.13/site-packages/tensorflow/include/tensorflow/core/framework/op_def_builder.h:28,
                 from /home/ubuntu/anaconda3/envs/tfgpu/lib/python3.13/site-packages/tensorflow/include/tensorflow/core/framework/full_type_inference_util.h:24,
                 from /home/ubuntu/anaconda3/envs/tfgpu/lib/python3.13/site-packages/tensorflow/include/tensorflow/core/framework/op.h:27,
                 from /tmp/bayesfilter-hmc-v7-merge-20261005/bayesfilter/ops/symmetric_sylvester_op.cc:13:
/home/ubuntu/anaconda3/envs/tfgpu/lib/python3.13/site-packages/tensorflow/include/tensorflow/core/platform/stringpiece.h:39:7: note: declared here
   39 | using StringPiece ABSL_DEPRECATE_AND_INLINE() = absl::string_view;
      |       ^~~~~~~~~~~
In file included from /tmp/bayesfilter-hmc-v7-merge-20261005/bayesfilter/ops/symmetric_sylvester_op.cc:14:
/home/ubuntu/anaconda3/envs/tfgpu/lib/python3.13/site-packages/tensorflow/include/tensorflow/core/framework/op_kernel.h:1043:53: warning: ‘mutex’ is deprecated: Use absl::Mutex instead. [-Wdeprecated-declarations]
 1043 |                               Tensor* tensor_for_ref);
      |                                                     ^
In file included from /home/ubuntu/anaconda3/envs/tfgpu/lib/python3.13/site-packages/tensorflow/include/tensorflow/core/platform/mutex.h:22,
                 from /home/ubuntu/anaconda3/envs/tfgpu/lib/python3.13/site-packages/tensorflow/include/tensorflow/core/platform/refcount.h:19,
                 from /home/ubuntu/anaconda3/envs/tfgpu/lib/python3.13/site-packages/tensorflow/include/tensorflow/core/lib/core/refcount.h:19,
                 from /home/ubuntu/anaconda3/envs/tfgpu/lib/python3.13/site-packages/tensorflow/include/tensorflow/core/framework/resource_base.h:24,
                 from /home/ubuntu/anaconda3/envs/tfgpu/lib/python3.13/site-packages/tensorflow/include/tensorflow/core/framework/resource_handle.h:22,
                 from /home/ubuntu/anaconda3/envs/tfgpu/lib/python3.13/site-packages/tensorflow/include/tensorflow/core/framework/types.h:30,
                 from /home/ubuntu/anaconda3/envs/tfgpu/lib/python3.13/site-packages/tensorflow/include/tensorflow/core/framework/op_def_builder.h:28,
                 from /home/ubuntu/anaconda3/envs/tfgpu/lib/python3.13/site-packages/tensorflow/include/tensorflow/core/framework/full_type_inference_util.h:24,
                 from /home/ubuntu/anaconda3/envs/tfgpu/lib/python3.13/site-packages/tensorflow/include/tensorflow/core/framework/op.h:27,
                 from /tmp/bayesfilter-hmc-v7-merge-20261005/bayesfilter/ops/symmetric_sylvester_op.cc:13:
/home/ubuntu/anaconda3/envs/tfgpu/lib/python3.13/site-packages/tensorflow/include/tsl/platform/mutex.h:43:63: note: declared here
   43 | class TF_LOCKABLE ABSL_DEPRECATED("Use absl::Mutex instead.") mutex {
      |                                                               ^~~~~
In file included from /tmp/bayesfilter-hmc-v7-merge-20261005/bayesfilter/ops/symmetric_sylvester_op.cc:14:
/home/ubuntu/anaconda3/envs/tfgpu/lib/python3.13/site-packages/tensorflow/include/tensorflow/core/framework/op_kernel.h:1046:64: warning: ‘using StringPiece = using string_view = class std::basic_string_view<char>’ is deprecated [-Wdeprecated-declarations]
 1046 |   absl::Status mutable_output(StringPiece name, Tensor** tensor);
      |                                                                ^
In file included from /home/ubuntu/anaconda3/envs/tfgpu/lib/python3.13/site-packages/tensorflow/include/tensorflow/core/platform/tstring.h:21,
                 from /home/ubuntu/anaconda3/envs/tfgpu/lib/python3.13/site-packages/tensorflow/include/tensorflow/core/platform/types.h:25,
                 from /home/ubuntu/anaconda3/envs/tfgpu/lib/python3.13/site-packages/tensorflow/include/tensorflow/core/framework/numeric_types.h:25,
                 from /home/ubuntu/anaconda3/envs/tfgpu/lib/python3.13/site-packages/tensorflow/include/tensorflow/core/framework/bfloat16.h:19,
                 from /home/ubuntu/anaconda3/envs/tfgpu/lib/python3.13/site-packages/tensorflow/include/tensorflow/core/framework/types.h:27,
                 from /home/ubuntu/anaconda3/envs/tfgpu/lib/python3.13/site-packages/tensorflow/include/tensorflow/core/framework/op_def_builder.h:28,
                 from /home/ubuntu/anaconda3/envs/tfgpu/lib/python3.13/site-packages/tensorflow/include/tensorflow/core/framework/full_type_inference_util.h:24,
                 from /home/ubuntu/anaconda3/envs/tfgpu/lib/python3.13/site-packages/tensorflow/include/tensorflow/core/framework/op.h:27,
                 from /tmp/bayesfilter-hmc-v7-merge-20261005/bayesfilter/ops/symmetric_sylvester_op.cc:13:
/home/ubuntu/anaconda3/envs/tfgpu/lib/python3.13/site-packages/tensorflow/include/tensorflow/core/platform/stringpiece.h:39:7: note: declared here
   39 | using StringPiece ABSL_DEPRECATE_AND_INLINE() = absl::string_view;
      |       ^~~~~~~~~~~
In file included from /tmp/bayesfilter-hmc-v7-merge-20261005/bayesfilter/ops/symmetric_sylvester_op.cc:14:
/home/ubuntu/anaconda3/envs/tfgpu/lib/python3.13/site-packages/tensorflow/include/tensorflow/core/framework/op_kernel.h:1206:35: warning: ‘mutex’ is deprecated: Use absl::Mutex instead. [-Wdeprecated-declarations]
 1206 |   mutex* input_ref_mutex(int index);
      |                                   ^
In file included from /home/ubuntu/anaconda3/envs/tfgpu/lib/python3.13/site-packages/tensorflow/include/tensorflow/core/platform/mutex.h:22,
                 from /home/ubuntu/anaconda3/envs/tfgpu/lib/python3.13/site-packages/tensorflow/include/tensorflow/core/platform/refcount.h:19,
                 from /home/ubuntu/anaconda3/envs/tfgpu/lib/python3.13/site-packages/tensorflow/include/tensorflow/core/lib/core/refcount.h:19,
                 from /home/ubuntu/anaconda3/envs/tfgpu/lib/python3.13/site-packages/tensorflow/include/tensorflow/core/framework/resource_base.h:24,
                 from /home/ubuntu/anaconda3/envs/tfgpu/lib/python3.13/site-packages/tensorflow/include/tensorflow/core/framework/resource_handle.h:22,
                 from /home/ubuntu/anaconda3/envs/tfgpu/lib/python3.13/site-packages/tensorflow/include/tensorflow/core/framework/types.h:30,
                 from /home/ubuntu/anaconda3/envs/tfgpu/lib/python3.13/site-packages/tensorflow/include/tensorflow/core/framework/op_def_builder.h:28,
                 from /home/ubuntu/anaconda3/envs/tfgpu/lib/python3.13/site-packages/tensorflow/include/tensorflow/core/framework/full_type_inference_util.h:24,
                 from /home/ubuntu/anaconda3/envs/tfgpu/lib/python3.13/site-packages/tensorflow/include/tensorflow/core/framework/op.h:27,
                 from /tmp/bayesfilter-hmc-v7-merge-20261005/bayesfilter/ops/symmetric_sylvester_op.cc:13:
/home/ubuntu/anaconda3/envs/tfgpu/lib/python3.13/site-packages/tensorflow/include/tsl/platform/mutex.h:43:63: note: declared here
   43 | class TF_LOCKABLE ABSL_DEPRECATED("Use absl::Mutex instead.") mutex {
      |                                                               ^~~~~
In file included from /tmp/bayesfilter-hmc-v7-merge-20261005/bayesfilter/ops/symmetric_sylvester_op.cc:14:
/home/ubuntu/anaconda3/envs/tfgpu/lib/python3.13/site-packages/tensorflow/include/tensorflow/core/framework/op_kernel.h:1207:67: warning: ‘mutex’ is deprecated: Use absl::Mutex instead. [-Wdeprecated-declarations]
 1207 |   void set_output_ref(int index, mutex* mu, Tensor* tensor_for_ref);
      |                                                                   ^
In file included from /home/ubuntu/anaconda3/envs/tfgpu/lib/python3.13/site-packages/tensorflow/include/tensorflow/core/platform/mutex.h:22,
                 from /home/ubuntu/anaconda3/envs/tfgpu/lib/python3.13/site-packages/tensorflow/include/tensorflow/core/platform/refcount.h:19,
                 from /home/ubuntu/anaconda3/envs/tfgpu/lib/python3.13/site-packages/tensorflow/include/tensorflow/core/lib/core/refcount.h:19,
                 from /home/ubuntu/anaconda3/envs/tfgpu/lib/python3.13/site-packages/tensorflow/include/tensorflow/core/framework/resource_base.h:24,
                 from /home/ubuntu/anaconda3/envs/tfgpu/lib/python3.13/site-packages/tensorflow/include/tensorflow/core/framework/resource_handle.h:22,
                 from /home/ubuntu/anaconda3/envs/tfgpu/lib/python3.13/site-packages/tensorflow/include/tensorflow/core/framework/types.h:30,
                 from /home/ubuntu/anaconda3/envs/tfgpu/lib/python3.13/site-packages/tensorflow/include/tensorflow/core/framework/op_def_builder.h:28,
                 from /home/ubuntu/anaconda3/envs/tfgpu/lib/python3.13/site-packages/tensorflow/include/tensorflow/core/framework/full_type_inference_util.h:24,
                 from /home/ubuntu/anaconda3/envs/tfgpu/lib/python3.13/site-packages/tensorflow/include/tensorflow/core/framework/op.h:27,
                 from /tmp/bayesfilter-hmc-v7-merge-20261005/bayesfilter/ops/symmetric_sylvester_op.cc:13:
/home/ubuntu/anaconda3/envs/tfgpu/lib/python3.13/site-packages/tensorflow/include/tsl/platform/mutex.h:43:63: note: declared here
   43 | class TF_LOCKABLE ABSL_DEPRECATED("Use absl::Mutex instead.") mutex {
      |                                                               ^~~~~
In file included from /tmp/bayesfilter-hmc-v7-merge-20261005/bayesfilter/ops/symmetric_sylvester_op.cc:14:
/home/ubuntu/anaconda3/envs/tfgpu/lib/python3.13/site-packages/tensorflow/include/tensorflow/core/framework/op_kernel.h:1301:66: warning: ‘using StringPiece = using string_view = class std::basic_string_view<char>’ is deprecated [-Wdeprecated-declarations]
 1301 |   absl::Status get_input_index(StringPiece name, int* out_index) const;
      |                                                                  ^~~~~
In file included from /home/ubuntu/anaconda3/envs/tfgpu/lib/python3.13/site-packages/tensorflow/include/tensorflow/core/platform/tstring.h:21,
                 from /home/ubuntu/anaconda3/envs/tfgpu/lib/python3.13/site-packages/tensorflow/include/tensorflow/core/platform/types.h:25,
                 from /home/ubuntu/anaconda3/envs/tfgpu/lib/python3.13/site-packages/tensorflow/include/tensorflow/core/framework/numeric_types.h:25,
                 from /home/ubuntu/anaconda3/envs/tfgpu/lib/python3.13/site-packages/tensorflow/include/tensorflow/core/framework/bfloat16.h:19,
                 from /home/ubuntu/anaconda3/envs/tfgpu/lib/python3.13/site-packages/tensorflow/include/tensorflow/core/framework/types.h:27,
                 from /home/ubuntu/anaconda3/envs/tfgpu/lib/python3.13/site-packages/tensorflow/include/tensorflow/core/framework/op_def_builder.h:28,
                 from /home/ubuntu/anaconda3/envs/tfgpu/lib/python3.13/site-packages/tensorflow/include/tensorflow/core/framework/full_type_inference_util.h:24,
                 from /home/ubuntu/anaconda3/envs/tfgpu/lib/python3.13/site-packages/tensorflow/include/tensorflow/core/framework/op.h:27,
                 from /tmp/bayesfilter-hmc-v7-merge-20261005/bayesfilter/ops/symmetric_sylvester_op.cc:13:
/home/ubuntu/anaconda3/envs/tfgpu/lib/python3.13/site-packages/tensorflow/include/tensorflow/core/platform/stringpiece.h:39:7: note: declared here
   39 | using StringPiece ABSL_DEPRECATE_AND_INLINE() = absl::string_view;
      |       ^~~~~~~~~~~
In file included from /tmp/bayesfilter-hmc-v7-merge-20261005/bayesfilter/ops/symmetric_sylvester_op.cc:14:
/home/ubuntu/anaconda3/envs/tfgpu/lib/python3.13/site-packages/tensorflow/include/tensorflow/core/framework/op_kernel.h:1302:67: warning: ‘using StringPiece = using string_view = class std::basic_string_view<char>’ is deprecated [-Wdeprecated-declarations]
 1302 |   absl::Status get_output_index(StringPiece name, int* out_index) const;
      |                                                                   ^~~~~
In file included from /home/ubuntu/anaconda3/envs/tfgpu/lib/python3.13/site-packages/tensorflow/include/tensorflow/core/platform/tstring.h:21,
                 from /home/ubuntu/anaconda3/envs/tfgpu/lib/python3.13/site-packages/tensorflow/include/tensorflow/core/platform/types.h:25,
                 from /home/ubuntu/anaconda3/envs/tfgpu/lib/python3.13/site-packages/tensorflow/include/tensorflow/core/framework/numeric_types.h:25,
                 from /home/ubuntu/anaconda3/envs/tfgpu/lib/python3.13/site-packages/tensorflow/include/tensorflow/core/framework/bfloat16.h:19,
                 from /home/ubuntu/anaconda3/envs/tfgpu/lib/python3.13/site-packages/tensorflow/include/tensorflow/core/framework/types.h:27,
                 from /home/ubuntu/anaconda3/envs/tfgpu/lib/python3.13/site-packages/tensorflow/include/tensorflow/core/framework/op_def_builder.h:28,
                 from /home/ubuntu/anaconda3/envs/tfgpu/lib/python3.13/site-packages/tensorflow/include/tensorflow/core/framework/full_type_inference_util.h:24,
                 from /home/ubuntu/anaconda3/envs/tfgpu/lib/python3.13/site-packages/tensorflow/include/tensorflow/core/framework/op.h:27,
                 from /tmp/bayesfilter-hmc-v7-merge-20261005/bayesfilter/ops/symmetric_sylvester_op.cc:13:
/home/ubuntu/anaconda3/envs/tfgpu/lib/python3.13/site-packages/tensorflow/include/tensorflow/core/platform/stringpiece.h:39:7: note: declared here
   39 | using StringPiece ABSL_DEPRECATE_AND_INLINE() = absl::string_view;
      |       ^~~~~~~~~~~
In file included from /tmp/bayesfilter-hmc-v7-merge-20261005/bayesfilter/ops/symmetric_sylvester_op.cc:14:
/home/ubuntu/anaconda3/envs/tfgpu/lib/python3.13/site-packages/tensorflow/include/tensorflow/core/framework/op_kernel.h:1321:19: warning: ‘mutex’ is deprecated: Use absl::Mutex instead. [-Wdeprecated-declarations]
 1321 |     mutable mutex mu;
      |                   ^~
In file included from /home/ubuntu/anaconda3/envs/tfgpu/lib/python3.13/site-packages/tensorflow/include/tensorflow/core/platform/mutex.h:22,
                 from /home/ubuntu/anaconda3/envs/tfgpu/lib/python3.13/site-packages/tensorflow/include/tensorflow/core/platform/refcount.h:19,
                 from /home/ubuntu/anaconda3/envs/tfgpu/lib/python3.13/site-packages/tensorflow/include/tensorflow/core/lib/core/refcount.h:19,
                 from /home/ubuntu/anaconda3/envs/tfgpu/lib/python3.13/site-packages/tensorflow/include/tensorflow/core/framework/resource_base.h:24,
                 from /home/ubuntu/anaconda3/envs/tfgpu/lib/python3.13/site-packages/tensorflow/include/tensorflow/core/framework/resource_handle.h:22,
                 from /home/ubuntu/anaconda3/envs/tfgpu/lib/python3.13/site-packages/tensorflow/include/tensorflow/core/framework/types.h:30,
                 from /home/ubuntu/anaconda3/envs/tfgpu/lib/python3.13/site-packages/tensorflow/include/tensorflow/core/framework/op_def_builder.h:28,
                 from /home/ubuntu/anaconda3/envs/tfgpu/lib/python3.13/site-packages/tensorflow/include/tensorflow/core/framework/full_type_inference_util.h:24,
                 from /home/ubuntu/anaconda3/envs/tfgpu/lib/python3.13/site-packages/tensorflow/include/tensorflow/core/framework/op.h:27,
                 from /tmp/bayesfilter-hmc-v7-merge-20261005/bayesfilter/ops/symmetric_sylvester_op.cc:13:
/home/ubuntu/anaconda3/envs/tfgpu/lib/python3.13/site-packages/tensorflow/include/tsl/platform/mutex.h:43:63: note: declared here
   43 | class TF_LOCKABLE ABSL_DEPRECATED("Use absl::Mutex instead.") mutex {
      |                                                               ^~~~~
In file included from /tmp/bayesfilter-hmc-v7-merge-20261005/bayesfilter/ops/symmetric_sylvester_op.cc:14:
/home/ubuntu/anaconda3/envs/tfgpu/lib/python3.13/site-packages/tensorflow/include/tensorflow/core/framework/op_kernel.h:1325:19: warning: ‘mutex’ is deprecated: Use absl::Mutex instead. [-Wdeprecated-declarations]
 1325 |     mutable mutex stats_mu;
      |                   ^~~~~~~~
In file included from /home/ubuntu/anaconda3/envs/tfgpu/lib/python3.13/site-packages/tensorflow/include/tensorflow/core/platform/mutex.h:22,
                 from /home/ubuntu/anaconda3/envs/tfgpu/lib/python3.13/site-packages/tensorflow/include/tensorflow/core/platform/refcount.h:19,
                 from /home/ubuntu/anaconda3/envs/tfgpu/lib/python3.13/site-packages/tensorflow/include/tensorflow/core/lib/core/refcount.h:19,
                 from /home/ubuntu/anaconda3/envs/tfgpu/lib/python3.13/site-packages/tensorflow/include/tensorflow/core/framework/resource_base.h:24,
                 from /home/ubuntu/anaconda3/envs/tfgpu/lib/python3.13/site-packages/tensorflow/include/tensorflow/core/framework/resource_handle.h:22,
                 from /home/ubuntu/anaconda3/envs/tfgpu/lib/python3.13/site-packages/tensorflow/include/tensorflow/core/framework/types.h:30,
                 from /home/ubuntu/anaconda3/envs/tfgpu/lib/python3.13/site-packages/tensorflow/include/tensorflow/core/framework/op_def_builder.h:28,
                 from /home/ubuntu/anaconda3/envs/tfgpu/lib/python3.13/site-packages/tensorflow/include/tensorflow/core/framework/full_type_inference_util.h:24,
                 from /home/ubuntu/anaconda3/envs/tfgpu/lib/python3.13/site-packages/tensorflow/include/tensorflow/core/framework/op.h:27,
                 from /tmp/bayesfilter-hmc-v7-merge-20261005/bayesfilter/ops/symmetric_sylvester_op.cc:13:
/home/ubuntu/anaconda3/envs/tfgpu/lib/python3.13/site-packages/tensorflow/include/tsl/platform/mutex.h:43:63: note: declared here
   43 | class TF_LOCKABLE ABSL_DEPRECATED("Use absl::Mutex instead.") mutex {
      |                                                               ^~~~~
In file included from /tmp/bayesfilter-hmc-v7-merge-20261005/bayesfilter/ops/symmetric_sylvester_op.cc:14:
/home/ubuntu/anaconda3/envs/tfgpu/lib/python3.13/site-packages/tensorflow/include/tensorflow/core/framework/op_kernel.h:1424:55: warning: ‘using StringPiece = using string_view = class std::basic_string_view<char>’ is deprecated [-Wdeprecated-declarations]
 1424 | std::string KernelsRegisteredForOp(StringPiece op_name);
      |                                                       ^
In file included from /home/ubuntu/anaconda3/envs/tfgpu/lib/python3.13/site-packages/tensorflow/include/tensorflow/core/platform/tstring.h:21,
                 from /home/ubuntu/anaconda3/envs/tfgpu/lib/python3.13/site-packages/tensorflow/include/tensorflow/core/platform/types.h:25,
                 from /home/ubuntu/anaconda3/envs/tfgpu/lib/python3.13/site-packages/tensorflow/include/tensorflow/core/framework/numeric_types.h:25,
                 from /home/ubuntu/anaconda3/envs/tfgpu/lib/python3.13/site-packages/tensorflow/include/tensorflow/core/framework/bfloat16.h:19,
                 from /home/ubuntu/anaconda3/envs/tfgpu/lib/python3.13/site-packages/tensorflow/include/tensorflow/core/framework/types.h:27,
                 from /home/ubuntu/anaconda3/envs/tfgpu/lib/python3.13/site-packages/tensorflow/include/tensorflow/core/framework/op_def_builder.h:28,
                 from /home/ubuntu/anaconda3/envs/tfgpu/lib/python3.13/site-packages/tensorflow/include/tensorflow/core/framework/full_type_inference_util.h:24,
                 from /home/ubuntu/anaconda3/envs/tfgpu/lib/python3.13/site-packages/tensorflow/include/tensorflow/core/framework/op.h:27,
                 from /tmp/bayesfilter-hmc-v7-merge-20261005/bayesfilter/ops/symmetric_sylvester_op.cc:13:
/home/ubuntu/anaconda3/envs/tfgpu/lib/python3.13/site-packages/tensorflow/include/tensorflow/core/platform/stringpiece.h:39:7: note: declared here
   39 | using StringPiece ABSL_DEPRECATE_AND_INLINE() = absl::string_view;
      |       ^~~~~~~~~~~
In file included from /tmp/bayesfilter-hmc-v7-merge-20261005/bayesfilter/ops/symmetric_sylvester_op.cc:14:
/home/ubuntu/anaconda3/envs/tfgpu/lib/python3.13/site-packages/tensorflow/include/tensorflow/core/framework/op_kernel.h:1520:58: warning: ‘using StringPiece = using string_view = class std::basic_string_view<char>’ is deprecated [-Wdeprecated-declarations]
 1520 |     const KernelDef** def, std::string* kernel_class_name);
      |                                                          ^
In file included from /home/ubuntu/anaconda3/envs/tfgpu/lib/python3.13/site-packages/tensorflow/include/tensorflow/core/platform/tstring.h:21,
                 from /home/ubuntu/anaconda3/envs/tfgpu/lib/python3.13/site-packages/tensorflow/include/tensorflow/core/platform/types.h:25,
                 from /home/ubuntu/anaconda3/envs/tfgpu/lib/python3.13/site-packages/tensorflow/include/tensorflow/core/framework/numeric_types.h:25,
                 from /home/ubuntu/anaconda3/envs/tfgpu/lib/python3.13/site-packages/tensorflow/include/tensorflow/core/framework/bfloat16.h:19,
                 from /home/ubuntu/anaconda3/envs/tfgpu/lib/python3.13/site-packages/tensorflow/include/tensorflow/core/framework/types.h:27,
                 from /home/ubuntu/anaconda3/envs/tfgpu/lib/python3.13/site-packages/tensorflow/include/tensorflow/core/framework/op_def_builder.h:28,
                 from /home/ubuntu/anaconda3/envs/tfgpu/lib/python3.13/site-packages/tensorflow/include/tensorflow/core/framework/full_type_inference_util.h:24,
                 from /home/ubuntu/anaconda3/envs/tfgpu/lib/python3.13/site-packages/tensorflow/include/tensorflow/core/framework/op.h:27,
                 from /tmp/bayesfilter-hmc-v7-merge-20261005/bayesfilter/ops/symmetric_sylvester_op.cc:13:
/home/ubuntu/anaconda3/envs/tfgpu/lib/python3.13/site-packages/tensorflow/include/tensorflow/core/platform/stringpiece.h:39:7: note: declared here
   39 | using StringPiece ABSL_DEPRECATE_AND_INLINE() = absl::string_view;
      |       ^~~~~~~~~~~
In file included from /tmp/bayesfilter-hmc-v7-merge-20261005/bayesfilter/ops/symmetric_sylvester_op.cc:14:
/home/ubuntu/anaconda3/envs/tfgpu/lib/python3.13/site-packages/tensorflow/include/tensorflow/core/framework/op_kernel.h:1520:58: warning: ‘using StringPiece = using string_view = class std::basic_string_view<char>’ is deprecated [-Wdeprecated-declarations]
 1520 |     const KernelDef** def, std::string* kernel_class_name);
      |                                                          ^
In file included from /home/ubuntu/anaconda3/envs/tfgpu/lib/python3.13/site-packages/tensorflow/include/tensorflow/core/platform/tstring.h:21,
                 from /home/ubuntu/anaconda3/envs/tfgpu/lib/python3.13/site-packages/tensorflow/include/tensorflow/core/platform/types.h:25,
                 from /home/ubuntu/anaconda3/envs/tfgpu/lib/python3.13/site-packages/tensorflow/include/tensorflow/core/framework/numeric_types.h:25,
                 from /home/ubuntu/anaconda3/envs/tfgpu/lib/python3.13/site-packages/tensorflow/include/tensorflow/core/framework/bfloat16.h:19,
                 from /home/ubuntu/anaconda3/envs/tfgpu/lib/python3.13/site-packages/tensorflow/include/tensorflow/core/framework/types.h:27,
                 from /home/ubuntu/anaconda3/envs/tfgpu/lib/python3.13/site-packages/tensorflow/include/tensorflow/core/framework/op_def_builder.h:28,
                 from /home/ubuntu/anaconda3/envs/tfgpu/lib/python3.13/site-packages/tensorflow/include/tensorflow/core/framework/full_type_inference_util.h:24,
                 from /home/ubuntu/anaconda3/envs/tfgpu/lib/python3.13/site-packages/tensorflow/include/tensorflow/core/framework/op.h:27,
                 from /tmp/bayesfilter-hmc-v7-merge-20261005/bayesfilter/ops/symmetric_sylvester_op.cc:13:
/home/ubuntu/anaconda3/envs/tfgpu/lib/python3.13/site-packages/tensorflow/include/tensorflow/core/platform/stringpiece.h:39:7: note: declared here
   39 | using StringPiece ABSL_DEPRECATE_AND_INLINE() = absl::string_view;
      |       ^~~~~~~~~~~
In file included from /tmp/bayesfilter-hmc-v7-merge-20261005/bayesfilter/ops/symmetric_sylvester_op.cc:14:
/home/ubuntu/anaconda3/envs/tfgpu/lib/python3.13/site-packages/tensorflow/include/tensorflow/core/framework/op_kernel.h:1520:58: warning: ‘using StringPiece = using string_view = class std::basic_string_view<char>’ is deprecated [-Wdeprecated-declarations]
 1520 |     const KernelDef** def, std::string* kernel_class_name);
      |                                                          ^
In file included from /home/ubuntu/anaconda3/envs/tfgpu/lib/python3.13/site-packages/tensorflow/include/tensorflow/core/platform/tstring.h:21,
                 from /home/ubuntu/anaconda3/envs/tfgpu/lib/python3.13/site-packages/tensorflow/include/tensorflow/core/platform/types.h:25,
                 from /home/ubuntu/anaconda3/envs/tfgpu/lib/python3.13/site-packages/tensorflow/include/tensorflow/core/framework/numeric_types.h:25,
                 from /home/ubuntu/anaconda3/envs/tfgpu/lib/python3.13/site-packages/tensorflow/include/tensorflow/core/framework/bfloat16.h:19,
                 from /home/ubuntu/anaconda3/envs/tfgpu/lib/python3.13/site-packages/tensorflow/include/tensorflow/core/framework/types.h:27,
                 from /home/ubuntu/anaconda3/envs/tfgpu/lib/python3.13/site-packages/tensorflow/include/tensorflow/core/framework/op_def_builder.h:28,
                 from /home/ubuntu/anaconda3/envs/tfgpu/lib/python3.13/site-packages/tensorflow/include/tensorflow/core/framework/full_type_inference_util.h:24,
                 from /home/ubuntu/anaconda3/envs/tfgpu/lib/python3.13/site-packages/tensorflow/include/tensorflow/core/framework/op.h:27,
                 from /tmp/bayesfilter-hmc-v7-merge-20261005/bayesfilter/ops/symmetric_sylvester_op.cc:13:
/home/ubuntu/anaconda3/envs/tfgpu/lib/python3.13/site-packages/tensorflow/include/tensorflow/core/platform/stringpiece.h:39:7: note: declared here
   39 | using StringPiece ABSL_DEPRECATE_AND_INLINE() = absl::string_view;
      |       ^~~~~~~~~~~
In file included from /tmp/bayesfilter-hmc-v7-merge-20261005/bayesfilter/ops/symmetric_sylvester_op.cc:14:
/home/ubuntu/anaconda3/envs/tfgpu/lib/python3.13/site-packages/tensorflow/include/tensorflow/core/framework/op_kernel.h:1541:57: warning: ‘using StringPiece = using string_view = class std::basic_string_view<char>’ is deprecated [-Wdeprecated-declarations]
 1541 | KernelList GetRegisteredKernelsForOp(StringPiece op_name);
      |                                                         ^
In file included from /home/ubuntu/anaconda3/envs/tfgpu/lib/python3.13/site-packages/tensorflow/include/tensorflow/core/platform/tstring.h:21,
                 from /home/ubuntu/anaconda3/envs/tfgpu/lib/python3.13/site-packages/tensorflow/include/tensorflow/core/platform/types.h:25,
                 from /home/ubuntu/anaconda3/envs/tfgpu/lib/python3.13/site-packages/tensorflow/include/tensorflow/core/framework/numeric_types.h:25,
                 from /home/ubuntu/anaconda3/envs/tfgpu/lib/python3.13/site-packages/tensorflow/include/tensorflow/core/framework/bfloat16.h:19,
                 from /home/ubuntu/anaconda3/envs/tfgpu/lib/python3.13/site-packages/tensorflow/include/tensorflow/core/framework/types.h:27,
                 from /home/ubuntu/anaconda3/envs/tfgpu/lib/python3.13/site-packages/tensorflow/include/tensorflow/core/framework/op_def_builder.h:28,
                 from /home/ubuntu/anaconda3/envs/tfgpu/lib/python3.13/site-packages/tensorflow/include/tensorflow/core/framework/full_type_inference_util.h:24,
                 from /home/ubuntu/anaconda3/envs/tfgpu/lib/python3.13/site-packages/tensorflow/include/tensorflow/core/framework/op.h:27,
                 from /tmp/bayesfilter-hmc-v7-merge-20261005/bayesfilter/ops/symmetric_sylvester_op.cc:13:
/home/ubuntu/anaconda3/envs/tfgpu/lib/python3.13/site-packages/tensorflow/include/tensorflow/core/platform/stringpiece.h:39:7: note: declared here
   39 | using StringPiece ABSL_DEPRECATE_AND_INLINE() = absl::string_view;
      |       ^~~~~~~~~~~
In file included from /home/ubuntu/anaconda3/envs/tfgpu/lib/python3.13/site-packages/tensorflow/include/xla/tsl/platform/default/logging.h:37,
                 from /home/ubuntu/anaconda3/envs/tfgpu/lib/python3.13/site-packages/tensorflow/include/xla/tsl/platform/logging.h:26,
                 from /home/ubuntu/anaconda3/envs/tfgpu/lib/python3.13/site-packages/tensorflow/include/tsl/platform/refcount.h:23,
                 from /home/ubuntu/anaconda3/envs/tfgpu/lib/python3.13/site-packages/tensorflow/include/tensorflow/core/platform/refcount.h:20,
                 from /home/ubuntu/anaconda3/envs/tfgpu/lib/python3.13/site-packages/tensorflow/include/tensorflow/core/lib/core/refcount.h:19,
                 from /home/ubuntu/anaconda3/envs/tfgpu/lib/python3.13/site-packages/tensorflow/include/tensorflow/core/framework/resource_base.h:24,
                 from /home/ubuntu/anaconda3/envs/tfgpu/lib/python3.13/site-packages/tensorflow/include/tensorflow/core/framework/resource_handle.h:22,
                 from /home/ubuntu/anaconda3/envs/tfgpu/lib/python3.13/site-packages/tensorflow/include/tensorflow/core/framework/types.h:30,
                 from /home/ubuntu/anaconda3/envs/tfgpu/lib/python3.13/site-packages/tensorflow/include/tensorflow/core/framework/op_def_builder.h:28,
                 from /home/ubuntu/anaconda3/envs/tfgpu/lib/python3.13/site-packages/tensorflow/include/tensorflow/core/framework/full_type_inference_util.h:24,
                 from /home/ubuntu/anaconda3/envs/tfgpu/lib/python3.13/site-packages/tensorflow/include/tensorflow/core/framework/op.h:27,
                 from /tmp/bayesfilter-hmc-v7-merge-20261005/bayesfilter/ops/symmetric_sylvester_op.cc:13:
/home/ubuntu/anaconda3/envs/tfgpu/lib/python3.13/site-packages/tensorflow/include/xla/tsl/platform/macros.h:24:55: warning: ‘using StringPiece = using string_view = class std::basic_string_view<char>’ is deprecated [-Wdeprecated-declarations]
   24 | #define TF_ATTRIBUTE_NOINLINE __attribute__((noinline))
      |                                                       ^
/home/ubuntu/anaconda3/envs/tfgpu/lib/python3.13/site-packages/tensorflow/include/tensorflow/core/framework/op_kernel.h:1561:7: note: in expansion of macro ‘TF_ATTRIBUTE_NOINLINE’
 1561 |       TF_ATTRIBUTE_NOINLINE {
      |       ^~~~~~~~~~~~~~~~~~~~~
In file included from /home/ubuntu/anaconda3/envs/tfgpu/lib/python3.13/site-packages/tensorflow/include/tensorflow/core/platform/tstring.h:21,
                 from /home/ubuntu/anaconda3/envs/tfgpu/lib/python3.13/site-packages/tensorflow/include/tensorflow/core/platform/types.h:25,
                 from /home/ubuntu/anaconda3/envs/tfgpu/lib/python3.13/site-packages/tensorflow/include/tensorflow/core/framework/numeric_types.h:25,
                 from /home/ubuntu/anaconda3/envs/tfgpu/lib/python3.13/site-packages/tensorflow/include/tensorflow/core/framework/bfloat16.h:19,
                 from /home/ubuntu/anaconda3/envs/tfgpu/lib/python3.13/site-packages/tensorflow/include/tensorflow/core/framework/types.h:27,
                 from /home/ubuntu/anaconda3/envs/tfgpu/lib/python3.13/site-packages/tensorflow/include/tensorflow/core/framework/op_def_builder.h:28,
                 from /home/ubuntu/anaconda3/envs/tfgpu/lib/python3.13/site-packages/tensorflow/include/tensorflow/core/framework/full_type_inference_util.h:24,
                 from /home/ubuntu/anaconda3/envs/tfgpu/lib/python3.13/site-packages/tensorflow/include/tensorflow/core/framework/op.h:27,
                 from /tmp/bayesfilter-hmc-v7-merge-20261005/bayesfilter/ops/symmetric_sylvester_op.cc:13:
/home/ubuntu/anaconda3/envs/tfgpu/lib/python3.13/site-packages/tensorflow/include/tensorflow/core/platform/stringpiece.h:39:7: note: declared here
   39 | using StringPiece ABSL_DEPRECATE_AND_INLINE() = absl::string_view;
      |       ^~~~~~~~~~~
In file included from /home/ubuntu/anaconda3/envs/tfgpu/lib/python3.13/site-packages/tensorflow/include/xla/tsl/platform/default/logging.h:37,
                 from /home/ubuntu/anaconda3/envs/tfgpu/lib/python3.13/site-packages/tensorflow/include/xla/tsl/platform/logging.h:26,
                 from /home/ubuntu/anaconda3/envs/tfgpu/lib/python3.13/site-packages/tensorflow/include/tsl/platform/refcount.h:23,
                 from /home/ubuntu/anaconda3/envs/tfgpu/lib/python3.13/site-packages/tensorflow/include/tensorflow/core/platform/refcount.h:20,
                 from /home/ubuntu/anaconda3/envs/tfgpu/lib/python3.13/site-packages/tensorflow/include/tensorflow/core/lib/core/refcount.h:19,
                 from /home/ubuntu/anaconda3/envs/tfgpu/lib/python3.13/site-packages/tensorflow/include/tensorflow/core/framework/resource_base.h:24,
                 from /home/ubuntu/anaconda3/envs/tfgpu/lib/python3.13/site-packages/tensorflow/include/tensorflow/core/framework/resource_handle.h:22,
                 from /home/ubuntu/anaconda3/envs/tfgpu/lib/python3.13/site-packages/tensorflow/include/tensorflow/core/framework/types.h:30,
                 from /home/ubuntu/anaconda3/envs/tfgpu/lib/python3.13/site-packages/tensorflow/include/tensorflow/core/framework/op_def_builder.h:28,
                 from /home/ubuntu/anaconda3/envs/tfgpu/lib/python3.13/site-packages/tensorflow/include/tensorflow/core/framework/full_type_inference_util.h:24,
                 from /home/ubuntu/anaconda3/envs/tfgpu/lib/python3.13/site-packages/tensorflow/include/tensorflow/core/framework/op.h:27,
                 from /tmp/bayesfilter-hmc-v7-merge-20261005/bayesfilter/ops/symmetric_sylvester_op.cc:13:
/home/ubuntu/anaconda3/envs/tfgpu/lib/python3.13/site-packages/tensorflow/include/xla/tsl/platform/macros.h:24:55: warning: ‘using StringPiece = using string_view = class std::basic_string_view<char>’ is deprecated [-Wdeprecated-declarations]
   24 | #define TF_ATTRIBUTE_NOINLINE __attribute__((noinline))
      |                                                       ^
/home/ubuntu/anaconda3/envs/tfgpu/lib/python3.13/site-packages/tensorflow/include/tensorflow/core/framework/op_kernel.h:1569:7: note: in expansion of macro ‘TF_ATTRIBUTE_NOINLINE’
 1569 |       TF_ATTRIBUTE_NOINLINE {
      |       ^~~~~~~~~~~~~~~~~~~~~
In file included from /home/ubuntu/anaconda3/envs/tfgpu/lib/python3.13/site-packages/tensorflow/include/tensorflow/core/platform/tstring.h:21,
                 from /home/ubuntu/anaconda3/envs/tfgpu/lib/python3.13/site-packages/tensorflow/include/tensorflow/core/platform/types.h:25,
                 from /home/ubuntu/anaconda3/envs/tfgpu/lib/python3.13/site-packages/tensorflow/include/tensorflow/core/framework/numeric_types.h:25,
                 from /home/ubuntu/anaconda3/envs/tfgpu/lib/python3.13/site-packages/tensorflow/include/tensorflow/core/framework/bfloat16.h:19,
                 from /home/ubuntu/anaconda3/envs/tfgpu/lib/python3.13/site-packages/tensorflow/include/tensorflow/core/framework/types.h:27,
                 from /home/ubuntu/anaconda3/envs/tfgpu/lib/python3.13/site-packages/tensorflow/include/tensorflow/core/framework/op_def_builder.h:28,
                 from /home/ubuntu/anaconda3/envs/tfgpu/lib/python3.13/site-packages/tensorflow/include/tensorflow/core/framework/full_type_inference_util.h:24,
                 from /home/ubuntu/anaconda3/envs/tfgpu/lib/python3.13/site-packages/tensorflow/include/tensorflow/core/framework/op.h:27,
                 from /tmp/bayesfilter-hmc-v7-merge-20261005/bayesfilter/ops/symmetric_sylvester_op.cc:13:
/home/ubuntu/anaconda3/envs/tfgpu/lib/python3.13/site-packages/tensorflow/include/tensorflow/core/platform/stringpiece.h:39:7: note: declared here
   39 | using StringPiece ABSL_DEPRECATE_AND_INLINE() = absl::string_view;
      |       ^~~~~~~~~~~
In file included from /tmp/bayesfilter-hmc-v7-merge-20261005/bayesfilter/ops/symmetric_sylvester_op.cc:14:
/home/ubuntu/anaconda3/envs/tfgpu/lib/python3.13/site-packages/tensorflow/include/tensorflow/core/framework/op_kernel.h:1585:61: warning: ‘using StringPiece = using string_view = class std::basic_string_view<char>’ is deprecated [-Wdeprecated-declarations]
 1585 |                     std::unique_ptr<OpKernelFactory> factory);
      |                                                             ^
In file included from /home/ubuntu/anaconda3/envs/tfgpu/lib/python3.13/site-packages/tensorflow/include/tensorflow/core/platform/tstring.h:21,
                 from /home/ubuntu/anaconda3/envs/tfgpu/lib/python3.13/site-packages/tensorflow/include/tensorflow/core/platform/types.h:25,
                 from /home/ubuntu/anaconda3/envs/tfgpu/lib/python3.13/site-packages/tensorflow/include/tensorflow/core/framework/numeric_types.h:25,
                 from /home/ubuntu/anaconda3/envs/tfgpu/lib/python3.13/site-packages/tensorflow/include/tensorflow/core/framework/bfloat16.h:19,
                 from /home/ubuntu/anaconda3/envs/tfgpu/lib/python3.13/site-packages/tensorflow/include/tensorflow/core/framework/types.h:27,
                 from /home/ubuntu/anaconda3/envs/tfgpu/lib/python3.13/site-packages/tensorflow/include/tensorflow/core/framework/op_def_builder.h:28,
                 from /home/ubuntu/anaconda3/envs/tfgpu/lib/python3.13/site-packages/tensorflow/include/tensorflow/core/framework/full_type_inference_util.h:24,
                 from /home/ubuntu/anaconda3/envs/tfgpu/lib/python3.13/site-packages/tensorflow/include/tensorflow/core/framework/op.h:27,
                 from /tmp/bayesfilter-hmc-v7-merge-20261005/bayesfilter/ops/symmetric_sylvester_op.cc:13:
/home/ubuntu/anaconda3/envs/tfgpu/lib/python3.13/site-packages/tensorflow/include/tensorflow/core/platform/stringpiece.h:39:7: note: declared here
   39 | using StringPiece ABSL_DEPRECATE_AND_INLINE() = absl::string_view;
      |       ^~~~~~~~~~~
In file included from /tmp/bayesfilter-hmc-v7-merge-20261005/bayesfilter/ops/symmetric_sylvester_op.cc:14:
/home/ubuntu/anaconda3/envs/tfgpu/lib/python3.13/site-packages/tensorflow/include/tensorflow/core/framework/op_kernel.h:1595:54: warning: ‘using StringPiece = using string_view = class std::basic_string_view<char>’ is deprecated [-Wdeprecated-declarations]
 1595 |                                            T* value) const {
      |                                                      ^~~~~
In file included from /home/ubuntu/anaconda3/envs/tfgpu/lib/python3.13/site-packages/tensorflow/include/tensorflow/core/platform/tstring.h:21,
                 from /home/ubuntu/anaconda3/envs/tfgpu/lib/python3.13/site-packages/tensorflow/include/tensorflow/core/platform/types.h:25,
                 from /home/ubuntu/anaconda3/envs/tfgpu/lib/python3.13/site-packages/tensorflow/include/tensorflow/core/framework/numeric_types.h:25,
                 from /home/ubuntu/anaconda3/envs/tfgpu/lib/python3.13/site-packages/tensorflow/include/tensorflow/core/framework/bfloat16.h:19,
                 from /home/ubuntu/anaconda3/envs/tfgpu/lib/python3.13/site-packages/tensorflow/include/tensorflow/core/framework/types.h:27,
                 from /home/ubuntu/anaconda3/envs/tfgpu/lib/python3.13/site-packages/tensorflow/include/tensorflow/core/framework/op_def_builder.h:28,
                 from /home/ubuntu/anaconda3/envs/tfgpu/lib/python3.13/site-packages/tensorflow/include/tensorflow/core/framework/full_type_inference_util.h:24,
                 from /home/ubuntu/anaconda3/envs/tfgpu/lib/python3.13/site-packages/tensorflow/include/tensorflow/core/framework/op.h:27,
                 from /tmp/bayesfilter-hmc-v7-merge-20261005/bayesfilter/ops/symmetric_sylvester_op.cc:13:
/home/ubuntu/anaconda3/envs/tfgpu/lib/python3.13/site-packages/tensorflow/include/tensorflow/core/platform/stringpiece.h:39:7: note: declared here
   39 | using StringPiece ABSL_DEPRECATE_AND_INLINE() = absl::string_view;
      |       ^~~~~~~~~~~
In file included from /tmp/bayesfilter-hmc-v7-merge-20261005/bayesfilter/ops/symmetric_sylvester_op.cc:14:
/home/ubuntu/anaconda3/envs/tfgpu/lib/python3.13/site-packages/tensorflow/include/tensorflow/core/framework/op_kernel.h:1636:57: warning: ‘mutex’ is deprecated: Use absl::Mutex instead. [-Wdeprecated-declarations]
 1636 | inline mutex* OpKernelContext::input_ref_mutex(int index) {
      |                                                         ^
In file included from /home/ubuntu/anaconda3/envs/tfgpu/lib/python3.13/site-packages/tensorflow/include/tensorflow/core/platform/mutex.h:22,
                 from /home/ubuntu/anaconda3/envs/tfgpu/lib/python3.13/site-packages/tensorflow/include/tensorflow/core/platform/refcount.h:19,
                 from /home/ubuntu/anaconda3/envs/tfgpu/lib/python3.13/site-packages/tensorflow/include/tensorflow/core/lib/core/refcount.h:19,
                 from /home/ubuntu/anaconda3/envs/tfgpu/lib/python3.13/site-packages/tensorflow/include/tensorflow/core/framework/resource_base.h:24,
                 from /home/ubuntu/anaconda3/envs/tfgpu/lib/python3.13/site-packages/tensorflow/include/tensorflow/core/framework/resource_handle.h:22,
                 from /home/ubuntu/anaconda3/envs/tfgpu/lib/python3.13/site-packages/tensorflow/include/tensorflow/core/framework/types.h:30,
                 from /home/ubuntu/anaconda3/envs/tfgpu/lib/python3.13/site-packages/tensorflow/include/tensorflow/core/framework/op_def_builder.h:28,
                 from /home/ubuntu/anaconda3/envs/tfgpu/lib/python3.13/site-packages/tensorflow/include/tensorflow/core/framework/full_type_inference_util.h:24,
                 from /home/ubuntu/anaconda3/envs/tfgpu/lib/python3.13/site-packages/tensorflow/include/tensorflow/core/framework/op.h:27,
                 from /tmp/bayesfilter-hmc-v7-merge-20261005/bayesfilter/ops/symmetric_sylvester_op.cc:13:
/home/ubuntu/anaconda3/envs/tfgpu/lib/python3.13/site-packages/tensorflow/include/tsl/platform/mutex.h:43:63: note: declared here
   43 | class TF_LOCKABLE ABSL_DEPRECATED("Use absl::Mutex instead.") mutex {
      |                                                               ^~~~~
In file included from /tmp/bayesfilter-hmc-v7-merge-20261005/bayesfilter/ops/symmetric_sylvester_op.cc:14:
/home/ubuntu/anaconda3/envs/tfgpu/lib/python3.13/site-packages/tensorflow/include/tensorflow/core/framework/op_kernel.h:1670:50: warning: ‘mutex’ is deprecated: Use absl::Mutex instead. [-Wdeprecated-declarations]
 1670 | inline mutex* OpMutableInputList::ref_mutex(int i) {
      |                                                  ^
In file included from /home/ubuntu/anaconda3/envs/tfgpu/lib/python3.13/site-packages/tensorflow/include/tensorflow/core/platform/mutex.h:22,
                 from /home/ubuntu/anaconda3/envs/tfgpu/lib/python3.13/site-packages/tensorflow/include/tensorflow/core/platform/refcount.h:19,
                 from /home/ubuntu/anaconda3/envs/tfgpu/lib/python3.13/site-packages/tensorflow/include/tensorflow/core/lib/core/refcount.h:19,
                 from /home/ubuntu/anaconda3/envs/tfgpu/lib/python3.13/site-packages/tensorflow/include/tensorflow/core/framework/resource_base.h:24,
                 from /home/ubuntu/anaconda3/envs/tfgpu/lib/python3.13/site-packages/tensorflow/include/tensorflow/core/framework/resource_handle.h:22,
                 from /home/ubuntu/anaconda3/envs/tfgpu/lib/python3.13/site-packages/tensorflow/include/tensorflow/core/framework/types.h:30,
                 from /home/ubuntu/anaconda3/envs/tfgpu/lib/python3.13/site-packages/tensorflow/include/tensorflow/core/framework/op_def_builder.h:28,
                 from /home/ubuntu/anaconda3/envs/tfgpu/lib/python3.13/site-packages/tensorflow/include/tensorflow/core/framework/full_type_inference_util.h:24,
                 from /home/ubuntu/anaconda3/envs/tfgpu/lib/python3.13/site-packages/tensorflow/include/tensorflow/core/framework/op.h:27,
                 from /tmp/bayesfilter-hmc-v7-merge-20261005/bayesfilter/ops/symmetric_sylvester_op.cc:13:
/home/ubuntu/anaconda3/envs/tfgpu/lib/python3.13/site-packages/tensorflow/include/tsl/platform/mutex.h:43:63: note: declared here
   43 | class TF_LOCKABLE ABSL_DEPRECATED("Use absl::Mutex instead.") mutex {
      |                                                               ^~~~~
In file included from /tmp/bayesfilter-hmc-v7-merge-20261005/bayesfilter/ops/symmetric_sylvester_op.cc:14:
/home/ubuntu/anaconda3/envs/tfgpu/lib/python3.13/site-packages/tensorflow/include/tensorflow/core/framework/op_kernel.h:1719:75: warning: ‘mutex’ is deprecated: Use absl::Mutex instead. [-Wdeprecated-declarations]
 1719 | inline void OpOutputList::set_ref(int i, mutex* mu, Tensor* tensor_for_ref) {
      |                                                                           ^
In file included from /home/ubuntu/anaconda3/envs/tfgpu/lib/python3.13/site-packages/tensorflow/include/tensorflow/core/platform/mutex.h:22,
                 from /home/ubuntu/anaconda3/envs/tfgpu/lib/python3.13/site-packages/tensorflow/include/tensorflow/core/platform/refcount.h:19,
                 from /home/ubuntu/anaconda3/envs/tfgpu/lib/python3.13/site-packages/tensorflow/include/tensorflow/core/lib/core/refcount.h:19,
                 from /home/ubuntu/anaconda3/envs/tfgpu/lib/python3.13/site-packages/tensorflow/include/tensorflow/core/framework/resource_base.h:24,
                 from /home/ubuntu/anaconda3/envs/tfgpu/lib/python3.13/site-packages/tensorflow/include/tensorflow/core/framework/resource_handle.h:22,
                 from /home/ubuntu/anaconda3/envs/tfgpu/lib/python3.13/site-packages/tensorflow/include/tensorflow/core/framework/types.h:30,
                 from /home/ubuntu/anaconda3/envs/tfgpu/lib/python3.13/site-packages/tensorflow/include/tensorflow/core/framework/op_def_builder.h:28,
                 from /home/ubuntu/anaconda3/envs/tfgpu/lib/python3.13/site-packages/tensorflow/include/tensorflow/core/framework/full_type_inference_util.h:24,
                 from /home/ubuntu/anaconda3/envs/tfgpu/lib/python3.13/site-packages/tensorflow/include/tensorflow/core/framework/op.h:27,
                 from /tmp/bayesfilter-hmc-v7-merge-20261005/bayesfilter/ops/symmetric_sylvester_op.cc:13:
/home/ubuntu/anaconda3/envs/tfgpu/lib/python3.13/site-packages/tensorflow/include/tsl/platform/mutex.h:43:63: note: declared here
   43 | class TF_LOCKABLE ABSL_DEPRECATED("Use absl::Mutex instead.") mutex {
      |                                                               ^~~~~
In file included from /home/ubuntu/anaconda3/envs/tfgpu/lib/python3.13/site-packages/tensorflow/include/xla/hlo/builder/xla_builder.h:44,
                 from /home/ubuntu/anaconda3/envs/tfgpu/lib/python3.13/site-packages/tensorflow/include/tensorflow/compiler/tf2xla/xla_resource.h:23,
                 from /home/ubuntu/anaconda3/envs/tfgpu/lib/python3.13/site-packages/tensorflow/include/tensorflow/compiler/tf2xla/xla_argument.h:22,
                 from /home/ubuntu/anaconda3/envs/tfgpu/lib/python3.13/site-packages/tensorflow/include/tensorflow/compiler/tf2xla/layout_util.h:27,
                 from /home/ubuntu/anaconda3/envs/tfgpu/lib/python3.13/site-packages/tensorflow/include/tensorflow/compiler/tf2xla/xla_compiler.h:25,
                 from /home/ubuntu/anaconda3/envs/tfgpu/lib/python3.13/site-packages/tensorflow/include/tensorflow/compiler/tf2xla/xla_op_kernel.h:23,
                 from /tmp/bayesfilter-hmc-v7-merge-20261005/bayesfilter/ops/symmetric_sylvester_op.cc:18:
/home/ubuntu/anaconda3/envs/tfgpu/lib/python3.13/site-packages/tensorflow/include/xla/comparison_util.h: In member function ‘xla::Comparison::Type xla::Comparison::GetType() const’:
/home/ubuntu/anaconda3/envs/tfgpu/lib/python3.13/site-packages/tensorflow/include/xla/comparison_util.h:115:12: warning: ‘xla::Comparison::type_’ is deprecated [-Wdeprecated-declarations]
  115 |     return type_;
      |            ^~~~~
/home/ubuntu/anaconda3/envs/tfgpu/lib/python3.13/site-packages/tensorflow/include/xla/comparison_util.h:225:29: note: declared here
  225 |   [[deprecated]] const Type type_;
      |                             ^~~~~
/home/ubuntu/anaconda3/envs/tfgpu/lib/python3.13/site-packages/tensorflow/include/xla/comparison_util.h:115:12: warning: ‘xla::Comparison::type_’ is deprecated [-Wdeprecated-declarations]
  115 |     return type_;
      |            ^~~~~
/home/ubuntu/anaconda3/envs/tfgpu/lib/python3.13/site-packages/tensorflow/include/xla/comparison_util.h:225:29: note: declared here
  225 |   [[deprecated]] const Type type_;
      |                             ^~~~~
/home/ubuntu/anaconda3/envs/tfgpu/lib/python3.13/site-packages/tensorflow/include/xla/comparison_util.h: At global scope:
/home/ubuntu/anaconda3/envs/tfgpu/lib/python3.13/site-packages/tensorflow/include/xla/comparison_util.h:236:57: warning: ‘Type’ is deprecated: Use PrimitiveType and Order [-Wdeprecated-declarations]
  236 | std::string ComparisonTypeToString(Comparison::Type type);
      |                                                         ^
/home/ubuntu/anaconda3/envs/tfgpu/lib/python3.13/site-packages/tensorflow/include/xla/comparison_util.h:85:60: note: declared here
   85 |   enum class [[deprecated("Use PrimitiveType and Order")]] Type : uint8_t{
      |                                                            ^~~~
/home/ubuntu/anaconda3/envs/tfgpu/lib/python3.13/site-packages/tensorflow/include/xla/comparison_util.h:241:28: warning: ‘Type’ is deprecated: Use PrimitiveType and Order [-Wdeprecated-declarations]
  241 | absl::StatusOr<Comparison::Type> StringToComparisonType(
      |                            ^~~~
/home/ubuntu/anaconda3/envs/tfgpu/lib/python3.13/site-packages/tensorflow/include/xla/comparison_util.h:85:60: note: declared here
   85 |   enum class [[deprecated("Use PrimitiveType and Order")]] Type : uint8_t{
      |                                                            ^~~~
In file included from /home/ubuntu/anaconda3/envs/tfgpu/lib/python3.13/site-packages/tensorflow/include/xla/shape.h:36,
                 from /home/ubuntu/anaconda3/envs/tfgpu/lib/python3.13/site-packages/tensorflow/include/xla/hlo/builder/xla_computation.h:26,
                 from /home/ubuntu/anaconda3/envs/tfgpu/lib/python3.13/site-packages/tensorflow/include/xla/hlo/builder/xla_builder.h:46,
                 from /home/ubuntu/anaconda3/envs/tfgpu/lib/python3.13/site-packages/tensorflow/include/tensorflow/compiler/tf2xla/xla_resource.h:23,
                 from /home/ubuntu/anaconda3/envs/tfgpu/lib/python3.13/site-packages/tensorflow/include/tensorflow/compiler/tf2xla/xla_argument.h:22,
                 from /home/ubuntu/anaconda3/envs/tfgpu/lib/python3.13/site-packages/tensorflow/include/tensorflow/compiler/tf2xla/layout_util.h:27,
                 from /home/ubuntu/anaconda3/envs/tfgpu/lib/python3.13/site-packages/tensorflow/include/tensorflow/compiler/tf2xla/xla_compiler.h:25,
                 from /home/ubuntu/anaconda3/envs/tfgpu/lib/python3.13/site-packages/tensorflow/include/tensorflow/compiler/tf2xla/xla_op_kernel.h:23,
                 from /tmp/bayesfilter-hmc-v7-merge-20261005/bayesfilter/ops/symmetric_sylvester_op.cc:18:
/home/ubuntu/anaconda3/envs/tfgpu/lib/python3.13/site-packages/tensorflow/include/xla/layout.h:448:17: warning: ‘xla::Layout::index_primitive_type_’ is too small to hold all values of ‘enum xla::PrimitiveType’
  448 |   PrimitiveType index_primitive_type_ : 8;
      |                 ^~~~~~~~~~~~~~~~~~~~~
/home/ubuntu/anaconda3/envs/tfgpu/lib/python3.13/site-packages/tensorflow/include/xla/layout.h:449:17: warning: ‘xla::Layout::pointer_primitive_type_’ is too small to hold all values of ‘enum xla::PrimitiveType’
  449 |   PrimitiveType pointer_primitive_type_ : 8;
      |                 ^~~~~~~~~~~~~~~~~~~~~~~
In file included from /home/ubuntu/anaconda3/envs/tfgpu/lib/python3.13/site-packages/tensorflow/include/xla/hlo/ir/hlo_instruction.h:51,
                 from /home/ubuntu/anaconda3/envs/tfgpu/lib/python3.13/site-packages/tensorflow/include/xla/hlo/ir/hlo_computation.h:44,
                 from /home/ubuntu/anaconda3/envs/tfgpu/lib/python3.13/site-packages/tensorflow/include/xla/hlo/ir/dynamic_parameter_binding.h:28,
                 from /home/ubuntu/anaconda3/envs/tfgpu/lib/python3.13/site-packages/tensorflow/include/xla/hlo/builder/xla_builder.h:47,
                 from /home/ubuntu/anaconda3/envs/tfgpu/lib/python3.13/site-packages/tensorflow/include/tensorflow/compiler/tf2xla/xla_resource.h:23,
                 from /home/ubuntu/anaconda3/envs/tfgpu/lib/python3.13/site-packages/tensorflow/include/tensorflow/compiler/tf2xla/xla_argument.h:22,
                 from /home/ubuntu/anaconda3/envs/tfgpu/lib/python3.13/site-packages/tensorflow/include/tensorflow/compiler/tf2xla/layout_util.h:27,
                 from /home/ubuntu/anaconda3/envs/tfgpu/lib/python3.13/site-packages/tensorflow/include/tensorflow/compiler/tf2xla/xla_compiler.h:25,
                 from /home/ubuntu/anaconda3/envs/tfgpu/lib/python3.13/site-packages/tensorflow/include/tensorflow/compiler/tf2xla/xla_op_kernel.h:23,
                 from /tmp/bayesfilter-hmc-v7-merge-20261005/bayesfilter/ops/symmetric_sylvester_op.cc:18:
/home/ubuntu/anaconda3/envs/tfgpu/lib/python3.13/site-packages/tensorflow/include/xla/hlo/ir/backend_config.h: In copy constructor ‘xla::BackendConfigWrapper::BackendConfigWrapper(const xla::BackendConfigWrapper&)’:
/home/ubuntu/anaconda3/envs/tfgpu/lib/python3.13/site-packages/tensorflow/include/xla/hlo/ir/backend_config.h:68:45: warning: ‘absl::lts_20260107::MutexLock::MutexLock(absl::lts_20260107::Mutex*)’ is deprecated: Use the constructor that takes a reference instead [-Wdeprecated-declarations]
   68 |     absl::MutexLock other_lock{&other.mutex_};
      |                                             ^
In file included from /home/ubuntu/anaconda3/envs/tfgpu/include/absl/strings/internal/cordz_info.h:31,
                 from /home/ubuntu/anaconda3/envs/tfgpu/include/absl/strings/cord.h:92,
                 from /home/ubuntu/anaconda3/envs/tfgpu/include/absl/container/internal/hash_function_defaults.h:59,
                 from /home/ubuntu/anaconda3/envs/tfgpu/include/absl/container/hash_container_defaults.h:19,
                 from /home/ubuntu/anaconda3/envs/tfgpu/include/absl/container/flat_hash_map.h:43,
                 from /home/ubuntu/anaconda3/envs/tfgpu/lib/python3.13/site-packages/tensorflow/include/tensorflow/core/framework/op.h:25,
                 from /tmp/bayesfilter-hmc-v7-merge-20261005/bayesfilter/ops/symmetric_sylvester_op.cc:13:
/home/ubuntu/anaconda3/envs/tfgpu/include/absl/synchronization/mutex.h:622:12: note: declared here
  622 |   explicit MutexLock(Mutex* absl_nonnull mu) ABSL_EXCLUSIVE_LOCK_FUNCTION(mu)
      |            ^~~~~~~~~
In file included from /home/ubuntu/anaconda3/envs/tfgpu/lib/python3.13/site-packages/tensorflow/include/xla/hlo/ir/hlo_instruction.h:51,
                 from /home/ubuntu/anaconda3/envs/tfgpu/lib/python3.13/site-packages/tensorflow/include/xla/hlo/ir/hlo_computation.h:44,
                 from /home/ubuntu/anaconda3/envs/tfgpu/lib/python3.13/site-packages/tensorflow/include/xla/hlo/ir/dynamic_parameter_binding.h:28,
                 from /home/ubuntu/anaconda3/envs/tfgpu/lib/python3.13/site-packages/tensorflow/include/xla/hlo/builder/xla_builder.h:47,
                 from /home/ubuntu/anaconda3/envs/tfgpu/lib/python3.13/site-packages/tensorflow/include/tensorflow/compiler/tf2xla/xla_resource.h:23,
                 from /home/ubuntu/anaconda3/envs/tfgpu/lib/python3.13/site-packages/tensorflow/include/tensorflow/compiler/tf2xla/xla_argument.h:22,
                 from /home/ubuntu/anaconda3/envs/tfgpu/lib/python3.13/site-packages/tensorflow/include/tensorflow/compiler/tf2xla/layout_util.h:27,
                 from /home/ubuntu/anaconda3/envs/tfgpu/lib/python3.13/site-packages/tensorflow/include/tensorflow/compiler/tf2xla/xla_compiler.h:25,
                 from /home/ubuntu/anaconda3/envs/tfgpu/lib/python3.13/site-packages/tensorflow/include/tensorflow/compiler/tf2xla/xla_op_kernel.h:23,
                 from /tmp/bayesfilter-hmc-v7-merge-20261005/bayesfilter/ops/symmetric_sylvester_op.cc:18:
/home/ubuntu/anaconda3/envs/tfgpu/lib/python3.13/site-packages/tensorflow/include/xla/hlo/ir/backend_config.h: In member function ‘const string& xla::BackendConfigWrapper::GetRawString() const’:
/home/ubuntu/anaconda3/envs/tfgpu/lib/python3.13/site-packages/tensorflow/include/xla/hlo/ir/backend_config.h:90:39: warning: ‘absl::lts_20260107::WriterMutexLock::WriterMutexLock(absl::lts_20260107::Mutex*)’ is deprecated: Use the constructor that takes a reference instead [-Wdeprecated-declarations]
   90 |     absl::WriterMutexLock lock{&mutex_};
      |                                       ^
In file included from /home/ubuntu/anaconda3/envs/tfgpu/include/absl/strings/internal/cordz_info.h:31,
                 from /home/ubuntu/anaconda3/envs/tfgpu/include/absl/strings/cord.h:92,
                 from /home/ubuntu/anaconda3/envs/tfgpu/include/absl/container/internal/hash_function_defaults.h:59,
                 from /home/ubuntu/anaconda3/envs/tfgpu/include/absl/container/hash_container_defaults.h:19,
                 from /home/ubuntu/anaconda3/envs/tfgpu/include/absl/container/flat_hash_map.h:43,
                 from /home/ubuntu/anaconda3/envs/tfgpu/lib/python3.13/site-packages/tensorflow/include/tensorflow/core/framework/op.h:25,
                 from /tmp/bayesfilter-hmc-v7-merge-20261005/bayesfilter/ops/symmetric_sylvester_op.cc:13:
/home/ubuntu/anaconda3/envs/tfgpu/include/absl/synchronization/mutex.h:705:12: note: declared here
  705 |   explicit WriterMutexLock(Mutex* absl_nonnull mu)
      |            ^~~~~~~~~~~~~~~
In file included from /home/ubuntu/anaconda3/envs/tfgpu/lib/python3.13/site-packages/tensorflow/include/xla/hlo/ir/hlo_instruction.h:51,
                 from /home/ubuntu/anaconda3/envs/tfgpu/lib/python3.13/site-packages/tensorflow/include/xla/hlo/ir/hlo_computation.h:44,
                 from /home/ubuntu/anaconda3/envs/tfgpu/lib/python3.13/site-packages/tensorflow/include/xla/hlo/ir/dynamic_parameter_binding.h:28,
                 from /home/ubuntu/anaconda3/envs/tfgpu/lib/python3.13/site-packages/tensorflow/include/xla/hlo/builder/xla_builder.h:47,
                 from /home/ubuntu/anaconda3/envs/tfgpu/lib/python3.13/site-packages/tensorflow/include/tensorflow/compiler/tf2xla/xla_resource.h:23,
                 from /home/ubuntu/anaconda3/envs/tfgpu/lib/python3.13/site-packages/tensorflow/include/tensorflow/compiler/tf2xla/xla_argument.h:22,
                 from /home/ubuntu/anaconda3/envs/tfgpu/lib/python3.13/site-packages/tensorflow/include/tensorflow/compiler/tf2xla/layout_util.h:27,
                 from /home/ubuntu/anaconda3/envs/tfgpu/lib/python3.13/site-packages/tensorflow/include/tensorflow/compiler/tf2xla/xla_compiler.h:25,
                 from /home/ubuntu/anaconda3/envs/tfgpu/lib/python3.13/site-packages/tensorflow/include/tensorflow/compiler/tf2xla/xla_op_kernel.h:23,
                 from /tmp/bayesfilter-hmc-v7-merge-20261005/bayesfilter/ops/symmetric_sylvester_op.cc:18:
/home/ubuntu/anaconda3/envs/tfgpu/lib/python3.13/site-packages/tensorflow/include/xla/hlo/ir/backend_config.h: In member function ‘bool xla::BackendConfigWrapper::empty() const’:
/home/ubuntu/anaconda3/envs/tfgpu/lib/python3.13/site-packages/tensorflow/include/xla/hlo/ir/backend_config.h:96:33: warning: ‘absl::lts_20260107::MutexLock::MutexLock(absl::lts_20260107::Mutex*)’ is deprecated: Use the constructor that takes a reference instead [-Wdeprecated-declarations]
   96 |     absl::MutexLock lock{&mutex_};
      |                                 ^
In file included from /home/ubuntu/anaconda3/envs/tfgpu/include/absl/strings/internal/cordz_info.h:31,
                 from /home/ubuntu/anaconda3/envs/tfgpu/include/absl/strings/cord.h:92,
                 from /home/ubuntu/anaconda3/envs/tfgpu/include/absl/container/internal/hash_function_defaults.h:59,
                 from /home/ubuntu/anaconda3/envs/tfgpu/include/absl/container/hash_container_defaults.h:19,
                 from /home/ubuntu/anaconda3/envs/tfgpu/include/absl/container/flat_hash_map.h:43,
                 from /home/ubuntu/anaconda3/envs/tfgpu/lib/python3.13/site-packages/tensorflow/include/tensorflow/core/framework/op.h:25,
                 from /tmp/bayesfilter-hmc-v7-merge-20261005/bayesfilter/ops/symmetric_sylvester_op.cc:13:
/home/ubuntu/anaconda3/envs/tfgpu/include/absl/synchronization/mutex.h:622:12: note: declared here
  622 |   explicit MutexLock(Mutex* absl_nonnull mu) ABSL_EXCLUSIVE_LOCK_FUNCTION(mu)
      |            ^~~~~~~~~
In file included from /home/ubuntu/anaconda3/envs/tfgpu/lib/python3.13/site-packages/tensorflow/include/xla/hlo/ir/hlo_computation.h:44,
                 from /home/ubuntu/anaconda3/envs/tfgpu/lib/python3.13/site-packages/tensorflow/include/xla/hlo/ir/dynamic_parameter_binding.h:28,
                 from /home/ubuntu/anaconda3/envs/tfgpu/lib/python3.13/site-packages/tensorflow/include/xla/hlo/builder/xla_builder.h:47,
                 from /home/ubuntu/anaconda3/envs/tfgpu/lib/python3.13/site-packages/tensorflow/include/tensorflow/compiler/tf2xla/xla_resource.h:23,
                 from /home/ubuntu/anaconda3/envs/tfgpu/lib/python3.13/site-packages/tensorflow/include/tensorflow/compiler/tf2xla/xla_argument.h:22,
                 from /home/ubuntu/anaconda3/envs/tfgpu/lib/python3.13/site-packages/tensorflow/include/tensorflow/compiler/tf2xla/layout_util.h:27,
                 from /home/ubuntu/anaconda3/envs/tfgpu/lib/python3.13/site-packages/tensorflow/include/tensorflow/compiler/tf2xla/xla_compiler.h:25,
                 from /home/ubuntu/anaconda3/envs/tfgpu/lib/python3.13/site-packages/tensorflow/include/tensorflow/compiler/tf2xla/xla_op_kernel.h:23,
                 from /tmp/bayesfilter-hmc-v7-merge-20261005/bayesfilter/ops/symmetric_sylvester_op.cc:18:
/home/ubuntu/anaconda3/envs/tfgpu/lib/python3.13/site-packages/tensorflow/include/xla/hlo/ir/hlo_instruction.h: At global scope:
/home/ubuntu/anaconda3/envs/tfgpu/lib/python3.13/site-packages/tensorflow/include/xla/hlo/ir/hlo_instruction.h:445:33: warning: ‘Type’ is deprecated: Use PrimitiveType and Order [-Wdeprecated-declarations]
  445 |       std::optional<Comparison::Type> type = std::nullopt);
      |                                 ^~~~
In file included from /home/ubuntu/anaconda3/envs/tfgpu/lib/python3.13/site-packages/tensorflow/include/xla/hlo/builder/xla_builder.h:44,
                 from /home/ubuntu/anaconda3/envs/tfgpu/lib/python3.13/site-packages/tensorflow/include/tensorflow/compiler/tf2xla/xla_resource.h:23,
                 from /home/ubuntu/anaconda3/envs/tfgpu/lib/python3.13/site-packages/tensorflow/include/tensorflow/compiler/tf2xla/xla_argument.h:22,
                 from /home/ubuntu/anaconda3/envs/tfgpu/lib/python3.13/site-packages/tensorflow/include/tensorflow/compiler/tf2xla/layout_util.h:27,
                 from /home/ubuntu/anaconda3/envs/tfgpu/lib/python3.13/site-packages/tensorflow/include/tensorflow/compiler/tf2xla/xla_compiler.h:25,
                 from /home/ubuntu/anaconda3/envs/tfgpu/lib/python3.13/site-packages/tensorflow/include/tensorflow/compiler/tf2xla/xla_op_kernel.h:23,
                 from /tmp/bayesfilter-hmc-v7-merge-20261005/bayesfilter/ops/symmetric_sylvester_op.cc:18:
/home/ubuntu/anaconda3/envs/tfgpu/lib/python3.13/site-packages/tensorflow/include/xla/comparison_util.h:85:60: note: declared here
   85 |   enum class [[deprecated("Use PrimitiveType and Order")]] Type : uint8_t{
      |                                                            ^~~~
In file included from /home/ubuntu/anaconda3/envs/tfgpu/lib/python3.13/site-packages/tensorflow/include/tensorflow/compiler/tf2xla/xla_resource.h:23,
                 from /home/ubuntu/anaconda3/envs/tfgpu/lib/python3.13/site-packages/tensorflow/include/tensorflow/compiler/tf2xla/xla_argument.h:22,
                 from /home/ubuntu/anaconda3/envs/tfgpu/lib/python3.13/site-packages/tensorflow/include/tensorflow/compiler/tf2xla/layout_util.h:27,
                 from /home/ubuntu/anaconda3/envs/tfgpu/lib/python3.13/site-packages/tensorflow/include/tensorflow/compiler/tf2xla/xla_compiler.h:25,
                 from /home/ubuntu/anaconda3/envs/tfgpu/lib/python3.13/site-packages/tensorflow/include/tensorflow/compiler/tf2xla/xla_op_kernel.h:23,
                 from /tmp/bayesfilter-hmc-v7-merge-20261005/bayesfilter/ops/symmetric_sylvester_op.cc:18:
/home/ubuntu/anaconda3/envs/tfgpu/lib/python3.13/site-packages/tensorflow/include/xla/hlo/builder/xla_builder.h:1154:44: warning: ‘Type’ is deprecated: Use PrimitiveType and Order [-Wdeprecated-declarations]
 1154 |                  std::optional<Comparison::Type> type = std::nullopt);
      |                                            ^~~~
In file included from /home/ubuntu/anaconda3/envs/tfgpu/lib/python3.13/site-packages/tensorflow/include/xla/hlo/builder/xla_builder.h:44,
                 from /home/ubuntu/anaconda3/envs/tfgpu/lib/python3.13/site-packages/tensorflow/include/tensorflow/compiler/tf2xla/xla_resource.h:23,
                 from /home/ubuntu/anaconda3/envs/tfgpu/lib/python3.13/site-packages/tensorflow/include/tensorflow/compiler/tf2xla/xla_argument.h:22,
                 from /home/ubuntu/anaconda3/envs/tfgpu/lib/python3.13/site-packages/tensorflow/include/tensorflow/compiler/tf2xla/layout_util.h:27,
                 from /home/ubuntu/anaconda3/envs/tfgpu/lib/python3.13/site-packages/tensorflow/include/tensorflow/compiler/tf2xla/xla_compiler.h:25,
                 from /home/ubuntu/anaconda3/envs/tfgpu/lib/python3.13/site-packages/tensorflow/include/tensorflow/compiler/tf2xla/xla_op_kernel.h:23,
                 from /tmp/bayesfilter-hmc-v7-merge-20261005/bayesfilter/ops/symmetric_sylvester_op.cc:18:
/home/ubuntu/anaconda3/envs/tfgpu/lib/python3.13/site-packages/tensorflow/include/xla/comparison_util.h:85:60: note: declared here
   85 |   enum class [[deprecated("Use PrimitiveType and Order")]] Type : uint8_t{
      |                                                            ^~~~
In file included from /home/ubuntu/anaconda3/envs/tfgpu/lib/python3.13/site-packages/tensorflow/include/tensorflow/compiler/tf2xla/xla_resource.h:23,
                 from /home/ubuntu/anaconda3/envs/tfgpu/lib/python3.13/site-packages/tensorflow/include/tensorflow/compiler/tf2xla/xla_argument.h:22,
                 from /home/ubuntu/anaconda3/envs/tfgpu/lib/python3.13/site-packages/tensorflow/include/tensorflow/compiler/tf2xla/layout_util.h:27,
                 from /home/ubuntu/anaconda3/envs/tfgpu/lib/python3.13/site-packages/tensorflow/include/tensorflow/compiler/tf2xla/xla_compiler.h:25,
                 from /home/ubuntu/anaconda3/envs/tfgpu/lib/python3.13/site-packages/tensorflow/include/tensorflow/compiler/tf2xla/xla_op_kernel.h:23,
                 from /tmp/bayesfilter-hmc-v7-merge-20261005/bayesfilter/ops/symmetric_sylvester_op.cc:18:
/home/ubuntu/anaconda3/envs/tfgpu/lib/python3.13/site-packages/tensorflow/include/xla/hlo/builder/xla_builder.h:1163:62: warning: ‘Type’ is deprecated: Use PrimitiveType and Order [-Wdeprecated-declarations]
 1163 |                                         Comparison::Type type);
      |                                                              ^
In file included from /home/ubuntu/anaconda3/envs/tfgpu/lib/python3.13/site-packages/tensorflow/include/xla/hlo/builder/xla_builder.h:44,
                 from /home/ubuntu/anaconda3/envs/tfgpu/lib/python3.13/site-packages/tensorflow/include/tensorflow/compiler/tf2xla/xla_resource.h:23,
                 from /home/ubuntu/anaconda3/envs/tfgpu/lib/python3.13/site-packages/tensorflow/include/tensorflow/compiler/tf2xla/xla_argument.h:22,
                 from /home/ubuntu/anaconda3/envs/tfgpu/lib/python3.13/site-packages/tensorflow/include/tensorflow/compiler/tf2xla/layout_util.h:27,
                 from /home/ubuntu/anaconda3/envs/tfgpu/lib/python3.13/site-packages/tensorflow/include/tensorflow/compiler/tf2xla/xla_compiler.h:25,
                 from /home/ubuntu/anaconda3/envs/tfgpu/lib/python3.13/site-packages/tensorflow/include/tensorflow/compiler/tf2xla/xla_op_kernel.h:23,
                 from /tmp/bayesfilter-hmc-v7-merge-20261005/bayesfilter/ops/symmetric_sylvester_op.cc:18:
/home/ubuntu/anaconda3/envs/tfgpu/lib/python3.13/site-packages/tensorflow/include/xla/comparison_util.h:85:60: note: declared here
   85 |   enum class [[deprecated("Use PrimitiveType and Order")]] Type : uint8_t{
      |                                                            ^~~~
In file included from /home/ubuntu/anaconda3/envs/tfgpu/lib/python3.13/site-packages/tensorflow/include/tensorflow/compiler/tf2xla/xla_resource.h:23,
                 from /home/ubuntu/anaconda3/envs/tfgpu/lib/python3.13/site-packages/tensorflow/include/tensorflow/compiler/tf2xla/xla_argument.h:22,
                 from /home/ubuntu/anaconda3/envs/tfgpu/lib/python3.13/site-packages/tensorflow/include/tensorflow/compiler/tf2xla/layout_util.h:27,
                 from /home/ubuntu/anaconda3/envs/tfgpu/lib/python3.13/site-packages/tensorflow/include/tensorflow/compiler/tf2xla/xla_compiler.h:25,
                 from /home/ubuntu/anaconda3/envs/tfgpu/lib/python3.13/site-packages/tensorflow/include/tensorflow/compiler/tf2xla/xla_op_kernel.h:23,
                 from /tmp/bayesfilter-hmc-v7-merge-20261005/bayesfilter/ops/symmetric_sylvester_op.cc:18:
/home/ubuntu/anaconda3/envs/tfgpu/lib/python3.13/site-packages/tensorflow/include/xla/hlo/builder/xla_builder.h:1390:53: warning: ‘Type’ is deprecated: Use PrimitiveType and Order [-Wdeprecated-declarations]
 1390 |                        Comparison::Type compare_type);
      |                                                     ^
In file included from /home/ubuntu/anaconda3/envs/tfgpu/lib/python3.13/site-packages/tensorflow/include/xla/hlo/builder/xla_builder.h:44,
                 from /home/ubuntu/anaconda3/envs/tfgpu/lib/python3.13/site-packages/tensorflow/include/tensorflow/compiler/tf2xla/xla_resource.h:23,
                 from /home/ubuntu/anaconda3/envs/tfgpu/lib/python3.13/site-packages/tensorflow/include/tensorflow/compiler/tf2xla/xla_argument.h:22,
                 from /home/ubuntu/anaconda3/envs/tfgpu/lib/python3.13/site-packages/tensorflow/include/tensorflow/compiler/tf2xla/layout_util.h:27,
                 from /home/ubuntu/anaconda3/envs/tfgpu/lib/python3.13/site-packages/tensorflow/include/tensorflow/compiler/tf2xla/xla_compiler.h:25,
                 from /home/ubuntu/anaconda3/envs/tfgpu/lib/python3.13/site-packages/tensorflow/include/tensorflow/compiler/tf2xla/xla_op_kernel.h:23,
                 from /tmp/bayesfilter-hmc-v7-merge-20261005/bayesfilter/ops/symmetric_sylvester_op.cc:18:
/home/ubuntu/anaconda3/envs/tfgpu/lib/python3.13/site-packages/tensorflow/include/xla/comparison_util.h:85:60: note: declared here
   85 |   enum class [[deprecated("Use PrimitiveType and Order")]] Type : uint8_t{
      |                                                            ^~~~
In file included from /home/ubuntu/anaconda3/envs/tfgpu/lib/python3.13/site-packages/tensorflow/include/tensorflow/compiler/tf2xla/xla_resource.h:23,
                 from /home/ubuntu/anaconda3/envs/tfgpu/lib/python3.13/site-packages/tensorflow/include/tensorflow/compiler/tf2xla/xla_argument.h:22,
                 from /home/ubuntu/anaconda3/envs/tfgpu/lib/python3.13/site-packages/tensorflow/include/tensorflow/compiler/tf2xla/layout_util.h:27,
                 from /home/ubuntu/anaconda3/envs/tfgpu/lib/python3.13/site-packages/tensorflow/include/tensorflow/compiler/tf2xla/xla_compiler.h:25,
                 from /home/ubuntu/anaconda3/envs/tfgpu/lib/python3.13/site-packages/tensorflow/include/tensorflow/compiler/tf2xla/xla_op_kernel.h:23,
                 from /tmp/bayesfilter-hmc-v7-merge-20261005/bayesfilter/ops/symmetric_sylvester_op.cc:18:
/home/ubuntu/anaconda3/envs/tfgpu/lib/python3.13/site-packages/tensorflow/include/xla/hlo/builder/xla_builder.h:2282:75: warning: ‘Type’ is deprecated: Use PrimitiveType and Order [-Wdeprecated-declarations]
 2282 |               ComparisonDirection direction, Comparison::Type compare_type);
      |                                                                           ^
In file included from /home/ubuntu/anaconda3/envs/tfgpu/lib/python3.13/site-packages/tensorflow/include/xla/hlo/builder/xla_builder.h:44,
                 from /home/ubuntu/anaconda3/envs/tfgpu/lib/python3.13/site-packages/tensorflow/include/tensorflow/compiler/tf2xla/xla_resource.h:23,
                 from /home/ubuntu/anaconda3/envs/tfgpu/lib/python3.13/site-packages/tensorflow/include/tensorflow/compiler/tf2xla/xla_argument.h:22,
                 from /home/ubuntu/anaconda3/envs/tfgpu/lib/python3.13/site-packages/tensorflow/include/tensorflow/compiler/tf2xla/layout_util.h:27,
                 from /home/ubuntu/anaconda3/envs/tfgpu/lib/python3.13/site-packages/tensorflow/include/tensorflow/compiler/tf2xla/xla_compiler.h:25,
                 from /home/ubuntu/anaconda3/envs/tfgpu/lib/python3.13/site-packages/tensorflow/include/tensorflow/compiler/tf2xla/xla_op_kernel.h:23,
                 from /tmp/bayesfilter-hmc-v7-merge-20261005/bayesfilter/ops/symmetric_sylvester_op.cc:18:
/home/ubuntu/anaconda3/envs/tfgpu/lib/python3.13/site-packages/tensorflow/include/xla/comparison_util.h:85:60: note: declared here
   85 |   enum class [[deprecated("Use PrimitiveType and Order")]] Type : uint8_t{
      |                                                            ^~~~
In file included from /home/ubuntu/anaconda3/envs/tfgpu/lib/python3.13/site-packages/tensorflow/include/xla/service/global_device_id.h:23,
                 from /home/ubuntu/anaconda3/envs/tfgpu/lib/python3.13/site-packages/tensorflow/include/xla/service/computation_placer.h:28,
                 from /home/ubuntu/anaconda3/envs/tfgpu/lib/python3.13/site-packages/tensorflow/include/tensorflow/compiler/tf2xla/xla_helpers.h:30,
                 from /home/ubuntu/anaconda3/envs/tfgpu/lib/python3.13/site-packages/tensorflow/include/tensorflow/compiler/tf2xla/layout_util.h:28,
                 from /home/ubuntu/anaconda3/envs/tfgpu/lib/python3.13/site-packages/tensorflow/include/tensorflow/compiler/tf2xla/xla_compiler.h:25,
                 from /home/ubuntu/anaconda3/envs/tfgpu/lib/python3.13/site-packages/tensorflow/include/tensorflow/compiler/tf2xla/xla_op_kernel.h:23,
                 from /tmp/bayesfilter-hmc-v7-merge-20261005/bayesfilter/ops/symmetric_sylvester_op.cc:18:
/home/ubuntu/anaconda3/envs/tfgpu/lib/python3.13/site-packages/tensorflow/include/xla/tsl/distributed_runtime/coordination/coordination_service.h: In destructor ‘tsl::CoordinationService::~CoordinationService()’:
/home/ubuntu/anaconda3/envs/tfgpu/lib/python3.13/site-packages/tensorflow/include/xla/tsl/distributed_runtime/coordination/coordination_service.h:103:36: warning: ‘absl::lts_20260107::MutexLock::MutexLock(absl::lts_20260107::Mutex*)’ is deprecated: Use the constructor that takes a reference instead [-Wdeprecated-declarations]
  103 |     absl::MutexLock lock(&state_mu_);
      |                                    ^
In file included from /home/ubuntu/anaconda3/envs/tfgpu/include/absl/strings/internal/cordz_info.h:31,
                 from /home/ubuntu/anaconda3/envs/tfgpu/include/absl/strings/cord.h:92,
                 from /home/ubuntu/anaconda3/envs/tfgpu/include/absl/container/internal/hash_function_defaults.h:59,
                 from /home/ubuntu/anaconda3/envs/tfgpu/include/absl/container/hash_container_defaults.h:19,
                 from /home/ubuntu/anaconda3/envs/tfgpu/include/absl/container/flat_hash_map.h:43,
                 from /home/ubuntu/anaconda3/envs/tfgpu/lib/python3.13/site-packages/tensorflow/include/tensorflow/core/framework/op.h:25,
                 from /tmp/bayesfilter-hmc-v7-merge-20261005/bayesfilter/ops/symmetric_sylvester_op.cc:13:
/home/ubuntu/anaconda3/envs/tfgpu/include/absl/synchronization/mutex.h:622:12: note: declared here
  622 |   explicit MutexLock(Mutex* absl_nonnull mu) ABSL_EXCLUSIVE_LOCK_FUNCTION(mu)
      |            ^~~~~~~~~
In file included from /home/ubuntu/anaconda3/envs/tfgpu/lib/python3.13/site-packages/tensorflow/include/tensorflow/core/framework/device.h:41,
                 from /home/ubuntu/anaconda3/envs/tfgpu/lib/python3.13/site-packages/tensorflow/include/tensorflow/core/common_runtime/device.h:18,
                 from /home/ubuntu/anaconda3/envs/tfgpu/lib/python3.13/site-packages/tensorflow/include/tensorflow/core/common_runtime/local_device.h:19,
                 from /home/ubuntu/anaconda3/envs/tfgpu/lib/python3.13/site-packages/tensorflow/include/tensorflow/compiler/tf2xla/xla_compilation_device.h:21,
                 from /home/ubuntu/anaconda3/envs/tfgpu/lib/python3.13/site-packages/tensorflow/include/tensorflow/compiler/tf2xla/xla_compiler.h:27,
                 from /home/ubuntu/anaconda3/envs/tfgpu/lib/python3.13/site-packages/tensorflow/include/tensorflow/compiler/tf2xla/xla_op_kernel.h:23,
                 from /tmp/bayesfilter-hmc-v7-merge-20261005/bayesfilter/ops/symmetric_sylvester_op.cc:18:
/home/ubuntu/anaconda3/envs/tfgpu/lib/python3.13/site-packages/tensorflow/include/tensorflow/core/framework/op_segment.h: At global scope:
/home/ubuntu/anaconda3/envs/tfgpu/lib/python3.13/site-packages/tensorflow/include/tensorflow/core/framework/op_segment.h:81:17: warning: ‘mutex’ is deprecated: Use absl::Mutex instead. [-Wdeprecated-declarations]
   81 |   mutable mutex mu_;
      |                 ^~~
In file included from /home/ubuntu/anaconda3/envs/tfgpu/lib/python3.13/site-packages/tensorflow/include/tensorflow/core/platform/mutex.h:22,
                 from /home/ubuntu/anaconda3/envs/tfgpu/lib/python3.13/site-packages/tensorflow/include/tensorflow/core/platform/refcount.h:19,
                 from /home/ubuntu/anaconda3/envs/tfgpu/lib/python3.13/site-packages/tensorflow/include/tensorflow/core/lib/core/refcount.h:19,
                 from /home/ubuntu/anaconda3/envs/tfgpu/lib/python3.13/site-packages/tensorflow/include/tensorflow/core/framework/resource_base.h:24,
                 from /home/ubuntu/anaconda3/envs/tfgpu/lib/python3.13/site-packages/tensorflow/include/tensorflow/core/framework/resource_handle.h:22,
                 from /home/ubuntu/anaconda3/envs/tfgpu/lib/python3.13/site-packages/tensorflow/include/tensorflow/core/framework/types.h:30,
                 from /home/ubuntu/anaconda3/envs/tfgpu/lib/python3.13/site-packages/tensorflow/include/tensorflow/core/framework/op_def_builder.h:28,
                 from /home/ubuntu/anaconda3/envs/tfgpu/lib/python3.13/site-packages/tensorflow/include/tensorflow/core/framework/full_type_inference_util.h:24,
                 from /home/ubuntu/anaconda3/envs/tfgpu/lib/python3.13/site-packages/tensorflow/include/tensorflow/core/framework/op.h:27,
                 from /tmp/bayesfilter-hmc-v7-merge-20261005/bayesfilter/ops/symmetric_sylvester_op.cc:13:
/home/ubuntu/anaconda3/envs/tfgpu/lib/python3.13/site-packages/tensorflow/include/tsl/platform/mutex.h:43:63: note: declared here
   43 | class TF_LOCKABLE ABSL_DEPRECATED("Use absl::Mutex instead.") mutex {
      |                                                               ^~~~~
In file included from /home/ubuntu/anaconda3/envs/tfgpu/lib/python3.13/site-packages/tensorflow/include/tensorflow/core/framework/device.h:42,
                 from /home/ubuntu/anaconda3/envs/tfgpu/lib/python3.13/site-packages/tensorflow/include/tensorflow/core/common_runtime/device.h:18,
                 from /home/ubuntu/anaconda3/envs/tfgpu/lib/python3.13/site-packages/tensorflow/include/tensorflow/core/common_runtime/local_device.h:19,
                 from /home/ubuntu/anaconda3/envs/tfgpu/lib/python3.13/site-packages/tensorflow/include/tensorflow/compiler/tf2xla/xla_compilation_device.h:21,
                 from /home/ubuntu/anaconda3/envs/tfgpu/lib/python3.13/site-packages/tensorflow/include/tensorflow/compiler/tf2xla/xla_compiler.h:27,
                 from /home/ubuntu/anaconda3/envs/tfgpu/lib/python3.13/site-packages/tensorflow/include/tensorflow/compiler/tf2xla/xla_op_kernel.h:23,
                 from /tmp/bayesfilter-hmc-v7-merge-20261005/bayesfilter/ops/symmetric_sylvester_op.cc:18:
/home/ubuntu/anaconda3/envs/tfgpu/lib/python3.13/site-packages/tensorflow/include/tensorflow/core/framework/resource_mgr.h:145:9: warning: ‘mutex’ is deprecated: Use absl::Mutex instead. [-Wdeprecated-declarations]
  145 |   mutex mu_;
      |         ^~~
In file included from /home/ubuntu/anaconda3/envs/tfgpu/lib/python3.13/site-packages/tensorflow/include/tensorflow/core/platform/mutex.h:22,
                 from /home/ubuntu/anaconda3/envs/tfgpu/lib/python3.13/site-packages/tensorflow/include/tensorflow/core/platform/refcount.h:19,
                 from /home/ubuntu/anaconda3/envs/tfgpu/lib/python3.13/site-packages/tensorflow/include/tensorflow/core/lib/core/refcount.h:19,
                 from /home/ubuntu/anaconda3/envs/tfgpu/lib/python3.13/site-packages/tensorflow/include/tensorflow/core/framework/resource_base.h:24,
                 from /home/ubuntu/anaconda3/envs/tfgpu/lib/python3.13/site-packages/tensorflow/include/tensorflow/core/framework/resource_handle.h:22,
                 from /home/ubuntu/anaconda3/envs/tfgpu/lib/python3.13/site-packages/tensorflow/include/tensorflow/core/framework/types.h:30,
                 from /home/ubuntu/anaconda3/envs/tfgpu/lib/python3.13/site-packages/tensorflow/include/tensorflow/core/framework/op_def_builder.h:28,
                 from /home/ubuntu/anaconda3/envs/tfgpu/lib/python3.13/site-packages/tensorflow/include/tensorflow/core/framework/full_type_inference_util.h:24,
                 from /home/ubuntu/anaconda3/envs/tfgpu/lib/python3.13/site-packages/tensorflow/include/tensorflow/core/framework/op.h:27,
                 from /tmp/bayesfilter-hmc-v7-merge-20261005/bayesfilter/ops/symmetric_sylvester_op.cc:13:
/home/ubuntu/anaconda3/envs/tfgpu/lib/python3.13/site-packages/tensorflow/include/tsl/platform/mutex.h:43:63: note: declared here
   43 | class TF_LOCKABLE ABSL_DEPRECATED("Use absl::Mutex instead.") mutex {
      |                                                               ^~~~~
In file included from /home/ubuntu/anaconda3/envs/tfgpu/lib/python3.13/site-packages/tensorflow/include/tensorflow/core/framework/device.h:42,
                 from /home/ubuntu/anaconda3/envs/tfgpu/lib/python3.13/site-packages/tensorflow/include/tensorflow/core/common_runtime/device.h:18,
                 from /home/ubuntu/anaconda3/envs/tfgpu/lib/python3.13/site-packages/tensorflow/include/tensorflow/core/common_runtime/local_device.h:19,
                 from /home/ubuntu/anaconda3/envs/tfgpu/lib/python3.13/site-packages/tensorflow/include/tensorflow/compiler/tf2xla/xla_compilation_device.h:21,
                 from /home/ubuntu/anaconda3/envs/tfgpu/lib/python3.13/site-packages/tensorflow/include/tensorflow/compiler/tf2xla/xla_compiler.h:27,
                 from /home/ubuntu/anaconda3/envs/tfgpu/lib/python3.13/site-packages/tensorflow/include/tensorflow/compiler/tf2xla/xla_op_kernel.h:23,
                 from /tmp/bayesfilter-hmc-v7-merge-20261005/bayesfilter/ops/symmetric_sylvester_op.cc:18:
/home/ubuntu/anaconda3/envs/tfgpu/lib/python3.13/site-packages/tensorflow/include/tensorflow/core/framework/resource_mgr.h: In constructor ‘tensorflow::ScopedStepContainer::ScopedStepContainer(int64_t, std::function<void(const std::__cxx11::basic_string<char>&)>)’:
/home/ubuntu/anaconda3/envs/tfgpu/lib/python3.13/site-packages/tensorflow/include/tensorflow/core/framework/resource_mgr.h:91:35: warning: ‘std::string tsl::strings::StrCat(const tsl::strings::AlphaNum&, const tsl::strings::AlphaNum&)’ is deprecated: Use absl::StrCat() instead. [-Wdeprecated-declarations]
   91 |         container_(strings::StrCat("__per_step_", step_id)),
      |                    ~~~~~~~~~~~~~~~^~~~~~~~~~~~~~~~~~~~~~~~
In file included from /home/ubuntu/anaconda3/envs/tfgpu/lib/python3.13/site-packages/tensorflow/include/tensorflow/core/platform/strcat.h:23,
                 from /home/ubuntu/anaconda3/envs/tfgpu/lib/python3.13/site-packages/tensorflow/include/tensorflow/core/platform/errors.h:29,
                 from /home/ubuntu/anaconda3/envs/tfgpu/lib/python3.13/site-packages/tensorflow/include/tensorflow/core/framework/resource_base.h:25,
                 from /home/ubuntu/anaconda3/envs/tfgpu/lib/python3.13/site-packages/tensorflow/include/tensorflow/core/framework/resource_handle.h:22,
                 from /home/ubuntu/anaconda3/envs/tfgpu/lib/python3.13/site-packages/tensorflow/include/tensorflow/core/framework/types.h:30,
                 from /home/ubuntu/anaconda3/envs/tfgpu/lib/python3.13/site-packages/tensorflow/include/tensorflow/core/framework/op_def_builder.h:28,
                 from /home/ubuntu/anaconda3/envs/tfgpu/lib/python3.13/site-packages/tensorflow/include/tensorflow/core/framework/full_type_inference_util.h:24,
                 from /home/ubuntu/anaconda3/envs/tfgpu/lib/python3.13/site-packages/tensorflow/include/tensorflow/core/framework/op.h:27,
                 from /tmp/bayesfilter-hmc-v7-merge-20261005/bayesfilter/ops/symmetric_sylvester_op.cc:13:
/home/ubuntu/anaconda3/envs/tfgpu/lib/python3.13/site-packages/tensorflow/include/tsl/platform/strcat.h:164:13: note: declared here
  164 | std::string StrCat(const AlphaNum &a, const AlphaNum &b) TF_MUST_USE_RESULT;
      |             ^~~~~~
In file included from /home/ubuntu/anaconda3/envs/tfgpu/lib/python3.13/site-packages/tensorflow/include/tensorflow/core/framework/device.h:42,
                 from /home/ubuntu/anaconda3/envs/tfgpu/lib/python3.13/site-packages/tensorflow/include/tensorflow/core/common_runtime/device.h:18,
                 from /home/ubuntu/anaconda3/envs/tfgpu/lib/python3.13/site-packages/tensorflow/include/tensorflow/core/common_runtime/local_device.h:19,
                 from /home/ubuntu/anaconda3/envs/tfgpu/lib/python3.13/site-packages/tensorflow/include/tensorflow/compiler/tf2xla/xla_compilation_device.h:21,
                 from /home/ubuntu/anaconda3/envs/tfgpu/lib/python3.13/site-packages/tensorflow/include/tensorflow/compiler/tf2xla/xla_compiler.h:27,
                 from /home/ubuntu/anaconda3/envs/tfgpu/lib/python3.13/site-packages/tensorflow/include/tensorflow/compiler/tf2xla/xla_op_kernel.h:23,
                 from /tmp/bayesfilter-hmc-v7-merge-20261005/bayesfilter/ops/symmetric_sylvester_op.cc:18:
/home/ubuntu/anaconda3/envs/tfgpu/lib/python3.13/site-packages/tensorflow/include/tensorflow/core/framework/resource_mgr.h: In constructor ‘tensorflow::ScopedStepContainer::ScopedStepContainer(int64_t, std::function<void(const std::__cxx11::basic_string<char>&)>, const string&)’:
/home/ubuntu/anaconda3/envs/tfgpu/lib/python3.13/site-packages/tensorflow/include/tensorflow/core/framework/resource_mgr.h:99:35: warning: ‘std::string tsl::strings::StrCat(const tsl::strings::AlphaNum&, const tsl::strings::AlphaNum&, const tsl::strings::AlphaNum&, const tsl::strings::AlphaNum&)’ is deprecated: Use absl::StrCat() instead. [-Wdeprecated-declarations]
   99 |         container_(strings::StrCat("__", prefix, "_per_step_", step_id)),
      |                    ~~~~~~~~~~~~~~~^~~~~~~~~~~~~~~~~~~~~~~~~~~~~~~~~~~~~
In file included from /home/ubuntu/anaconda3/envs/tfgpu/lib/python3.13/site-packages/tensorflow/include/tensorflow/core/platform/strcat.h:23,
                 from /home/ubuntu/anaconda3/envs/tfgpu/lib/python3.13/site-packages/tensorflow/include/tensorflow/core/platform/errors.h:29,
                 from /home/ubuntu/anaconda3/envs/tfgpu/lib/python3.13/site-packages/tensorflow/include/tensorflow/core/framework/resource_base.h:25,
                 from /home/ubuntu/anaconda3/envs/tfgpu/lib/python3.13/site-packages/tensorflow/include/tensorflow/core/framework/resource_handle.h:22,
                 from /home/ubuntu/anaconda3/envs/tfgpu/lib/python3.13/site-packages/tensorflow/include/tensorflow/core/framework/types.h:30,
                 from /home/ubuntu/anaconda3/envs/tfgpu/lib/python3.13/site-packages/tensorflow/include/tensorflow/core/framework/op_def_builder.h:28,
                 from /home/ubuntu/anaconda3/envs/tfgpu/lib/python3.13/site-packages/tensorflow/include/tensorflow/core/framework/full_type_inference_util.h:24,
                 from /home/ubuntu/anaconda3/envs/tfgpu/lib/python3.13/site-packages/tensorflow/include/tensorflow/core/framework/op.h:27,
                 from /tmp/bayesfilter-hmc-v7-merge-20261005/bayesfilter/ops/symmetric_sylvester_op.cc:13:
/home/ubuntu/anaconda3/envs/tfgpu/lib/python3.13/site-packages/tensorflow/include/tsl/platform/strcat.h:169:13: note: declared here
  169 | std::string StrCat(const AlphaNum &a, const AlphaNum &b, const AlphaNum &c,
      |             ^~~~~~
In file included from /home/ubuntu/anaconda3/envs/tfgpu/lib/python3.13/site-packages/tensorflow/include/tensorflow/core/framework/device.h:42,
                 from /home/ubuntu/anaconda3/envs/tfgpu/lib/python3.13/site-packages/tensorflow/include/tensorflow/core/common_runtime/device.h:18,
                 from /home/ubuntu/anaconda3/envs/tfgpu/lib/python3.13/site-packages/tensorflow/include/tensorflow/core/common_runtime/local_device.h:19,
                 from /home/ubuntu/anaconda3/envs/tfgpu/lib/python3.13/site-packages/tensorflow/include/tensorflow/compiler/tf2xla/xla_compilation_device.h:21,
                 from /home/ubuntu/anaconda3/envs/tfgpu/lib/python3.13/site-packages/tensorflow/include/tensorflow/compiler/tf2xla/xla_compiler.h:27,
                 from /home/ubuntu/anaconda3/envs/tfgpu/lib/python3.13/site-packages/tensorflow/include/tensorflow/compiler/tf2xla/xla_op_kernel.h:23,
                 from /tmp/bayesfilter-hmc-v7-merge-20261005/bayesfilter/ops/symmetric_sylvester_op.cc:18:
/home/ubuntu/anaconda3/envs/tfgpu/lib/python3.13/site-packages/tensorflow/include/tensorflow/core/framework/resource_mgr.h: At global scope:
/home/ubuntu/anaconda3/envs/tfgpu/lib/python3.13/site-packages/tensorflow/include/tensorflow/core/framework/resource_mgr.h:283:17: warning: ‘mutex’ is deprecated: Use absl::Mutex instead. [-Wdeprecated-declarations]
  283 |   mutable mutex mu_;
      |                 ^~~
In file included from /home/ubuntu/anaconda3/envs/tfgpu/lib/python3.13/site-packages/tensorflow/include/tensorflow/core/platform/mutex.h:22,
                 from /home/ubuntu/anaconda3/envs/tfgpu/lib/python3.13/site-packages/tensorflow/include/tensorflow/core/platform/refcount.h:19,
                 from /home/ubuntu/anaconda3/envs/tfgpu/lib/python3.13/site-packages/tensorflow/include/tensorflow/core/lib/core/refcount.h:19,
                 from /home/ubuntu/anaconda3/envs/tfgpu/lib/python3.13/site-packages/tensorflow/include/tensorflow/core/framework/resource_base.h:24,
                 from /home/ubuntu/anaconda3/envs/tfgpu/lib/python3.13/site-packages/tensorflow/include/tensorflow/core/framework/resource_handle.h:22,
                 from /home/ubuntu/anaconda3/envs/tfgpu/lib/python3.13/site-packages/tensorflow/include/tensorflow/core/framework/types.h:30,
                 from /home/ubuntu/anaconda3/envs/tfgpu/lib/python3.13/site-packages/tensorflow/include/tensorflow/core/framework/op_def_builder.h:28,
                 from /home/ubuntu/anaconda3/envs/tfgpu/lib/python3.13/site-packages/tensorflow/include/tensorflow/core/framework/full_type_inference_util.h:24,
                 from /home/ubuntu/anaconda3/envs/tfgpu/lib/python3.13/site-packages/tensorflow/include/tensorflow/core/framework/op.h:27,
                 from /tmp/bayesfilter-hmc-v7-merge-20261005/bayesfilter/ops/symmetric_sylvester_op.cc:13:
/home/ubuntu/anaconda3/envs/tfgpu/lib/python3.13/site-packages/tensorflow/include/tsl/platform/mutex.h:43:63: note: declared here
   43 | class TF_LOCKABLE ABSL_DEPRECATED("Use absl::Mutex instead.") mutex {
      |                                                               ^~~~~
In file included from /home/ubuntu/anaconda3/envs/tfgpu/lib/python3.13/site-packages/tensorflow/include/tensorflow/core/framework/device.h:42,
                 from /home/ubuntu/anaconda3/envs/tfgpu/lib/python3.13/site-packages/tensorflow/include/tensorflow/core/common_runtime/device.h:18,
                 from /home/ubuntu/anaconda3/envs/tfgpu/lib/python3.13/site-packages/tensorflow/include/tensorflow/core/common_runtime/local_device.h:19,
                 from /home/ubuntu/anaconda3/envs/tfgpu/lib/python3.13/site-packages/tensorflow/include/tensorflow/compiler/tf2xla/xla_compilation_device.h:21,
                 from /home/ubuntu/anaconda3/envs/tfgpu/lib/python3.13/site-packages/tensorflow/include/tensorflow/compiler/tf2xla/xla_compiler.h:27,
                 from /home/ubuntu/anaconda3/envs/tfgpu/lib/python3.13/site-packages/tensorflow/include/tensorflow/compiler/tf2xla/xla_op_kernel.h:23,
                 from /tmp/bayesfilter-hmc-v7-merge-20261005/bayesfilter/ops/symmetric_sylvester_op.cc:18:
/home/ubuntu/anaconda3/envs/tfgpu/lib/python3.13/site-packages/tensorflow/include/tensorflow/core/framework/resource_mgr.h:547:9: warning: ‘mutex’ is deprecated: Use absl::Mutex instead. [-Wdeprecated-declarations]
  547 |   mutex mutex_;
      |         ^~~~~~
In file included from /home/ubuntu/anaconda3/envs/tfgpu/lib/python3.13/site-packages/tensorflow/include/tensorflow/core/platform/mutex.h:22,
                 from /home/ubuntu/anaconda3/envs/tfgpu/lib/python3.13/site-packages/tensorflow/include/tensorflow/core/platform/refcount.h:19,
                 from /home/ubuntu/anaconda3/envs/tfgpu/lib/python3.13/site-packages/tensorflow/include/tensorflow/core/lib/core/refcount.h:19,
                 from /home/ubuntu/anaconda3/envs/tfgpu/lib/python3.13/site-packages/tensorflow/include/tensorflow/core/framework/resource_base.h:24,
                 from /home/ubuntu/anaconda3/envs/tfgpu/lib/python3.13/site-packages/tensorflow/include/tensorflow/core/framework/resource_handle.h:22,
                 from /home/ubuntu/anaconda3/envs/tfgpu/lib/python3.13/site-packages/tensorflow/include/tensorflow/core/framework/types.h:30,
                 from /home/ubuntu/anaconda3/envs/tfgpu/lib/python3.13/site-packages/tensorflow/include/tensorflow/core/framework/op_def_builder.h:28,
                 from /home/ubuntu/anaconda3/envs/tfgpu/lib/python3.13/site-packages/tensorflow/include/tensorflow/core/framework/full_type_inference_util.h:24,
                 from /home/ubuntu/anaconda3/envs/tfgpu/lib/python3.13/site-packages/tensorflow/include/tensorflow/core/framework/op.h:27,
                 from /tmp/bayesfilter-hmc-v7-merge-20261005/bayesfilter/ops/symmetric_sylvester_op.cc:13:
/home/ubuntu/anaconda3/envs/tfgpu/lib/python3.13/site-packages/tensorflow/include/tsl/platform/mutex.h:43:63: note: declared here
   43 | class TF_LOCKABLE ABSL_DEPRECATED("Use absl::Mutex instead.") mutex {
      |                                                               ^~~~~
In file included from /home/ubuntu/anaconda3/envs/tfgpu/lib/python3.13/site-packages/tensorflow/include/tensorflow/core/framework/device.h:42,
                 from /home/ubuntu/anaconda3/envs/tfgpu/lib/python3.13/site-packages/tensorflow/include/tensorflow/core/common_runtime/device.h:18,
                 from /home/ubuntu/anaconda3/envs/tfgpu/lib/python3.13/site-packages/tensorflow/include/tensorflow/core/common_runtime/local_device.h:19,
                 from /home/ubuntu/anaconda3/envs/tfgpu/lib/python3.13/site-packages/tensorflow/include/tensorflow/compiler/tf2xla/xla_compilation_device.h:21,
                 from /home/ubuntu/anaconda3/envs/tfgpu/lib/python3.13/site-packages/tensorflow/include/tensorflow/compiler/tf2xla/xla_compiler.h:27,
                 from /home/ubuntu/anaconda3/envs/tfgpu/lib/python3.13/site-packages/tensorflow/include/tensorflow/compiler/tf2xla/xla_op_kernel.h:23,
                 from /tmp/bayesfilter-hmc-v7-merge-20261005/bayesfilter/ops/symmetric_sylvester_op.cc:18:
/home/ubuntu/anaconda3/envs/tfgpu/lib/python3.13/site-packages/tensorflow/include/tensorflow/core/framework/resource_mgr.h:565:9: warning: ‘mutex’ is deprecated: Use absl::Mutex instead. [-Wdeprecated-declarations]
  565 |   mutex mutex_;
      |         ^~~~~~
In file included from /home/ubuntu/anaconda3/envs/tfgpu/lib/python3.13/site-packages/tensorflow/include/tensorflow/core/platform/mutex.h:22,
                 from /home/ubuntu/anaconda3/envs/tfgpu/lib/python3.13/site-packages/tensorflow/include/tensorflow/core/platform/refcount.h:19,
                 from /home/ubuntu/anaconda3/envs/tfgpu/lib/python3.13/site-packages/tensorflow/include/tensorflow/core/lib/core/refcount.h:19,
                 from /home/ubuntu/anaconda3/envs/tfgpu/lib/python3.13/site-packages/tensorflow/include/tensorflow/core/framework/resource_base.h:24,
                 from /home/ubuntu/anaconda3/envs/tfgpu/lib/python3.13/site-packages/tensorflow/include/tensorflow/core/framework/resource_handle.h:22,
                 from /home/ubuntu/anaconda3/envs/tfgpu/lib/python3.13/site-packages/tensorflow/include/tensorflow/core/framework/types.h:30,
                 from /home/ubuntu/anaconda3/envs/tfgpu/lib/python3.13/site-packages/tensorflow/include/tensorflow/core/framework/op_def_builder.h:28,
                 from /home/ubuntu/anaconda3/envs/tfgpu/lib/python3.13/site-packages/tensorflow/include/tensorflow/core/framework/full_type_inference_util.h:24,
                 from /home/ubuntu/anaconda3/envs/tfgpu/lib/python3.13/site-packages/tensorflow/include/tensorflow/core/framework/op.h:27,
                 from /tmp/bayesfilter-hmc-v7-merge-20261005/bayesfilter/ops/symmetric_sylvester_op.cc:13:
/home/ubuntu/anaconda3/envs/tfgpu/lib/python3.13/site-packages/tensorflow/include/tsl/platform/mutex.h:43:63: note: declared here
   43 | class TF_LOCKABLE ABSL_DEPRECATED("Use absl::Mutex instead.") mutex {
      |                                                               ^~~~~
In file included from /home/ubuntu/anaconda3/envs/tfgpu/lib/python3.13/site-packages/tensorflow/include/tensorflow/core/framework/device.h:42,
                 from /home/ubuntu/anaconda3/envs/tfgpu/lib/python3.13/site-packages/tensorflow/include/tensorflow/core/common_runtime/device.h:18,
                 from /home/ubuntu/anaconda3/envs/tfgpu/lib/python3.13/site-packages/tensorflow/include/tensorflow/core/common_runtime/local_device.h:19,
                 from /home/ubuntu/anaconda3/envs/tfgpu/lib/python3.13/site-packages/tensorflow/include/tensorflow/compiler/tf2xla/xla_compilation_device.h:21,
                 from /home/ubuntu/anaconda3/envs/tfgpu/lib/python3.13/site-packages/tensorflow/include/tensorflow/compiler/tf2xla/xla_compiler.h:27,
                 from /home/ubuntu/anaconda3/envs/tfgpu/lib/python3.13/site-packages/tensorflow/include/tensorflow/compiler/tf2xla/xla_op_kernel.h:23,
                 from /tmp/bayesfilter-hmc-v7-merge-20261005/bayesfilter/ops/symmetric_sylvester_op.cc:18:
/home/ubuntu/anaconda3/envs/tfgpu/lib/python3.13/site-packages/tensorflow/include/tensorflow/core/framework/resource_mgr.h: In member function ‘absl::lts_20260107::Status tensorflow::ResourceMgr::LookupOrCreate(const string&, const string&, T**, std::function<absl::lts_20260107::Status(T**)>)’:
/home/ubuntu/anaconda3/envs/tfgpu/lib/python3.13/site-packages/tensorflow/include/tensorflow/core/framework/resource_mgr.h:747:28: warning: ‘absl::lts_20260107::Status tsl::errors::Internal(Args ...) [with Args = {const char*}]’ is deprecated: Use absl::InternalError() instead. [-Wdeprecated-declarations]
  747 |     return errors::Internal("LookupOrCreate failed unexpectedly");
      |            ~~~~~~~~~~~~~~~~^~~~~~~~~~~~~~~~~~~~~~~~~~~~~~~~~~~~~~
In file included from /home/ubuntu/anaconda3/envs/tfgpu/lib/python3.13/site-packages/tensorflow/include/tsl/platform/errors.h:19,
                 from /home/ubuntu/anaconda3/envs/tfgpu/lib/python3.13/site-packages/tensorflow/include/tensorflow/core/platform/errors.h:30,
                 from /home/ubuntu/anaconda3/envs/tfgpu/lib/python3.13/site-packages/tensorflow/include/tensorflow/core/framework/resource_base.h:25,
                 from /home/ubuntu/anaconda3/envs/tfgpu/lib/python3.13/site-packages/tensorflow/include/tensorflow/core/framework/resource_handle.h:22,
                 from /home/ubuntu/anaconda3/envs/tfgpu/lib/python3.13/site-packages/tensorflow/include/tensorflow/core/framework/types.h:30,
                 from /home/ubuntu/anaconda3/envs/tfgpu/lib/python3.13/site-packages/tensorflow/include/tensorflow/core/framework/op_def_builder.h:28,
                 from /home/ubuntu/anaconda3/envs/tfgpu/lib/python3.13/site-packages/tensorflow/include/tensorflow/core/framework/full_type_inference_util.h:24,
                 from /home/ubuntu/anaconda3/envs/tfgpu/lib/python3.13/site-packages/tensorflow/include/tensorflow/core/framework/op.h:27,
                 from /tmp/bayesfilter-hmc-v7-merge-20261005/bayesfilter/ops/symmetric_sylvester_op.cc:13:
/home/ubuntu/anaconda3/envs/tfgpu/lib/python3.13/site-packages/tensorflow/include/xla/tsl/platform/errors.h:417:14: note: declared here
  417 | absl::Status Internal(Args... args) {
      |              ^~~~~~~~
In file included from /home/ubuntu/anaconda3/envs/tfgpu/lib/python3.13/site-packages/tensorflow/include/tensorflow/core/framework/device.h:42,
                 from /home/ubuntu/anaconda3/envs/tfgpu/lib/python3.13/site-packages/tensorflow/include/tensorflow/core/common_runtime/device.h:18,
                 from /home/ubuntu/anaconda3/envs/tfgpu/lib/python3.13/site-packages/tensorflow/include/tensorflow/core/common_runtime/local_device.h:19,
                 from /home/ubuntu/anaconda3/envs/tfgpu/lib/python3.13/site-packages/tensorflow/include/tensorflow/compiler/tf2xla/xla_compilation_device.h:21,
                 from /home/ubuntu/anaconda3/envs/tfgpu/lib/python3.13/site-packages/tensorflow/include/tensorflow/compiler/tf2xla/xla_compiler.h:27,
                 from /home/ubuntu/anaconda3/envs/tfgpu/lib/python3.13/site-packages/tensorflow/include/tensorflow/compiler/tf2xla/xla_op_kernel.h:23,
                 from /tmp/bayesfilter-hmc-v7-merge-20261005/bayesfilter/ops/symmetric_sylvester_op.cc:18:
/home/ubuntu/anaconda3/envs/tfgpu/lib/python3.13/site-packages/tensorflow/include/tensorflow/core/framework/resource_mgr.h: In function ‘absl::lts_20260107::Status tensorflow::GetResourceFromContext(tensorflow::OpKernelContext*, const string&, T**)’:
/home/ubuntu/anaconda3/envs/tfgpu/lib/python3.13/site-packages/tensorflow/include/tensorflow/core/framework/resource_mgr.h:774:12: warning: ‘mutex’ is deprecated: Use absl::Mutex instead. [-Wdeprecated-declarations]
  774 |     mutex* mu;
      |            ^~
In file included from /home/ubuntu/anaconda3/envs/tfgpu/lib/python3.13/site-packages/tensorflow/include/tensorflow/core/platform/mutex.h:22,
                 from /home/ubuntu/anaconda3/envs/tfgpu/lib/python3.13/site-packages/tensorflow/include/tensorflow/core/platform/refcount.h:19,
                 from /home/ubuntu/anaconda3/envs/tfgpu/lib/python3.13/site-packages/tensorflow/include/tensorflow/core/lib/core/refcount.h:19,
                 from /home/ubuntu/anaconda3/envs/tfgpu/lib/python3.13/site-packages/tensorflow/include/tensorflow/core/framework/resource_base.h:24,
                 from /home/ubuntu/anaconda3/envs/tfgpu/lib/python3.13/site-packages/tensorflow/include/tensorflow/core/framework/resource_handle.h:22,
                 from /home/ubuntu/anaconda3/envs/tfgpu/lib/python3.13/site-packages/tensorflow/include/tensorflow/core/framework/types.h:30,
                 from /home/ubuntu/anaconda3/envs/tfgpu/lib/python3.13/site-packages/tensorflow/include/tensorflow/core/framework/op_def_builder.h:28,
                 from /home/ubuntu/anaconda3/envs/tfgpu/lib/python3.13/site-packages/tensorflow/include/tensorflow/core/framework/full_type_inference_util.h:24,
                 from /home/ubuntu/anaconda3/envs/tfgpu/lib/python3.13/site-packages/tensorflow/include/tensorflow/core/framework/op.h:27,
                 from /tmp/bayesfilter-hmc-v7-merge-20261005/bayesfilter/ops/symmetric_sylvester_op.cc:13:
/home/ubuntu/anaconda3/envs/tfgpu/lib/python3.13/site-packages/tensorflow/include/tsl/platform/mutex.h:43:63: note: declared here
   43 | class TF_LOCKABLE ABSL_DEPRECATED("Use absl::Mutex instead.") mutex {
      |                                                               ^~~~~
In file included from /home/ubuntu/anaconda3/envs/tfgpu/lib/python3.13/site-packages/tensorflow/include/tensorflow/core/framework/device.h:42,
                 from /home/ubuntu/anaconda3/envs/tfgpu/lib/python3.13/site-packages/tensorflow/include/tensorflow/core/common_runtime/device.h:18,
                 from /home/ubuntu/anaconda3/envs/tfgpu/lib/python3.13/site-packages/tensorflow/include/tensorflow/core/common_runtime/local_device.h:19,
                 from /home/ubuntu/anaconda3/envs/tfgpu/lib/python3.13/site-packages/tensorflow/include/tensorflow/compiler/tf2xla/xla_compilation_device.h:21,
                 from /home/ubuntu/anaconda3/envs/tfgpu/lib/python3.13/site-packages/tensorflow/include/tensorflow/compiler/tf2xla/xla_compiler.h:27,
                 from /home/ubuntu/anaconda3/envs/tfgpu/lib/python3.13/site-packages/tensorflow/include/tensorflow/compiler/tf2xla/xla_op_kernel.h:23,
                 from /tmp/bayesfilter-hmc-v7-merge-20261005/bayesfilter/ops/symmetric_sylvester_op.cc:18:
/home/ubuntu/anaconda3/envs/tfgpu/lib/python3.13/site-packages/tensorflow/include/tensorflow/core/framework/resource_mgr.h:780:37: warning: ‘absl::lts_20260107::Status tsl::errors::InvalidArgument(Args ...) [with Args = {const char*, std::__cxx11::basic_string<char, std::char_traits<char>, std::allocator<char> >}]’ is deprecated: Use absl::InvalidArgumentError() instead. [-Wdeprecated-declarations]
  780 |       return errors::InvalidArgument(
      |              ~~~~~~~~~~~~~~~~~~~~~~~^
  781 |           "Resource handle must have 2 elements, but had shape: ",
      |           ~~~~~~~~~~~~~~~~~~~~~~~~~~~~~~~~~~~~~~~~~~~~~~~~~~~~~~~~
  782 |           tensor.shape().DebugString());
      |           ~~~~~~~~~~~~~~~~~~~~~~~~~~~~~
In file included from /home/ubuntu/anaconda3/envs/tfgpu/lib/python3.13/site-packages/tensorflow/include/tsl/platform/errors.h:19,
                 from /home/ubuntu/anaconda3/envs/tfgpu/lib/python3.13/site-packages/tensorflow/include/tensorflow/core/platform/errors.h:30,
                 from /home/ubuntu/anaconda3/envs/tfgpu/lib/python3.13/site-packages/tensorflow/include/tensorflow/core/framework/resource_base.h:25,
                 from /home/ubuntu/anaconda3/envs/tfgpu/lib/python3.13/site-packages/tensorflow/include/tensorflow/core/framework/resource_handle.h:22,
                 from /home/ubuntu/anaconda3/envs/tfgpu/lib/python3.13/site-packages/tensorflow/include/tensorflow/core/framework/types.h:30,
                 from /home/ubuntu/anaconda3/envs/tfgpu/lib/python3.13/site-packages/tensorflow/include/tensorflow/core/framework/op_def_builder.h:28,
                 from /home/ubuntu/anaconda3/envs/tfgpu/lib/python3.13/site-packages/tensorflow/include/tensorflow/core/framework/full_type_inference_util.h:24,
                 from /home/ubuntu/anaconda3/envs/tfgpu/lib/python3.13/site-packages/tensorflow/include/tensorflow/core/framework/op.h:27,
                 from /tmp/bayesfilter-hmc-v7-merge-20261005/bayesfilter/ops/symmetric_sylvester_op.cc:13:
/home/ubuntu/anaconda3/envs/tfgpu/lib/python3.13/site-packages/tensorflow/include/xla/tsl/platform/errors.h:219:14: note: declared here
  219 | absl::Status InvalidArgument(Args... args) {
      |              ^~~~~~~~~~~~~~~
In file included from /home/ubuntu/anaconda3/envs/tfgpu/lib/python3.13/site-packages/tensorflow/include/tensorflow/core/framework/op_kernel.h:40,
                 from /tmp/bayesfilter-hmc-v7-merge-20261005/bayesfilter/ops/symmetric_sylvester_op.cc:14:
/home/ubuntu/anaconda3/envs/tfgpu/lib/python3.13/site-packages/tensorflow/include/tensorflow/core/framework/resource_mgr.h: In constructor ‘tensorflow::ResourceHandlesOp<T>::ResourceHandlesOp(tensorflow::OpKernelConstruction*)’:
/home/ubuntu/anaconda3/envs/tfgpu/lib/python3.13/site-packages/tensorflow/include/tensorflow/core/framework/resource_mgr.h:978:30: warning: ‘absl::lts_20260107::Status tsl::errors::InvalidArgument(Args ...) [with Args = {const char*, long unsigned int, const char*, int, const char*}]’ is deprecated: Use absl::InvalidArgumentError() instead. [-Wdeprecated-declarations]
  978 |       errors::InvalidArgument("Number of containers (", containers_.size(),
      |       ~~~~~~~~~~~~~~~~~~~~~~~^~~~~~~~~~~~~~~~~~~~~~~~~~~~~~~~~~~~~~~~~~~~~~
  979 |                               ") must be equal to N (", n, ")"));
      |                               ~~~~~~~~~~~~~~~~~~~~~~~~~~~~~~~~~
/home/ubuntu/anaconda3/envs/tfgpu/lib/python3.13/site-packages/tensorflow/include/tensorflow/core/framework/op_requires.h:60:46: note: in definition of macro ‘OP_REQUIRES’
   60 |       (CTX)->CtxFailure(__FILE__, __LINE__, (STATUS));    \
      |                                              ^~~~~~
In file included from /home/ubuntu/anaconda3/envs/tfgpu/lib/python3.13/site-packages/tensorflow/include/tsl/platform/errors.h:19,
                 from /home/ubuntu/anaconda3/envs/tfgpu/lib/python3.13/site-packages/tensorflow/include/tensorflow/core/platform/errors.h:30,
                 from /home/ubuntu/anaconda3/envs/tfgpu/lib/python3.13/site-packages/tensorflow/include/tensorflow/core/framework/resource_base.h:25,
                 from /home/ubuntu/anaconda3/envs/tfgpu/lib/python3.13/site-packages/tensorflow/include/tensorflow/core/framework/resource_handle.h:22,
                 from /home/ubuntu/anaconda3/envs/tfgpu/lib/python3.13/site-packages/tensorflow/include/tensorflow/core/framework/types.h:30,
                 from /home/ubuntu/anaconda3/envs/tfgpu/lib/python3.13/site-packages/tensorflow/include/tensorflow/core/framework/op_def_builder.h:28,
                 from /home/ubuntu/anaconda3/envs/tfgpu/lib/python3.13/site-packages/tensorflow/include/tensorflow/core/framework/full_type_inference_util.h:24,
                 from /home/ubuntu/anaconda3/envs/tfgpu/lib/python3.13/site-packages/tensorflow/include/tensorflow/core/framework/op.h:27,
                 from /tmp/bayesfilter-hmc-v7-merge-20261005/bayesfilter/ops/symmetric_sylvester_op.cc:13:
/home/ubuntu/anaconda3/envs/tfgpu/lib/python3.13/site-packages/tensorflow/include/xla/tsl/platform/errors.h:219:14: note: declared here
  219 | absl::Status InvalidArgument(Args... args) {
      |              ^~~~~~~~~~~~~~~
In file included from /home/ubuntu/anaconda3/envs/tfgpu/lib/python3.13/site-packages/tensorflow/include/tensorflow/core/framework/op_kernel.h:40,
                 from /tmp/bayesfilter-hmc-v7-merge-20261005/bayesfilter/ops/symmetric_sylvester_op.cc:14:
/home/ubuntu/anaconda3/envs/tfgpu/lib/python3.13/site-packages/tensorflow/include/tensorflow/core/framework/resource_mgr.h:981:38: warning: ‘absl::lts_20260107::Status tsl::errors::InvalidArgument(Args ...) [with Args = {const char*, long unsigned int, const char*, int, const char*}]’ is deprecated: Use absl::InvalidArgumentError() instead. [-Wdeprecated-declarations]
  981 |               errors::InvalidArgument("Number of names (", containers_.size(),
      |               ~~~~~~~~~~~~~~~~~~~~~~~^~~~~~~~~~~~~~~~~~~~~~~~~~~~~~~~~~~~~~~~~
  982 |                                       ") must be equal to N (", n, ")"));
      |                                       ~~~~~~~~~~~~~~~~~~~~~~~~~~~~~~~~~
/home/ubuntu/anaconda3/envs/tfgpu/lib/python3.13/site-packages/tensorflow/include/tensorflow/core/framework/op_requires.h:60:46: note: in definition of macro ‘OP_REQUIRES’
   60 |       (CTX)->CtxFailure(__FILE__, __LINE__, (STATUS));    \
      |                                              ^~~~~~
In file included from /home/ubuntu/anaconda3/envs/tfgpu/lib/python3.13/site-packages/tensorflow/include/tsl/platform/errors.h:19,
                 from /home/ubuntu/anaconda3/envs/tfgpu/lib/python3.13/site-packages/tensorflow/include/tensorflow/core/platform/errors.h:30,
                 from /home/ubuntu/anaconda3/envs/tfgpu/lib/python3.13/site-packages/tensorflow/include/tensorflow/core/framework/resource_base.h:25,
                 from /home/ubuntu/anaconda3/envs/tfgpu/lib/python3.13/site-packages/tensorflow/include/tensorflow/core/framework/resource_handle.h:22,
                 from /home/ubuntu/anaconda3/envs/tfgpu/lib/python3.13/site-packages/tensorflow/include/tensorflow/core/framework/types.h:30,
                 from /home/ubuntu/anaconda3/envs/tfgpu/lib/python3.13/site-packages/tensorflow/include/tensorflow/core/framework/op_def_builder.h:28,
                 from /home/ubuntu/anaconda3/envs/tfgpu/lib/python3.13/site-packages/tensorflow/include/tensorflow/core/framework/full_type_inference_util.h:24,
                 from /home/ubuntu/anaconda3/envs/tfgpu/lib/python3.13/site-packages/tensorflow/include/tensorflow/core/framework/op.h:27,
                 from /tmp/bayesfilter-hmc-v7-merge-20261005/bayesfilter/ops/symmetric_sylvester_op.cc:13:
/home/ubuntu/anaconda3/envs/tfgpu/lib/python3.13/site-packages/tensorflow/include/xla/tsl/platform/errors.h:219:14: note: declared here
  219 | absl::Status InvalidArgument(Args... args) {
      |              ^~~~~~~~~~~~~~~
In file included from /home/ubuntu/anaconda3/envs/tfgpu/lib/python3.13/site-packages/tensorflow/include/tensorflow/core/graph/graph.h:47,
                 from /home/ubuntu/anaconda3/envs/tfgpu/lib/python3.13/site-packages/tensorflow/include/tensorflow/core/framework/device.h:44,
                 from /home/ubuntu/anaconda3/envs/tfgpu/lib/python3.13/site-packages/tensorflow/include/tensorflow/core/common_runtime/device.h:18,
                 from /home/ubuntu/anaconda3/envs/tfgpu/lib/python3.13/site-packages/tensorflow/include/tensorflow/core/common_runtime/local_device.h:19,
                 from /home/ubuntu/anaconda3/envs/tfgpu/lib/python3.13/site-packages/tensorflow/include/tensorflow/compiler/tf2xla/xla_compilation_device.h:21,
                 from /home/ubuntu/anaconda3/envs/tfgpu/lib/python3.13/site-packages/tensorflow/include/tensorflow/compiler/tf2xla/xla_compiler.h:27,
                 from /home/ubuntu/anaconda3/envs/tfgpu/lib/python3.13/site-packages/tensorflow/include/tensorflow/compiler/tf2xla/xla_op_kernel.h:23,
                 from /tmp/bayesfilter-hmc-v7-merge-20261005/bayesfilter/ops/symmetric_sylvester_op.cc:18:
/home/ubuntu/anaconda3/envs/tfgpu/lib/python3.13/site-packages/tensorflow/include/tensorflow/core/framework/function.h: At global scope:
/home/ubuntu/anaconda3/envs/tfgpu/lib/python3.13/site-packages/tensorflow/include/tensorflow/core/framework/function.h:215:69: warning: ‘using ArraySlice = class absl::lts_20260107::Span<const T>’ is deprecated [-Wdeprecated-declarations]
  215 |   static Node Const(const std::string& name, gtl::ArraySlice<T> vals) {
      |                                                                     ^
In file included from /home/ubuntu/anaconda3/envs/tfgpu/lib/python3.13/site-packages/tensorflow/include/tensorflow/core/framework/tensor_shape.h:23,
                 from /home/ubuntu/anaconda3/envs/tfgpu/lib/python3.13/site-packages/tensorflow/include/tensorflow/core/framework/resource_handle.h:23,
                 from /home/ubuntu/anaconda3/envs/tfgpu/lib/python3.13/site-packages/tensorflow/include/tensorflow/core/framework/types.h:30,
                 from /home/ubuntu/anaconda3/envs/tfgpu/lib/python3.13/site-packages/tensorflow/include/tensorflow/core/framework/op_def_builder.h:28,
                 from /home/ubuntu/anaconda3/envs/tfgpu/lib/python3.13/site-packages/tensorflow/include/tensorflow/core/framework/full_type_inference_util.h:24,
                 from /home/ubuntu/anaconda3/envs/tfgpu/lib/python3.13/site-packages/tensorflow/include/tensorflow/core/framework/op.h:27,
                 from /tmp/bayesfilter-hmc-v7-merge-20261005/bayesfilter/ops/symmetric_sylvester_op.cc:13:
/home/ubuntu/anaconda3/envs/tfgpu/lib/python3.13/site-packages/tensorflow/include/tensorflow/core/lib/gtl/array_slice.h:34:7: note: declared here
   34 | using ArraySlice ABSL_DEPRECATE_AND_INLINE() = absl::Span<const T>;
      |       ^~~~~~~~~~
In file included from /home/ubuntu/anaconda3/envs/tfgpu/lib/python3.13/site-packages/tensorflow/include/tensorflow/core/graph/graph.h:47,
                 from /home/ubuntu/anaconda3/envs/tfgpu/lib/python3.13/site-packages/tensorflow/include/tensorflow/core/framework/device.h:44,
                 from /home/ubuntu/anaconda3/envs/tfgpu/lib/python3.13/site-packages/tensorflow/include/tensorflow/core/common_runtime/device.h:18,
                 from /home/ubuntu/anaconda3/envs/tfgpu/lib/python3.13/site-packages/tensorflow/include/tensorflow/core/common_runtime/local_device.h:19,
                 from /home/ubuntu/anaconda3/envs/tfgpu/lib/python3.13/site-packages/tensorflow/include/tensorflow/compiler/tf2xla/xla_compilation_device.h:21,
                 from /home/ubuntu/anaconda3/envs/tfgpu/lib/python3.13/site-packages/tensorflow/include/tensorflow/compiler/tf2xla/xla_compiler.h:27,
                 from /home/ubuntu/anaconda3/envs/tfgpu/lib/python3.13/site-packages/tensorflow/include/tensorflow/compiler/tf2xla/xla_op_kernel.h:23,
                 from /tmp/bayesfilter-hmc-v7-merge-20261005/bayesfilter/ops/symmetric_sylvester_op.cc:18:
/home/ubuntu/anaconda3/envs/tfgpu/lib/python3.13/site-packages/tensorflow/include/tensorflow/core/framework/function.h:699:17: warning: ‘mutex’ is deprecated: Use absl::Mutex instead. [-Wdeprecated-declarations]
  699 |   mutable mutex mu_;
      |                 ^~~
In file included from /home/ubuntu/anaconda3/envs/tfgpu/lib/python3.13/site-packages/tensorflow/include/tensorflow/core/platform/mutex.h:22,
                 from /home/ubuntu/anaconda3/envs/tfgpu/lib/python3.13/site-packages/tensorflow/include/tensorflow/core/platform/refcount.h:19,
                 from /home/ubuntu/anaconda3/envs/tfgpu/lib/python3.13/site-packages/tensorflow/include/tensorflow/core/lib/core/refcount.h:19,
                 from /home/ubuntu/anaconda3/envs/tfgpu/lib/python3.13/site-packages/tensorflow/include/tensorflow/core/framework/resource_base.h:24,
                 from /home/ubuntu/anaconda3/envs/tfgpu/lib/python3.13/site-packages/tensorflow/include/tensorflow/core/framework/resource_handle.h:22,
                 from /home/ubuntu/anaconda3/envs/tfgpu/lib/python3.13/site-packages/tensorflow/include/tensorflow/core/framework/types.h:30,
                 from /home/ubuntu/anaconda3/envs/tfgpu/lib/python3.13/site-packages/tensorflow/include/tensorflow/core/framework/op_def_builder.h:28,
                 from /home/ubuntu/anaconda3/envs/tfgpu/lib/python3.13/site-packages/tensorflow/include/tensorflow/core/framework/full_type_inference_util.h:24,
                 from /home/ubuntu/anaconda3/envs/tfgpu/lib/python3.13/site-packages/tensorflow/include/tensorflow/core/framework/op.h:27,
                 from /tmp/bayesfilter-hmc-v7-merge-20261005/bayesfilter/ops/symmetric_sylvester_op.cc:13:
/home/ubuntu/anaconda3/envs/tfgpu/lib/python3.13/site-packages/tensorflow/include/tsl/platform/mutex.h:43:63: note: declared here
   43 | class TF_LOCKABLE ABSL_DEPRECATED("Use absl::Mutex instead.") mutex {
      |                                                               ^~~~~
In file included from /home/ubuntu/anaconda3/envs/tfgpu/lib/python3.13/site-packages/tensorflow/include/tensorflow/core/graph/graph.h:47,
                 from /home/ubuntu/anaconda3/envs/tfgpu/lib/python3.13/site-packages/tensorflow/include/tensorflow/core/framework/device.h:44,
                 from /home/ubuntu/anaconda3/envs/tfgpu/lib/python3.13/site-packages/tensorflow/include/tensorflow/core/common_runtime/device.h:18,
                 from /home/ubuntu/anaconda3/envs/tfgpu/lib/python3.13/site-packages/tensorflow/include/tensorflow/core/common_runtime/local_device.h:19,
                 from /home/ubuntu/anaconda3/envs/tfgpu/lib/python3.13/site-packages/tensorflow/include/tensorflow/compiler/tf2xla/xla_compilation_device.h:21,
                 from /home/ubuntu/anaconda3/envs/tfgpu/lib/python3.13/site-packages/tensorflow/include/tensorflow/compiler/tf2xla/xla_compiler.h:27,
                 from /home/ubuntu/anaconda3/envs/tfgpu/lib/python3.13/site-packages/tensorflow/include/tensorflow/compiler/tf2xla/xla_op_kernel.h:23,
                 from /tmp/bayesfilter-hmc-v7-merge-20261005/bayesfilter/ops/symmetric_sylvester_op.cc:18:
/home/ubuntu/anaconda3/envs/tfgpu/lib/python3.13/site-packages/tensorflow/include/tensorflow/core/framework/function.h:1273:39: warning: ‘using Status = class absl::lts_20260107::Status’ is deprecated [-Wdeprecated-declarations]
 1273 |       const Node&, const string&, T*) const;                 \
      |                                       ^~~~~
/home/ubuntu/anaconda3/envs/tfgpu/lib/python3.13/site-packages/tensorflow/include/tensorflow/core/framework/function.h:1273:39: note: in definition of macro ‘GET_ATTR’
 1273 |       const Node&, const string&, T*) const;                 \
      |                                       ^~~~~
In file included from /home/ubuntu/anaconda3/envs/tfgpu/lib/python3.13/site-packages/tensorflow/include/tensorflow/core/platform/errors.h:27,
                 from /home/ubuntu/anaconda3/envs/tfgpu/lib/python3.13/site-packages/tensorflow/include/tensorflow/core/framework/resource_base.h:25,
                 from /home/ubuntu/anaconda3/envs/tfgpu/lib/python3.13/site-packages/tensorflow/include/tensorflow/core/framework/resource_handle.h:22,
                 from /home/ubuntu/anaconda3/envs/tfgpu/lib/python3.13/site-packages/tensorflow/include/tensorflow/core/framework/types.h:30,
                 from /home/ubuntu/anaconda3/envs/tfgpu/lib/python3.13/site-packages/tensorflow/include/tensorflow/core/framework/op_def_builder.h:28,
                 from /home/ubuntu/anaconda3/envs/tfgpu/lib/python3.13/site-packages/tensorflow/include/tensorflow/core/framework/full_type_inference_util.h:24,
                 from /home/ubuntu/anaconda3/envs/tfgpu/lib/python3.13/site-packages/tensorflow/include/tensorflow/core/framework/op.h:27,
                 from /tmp/bayesfilter-hmc-v7-merge-20261005/bayesfilter/ops/symmetric_sylvester_op.cc:13:
/home/ubuntu/anaconda3/envs/tfgpu/lib/python3.13/site-packages/tensorflow/include/tensorflow/core/platform/status.h:45:7: note: declared here
   45 | using Status ABSL_DEPRECATE_AND_INLINE() = ::absl::Status;
      |       ^~~~~~
In file included from /home/ubuntu/anaconda3/envs/tfgpu/lib/python3.13/site-packages/tensorflow/include/tensorflow/core/graph/graph.h:47,
                 from /home/ubuntu/anaconda3/envs/tfgpu/lib/python3.13/site-packages/tensorflow/include/tensorflow/core/framework/device.h:44,
                 from /home/ubuntu/anaconda3/envs/tfgpu/lib/python3.13/site-packages/tensorflow/include/tensorflow/core/common_runtime/device.h:18,
                 from /home/ubuntu/anaconda3/envs/tfgpu/lib/python3.13/site-packages/tensorflow/include/tensorflow/core/common_runtime/local_device.h:19,
                 from /home/ubuntu/anaconda3/envs/tfgpu/lib/python3.13/site-packages/tensorflow/include/tensorflow/compiler/tf2xla/xla_compilation_device.h:21,
                 from /home/ubuntu/anaconda3/envs/tfgpu/lib/python3.13/site-packages/tensorflow/include/tensorflow/compiler/tf2xla/xla_compiler.h:27,
                 from /home/ubuntu/anaconda3/envs/tfgpu/lib/python3.13/site-packages/tensorflow/include/tensorflow/compiler/tf2xla/xla_op_kernel.h:23,
                 from /tmp/bayesfilter-hmc-v7-merge-20261005/bayesfilter/ops/symmetric_sylvester_op.cc:18:
/home/ubuntu/anaconda3/envs/tfgpu/lib/python3.13/site-packages/tensorflow/include/tensorflow/core/framework/function.h:1275:42: warning: ‘using Status = class absl::lts_20260107::Status’ is deprecated [-Wdeprecated-declarations]
 1275 |       const NodeDef&, const string&, T*) const;
      |                                          ^~~~~
/home/ubuntu/anaconda3/envs/tfgpu/lib/python3.13/site-packages/tensorflow/include/tensorflow/core/framework/function.h:1275:42: note: in definition of macro ‘GET_ATTR’
 1275 |       const NodeDef&, const string&, T*) const;
      |                                          ^~~~~
In file included from /home/ubuntu/anaconda3/envs/tfgpu/lib/python3.13/site-packages/tensorflow/include/tensorflow/core/platform/errors.h:27,
                 from /home/ubuntu/anaconda3/envs/tfgpu/lib/python3.13/site-packages/tensorflow/include/tensorflow/core/framework/resource_base.h:25,
                 from /home/ubuntu/anaconda3/envs/tfgpu/lib/python3.13/site-packages/tensorflow/include/tensorflow/core/framework/resource_handle.h:22,
                 from /home/ubuntu/anaconda3/envs/tfgpu/lib/python3.13/site-packages/tensorflow/include/tensorflow/core/framework/types.h:30,
                 from /home/ubuntu/anaconda3/envs/tfgpu/lib/python3.13/site-packages/tensorflow/include/tensorflow/core/framework/op_def_builder.h:28,
                 from /home/ubuntu/anaconda3/envs/tfgpu/lib/python3.13/site-packages/tensorflow/include/tensorflow/core/framework/full_type_inference_util.h:24,
                 from /home/ubuntu/anaconda3/envs/tfgpu/lib/python3.13/site-packages/tensorflow/include/tensorflow/core/framework/op.h:27,
                 from /tmp/bayesfilter-hmc-v7-merge-20261005/bayesfilter/ops/symmetric_sylvester_op.cc:13:
/home/ubuntu/anaconda3/envs/tfgpu/lib/python3.13/site-packages/tensorflow/include/tensorflow/core/platform/status.h:45:7: note: declared here
   45 | using Status ABSL_DEPRECATE_AND_INLINE() = ::absl::Status;
      |       ^~~~~~
In file included from /home/ubuntu/anaconda3/envs/tfgpu/lib/python3.13/site-packages/tensorflow/include/tensorflow/core/graph/graph.h:47,
                 from /home/ubuntu/anaconda3/envs/tfgpu/lib/python3.13/site-packages/tensorflow/include/tensorflow/core/framework/device.h:44,
                 from /home/ubuntu/anaconda3/envs/tfgpu/lib/python3.13/site-packages/tensorflow/include/tensorflow/core/common_runtime/device.h:18,
                 from /home/ubuntu/anaconda3/envs/tfgpu/lib/python3.13/site-packages/tensorflow/include/tensorflow/core/common_runtime/local_device.h:19,
                 from /home/ubuntu/anaconda3/envs/tfgpu/lib/python3.13/site-packages/tensorflow/include/tensorflow/compiler/tf2xla/xla_compilation_device.h:21,
                 from /home/ubuntu/anaconda3/envs/tfgpu/lib/python3.13/site-packages/tensorflow/include/tensorflow/compiler/tf2xla/xla_compiler.h:27,
                 from /home/ubuntu/anaconda3/envs/tfgpu/lib/python3.13/site-packages/tensorflow/include/tensorflow/compiler/tf2xla/xla_op_kernel.h:23,
                 from /tmp/bayesfilter-hmc-v7-merge-20261005/bayesfilter/ops/symmetric_sylvester_op.cc:18:
/home/ubuntu/anaconda3/envs/tfgpu/lib/python3.13/site-packages/tensorflow/include/tensorflow/core/framework/function.h:1273:39: warning: ‘using Status = class absl::lts_20260107::Status’ is deprecated [-Wdeprecated-declarations]
 1273 |       const Node&, const string&, T*) const;                 \
      |                                       ^~~~~
/home/ubuntu/anaconda3/envs/tfgpu/lib/python3.13/site-packages/tensorflow/include/tensorflow/core/framework/function.h:1273:39: note: in definition of macro ‘GET_ATTR’
 1273 |       const Node&, const string&, T*) const;                 \
      |                                       ^~~~~
In file included from /home/ubuntu/anaconda3/envs/tfgpu/lib/python3.13/site-packages/tensorflow/include/tensorflow/core/platform/errors.h:27,
                 from /home/ubuntu/anaconda3/envs/tfgpu/lib/python3.13/site-packages/tensorflow/include/tensorflow/core/framework/resource_base.h:25,
                 from /home/ubuntu/anaconda3/envs/tfgpu/lib/python3.13/site-packages/tensorflow/include/tensorflow/core/framework/resource_handle.h:22,
                 from /home/ubuntu/anaconda3/envs/tfgpu/lib/python3.13/site-packages/tensorflow/include/tensorflow/core/framework/types.h:30,
                 from /home/ubuntu/anaconda3/envs/tfgpu/lib/python3.13/site-packages/tensorflow/include/tensorflow/core/framework/op_def_builder.h:28,
                 from /home/ubuntu/anaconda3/envs/tfgpu/lib/python3.13/site-packages/tensorflow/include/tensorflow/core/framework/full_type_inference_util.h:24,
                 from /home/ubuntu/anaconda3/envs/tfgpu/lib/python3.13/site-packages/tensorflow/include/tensorflow/core/framework/op.h:27,
                 from /tmp/bayesfilter-hmc-v7-merge-20261005/bayesfilter/ops/symmetric_sylvester_op.cc:13:
/home/ubuntu/anaconda3/envs/tfgpu/lib/python3.13/site-packages/tensorflow/include/tensorflow/core/platform/status.h:45:7: note: declared here
   45 | using Status ABSL_DEPRECATE_AND_INLINE() = ::absl::Status;
      |       ^~~~~~
In file included from /home/ubuntu/anaconda3/envs/tfgpu/lib/python3.13/site-packages/tensorflow/include/tensorflow/core/graph/graph.h:47,
                 from /home/ubuntu/anaconda3/envs/tfgpu/lib/python3.13/site-packages/tensorflow/include/tensorflow/core/framework/device.h:44,
                 from /home/ubuntu/anaconda3/envs/tfgpu/lib/python3.13/site-packages/tensorflow/include/tensorflow/core/common_runtime/device.h:18,
                 from /home/ubuntu/anaconda3/envs/tfgpu/lib/python3.13/site-packages/tensorflow/include/tensorflow/core/common_runtime/local_device.h:19,
                 from /home/ubuntu/anaconda3/envs/tfgpu/lib/python3.13/site-packages/tensorflow/include/tensorflow/compiler/tf2xla/xla_compilation_device.h:21,
                 from /home/ubuntu/anaconda3/envs/tfgpu/lib/python3.13/site-packages/tensorflow/include/tensorflow/compiler/tf2xla/xla_compiler.h:27,
                 from /home/ubuntu/anaconda3/envs/tfgpu/lib/python3.13/site-packages/tensorflow/include/tensorflow/compiler/tf2xla/xla_op_kernel.h:23,
                 from /tmp/bayesfilter-hmc-v7-merge-20261005/bayesfilter/ops/symmetric_sylvester_op.cc:18:
/home/ubuntu/anaconda3/envs/tfgpu/lib/python3.13/site-packages/tensorflow/include/tensorflow/core/framework/function.h:1275:42: warning: ‘using Status = class absl::lts_20260107::Status’ is deprecated [-Wdeprecated-declarations]
 1275 |       const NodeDef&, const string&, T*) const;
      |                                          ^~~~~
/home/ubuntu/anaconda3/envs/tfgpu/lib/python3.13/site-packages/tensorflow/include/tensorflow/core/framework/function.h:1275:42: note: in definition of macro ‘GET_ATTR’
 1275 |       const NodeDef&, const string&, T*) const;
      |                                          ^~~~~
In file included from /home/ubuntu/anaconda3/envs/tfgpu/lib/python3.13/site-packages/tensorflow/include/tensorflow/core/platform/errors.h:27,
                 from /home/ubuntu/anaconda3/envs/tfgpu/lib/python3.13/site-packages/tensorflow/include/tensorflow/core/framework/resource_base.h:25,
                 from /home/ubuntu/anaconda3/envs/tfgpu/lib/python3.13/site-packages/tensorflow/include/tensorflow/core/framework/resource_handle.h:22,
                 from /home/ubuntu/anaconda3/envs/tfgpu/lib/python3.13/site-packages/tensorflow/include/tensorflow/core/framework/types.h:30,
                 from /home/ubuntu/anaconda3/envs/tfgpu/lib/python3.13/site-packages/tensorflow/include/tensorflow/core/framework/op_def_builder.h:28,
                 from /home/ubuntu/anaconda3/envs/tfgpu/lib/python3.13/site-packages/tensorflow/include/tensorflow/core/framework/full_type_inference_util.h:24,
                 from /home/ubuntu/anaconda3/envs/tfgpu/lib/python3.13/site-packages/tensorflow/include/tensorflow/core/framework/op.h:27,
                 from /tmp/bayesfilter-hmc-v7-merge-20261005/bayesfilter/ops/symmetric_sylvester_op.cc:13:
/home/ubuntu/anaconda3/envs/tfgpu/lib/python3.13/site-packages/tensorflow/include/tensorflow/core/platform/status.h:45:7: note: declared here
   45 | using Status ABSL_DEPRECATE_AND_INLINE() = ::absl::Status;
      |       ^~~~~~
In file included from /home/ubuntu/anaconda3/envs/tfgpu/lib/python3.13/site-packages/tensorflow/include/tensorflow/core/common_runtime/device.h:18,
                 from /home/ubuntu/anaconda3/envs/tfgpu/lib/python3.13/site-packages/tensorflow/include/tensorflow/core/common_runtime/local_device.h:19,
                 from /home/ubuntu/anaconda3/envs/tfgpu/lib/python3.13/site-packages/tensorflow/include/tensorflow/compiler/tf2xla/xla_compilation_device.h:21,
                 from /home/ubuntu/anaconda3/envs/tfgpu/lib/python3.13/site-packages/tensorflow/include/tensorflow/compiler/tf2xla/xla_compiler.h:27,
                 from /home/ubuntu/anaconda3/envs/tfgpu/lib/python3.13/site-packages/tensorflow/include/tensorflow/compiler/tf2xla/xla_op_kernel.h:23,
                 from /tmp/bayesfilter-hmc-v7-merge-20261005/bayesfilter/ops/symmetric_sylvester_op.cc:18:
/home/ubuntu/anaconda3/envs/tfgpu/lib/python3.13/site-packages/tensorflow/include/tensorflow/core/framework/device.h: In member function ‘virtual absl::lts_20260107::Status tensorflow::Device::RefreshStatus()’:
/home/ubuntu/anaconda3/envs/tfgpu/lib/python3.13/site-packages/tensorflow/include/tensorflow/core/framework/device.h:132:33: warning: ‘absl::lts_20260107::Status tsl::errors::Unimplemented(Args ...) [with Args = {const char*}]’ is deprecated: Use absl::UnimplementedError() instead. [-Wdeprecated-declarations]
  132 |     return errors::Unimplemented(
      |            ~~~~~~~~~~~~~~~~~~~~~^
  133 |         "RefreshStatus is not supported on this device.");
      |         ~~~~~~~~~~~~~~~~~~~~~~~~~~~~~~~~~~~~~~~~~~~~~~~~~
In file included from /home/ubuntu/anaconda3/envs/tfgpu/lib/python3.13/site-packages/tensorflow/include/tsl/platform/errors.h:19,
                 from /home/ubuntu/anaconda3/envs/tfgpu/lib/python3.13/site-packages/tensorflow/include/tensorflow/core/platform/errors.h:30,
                 from /home/ubuntu/anaconda3/envs/tfgpu/lib/python3.13/site-packages/tensorflow/include/tensorflow/core/framework/resource_base.h:25,
                 from /home/ubuntu/anaconda3/envs/tfgpu/lib/python3.13/site-packages/tensorflow/include/tensorflow/core/framework/resource_handle.h:22,
                 from /home/ubuntu/anaconda3/envs/tfgpu/lib/python3.13/site-packages/tensorflow/include/tensorflow/core/framework/types.h:30,
                 from /home/ubuntu/anaconda3/envs/tfgpu/lib/python3.13/site-packages/tensorflow/include/tensorflow/core/framework/op_def_builder.h:28,
                 from /home/ubuntu/anaconda3/envs/tfgpu/lib/python3.13/site-packages/tensorflow/include/tensorflow/core/framework/full_type_inference_util.h:24,
                 from /home/ubuntu/anaconda3/envs/tfgpu/lib/python3.13/site-packages/tensorflow/include/tensorflow/core/framework/op.h:27,
                 from /tmp/bayesfilter-hmc-v7-merge-20261005/bayesfilter/ops/symmetric_sylvester_op.cc:13:
/home/ubuntu/anaconda3/envs/tfgpu/lib/python3.13/site-packages/tensorflow/include/xla/tsl/platform/errors.h:404:14: note: declared here
  404 | absl::Status Unimplemented(Args... args) {
      |              ^~~~~~~~~~~~~
In file included from /home/ubuntu/anaconda3/envs/tfgpu/lib/python3.13/site-packages/tensorflow/include/xla/hlo/analysis/hlo_alias_analysis.h:34,
                 from /home/ubuntu/anaconda3/envs/tfgpu/lib/python3.13/site-packages/tensorflow/include/xla/service/buffer_assignment.h:37,
                 from /home/ubuntu/anaconda3/envs/tfgpu/lib/python3.13/site-packages/tensorflow/include/xla/service/compiler.h:38,
                 from /home/ubuntu/anaconda3/envs/tfgpu/lib/python3.13/site-packages/tensorflow/include/xla/service/backend.h:34,
                 from /home/ubuntu/anaconda3/envs/tfgpu/lib/python3.13/site-packages/tensorflow/include/xla/service/allocation_tracker.h:30,
                 from /home/ubuntu/anaconda3/envs/tfgpu/lib/python3.13/site-packages/tensorflow/include/xla/service/service.h:33,
                 from /home/ubuntu/anaconda3/envs/tfgpu/lib/python3.13/site-packages/tensorflow/include/xla/client/client.h:32,
                 from /home/ubuntu/anaconda3/envs/tfgpu/lib/python3.13/site-packages/tensorflow/include/tensorflow/compiler/tf2xla/xla_expression.h:21,
                 from /home/ubuntu/anaconda3/envs/tfgpu/lib/python3.13/site-packages/tensorflow/include/tensorflow/compiler/tf2xla/xla_compiler.h:28,
                 from /home/ubuntu/anaconda3/envs/tfgpu/lib/python3.13/site-packages/tensorflow/include/tensorflow/compiler/tf2xla/xla_op_kernel.h:23,
                 from /tmp/bayesfilter-hmc-v7-merge-20261005/bayesfilter/ops/symmetric_sylvester_op.cc:18:
/home/ubuntu/anaconda3/envs/tfgpu/lib/python3.13/site-packages/tensorflow/include/xla/service/hlo_buffer.h: In member function ‘xla::BufferValue::Color xla::HloBuffer::color() const’:
/home/ubuntu/anaconda3/envs/tfgpu/lib/python3.13/site-packages/tensorflow/include/xla/service/hlo_buffer.h:100:51: warning: ‘xla::BufferValue::Color xla::BufferValue::color() const’ is deprecated: Use Layout::memory_space instead. [-Wdeprecated-declarations]
  100 |     BufferValue::Color result = values()[0]->color();
      |                                 ~~~~~~~~~~~~~~~~~~^~
In file included from /home/ubuntu/anaconda3/envs/tfgpu/lib/python3.13/site-packages/tensorflow/include/xla/service/hlo_value.h:33,
                 from /home/ubuntu/anaconda3/envs/tfgpu/lib/python3.13/site-packages/tensorflow/include/xla/service/hlo_phi_graph.h:28,
                 from /home/ubuntu/anaconda3/envs/tfgpu/lib/python3.13/site-packages/tensorflow/include/xla/hlo/analysis/hlo_dataflow_analysis.h:45,
                 from /home/ubuntu/anaconda3/envs/tfgpu/lib/python3.13/site-packages/tensorflow/include/xla/hlo/analysis/hlo_alias_analysis.h:30,
                 from /home/ubuntu/anaconda3/envs/tfgpu/lib/python3.13/site-packages/tensorflow/include/xla/service/buffer_assignment.h:37,
                 from /home/ubuntu/anaconda3/envs/tfgpu/lib/python3.13/site-packages/tensorflow/include/xla/service/compiler.h:38,
                 from /home/ubuntu/anaconda3/envs/tfgpu/lib/python3.13/site-packages/tensorflow/include/xla/service/backend.h:34,
                 from /home/ubuntu/anaconda3/envs/tfgpu/lib/python3.13/site-packages/tensorflow/include/xla/service/allocation_tracker.h:30,
                 from /home/ubuntu/anaconda3/envs/tfgpu/lib/python3.13/site-packages/tensorflow/include/xla/service/service.h:33,
                 from /home/ubuntu/anaconda3/envs/tfgpu/lib/python3.13/site-packages/tensorflow/include/xla/client/client.h:32,
                 from /home/ubuntu/anaconda3/envs/tfgpu/lib/python3.13/site-packages/tensorflow/include/tensorflow/compiler/tf2xla/xla_expression.h:21,
                 from /home/ubuntu/anaconda3/envs/tfgpu/lib/python3.13/site-packages/tensorflow/include/tensorflow/compiler/tf2xla/xla_compiler.h:28,
                 from /home/ubuntu/anaconda3/envs/tfgpu/lib/python3.13/site-packages/tensorflow/include/tensorflow/compiler/tf2xla/xla_op_kernel.h:23,
                 from /tmp/bayesfilter-hmc-v7-merge-20261005/bayesfilter/ops/symmetric_sylvester_op.cc:18:
/home/ubuntu/anaconda3/envs/tfgpu/lib/python3.13/site-packages/tensorflow/include/xla/service/buffer_value.h:119:9: note: declared here
  119 |   Color color() const {
      |         ^~~~~
In file included from /home/ubuntu/anaconda3/envs/tfgpu/include/absl/log/internal/check_impl.h:21,
                 from /home/ubuntu/anaconda3/envs/tfgpu/include/absl/log/absl_check.h:38,
                 from /home/ubuntu/anaconda3/envs/tfgpu/include/google/protobuf/io/coded_stream.h:111,
                 from /home/ubuntu/anaconda3/envs/tfgpu/lib/python3.13/site-packages/tensorflow/include/tensorflow/core/framework/full_type.pb.h:20,
                 from /home/ubuntu/anaconda3/envs/tfgpu/lib/python3.13/site-packages/tensorflow/include/tensorflow/core/framework/op.h:26,
                 from /tmp/bayesfilter-hmc-v7-merge-20261005/bayesfilter/ops/symmetric_sylvester_op.cc:13:
/home/ubuntu/anaconda3/envs/tfgpu/lib/python3.13/site-packages/tensorflow/include/xla/service/hlo_buffer.h:102:37: warning: ‘xla::BufferValue::Color xla::BufferValue::color() const’ is deprecated: Use Layout::memory_space instead. [-Wdeprecated-declarations]
  102 |       DCHECK_EQ(result, value->color());
      |                         ~~~~~~~~~~~~^~
/home/ubuntu/anaconda3/envs/tfgpu/include/absl/log/internal/check_op.h:71:58: note: in definition of macro ‘ABSL_LOG_INTERNAL_CHECK_OP’
   71 |              ::absl::log_internal::GetReferenceableValue(val2),                \
      |                                                          ^~~~
/home/ubuntu/anaconda3/envs/tfgpu/include/absl/log/internal/check_impl.h:74:3: note: in expansion of macro ‘ABSL_LOG_INTERNAL_CHECK_EQ_IMPL’
   74 |   ABSL_LOG_INTERNAL_CHECK_EQ_IMPL(val1, val1_text, val2, val2_text)
      |   ^~~~~~~~~~~~~~~~~~~~~~~~~~~~~~~
/home/ubuntu/anaconda3/envs/tfgpu/include/absl/log/check.h:142:3: note: in expansion of macro ‘ABSL_LOG_INTERNAL_DCHECK_EQ_IMPL’
  142 |   ABSL_LOG_INTERNAL_DCHECK_EQ_IMPL((val1), #val1, (val2), #val2)
      |   ^~~~~~~~~~~~~~~~~~~~~~~~~~~~~~~~
/home/ubuntu/anaconda3/envs/tfgpu/lib/python3.13/site-packages/tensorflow/include/xla/service/hlo_buffer.h:102:7: note: in expansion of macro ‘DCHECK_EQ’
  102 |       DCHECK_EQ(result, value->color());
      |       ^~~~~~~~~
In file included from /home/ubuntu/anaconda3/envs/tfgpu/lib/python3.13/site-packages/tensorflow/include/xla/service/hlo_value.h:33,
                 from /home/ubuntu/anaconda3/envs/tfgpu/lib/python3.13/site-packages/tensorflow/include/xla/service/hlo_phi_graph.h:28,
                 from /home/ubuntu/anaconda3/envs/tfgpu/lib/python3.13/site-packages/tensorflow/include/xla/hlo/analysis/hlo_dataflow_analysis.h:45,
                 from /home/ubuntu/anaconda3/envs/tfgpu/lib/python3.13/site-packages/tensorflow/include/xla/hlo/analysis/hlo_alias_analysis.h:30,
                 from /home/ubuntu/anaconda3/envs/tfgpu/lib/python3.13/site-packages/tensorflow/include/xla/service/buffer_assignment.h:37,
                 from /home/ubuntu/anaconda3/envs/tfgpu/lib/python3.13/site-packages/tensorflow/include/xla/service/compiler.h:38,
                 from /home/ubuntu/anaconda3/envs/tfgpu/lib/python3.13/site-packages/tensorflow/include/xla/service/backend.h:34,
                 from /home/ubuntu/anaconda3/envs/tfgpu/lib/python3.13/site-packages/tensorflow/include/xla/service/allocation_tracker.h:30,
                 from /home/ubuntu/anaconda3/envs/tfgpu/lib/python3.13/site-packages/tensorflow/include/xla/service/service.h:33,
                 from /home/ubuntu/anaconda3/envs/tfgpu/lib/python3.13/site-packages/tensorflow/include/xla/client/client.h:32,
                 from /home/ubuntu/anaconda3/envs/tfgpu/lib/python3.13/site-packages/tensorflow/include/tensorflow/compiler/tf2xla/xla_expression.h:21,
                 from /home/ubuntu/anaconda3/envs/tfgpu/lib/python3.13/site-packages/tensorflow/include/tensorflow/compiler/tf2xla/xla_compiler.h:28,
                 from /home/ubuntu/anaconda3/envs/tfgpu/lib/python3.13/site-packages/tensorflow/include/tensorflow/compiler/tf2xla/xla_op_kernel.h:23,
                 from /tmp/bayesfilter-hmc-v7-merge-20261005/bayesfilter/ops/symmetric_sylvester_op.cc:18:
/home/ubuntu/anaconda3/envs/tfgpu/lib/python3.13/site-packages/tensorflow/include/xla/service/buffer_value.h:119:9: note: declared here
  119 |   Color color() const {
      |         ^~~~~
In file included from /home/ubuntu/anaconda3/envs/tfgpu/lib/python3.13/site-packages/tensorflow/include/xla/service/compiler.h:38,
                 from /home/ubuntu/anaconda3/envs/tfgpu/lib/python3.13/site-packages/tensorflow/include/xla/service/backend.h:34,
                 from /home/ubuntu/anaconda3/envs/tfgpu/lib/python3.13/site-packages/tensorflow/include/xla/service/allocation_tracker.h:30,
                 from /home/ubuntu/anaconda3/envs/tfgpu/lib/python3.13/site-packages/tensorflow/include/xla/service/service.h:33,
                 from /home/ubuntu/anaconda3/envs/tfgpu/lib/python3.13/site-packages/tensorflow/include/xla/client/client.h:32,
                 from /home/ubuntu/anaconda3/envs/tfgpu/lib/python3.13/site-packages/tensorflow/include/tensorflow/compiler/tf2xla/xla_expression.h:21,
                 from /home/ubuntu/anaconda3/envs/tfgpu/lib/python3.13/site-packages/tensorflow/include/tensorflow/compiler/tf2xla/xla_compiler.h:28,
                 from /home/ubuntu/anaconda3/envs/tfgpu/lib/python3.13/site-packages/tensorflow/include/tensorflow/compiler/tf2xla/xla_op_kernel.h:23,
                 from /tmp/bayesfilter-hmc-v7-merge-20261005/bayesfilter/ops/symmetric_sylvester_op.cc:18:
/home/ubuntu/anaconda3/envs/tfgpu/lib/python3.13/site-packages/tensorflow/include/xla/service/buffer_assignment.h: In lambda function:
/home/ubuntu/anaconda3/envs/tfgpu/lib/python3.13/site-packages/tensorflow/include/xla/service/buffer_assignment.h:671:27: warning: ‘void xla::BufferValue::set_color(xla::BufferValue::Color)’ is deprecated: Use Layout::memory_space instead. [-Wdeprecated-declarations]
  671 |           value->set_color(BufferValue::Color(
      |           ~~~~~~~~~~~~~~~~^~~~~~~~~~~~~~~~~~~~
  672 |               defining_position.shape().layout().memory_space()));
      |               ~~~~~~~~~~~~~~~~~~~~~~~~~~~~~~~~~~~~~~~~~~~~~~~~~~~
In file included from /home/ubuntu/anaconda3/envs/tfgpu/lib/python3.13/site-packages/tensorflow/include/xla/service/hlo_value.h:33,
                 from /home/ubuntu/anaconda3/envs/tfgpu/lib/python3.13/site-packages/tensorflow/include/xla/service/hlo_phi_graph.h:28,
                 from /home/ubuntu/anaconda3/envs/tfgpu/lib/python3.13/site-packages/tensorflow/include/xla/hlo/analysis/hlo_dataflow_analysis.h:45,
                 from /home/ubuntu/anaconda3/envs/tfgpu/lib/python3.13/site-packages/tensorflow/include/xla/hlo/analysis/hlo_alias_analysis.h:30,
                 from /home/ubuntu/anaconda3/envs/tfgpu/lib/python3.13/site-packages/tensorflow/include/xla/service/buffer_assignment.h:37,
                 from /home/ubuntu/anaconda3/envs/tfgpu/lib/python3.13/site-packages/tensorflow/include/xla/service/compiler.h:38,
                 from /home/ubuntu/anaconda3/envs/tfgpu/lib/python3.13/site-packages/tensorflow/include/xla/service/backend.h:34,
                 from /home/ubuntu/anaconda3/envs/tfgpu/lib/python3.13/site-packages/tensorflow/include/xla/service/allocation_tracker.h:30,
                 from /home/ubuntu/anaconda3/envs/tfgpu/lib/python3.13/site-packages/tensorflow/include/xla/service/service.h:33,
                 from /home/ubuntu/anaconda3/envs/tfgpu/lib/python3.13/site-packages/tensorflow/include/xla/client/client.h:32,
                 from /home/ubuntu/anaconda3/envs/tfgpu/lib/python3.13/site-packages/tensorflow/include/tensorflow/compiler/tf2xla/xla_expression.h:21,
                 from /home/ubuntu/anaconda3/envs/tfgpu/lib/python3.13/site-packages/tensorflow/include/tensorflow/compiler/tf2xla/xla_compiler.h:28,
                 from /home/ubuntu/anaconda3/envs/tfgpu/lib/python3.13/site-packages/tensorflow/include/tensorflow/compiler/tf2xla/xla_op_kernel.h:23,
                 from /tmp/bayesfilter-hmc-v7-merge-20261005/bayesfilter/ops/symmetric_sylvester_op.cc:18:
/home/ubuntu/anaconda3/envs/tfgpu/lib/python3.13/site-packages/tensorflow/include/xla/service/buffer_value.h:126:8: note: declared here
  126 |   void set_color(Color color) {
      |        ^~~~~~~~~
In file included from /home/ubuntu/anaconda3/envs/tfgpu/lib/python3.13/site-packages/tensorflow/include/xla/service/compiler.h:38,
                 from /home/ubuntu/anaconda3/envs/tfgpu/lib/python3.13/site-packages/tensorflow/include/xla/service/backend.h:34,
                 from /home/ubuntu/anaconda3/envs/tfgpu/lib/python3.13/site-packages/tensorflow/include/xla/service/allocation_tracker.h:30,
                 from /home/ubuntu/anaconda3/envs/tfgpu/lib/python3.13/site-packages/tensorflow/include/xla/service/service.h:33,
                 from /home/ubuntu/anaconda3/envs/tfgpu/lib/python3.13/site-packages/tensorflow/include/xla/client/client.h:32,
                 from /home/ubuntu/anaconda3/envs/tfgpu/lib/python3.13/site-packages/tensorflow/include/tensorflow/compiler/tf2xla/xla_expression.h:21,
                 from /home/ubuntu/anaconda3/envs/tfgpu/lib/python3.13/site-packages/tensorflow/include/tensorflow/compiler/tf2xla/xla_compiler.h:28,
                 from /home/ubuntu/anaconda3/envs/tfgpu/lib/python3.13/site-packages/tensorflow/include/tensorflow/compiler/tf2xla/xla_op_kernel.h:23,
                 from /tmp/bayesfilter-hmc-v7-merge-20261005/bayesfilter/ops/symmetric_sylvester_op.cc:18:
/home/ubuntu/anaconda3/envs/tfgpu/lib/python3.13/site-packages/tensorflow/include/xla/service/buffer_assignment.h:674:27: warning: ‘void xla::BufferValue::set_color(xla::BufferValue::Color)’ is deprecated: Use Layout::memory_space instead. [-Wdeprecated-declarations]
  674 |           value->set_color(BufferValue::Color(0));
      |           ~~~~~~~~~~~~~~~~^~~~~~~~~~~~~~~~~~~~~~~
In file included from /home/ubuntu/anaconda3/envs/tfgpu/lib/python3.13/site-packages/tensorflow/include/xla/service/hlo_value.h:33,
                 from /home/ubuntu/anaconda3/envs/tfgpu/lib/python3.13/site-packages/tensorflow/include/xla/service/hlo_phi_graph.h:28,
                 from /home/ubuntu/anaconda3/envs/tfgpu/lib/python3.13/site-packages/tensorflow/include/xla/hlo/analysis/hlo_dataflow_analysis.h:45,
                 from /home/ubuntu/anaconda3/envs/tfgpu/lib/python3.13/site-packages/tensorflow/include/xla/hlo/analysis/hlo_alias_analysis.h:30,
                 from /home/ubuntu/anaconda3/envs/tfgpu/lib/python3.13/site-packages/tensorflow/include/xla/service/buffer_assignment.h:37,
                 from /home/ubuntu/anaconda3/envs/tfgpu/lib/python3.13/site-packages/tensorflow/include/xla/service/compiler.h:38,
                 from /home/ubuntu/anaconda3/envs/tfgpu/lib/python3.13/site-packages/tensorflow/include/xla/service/backend.h:34,
                 from /home/ubuntu/anaconda3/envs/tfgpu/lib/python3.13/site-packages/tensorflow/include/xla/service/allocation_tracker.h:30,
                 from /home/ubuntu/anaconda3/envs/tfgpu/lib/python3.13/site-packages/tensorflow/include/xla/service/service.h:33,
                 from /home/ubuntu/anaconda3/envs/tfgpu/lib/python3.13/site-packages/tensorflow/include/xla/client/client.h:32,
                 from /home/ubuntu/anaconda3/envs/tfgpu/lib/python3.13/site-packages/tensorflow/include/tensorflow/compiler/tf2xla/xla_expression.h:21,
                 from /home/ubuntu/anaconda3/envs/tfgpu/lib/python3.13/site-packages/tensorflow/include/tensorflow/compiler/tf2xla/xla_compiler.h:28,
                 from /home/ubuntu/anaconda3/envs/tfgpu/lib/python3.13/site-packages/tensorflow/include/tensorflow/compiler/tf2xla/xla_op_kernel.h:23,
                 from /tmp/bayesfilter-hmc-v7-merge-20261005/bayesfilter/ops/symmetric_sylvester_op.cc:18:
/home/ubuntu/anaconda3/envs/tfgpu/lib/python3.13/site-packages/tensorflow/include/xla/service/buffer_value.h:126:8: note: declared here
  126 |   void set_color(Color color) {
      |        ^~~~~~~~~
In file included from /home/ubuntu/anaconda3/envs/tfgpu/lib/python3.13/site-packages/tensorflow/include/xla/service/compiler.h:41,
                 from /home/ubuntu/anaconda3/envs/tfgpu/lib/python3.13/site-packages/tensorflow/include/xla/service/backend.h:34,
                 from /home/ubuntu/anaconda3/envs/tfgpu/lib/python3.13/site-packages/tensorflow/include/xla/service/allocation_tracker.h:30,
                 from /home/ubuntu/anaconda3/envs/tfgpu/lib/python3.13/site-packages/tensorflow/include/xla/service/service.h:33,
                 from /home/ubuntu/anaconda3/envs/tfgpu/lib/python3.13/site-packages/tensorflow/include/xla/client/client.h:32,
                 from /home/ubuntu/anaconda3/envs/tfgpu/lib/python3.13/site-packages/tensorflow/include/tensorflow/compiler/tf2xla/xla_expression.h:21,
                 from /home/ubuntu/anaconda3/envs/tfgpu/lib/python3.13/site-packages/tensorflow/include/tensorflow/compiler/tf2xla/xla_compiler.h:28,
                 from /home/ubuntu/anaconda3/envs/tfgpu/lib/python3.13/site-packages/tensorflow/include/tensorflow/compiler/tf2xla/xla_op_kernel.h:23,
                 from /tmp/bayesfilter-hmc-v7-merge-20261005/bayesfilter/ops/symmetric_sylvester_op.cc:18:
/home/ubuntu/anaconda3/envs/tfgpu/lib/python3.13/site-packages/tensorflow/include/xla/service/executable.h: In member function ‘void xla::Executable::set_hlo_proto(std::unique_ptr<xla::HloProto>)’:
/home/ubuntu/anaconda3/envs/tfgpu/lib/python3.13/site-packages/tensorflow/include/xla/service/executable.h:373:43: warning: ‘absl::lts_20260107::MutexLock::MutexLock(absl::lts_20260107::Mutex*)’ is deprecated: Use the constructor that takes a reference instead [-Wdeprecated-declarations]
  373 |     absl::MutexLock lock(&hlo_proto_mutex_);
      |                                           ^
In file included from /home/ubuntu/anaconda3/envs/tfgpu/include/absl/strings/internal/cordz_info.h:31,
                 from /home/ubuntu/anaconda3/envs/tfgpu/include/absl/strings/cord.h:92,
                 from /home/ubuntu/anaconda3/envs/tfgpu/include/absl/container/internal/hash_function_defaults.h:59,
                 from /home/ubuntu/anaconda3/envs/tfgpu/include/absl/container/hash_container_defaults.h:19,
                 from /home/ubuntu/anaconda3/envs/tfgpu/include/absl/container/flat_hash_map.h:43,
                 from /home/ubuntu/anaconda3/envs/tfgpu/lib/python3.13/site-packages/tensorflow/include/tensorflow/core/framework/op.h:25,
                 from /tmp/bayesfilter-hmc-v7-merge-20261005/bayesfilter/ops/symmetric_sylvester_op.cc:13:
/home/ubuntu/anaconda3/envs/tfgpu/include/absl/synchronization/mutex.h:622:12: note: declared here
  622 |   explicit MutexLock(Mutex* absl_nonnull mu) ABSL_EXCLUSIVE_LOCK_FUNCTION(mu)
      |            ^~~~~~~~~
In file included from /home/ubuntu/anaconda3/envs/tfgpu/lib/python3.13/site-packages/tensorflow/include/xla/service/compiler.h:41,
                 from /home/ubuntu/anaconda3/envs/tfgpu/lib/python3.13/site-packages/tensorflow/include/xla/service/backend.h:34,
                 from /home/ubuntu/anaconda3/envs/tfgpu/lib/python3.13/site-packages/tensorflow/include/xla/service/allocation_tracker.h:30,
                 from /home/ubuntu/anaconda3/envs/tfgpu/lib/python3.13/site-packages/tensorflow/include/xla/service/service.h:33,
                 from /home/ubuntu/anaconda3/envs/tfgpu/lib/python3.13/site-packages/tensorflow/include/xla/client/client.h:32,
                 from /home/ubuntu/anaconda3/envs/tfgpu/lib/python3.13/site-packages/tensorflow/include/tensorflow/compiler/tf2xla/xla_expression.h:21,
                 from /home/ubuntu/anaconda3/envs/tfgpu/lib/python3.13/site-packages/tensorflow/include/tensorflow/compiler/tf2xla/xla_compiler.h:28,
                 from /home/ubuntu/anaconda3/envs/tfgpu/lib/python3.13/site-packages/tensorflow/include/tensorflow/compiler/tf2xla/xla_op_kernel.h:23,
                 from /tmp/bayesfilter-hmc-v7-merge-20261005/bayesfilter/ops/symmetric_sylvester_op.cc:18:
/home/ubuntu/anaconda3/envs/tfgpu/lib/python3.13/site-packages/tensorflow/include/xla/service/executable.h: In member function ‘const xla::HloProto* xla::Executable::hlo_proto() const’:
/home/ubuntu/anaconda3/envs/tfgpu/lib/python3.13/site-packages/tensorflow/include/xla/service/executable.h:383:43: warning: ‘absl::lts_20260107::MutexLock::MutexLock(absl::lts_20260107::Mutex*)’ is deprecated: Use the constructor that takes a reference instead [-Wdeprecated-declarations]
  383 |     absl::MutexLock lock(&hlo_proto_mutex_);
      |                                           ^
In file included from /home/ubuntu/anaconda3/envs/tfgpu/include/absl/strings/internal/cordz_info.h:31,
                 from /home/ubuntu/anaconda3/envs/tfgpu/include/absl/strings/cord.h:92,
                 from /home/ubuntu/anaconda3/envs/tfgpu/include/absl/container/internal/hash_function_defaults.h:59,
                 from /home/ubuntu/anaconda3/envs/tfgpu/include/absl/container/hash_container_defaults.h:19,
                 from /home/ubuntu/anaconda3/envs/tfgpu/include/absl/container/flat_hash_map.h:43,
                 from /home/ubuntu/anaconda3/envs/tfgpu/lib/python3.13/site-packages/tensorflow/include/tensorflow/core/framework/op.h:25,
                 from /tmp/bayesfilter-hmc-v7-merge-20261005/bayesfilter/ops/symmetric_sylvester_op.cc:13:
/home/ubuntu/anaconda3/envs/tfgpu/include/absl/synchronization/mutex.h:622:12: note: declared here
  622 |   explicit MutexLock(Mutex* absl_nonnull mu) ABSL_EXCLUSIVE_LOCK_FUNCTION(mu)
      |            ^~~~~~~~~
In file included from /home/ubuntu/anaconda3/envs/tfgpu/lib/python3.13/site-packages/tensorflow/include/xla/service/compiler.h:41,
                 from /home/ubuntu/anaconda3/envs/tfgpu/lib/python3.13/site-packages/tensorflow/include/xla/service/backend.h:34,
                 from /home/ubuntu/anaconda3/envs/tfgpu/lib/python3.13/site-packages/tensorflow/include/xla/service/allocation_tracker.h:30,
                 from /home/ubuntu/anaconda3/envs/tfgpu/lib/python3.13/site-packages/tensorflow/include/xla/service/service.h:33,
                 from /home/ubuntu/anaconda3/envs/tfgpu/lib/python3.13/site-packages/tensorflow/include/xla/client/client.h:32,
                 from /home/ubuntu/anaconda3/envs/tfgpu/lib/python3.13/site-packages/tensorflow/include/tensorflow/compiler/tf2xla/xla_expression.h:21,
                 from /home/ubuntu/anaconda3/envs/tfgpu/lib/python3.13/site-packages/tensorflow/include/tensorflow/compiler/tf2xla/xla_compiler.h:28,
                 from /home/ubuntu/anaconda3/envs/tfgpu/lib/python3.13/site-packages/tensorflow/include/tensorflow/compiler/tf2xla/xla_op_kernel.h:23,
                 from /tmp/bayesfilter-hmc-v7-merge-20261005/bayesfilter/ops/symmetric_sylvester_op.cc:18:
/home/ubuntu/anaconda3/envs/tfgpu/lib/python3.13/site-packages/tensorflow/include/xla/service/executable.h: In member function ‘const xla::BufferAssignmentProto* xla::Executable::buffer_assignment_proto() const’:
/home/ubuntu/anaconda3/envs/tfgpu/lib/python3.13/site-packages/tensorflow/include/xla/service/executable.h:391:43: warning: ‘absl::lts_20260107::MutexLock::MutexLock(absl::lts_20260107::Mutex*)’ is deprecated: Use the constructor that takes a reference instead [-Wdeprecated-declarations]
  391 |     absl::MutexLock lock(&hlo_proto_mutex_);
      |                                           ^
In file included from /home/ubuntu/anaconda3/envs/tfgpu/include/absl/strings/internal/cordz_info.h:31,
                 from /home/ubuntu/anaconda3/envs/tfgpu/include/absl/strings/cord.h:92,
                 from /home/ubuntu/anaconda3/envs/tfgpu/include/absl/container/internal/hash_function_defaults.h:59,
                 from /home/ubuntu/anaconda3/envs/tfgpu/include/absl/container/hash_container_defaults.h:19,
                 from /home/ubuntu/anaconda3/envs/tfgpu/include/absl/container/flat_hash_map.h:43,
                 from /home/ubuntu/anaconda3/envs/tfgpu/lib/python3.13/site-packages/tensorflow/include/tensorflow/core/framework/op.h:25,
                 from /tmp/bayesfilter-hmc-v7-merge-20261005/bayesfilter/ops/symmetric_sylvester_op.cc:13:
/home/ubuntu/anaconda3/envs/tfgpu/include/absl/synchronization/mutex.h:622:12: note: declared here
  622 |   explicit MutexLock(Mutex* absl_nonnull mu) ABSL_EXCLUSIVE_LOCK_FUNCTION(mu)
      |            ^~~~~~~~~
In file included from /home/ubuntu/anaconda3/envs/tfgpu/lib/python3.13/site-packages/tensorflow/include/tensorflow/compiler/tf2xla/xla_compiler.h:30,
                 from /home/ubuntu/anaconda3/envs/tfgpu/lib/python3.13/site-packages/tensorflow/include/tensorflow/compiler/tf2xla/xla_op_kernel.h:23,
                 from /tmp/bayesfilter-hmc-v7-merge-20261005/bayesfilter/ops/symmetric_sylvester_op.cc:18:
/home/ubuntu/anaconda3/envs/tfgpu/lib/python3.13/site-packages/tensorflow/include/tensorflow/compiler/tf2xla/xla_op_registry.h: At global scope:
/home/ubuntu/anaconda3/envs/tfgpu/lib/python3.13/site-packages/tensorflow/include/tensorflow/compiler/tf2xla/xla_op_registry.h:284:9: warning: ‘mutex’ is deprecated: Use absl::Mutex instead. [-Wdeprecated-declarations]
  284 |   mutex mutex_;
      |         ^~~~~~
In file included from /home/ubuntu/anaconda3/envs/tfgpu/lib/python3.13/site-packages/tensorflow/include/tensorflow/core/platform/mutex.h:22,
                 from /home/ubuntu/anaconda3/envs/tfgpu/lib/python3.13/site-packages/tensorflow/include/tensorflow/core/platform/refcount.h:19,
                 from /home/ubuntu/anaconda3/envs/tfgpu/lib/python3.13/site-packages/tensorflow/include/tensorflow/core/lib/core/refcount.h:19,
                 from /home/ubuntu/anaconda3/envs/tfgpu/lib/python3.13/site-packages/tensorflow/include/tensorflow/core/framework/resource_base.h:24,
                 from /home/ubuntu/anaconda3/envs/tfgpu/lib/python3.13/site-packages/tensorflow/include/tensorflow/core/framework/resource_handle.h:22,
                 from /home/ubuntu/anaconda3/envs/tfgpu/lib/python3.13/site-packages/tensorflow/include/tensorflow/core/framework/types.h:30,
                 from /home/ubuntu/anaconda3/envs/tfgpu/lib/python3.13/site-packages/tensorflow/include/tensorflow/core/framework/op_def_builder.h:28,
                 from /home/ubuntu/anaconda3/envs/tfgpu/lib/python3.13/site-packages/tensorflow/include/tensorflow/core/framework/full_type_inference_util.h:24,
                 from /home/ubuntu/anaconda3/envs/tfgpu/lib/python3.13/site-packages/tensorflow/include/tensorflow/core/framework/op.h:27,
                 from /tmp/bayesfilter-hmc-v7-merge-20261005/bayesfilter/ops/symmetric_sylvester_op.cc:13:
/home/ubuntu/anaconda3/envs/tfgpu/lib/python3.13/site-packages/tensorflow/include/tsl/platform/mutex.h:43:63: note: declared here
   43 | class TF_LOCKABLE ABSL_DEPRECATED("Use absl::Mutex instead.") mutex {
      |                                                               ^~~~~
In file included from /home/ubuntu/anaconda3/envs/tfgpu/lib/python3.13/site-packages/tensorflow/include/tensorflow/compiler/tf2xla/xla_compiler.h:36,
                 from /home/ubuntu/anaconda3/envs/tfgpu/lib/python3.13/site-packages/tensorflow/include/tensorflow/compiler/tf2xla/xla_op_kernel.h:23,
                 from /tmp/bayesfilter-hmc-v7-merge-20261005/bayesfilter/ops/symmetric_sylvester_op.cc:18:
/home/ubuntu/anaconda3/envs/tfgpu/lib/python3.13/site-packages/tensorflow/include/tensorflow/core/common_runtime/device_mgr.h:126:17: warning: ‘mutex’ is deprecated: Use absl::Mutex instead. [-Wdeprecated-declarations]
  126 |   mutable mutex devices_mu_;
      |                 ^~~~~~~~~~~
In file included from /home/ubuntu/anaconda3/envs/tfgpu/lib/python3.13/site-packages/tensorflow/include/tensorflow/core/platform/mutex.h:22,
                 from /home/ubuntu/anaconda3/envs/tfgpu/lib/python3.13/site-packages/tensorflow/include/tensorflow/core/platform/refcount.h:19,
                 from /home/ubuntu/anaconda3/envs/tfgpu/lib/python3.13/site-packages/tensorflow/include/tensorflow/core/lib/core/refcount.h:19,
                 from /home/ubuntu/anaconda3/envs/tfgpu/lib/python3.13/site-packages/tensorflow/include/tensorflow/core/framework/resource_base.h:24,
                 from /home/ubuntu/anaconda3/envs/tfgpu/lib/python3.13/site-packages/tensorflow/include/tensorflow/core/framework/resource_handle.h:22,
                 from /home/ubuntu/anaconda3/envs/tfgpu/lib/python3.13/site-packages/tensorflow/include/tensorflow/core/framework/types.h:30,
                 from /home/ubuntu/anaconda3/envs/tfgpu/lib/python3.13/site-packages/tensorflow/include/tensorflow/core/framework/op_def_builder.h:28,
                 from /home/ubuntu/anaconda3/envs/tfgpu/lib/python3.13/site-packages/tensorflow/include/tensorflow/core/framework/full_type_inference_util.h:24,
                 from /home/ubuntu/anaconda3/envs/tfgpu/lib/python3.13/site-packages/tensorflow/include/tensorflow/core/framework/op.h:27,
                 from /tmp/bayesfilter-hmc-v7-merge-20261005/bayesfilter/ops/symmetric_sylvester_op.cc:13:
/home/ubuntu/anaconda3/envs/tfgpu/lib/python3.13/site-packages/tensorflow/include/tsl/platform/mutex.h:43:63: note: declared here
   43 | class TF_LOCKABLE ABSL_DEPRECATED("Use absl::Mutex instead.") mutex {
      |                                                               ^~~~~
In file included from /home/ubuntu/anaconda3/envs/tfgpu/lib/python3.13/site-packages/tensorflow/include/tensorflow/core/common_runtime/process_function_library_runtime.h:25,
                 from /home/ubuntu/anaconda3/envs/tfgpu/lib/python3.13/site-packages/tensorflow/include/tensorflow/core/common_runtime/function.h:30,
                 from /home/ubuntu/anaconda3/envs/tfgpu/lib/python3.13/site-packages/tensorflow/include/tensorflow/compiler/tf2xla/xla_compiler.h:37,
                 from /home/ubuntu/anaconda3/envs/tfgpu/lib/python3.13/site-packages/tensorflow/include/tensorflow/compiler/tf2xla/xla_op_kernel.h:23,
                 from /tmp/bayesfilter-hmc-v7-merge-20261005/bayesfilter/ops/symmetric_sylvester_op.cc:18:
/home/ubuntu/anaconda3/envs/tfgpu/lib/python3.13/site-packages/tensorflow/include/tensorflow/core/common_runtime/composite_device.h: In member function ‘virtual absl::lts_20260107::Status tensorflow::CompositeDevice::Sync()’:
/home/ubuntu/anaconda3/envs/tfgpu/lib/python3.13/site-packages/tensorflow/include/tensorflow/core/common_runtime/composite_device.h:35:28: warning: ‘absl::lts_20260107::Status tsl::errors::Internal(Args ...) [with Args = {const char*}]’ is deprecated: Use absl::InternalError() instead. [-Wdeprecated-declarations]
   35 |     return errors::Internal(
      |            ~~~~~~~~~~~~~~~~^
   36 |         "Sync() should never been invoked on CompositeDevice.");
      |         ~~~~~~~~~~~~~~~~~~~~~~~~~~~~~~~~~~~~~~~~~~~~~~~~~~~~~~~
In file included from /home/ubuntu/anaconda3/envs/tfgpu/lib/python3.13/site-packages/tensorflow/include/tsl/platform/errors.h:19,
                 from /home/ubuntu/anaconda3/envs/tfgpu/lib/python3.13/site-packages/tensorflow/include/tensorflow/core/platform/errors.h:30,
                 from /home/ubuntu/anaconda3/envs/tfgpu/lib/python3.13/site-packages/tensorflow/include/tensorflow/core/framework/resource_base.h:25,
                 from /home/ubuntu/anaconda3/envs/tfgpu/lib/python3.13/site-packages/tensorflow/include/tensorflow/core/framework/resource_handle.h:22,
                 from /home/ubuntu/anaconda3/envs/tfgpu/lib/python3.13/site-packages/tensorflow/include/tensorflow/core/framework/types.h:30,
                 from /home/ubuntu/anaconda3/envs/tfgpu/lib/python3.13/site-packages/tensorflow/include/tensorflow/core/framework/op_def_builder.h:28,
                 from /home/ubuntu/anaconda3/envs/tfgpu/lib/python3.13/site-packages/tensorflow/include/tensorflow/core/framework/full_type_inference_util.h:24,
                 from /home/ubuntu/anaconda3/envs/tfgpu/lib/python3.13/site-packages/tensorflow/include/tensorflow/core/framework/op.h:27,
                 from /tmp/bayesfilter-hmc-v7-merge-20261005/bayesfilter/ops/symmetric_sylvester_op.cc:13:
/home/ubuntu/anaconda3/envs/tfgpu/lib/python3.13/site-packages/tensorflow/include/xla/tsl/platform/errors.h:417:14: note: declared here
  417 | absl::Status Internal(Args... args) {
      |              ^~~~~~~~
In file included from /home/ubuntu/anaconda3/envs/tfgpu/lib/python3.13/site-packages/tensorflow/include/tensorflow/core/common_runtime/process_function_library_runtime.h:27,
                 from /home/ubuntu/anaconda3/envs/tfgpu/lib/python3.13/site-packages/tensorflow/include/tensorflow/core/common_runtime/function.h:30,
                 from /home/ubuntu/anaconda3/envs/tfgpu/lib/python3.13/site-packages/tensorflow/include/tensorflow/compiler/tf2xla/xla_compiler.h:37,
                 from /home/ubuntu/anaconda3/envs/tfgpu/lib/python3.13/site-packages/tensorflow/include/tensorflow/compiler/tf2xla/xla_op_kernel.h:23,
                 from /tmp/bayesfilter-hmc-v7-merge-20261005/bayesfilter/ops/symmetric_sylvester_op.cc:18:
/home/ubuntu/anaconda3/envs/tfgpu/lib/python3.13/site-packages/tensorflow/include/tensorflow/core/common_runtime/device_set.h: At global scope:
/home/ubuntu/anaconda3/envs/tfgpu/lib/python3.13/site-packages/tensorflow/include/tensorflow/core/common_runtime/device_set.h:108:17: warning: ‘mutex’ is deprecated: Use absl::Mutex instead. [-Wdeprecated-declarations]
  108 |   mutable mutex devices_mu_;
      |                 ^~~~~~~~~~~
In file included from /home/ubuntu/anaconda3/envs/tfgpu/lib/python3.13/site-packages/tensorflow/include/tensorflow/core/platform/mutex.h:22,
                 from /home/ubuntu/anaconda3/envs/tfgpu/lib/python3.13/site-packages/tensorflow/include/tensorflow/core/platform/refcount.h:19,
                 from /home/ubuntu/anaconda3/envs/tfgpu/lib/python3.13/site-packages/tensorflow/include/tensorflow/core/lib/core/refcount.h:19,
                 from /home/ubuntu/anaconda3/envs/tfgpu/lib/python3.13/site-packages/tensorflow/include/tensorflow/core/framework/resource_base.h:24,
                 from /home/ubuntu/anaconda3/envs/tfgpu/lib/python3.13/site-packages/tensorflow/include/tensorflow/core/framework/resource_handle.h:22,
                 from /home/ubuntu/anaconda3/envs/tfgpu/lib/python3.13/site-packages/tensorflow/include/tensorflow/core/framework/types.h:30,
                 from /home/ubuntu/anaconda3/envs/tfgpu/lib/python3.13/site-packages/tensorflow/include/tensorflow/core/framework/op_def_builder.h:28,
                 from /home/ubuntu/anaconda3/envs/tfgpu/lib/python3.13/site-packages/tensorflow/include/tensorflow/core/framework/full_type_inference_util.h:24,
                 from /home/ubuntu/anaconda3/envs/tfgpu/lib/python3.13/site-packages/tensorflow/include/tensorflow/core/framework/op.h:27,
                 from /tmp/bayesfilter-hmc-v7-merge-20261005/bayesfilter/ops/symmetric_sylvester_op.cc:13:
/home/ubuntu/anaconda3/envs/tfgpu/lib/python3.13/site-packages/tensorflow/include/tsl/platform/mutex.h:43:63: note: declared here
   43 | class TF_LOCKABLE ABSL_DEPRECATED("Use absl::Mutex instead.") mutex {
      |                                                               ^~~~~
In file included from /home/ubuntu/anaconda3/envs/tfgpu/lib/python3.13/site-packages/tensorflow/include/tensorflow/core/common_runtime/function.h:30,
                 from /home/ubuntu/anaconda3/envs/tfgpu/lib/python3.13/site-packages/tensorflow/include/tensorflow/compiler/tf2xla/xla_compiler.h:37,
                 from /home/ubuntu/anaconda3/envs/tfgpu/lib/python3.13/site-packages/tensorflow/include/tensorflow/compiler/tf2xla/xla_op_kernel.h:23,
                 from /tmp/bayesfilter-hmc-v7-merge-20261005/bayesfilter/ops/symmetric_sylvester_op.cc:18:
/home/ubuntu/anaconda3/envs/tfgpu/lib/python3.13/site-packages/tensorflow/include/tensorflow/core/common_runtime/process_function_library_runtime.h: In member function ‘virtual absl::lts_20260107::Status tensorflow::FunctionArgsInterface::GetRemoteArg(const tensorflow::FunctionArgIndex&, tensorflow::eager::RemoteTensorHandle*) const’:
/home/ubuntu/anaconda3/envs/tfgpu/lib/python3.13/site-packages/tensorflow/include/tensorflow/core/common_runtime/process_function_library_runtime.h:58:33: warning: ‘absl::lts_20260107::Status tsl::errors::Unimplemented(Args ...) [with Args = {const char*}]’ is deprecated: Use absl::UnimplementedError() instead. [-Wdeprecated-declarations]
   58 |     return errors::Unimplemented(
      |            ~~~~~~~~~~~~~~~~~~~~~^
   59 |         "Serializing a remote argument is not implemented.");
      |         ~~~~~~~~~~~~~~~~~~~~~~~~~~~~~~~~~~~~~~~~~~~~~~~~~~~~
In file included from /home/ubuntu/anaconda3/envs/tfgpu/lib/python3.13/site-packages/tensorflow/include/tsl/platform/errors.h:19,
                 from /home/ubuntu/anaconda3/envs/tfgpu/lib/python3.13/site-packages/tensorflow/include/tensorflow/core/platform/errors.h:30,
                 from /home/ubuntu/anaconda3/envs/tfgpu/lib/python3.13/site-packages/tensorflow/include/tensorflow/core/framework/resource_base.h:25,
                 from /home/ubuntu/anaconda3/envs/tfgpu/lib/python3.13/site-packages/tensorflow/include/tensorflow/core/framework/resource_handle.h:22,
                 from /home/ubuntu/anaconda3/envs/tfgpu/lib/python3.13/site-packages/tensorflow/include/tensorflow/core/framework/types.h:30,
                 from /home/ubuntu/anaconda3/envs/tfgpu/lib/python3.13/site-packages/tensorflow/include/tensorflow/core/framework/op_def_builder.h:28,
                 from /home/ubuntu/anaconda3/envs/tfgpu/lib/python3.13/site-packages/tensorflow/include/tensorflow/core/framework/full_type_inference_util.h:24,
                 from /home/ubuntu/anaconda3/envs/tfgpu/lib/python3.13/site-packages/tensorflow/include/tensorflow/core/framework/op.h:27,
                 from /tmp/bayesfilter-hmc-v7-merge-20261005/bayesfilter/ops/symmetric_sylvester_op.cc:13:
/home/ubuntu/anaconda3/envs/tfgpu/lib/python3.13/site-packages/tensorflow/include/xla/tsl/platform/errors.h:404:14: note: declared here
  404 | absl::Status Unimplemented(Args... args) {
      |              ^~~~~~~~~~~~~
In file included from /home/ubuntu/anaconda3/envs/tfgpu/lib/python3.13/site-packages/tensorflow/include/tensorflow/core/common_runtime/function.h:30,
                 from /home/ubuntu/anaconda3/envs/tfgpu/lib/python3.13/site-packages/tensorflow/include/tensorflow/compiler/tf2xla/xla_compiler.h:37,
                 from /home/ubuntu/anaconda3/envs/tfgpu/lib/python3.13/site-packages/tensorflow/include/tensorflow/compiler/tf2xla/xla_op_kernel.h:23,
                 from /tmp/bayesfilter-hmc-v7-merge-20261005/bayesfilter/ops/symmetric_sylvester_op.cc:18:
/home/ubuntu/anaconda3/envs/tfgpu/lib/python3.13/site-packages/tensorflow/include/tensorflow/core/common_runtime/process_function_library_runtime.h: At global scope:
/home/ubuntu/anaconda3/envs/tfgpu/lib/python3.13/site-packages/tensorflow/include/tensorflow/core/common_runtime/process_function_library_runtime.h:489:11: warning: ‘mutex’ is deprecated: Use absl::Mutex instead. [-Wdeprecated-declarations]
  489 |     mutex mu_;
      |           ^~~
In file included from /home/ubuntu/anaconda3/envs/tfgpu/lib/python3.13/site-packages/tensorflow/include/tensorflow/core/platform/mutex.h:22,
                 from /home/ubuntu/anaconda3/envs/tfgpu/lib/python3.13/site-packages/tensorflow/include/tensorflow/core/platform/refcount.h:19,
                 from /home/ubuntu/anaconda3/envs/tfgpu/lib/python3.13/site-packages/tensorflow/include/tensorflow/core/lib/core/refcount.h:19,
                 from /home/ubuntu/anaconda3/envs/tfgpu/lib/python3.13/site-packages/tensorflow/include/tensorflow/core/framework/resource_base.h:24,
                 from /home/ubuntu/anaconda3/envs/tfgpu/lib/python3.13/site-packages/tensorflow/include/tensorflow/core/framework/resource_handle.h:22,
                 from /home/ubuntu/anaconda3/envs/tfgpu/lib/python3.13/site-packages/tensorflow/include/tensorflow/core/framework/types.h:30,
                 from /home/ubuntu/anaconda3/envs/tfgpu/lib/python3.13/site-packages/tensorflow/include/tensorflow/core/framework/op_def_builder.h:28,
                 from /home/ubuntu/anaconda3/envs/tfgpu/lib/python3.13/site-packages/tensorflow/include/tensorflow/core/framework/full_type_inference_util.h:24,
                 from /home/ubuntu/anaconda3/envs/tfgpu/lib/python3.13/site-packages/tensorflow/include/tensorflow/core/framework/op.h:27,
                 from /tmp/bayesfilter-hmc-v7-merge-20261005/bayesfilter/ops/symmetric_sylvester_op.cc:13:
/home/ubuntu/anaconda3/envs/tfgpu/lib/python3.13/site-packages/tensorflow/include/tsl/platform/mutex.h:43:63: note: declared here
   43 | class TF_LOCKABLE ABSL_DEPRECATED("Use absl::Mutex instead.") mutex {
      |                                                               ^~~~~
In file included from /home/ubuntu/anaconda3/envs/tfgpu/lib/python3.13/site-packages/tensorflow/include/tensorflow/core/common_runtime/function.h:30,
                 from /home/ubuntu/anaconda3/envs/tfgpu/lib/python3.13/site-packages/tensorflow/include/tensorflow/compiler/tf2xla/xla_compiler.h:37,
                 from /home/ubuntu/anaconda3/envs/tfgpu/lib/python3.13/site-packages/tensorflow/include/tensorflow/compiler/tf2xla/xla_op_kernel.h:23,
                 from /tmp/bayesfilter-hmc-v7-merge-20261005/bayesfilter/ops/symmetric_sylvester_op.cc:18:
/home/ubuntu/anaconda3/envs/tfgpu/lib/python3.13/site-packages/tensorflow/include/tensorflow/core/common_runtime/process_function_library_runtime.h:497:18: warning: ‘using Notification = class absl::lts_20260107::Notification’ is deprecated [-Wdeprecated-declarations]
  497 |     Notification init_done_;
      |                  ^~~~~~~~~~
In file included from /home/ubuntu/anaconda3/envs/tfgpu/lib/python3.13/site-packages/tensorflow/include/xla/tsl/framework/cancellation.h:27,
                 from /home/ubuntu/anaconda3/envs/tfgpu/lib/python3.13/site-packages/tensorflow/include/tensorflow/core/framework/cancellation.h:19,
                 from /home/ubuntu/anaconda3/envs/tfgpu/lib/python3.13/site-packages/tensorflow/include/tensorflow/core/framework/op_kernel.h:30,
                 from /tmp/bayesfilter-hmc-v7-merge-20261005/bayesfilter/ops/symmetric_sylvester_op.cc:14:
/home/ubuntu/anaconda3/envs/tfgpu/lib/python3.13/site-packages/tensorflow/include/tsl/platform/notification.h:35:7: note: declared here
   35 | using Notification ABSL_DEPRECATE_AND_INLINE() = absl::Notification;
      |       ^~~~~~~~~~~~
In file included from /home/ubuntu/anaconda3/envs/tfgpu/lib/python3.13/site-packages/tensorflow/include/tensorflow/core/common_runtime/function.h:30,
                 from /home/ubuntu/anaconda3/envs/tfgpu/lib/python3.13/site-packages/tensorflow/include/tensorflow/compiler/tf2xla/xla_compiler.h:37,
                 from /home/ubuntu/anaconda3/envs/tfgpu/lib/python3.13/site-packages/tensorflow/include/tensorflow/compiler/tf2xla/xla_op_kernel.h:23,
                 from /tmp/bayesfilter-hmc-v7-merge-20261005/bayesfilter/ops/symmetric_sylvester_op.cc:18:
/home/ubuntu/anaconda3/envs/tfgpu/lib/python3.13/site-packages/tensorflow/include/tensorflow/core/common_runtime/process_function_library_runtime.h:500:17: warning: ‘mutex’ is deprecated: Use absl::Mutex instead. [-Wdeprecated-declarations]
  500 |   mutable mutex mu_;
      |                 ^~~
In file included from /home/ubuntu/anaconda3/envs/tfgpu/lib/python3.13/site-packages/tensorflow/include/tensorflow/core/platform/mutex.h:22,
                 from /home/ubuntu/anaconda3/envs/tfgpu/lib/python3.13/site-packages/tensorflow/include/tensorflow/core/platform/refcount.h:19,
                 from /home/ubuntu/anaconda3/envs/tfgpu/lib/python3.13/site-packages/tensorflow/include/tensorflow/core/lib/core/refcount.h:19,
                 from /home/ubuntu/anaconda3/envs/tfgpu/lib/python3.13/site-packages/tensorflow/include/tensorflow/core/framework/resource_base.h:24,
                 from /home/ubuntu/anaconda3/envs/tfgpu/lib/python3.13/site-packages/tensorflow/include/tensorflow/core/framework/resource_handle.h:22,
                 from /home/ubuntu/anaconda3/envs/tfgpu/lib/python3.13/site-packages/tensorflow/include/tensorflow/core/framework/types.h:30,
                 from /home/ubuntu/anaconda3/envs/tfgpu/lib/python3.13/site-packages/tensorflow/include/tensorflow/core/framework/op_def_builder.h:28,
                 from /home/ubuntu/anaconda3/envs/tfgpu/lib/python3.13/site-packages/tensorflow/include/tensorflow/core/framework/full_type_inference_util.h:24,
                 from /home/ubuntu/anaconda3/envs/tfgpu/lib/python3.13/site-packages/tensorflow/include/tensorflow/core/framework/op.h:27,
                 from /tmp/bayesfilter-hmc-v7-merge-20261005/bayesfilter/ops/symmetric_sylvester_op.cc:13:
/home/ubuntu/anaconda3/envs/tfgpu/lib/python3.13/site-packages/tensorflow/include/tsl/platform/mutex.h:43:63: note: declared here
   43 | class TF_LOCKABLE ABSL_DEPRECATED("Use absl::Mutex instead.") mutex {
      |                                                               ^~~~~
/tmp/bayesfilter-hmc-v7-merge-20261005/bayesfilter/ops/symmetric_sylvester_op.cc:428:44: warning: ‘using Status = class absl::lts_20260107::Status’ is deprecated [-Wdeprecated-declarations]
  428 |     .SetShapeFn([](InferenceContext* c) -> Status {
      |                                            ^~~~~~
In file included from /home/ubuntu/anaconda3/envs/tfgpu/lib/python3.13/site-packages/tensorflow/include/tensorflow/core/platform/errors.h:27,
                 from /home/ubuntu/anaconda3/envs/tfgpu/lib/python3.13/site-packages/tensorflow/include/tensorflow/core/framework/resource_base.h:25,
                 from /home/ubuntu/anaconda3/envs/tfgpu/lib/python3.13/site-packages/tensorflow/include/tensorflow/core/framework/resource_handle.h:22,
                 from /home/ubuntu/anaconda3/envs/tfgpu/lib/python3.13/site-packages/tensorflow/include/tensorflow/core/framework/types.h:30,
                 from /home/ubuntu/anaconda3/envs/tfgpu/lib/python3.13/site-packages/tensorflow/include/tensorflow/core/framework/op_def_builder.h:28,
                 from /home/ubuntu/anaconda3/envs/tfgpu/lib/python3.13/site-packages/tensorflow/include/tensorflow/core/framework/full_type_inference_util.h:24,
                 from /home/ubuntu/anaconda3/envs/tfgpu/lib/python3.13/site-packages/tensorflow/include/tensorflow/core/framework/op.h:27,
                 from /tmp/bayesfilter-hmc-v7-merge-20261005/bayesfilter/ops/symmetric_sylvester_op.cc:13:
/home/ubuntu/anaconda3/envs/tfgpu/lib/python3.13/site-packages/tensorflow/include/tensorflow/core/platform/status.h:45:7: note: declared here
   45 | using Status ABSL_DEPRECATE_AND_INLINE() = ::absl::Status;
      |       ^~~~~~
/tmp/bayesfilter-hmc-v7-merge-20261005/bayesfilter/ops/symmetric_sylvester_op.cc: In lambda function:
/tmp/bayesfilter-hmc-v7-merge-20261005/bayesfilter/ops/symmetric_sylvester_op.cc:434:22: warning: ‘absl::lts_20260107::Status tensorflow::OkStatus()’ is deprecated [-Wdeprecated-declarations]
  434 |       return OkStatus();
      |              ~~~~~~~~^~
In file included from /home/ubuntu/anaconda3/envs/tfgpu/lib/python3.13/site-packages/tensorflow/include/tensorflow/core/platform/errors.h:27,
                 from /home/ubuntu/anaconda3/envs/tfgpu/lib/python3.13/site-packages/tensorflow/include/tensorflow/core/framework/resource_base.h:25,
                 from /home/ubuntu/anaconda3/envs/tfgpu/lib/python3.13/site-packages/tensorflow/include/tensorflow/core/framework/resource_handle.h:22,
                 from /home/ubuntu/anaconda3/envs/tfgpu/lib/python3.13/site-packages/tensorflow/include/tensorflow/core/framework/types.h:30,
                 from /home/ubuntu/anaconda3/envs/tfgpu/lib/python3.13/site-packages/tensorflow/include/tensorflow/core/framework/op_def_builder.h:28,
                 from /home/ubuntu/anaconda3/envs/tfgpu/lib/python3.13/site-packages/tensorflow/include/tensorflow/core/framework/full_type_inference_util.h:24,
                 from /home/ubuntu/anaconda3/envs/tfgpu/lib/python3.13/site-packages/tensorflow/include/tensorflow/core/framework/op.h:27,
                 from /tmp/bayesfilter-hmc-v7-merge-20261005/bayesfilter/ops/symmetric_sylvester_op.cc:13:
/home/ubuntu/anaconda3/envs/tfgpu/lib/python3.13/site-packages/tensorflow/include/tensorflow/core/platform/status.h:44:23: note: declared here
   44 | inline ::absl::Status OkStatus() { return ::absl::OkStatus(); };
      |                       ^~~~~~~~
In file included from /home/ubuntu/anaconda3/envs/tfgpu/lib/python3.13/site-packages/tensorflow/include/tensorflow/core/framework/op_kernel.h:40,
                 from /tmp/bayesfilter-hmc-v7-merge-20261005/bayesfilter/ops/symmetric_sylvester_op.cc:14:
/tmp/bayesfilter-hmc-v7-merge-20261005/bayesfilter/ops/symmetric_sylvester_op.cc: In member function ‘virtual void tensorflow::{anonymous}::SymmetricSylvesterOp::Compute(tensorflow::OpKernelContext*)’:
/tmp/bayesfilter-hmc-v7-merge-20261005/bayesfilter/ops/symmetric_sylvester_op.cc:445:40: warning: ‘absl::lts_20260107::Status tsl::errors::InvalidArgument(Args ...) [with Args = {const char*}]’ is deprecated: Use absl::InvalidArgumentError() instead. [-Wdeprecated-declarations]
  445 |                 errors::InvalidArgument("s must have shape [batch,n,n]"));
      |                 ~~~~~~~~~~~~~~~~~~~~~~~^~~~~~~~~~~~~~~~~~~~~~~~~~~~~~~~~
/home/ubuntu/anaconda3/envs/tfgpu/lib/python3.13/site-packages/tensorflow/include/tensorflow/core/framework/op_requires.h:60:46: note: in definition of macro ‘OP_REQUIRES’
   60 |       (CTX)->CtxFailure(__FILE__, __LINE__, (STATUS));    \
      |                                              ^~~~~~
In file included from /home/ubuntu/anaconda3/envs/tfgpu/lib/python3.13/site-packages/tensorflow/include/tsl/platform/errors.h:19,
                 from /home/ubuntu/anaconda3/envs/tfgpu/lib/python3.13/site-packages/tensorflow/include/tensorflow/core/platform/errors.h:30,
                 from /home/ubuntu/anaconda3/envs/tfgpu/lib/python3.13/site-packages/tensorflow/include/tensorflow/core/framework/resource_base.h:25,
                 from /home/ubuntu/anaconda3/envs/tfgpu/lib/python3.13/site-packages/tensorflow/include/tensorflow/core/framework/resource_handle.h:22,
                 from /home/ubuntu/anaconda3/envs/tfgpu/lib/python3.13/site-packages/tensorflow/include/tensorflow/core/framework/types.h:30,
                 from /home/ubuntu/anaconda3/envs/tfgpu/lib/python3.13/site-packages/tensorflow/include/tensorflow/core/framework/op_def_builder.h:28,
                 from /home/ubuntu/anaconda3/envs/tfgpu/lib/python3.13/site-packages/tensorflow/include/tensorflow/core/framework/full_type_inference_util.h:24,
                 from /home/ubuntu/anaconda3/envs/tfgpu/lib/python3.13/site-packages/tensorflow/include/tensorflow/core/framework/op.h:27,
                 from /tmp/bayesfilter-hmc-v7-merge-20261005/bayesfilter/ops/symmetric_sylvester_op.cc:13:
/home/ubuntu/anaconda3/envs/tfgpu/lib/python3.13/site-packages/tensorflow/include/xla/tsl/platform/errors.h:219:14: note: declared here
  219 | absl::Status InvalidArgument(Args... args) {
      |              ^~~~~~~~~~~~~~~
In file included from /home/ubuntu/anaconda3/envs/tfgpu/lib/python3.13/site-packages/tensorflow/include/tensorflow/core/framework/op_kernel.h:40,
                 from /tmp/bayesfilter-hmc-v7-merge-20261005/bayesfilter/ops/symmetric_sylvester_op.cc:14:
/tmp/bayesfilter-hmc-v7-merge-20261005/bayesfilter/ops/symmetric_sylvester_op.cc:447:40: warning: ‘absl::lts_20260107::Status tsl::errors::InvalidArgument(Args ...) [with Args = {const char*}]’ is deprecated: Use absl::InvalidArgumentError() instead. [-Wdeprecated-declarations]
  447 |                 errors::InvalidArgument("rhs must have shape [batch,p,n,n]"));
      |                 ~~~~~~~~~~~~~~~~~~~~~~~^~~~~~~~~~~~~~~~~~~~~~~~~~~~~~~~~~~~~
/home/ubuntu/anaconda3/envs/tfgpu/lib/python3.13/site-packages/tensorflow/include/tensorflow/core/framework/op_requires.h:60:46: note: in definition of macro ‘OP_REQUIRES’
   60 |       (CTX)->CtxFailure(__FILE__, __LINE__, (STATUS));    \
      |                                              ^~~~~~
In file included from /home/ubuntu/anaconda3/envs/tfgpu/lib/python3.13/site-packages/tensorflow/include/tsl/platform/errors.h:19,
                 from /home/ubuntu/anaconda3/envs/tfgpu/lib/python3.13/site-packages/tensorflow/include/tensorflow/core/platform/errors.h:30,
                 from /home/ubuntu/anaconda3/envs/tfgpu/lib/python3.13/site-packages/tensorflow/include/tensorflow/core/framework/resource_base.h:25,
                 from /home/ubuntu/anaconda3/envs/tfgpu/lib/python3.13/site-packages/tensorflow/include/tensorflow/core/framework/resource_handle.h:22,
                 from /home/ubuntu/anaconda3/envs/tfgpu/lib/python3.13/site-packages/tensorflow/include/tensorflow/core/framework/types.h:30,
                 from /home/ubuntu/anaconda3/envs/tfgpu/lib/python3.13/site-packages/tensorflow/include/tensorflow/core/framework/op_def_builder.h:28,
                 from /home/ubuntu/anaconda3/envs/tfgpu/lib/python3.13/site-packages/tensorflow/include/tensorflow/core/framework/full_type_inference_util.h:24,
                 from /home/ubuntu/anaconda3/envs/tfgpu/lib/python3.13/site-packages/tensorflow/include/tensorflow/core/framework/op.h:27,
                 from /tmp/bayesfilter-hmc-v7-merge-20261005/bayesfilter/ops/symmetric_sylvester_op.cc:13:
/home/ubuntu/anaconda3/envs/tfgpu/lib/python3.13/site-packages/tensorflow/include/xla/tsl/platform/errors.h:219:14: note: declared here
  219 | absl::Status InvalidArgument(Args... args) {
      |              ^~~~~~~~~~~~~~~
In file included from /home/ubuntu/anaconda3/envs/tfgpu/lib/python3.13/site-packages/tensorflow/include/tensorflow/core/framework/op_kernel.h:40,
                 from /tmp/bayesfilter-hmc-v7-merge-20261005/bayesfilter/ops/symmetric_sylvester_op.cc:14:
/tmp/bayesfilter-hmc-v7-merge-20261005/bayesfilter/ops/symmetric_sylvester_op.cc:452:40: warning: ‘absl::lts_20260107::Status tsl::errors::InvalidArgument(Args ...) [with Args = {const char*}]’ is deprecated: Use absl::InvalidArgumentError() instead. [-Wdeprecated-declarations]
  452 |                 errors::InvalidArgument("s must be square on trailing axes"));
      |                 ~~~~~~~~~~~~~~~~~~~~~~~^~~~~~~~~~~~~~~~~~~~~~~~~~~~~~~~~~~~~
/home/ubuntu/anaconda3/envs/tfgpu/lib/python3.13/site-packages/tensorflow/include/tensorflow/core/framework/op_requires.h:60:46: note: in definition of macro ‘OP_REQUIRES’
   60 |       (CTX)->CtxFailure(__FILE__, __LINE__, (STATUS));    \
      |                                              ^~~~~~
In file included from /home/ubuntu/anaconda3/envs/tfgpu/lib/python3.13/site-packages/tensorflow/include/tsl/platform/errors.h:19,
                 from /home/ubuntu/anaconda3/envs/tfgpu/lib/python3.13/site-packages/tensorflow/include/tensorflow/core/platform/errors.h:30,
                 from /home/ubuntu/anaconda3/envs/tfgpu/lib/python3.13/site-packages/tensorflow/include/tensorflow/core/framework/resource_base.h:25,
                 from /home/ubuntu/anaconda3/envs/tfgpu/lib/python3.13/site-packages/tensorflow/include/tensorflow/core/framework/resource_handle.h:22,
                 from /home/ubuntu/anaconda3/envs/tfgpu/lib/python3.13/site-packages/tensorflow/include/tensorflow/core/framework/types.h:30,
                 from /home/ubuntu/anaconda3/envs/tfgpu/lib/python3.13/site-packages/tensorflow/include/tensorflow/core/framework/op_def_builder.h:28,
                 from /home/ubuntu/anaconda3/envs/tfgpu/lib/python3.13/site-packages/tensorflow/include/tensorflow/core/framework/full_type_inference_util.h:24,
                 from /home/ubuntu/anaconda3/envs/tfgpu/lib/python3.13/site-packages/tensorflow/include/tensorflow/core/framework/op.h:27,
                 from /tmp/bayesfilter-hmc-v7-merge-20261005/bayesfilter/ops/symmetric_sylvester_op.cc:13:
/home/ubuntu/anaconda3/envs/tfgpu/lib/python3.13/site-packages/tensorflow/include/xla/tsl/platform/errors.h:219:14: note: declared here
  219 | absl::Status InvalidArgument(Args... args) {
      |              ^~~~~~~~~~~~~~~
In file included from /home/ubuntu/anaconda3/envs/tfgpu/lib/python3.13/site-packages/tensorflow/include/tensorflow/core/framework/op_kernel.h:40,
                 from /tmp/bayesfilter-hmc-v7-merge-20261005/bayesfilter/ops/symmetric_sylvester_op.cc:14:
/tmp/bayesfilter-hmc-v7-merge-20261005/bayesfilter/ops/symmetric_sylvester_op.cc:455:40: warning: ‘absl::lts_20260107::Status tsl::errors::InvalidArgument(Args ...) [with Args = {const char*}]’ is deprecated: Use absl::InvalidArgumentError() instead. [-Wdeprecated-declarations]
  455 |                 errors::InvalidArgument(
      |                 ~~~~~~~~~~~~~~~~~~~~~~~^
  456 |                     "rhs must have shape [batch,p,n,n] matching s"));
      |                     ~~~~~~~~~~~~~~~~~~~~~~~~~~~~~~~~~~~~~~~~~~~~~~~
/home/ubuntu/anaconda3/envs/tfgpu/lib/python3.13/site-packages/tensorflow/include/tensorflow/core/framework/op_requires.h:60:46: note: in definition of macro ‘OP_REQUIRES’
   60 |       (CTX)->CtxFailure(__FILE__, __LINE__, (STATUS));    \
      |                                              ^~~~~~
In file included from /home/ubuntu/anaconda3/envs/tfgpu/lib/python3.13/site-packages/tensorflow/include/tsl/platform/errors.h:19,
                 from /home/ubuntu/anaconda3/envs/tfgpu/lib/python3.13/site-packages/tensorflow/include/tensorflow/core/platform/errors.h:30,
                 from /home/ubuntu/anaconda3/envs/tfgpu/lib/python3.13/site-packages/tensorflow/include/tensorflow/core/framework/resource_base.h:25,
                 from /home/ubuntu/anaconda3/envs/tfgpu/lib/python3.13/site-packages/tensorflow/include/tensorflow/core/framework/resource_handle.h:22,
                 from /home/ubuntu/anaconda3/envs/tfgpu/lib/python3.13/site-packages/tensorflow/include/tensorflow/core/framework/types.h:30,
                 from /home/ubuntu/anaconda3/envs/tfgpu/lib/python3.13/site-packages/tensorflow/include/tensorflow/core/framework/op_def_builder.h:28,
                 from /home/ubuntu/anaconda3/envs/tfgpu/lib/python3.13/site-packages/tensorflow/include/tensorflow/core/framework/full_type_inference_util.h:24,
                 from /home/ubuntu/anaconda3/envs/tfgpu/lib/python3.13/site-packages/tensorflow/include/tensorflow/core/framework/op.h:27,
                 from /tmp/bayesfilter-hmc-v7-merge-20261005/bayesfilter/ops/symmetric_sylvester_op.cc:13:
/home/ubuntu/anaconda3/envs/tfgpu/lib/python3.13/site-packages/tensorflow/include/xla/tsl/platform/errors.h:219:14: note: declared here
  219 | absl::Status InvalidArgument(Args... args) {
      |              ^~~~~~~~~~~~~~~
In file included from /home/ubuntu/anaconda3/envs/tfgpu/lib/python3.13/site-packages/tensorflow/include/tensorflow/core/framework/op_kernel.h:40,
                 from /tmp/bayesfilter-hmc-v7-merge-20261005/bayesfilter/ops/symmetric_sylvester_op.cc:14:
/tmp/bayesfilter-hmc-v7-merge-20261005/bayesfilter/ops/symmetric_sylvester_op.cc:466:56: warning: ‘absl::lts_20260107::Status tsl::errors::InvalidArgument(Args ...) [with Args = {std::__cxx11::basic_string<char, std::char_traits<char>, std::allocator<char> >}]’ is deprecated: Use absl::InvalidArgumentError() instead. [-Wdeprecated-declarations]
  466 |     OP_REQUIRES(ctx, info == 0, errors::InvalidArgument(error));
      |                                 ~~~~~~~~~~~~~~~~~~~~~~~^~~~~~~
/home/ubuntu/anaconda3/envs/tfgpu/lib/python3.13/site-packages/tensorflow/include/tensorflow/core/framework/op_requires.h:60:46: note: in definition of macro ‘OP_REQUIRES’
   60 |       (CTX)->CtxFailure(__FILE__, __LINE__, (STATUS));    \
      |                                              ^~~~~~
In file included from /home/ubuntu/anaconda3/envs/tfgpu/lib/python3.13/site-packages/tensorflow/include/tsl/platform/errors.h:19,
                 from /home/ubuntu/anaconda3/envs/tfgpu/lib/python3.13/site-packages/tensorflow/include/tensorflow/core/platform/errors.h:30,
                 from /home/ubuntu/anaconda3/envs/tfgpu/lib/python3.13/site-packages/tensorflow/include/tensorflow/core/framework/resource_base.h:25,
                 from /home/ubuntu/anaconda3/envs/tfgpu/lib/python3.13/site-packages/tensorflow/include/tensorflow/core/framework/resource_handle.h:22,
                 from /home/ubuntu/anaconda3/envs/tfgpu/lib/python3.13/site-packages/tensorflow/include/tensorflow/core/framework/types.h:30,
                 from /home/ubuntu/anaconda3/envs/tfgpu/lib/python3.13/site-packages/tensorflow/include/tensorflow/core/framework/op_def_builder.h:28,
                 from /home/ubuntu/anaconda3/envs/tfgpu/lib/python3.13/site-packages/tensorflow/include/tensorflow/core/framework/full_type_inference_util.h:24,
                 from /home/ubuntu/anaconda3/envs/tfgpu/lib/python3.13/site-packages/tensorflow/include/tensorflow/core/framework/op.h:27,
                 from /tmp/bayesfilter-hmc-v7-merge-20261005/bayesfilter/ops/symmetric_sylvester_op.cc:13:
/home/ubuntu/anaconda3/envs/tfgpu/lib/python3.13/site-packages/tensorflow/include/xla/tsl/platform/errors.h:219:14: note: declared here
  219 | absl::Status InvalidArgument(Args... args) {
      |              ^~~~~~~~~~~~~~~
/tmp/bayesfilter-hmc-v7-merge-20261005/bayesfilter/ops/symmetric_sylvester_op.cc: At global scope:
/tmp/bayesfilter-hmc-v7-merge-20261005/bayesfilter/ops/symmetric_sylvester_op.cc:476:44: warning: ‘using Status = class absl::lts_20260107::Status’ is deprecated [-Wdeprecated-declarations]
  476 |     .SetShapeFn([](InferenceContext* c) -> Status {
      |                                            ^~~~~~
In file included from /home/ubuntu/anaconda3/envs/tfgpu/lib/python3.13/site-packages/tensorflow/include/tensorflow/core/platform/errors.h:27,
                 from /home/ubuntu/anaconda3/envs/tfgpu/lib/python3.13/site-packages/tensorflow/include/tensorflow/core/framework/resource_base.h:25,
                 from /home/ubuntu/anaconda3/envs/tfgpu/lib/python3.13/site-packages/tensorflow/include/tensorflow/core/framework/resource_handle.h:22,
                 from /home/ubuntu/anaconda3/envs/tfgpu/lib/python3.13/site-packages/tensorflow/include/tensorflow/core/framework/types.h:30,
                 from /home/ubuntu/anaconda3/envs/tfgpu/lib/python3.13/site-packages/tensorflow/include/tensorflow/core/framework/op_def_builder.h:28,
                 from /home/ubuntu/anaconda3/envs/tfgpu/lib/python3.13/site-packages/tensorflow/include/tensorflow/core/framework/full_type_inference_util.h:24,
                 from /home/ubuntu/anaconda3/envs/tfgpu/lib/python3.13/site-packages/tensorflow/include/tensorflow/core/framework/op.h:27,
                 from /tmp/bayesfilter-hmc-v7-merge-20261005/bayesfilter/ops/symmetric_sylvester_op.cc:13:
/home/ubuntu/anaconda3/envs/tfgpu/lib/python3.13/site-packages/tensorflow/include/tensorflow/core/platform/status.h:45:7: note: declared here
   45 | using Status ABSL_DEPRECATE_AND_INLINE() = ::absl::Status;
      |       ^~~~~~
/tmp/bayesfilter-hmc-v7-merge-20261005/bayesfilter/ops/symmetric_sylvester_op.cc: In lambda function:
/tmp/bayesfilter-hmc-v7-merge-20261005/bayesfilter/ops/symmetric_sylvester_op.cc:480:22: warning: ‘absl::lts_20260107::Status tensorflow::OkStatus()’ is deprecated [-Wdeprecated-declarations]
  480 |       return OkStatus();
      |              ~~~~~~~~^~
In file included from /home/ubuntu/anaconda3/envs/tfgpu/lib/python3.13/site-packages/tensorflow/include/tensorflow/core/platform/errors.h:27,
                 from /home/ubuntu/anaconda3/envs/tfgpu/lib/python3.13/site-packages/tensorflow/include/tensorflow/core/framework/resource_base.h:25,
                 from /home/ubuntu/anaconda3/envs/tfgpu/lib/python3.13/site-packages/tensorflow/include/tensorflow/core/framework/resource_handle.h:22,
                 from /home/ubuntu/anaconda3/envs/tfgpu/lib/python3.13/site-packages/tensorflow/include/tensorflow/core/framework/types.h:30,
                 from /home/ubuntu/anaconda3/envs/tfgpu/lib/python3.13/site-packages/tensorflow/include/tensorflow/core/framework/op_def_builder.h:28,
                 from /home/ubuntu/anaconda3/envs/tfgpu/lib/python3.13/site-packages/tensorflow/include/tensorflow/core/framework/full_type_inference_util.h:24,
                 from /home/ubuntu/anaconda3/envs/tfgpu/lib/python3.13/site-packages/tensorflow/include/tensorflow/core/framework/op.h:27,
                 from /tmp/bayesfilter-hmc-v7-merge-20261005/bayesfilter/ops/symmetric_sylvester_op.cc:13:
/home/ubuntu/anaconda3/envs/tfgpu/lib/python3.13/site-packages/tensorflow/include/tensorflow/core/platform/status.h:44:23: note: declared here
   44 | inline ::absl::Status OkStatus() { return ::absl::OkStatus(); };
      |                       ^~~~~~~~
In file included from /home/ubuntu/anaconda3/envs/tfgpu/lib/python3.13/site-packages/tensorflow/include/tensorflow/core/framework/op_kernel.h:40,
                 from /tmp/bayesfilter-hmc-v7-merge-20261005/bayesfilter/ops/symmetric_sylvester_op.cc:14:
/tmp/bayesfilter-hmc-v7-merge-20261005/bayesfilter/ops/symmetric_sylvester_op.cc: In member function ‘virtual void tensorflow::{anonymous}::SymmetricPrincipalSqrtOp::Compute(tensorflow::OpKernelContext*)’:
/tmp/bayesfilter-hmc-v7-merge-20261005/bayesfilter/ops/symmetric_sylvester_op.cc:491:40: warning: ‘absl::lts_20260107::Status tsl::errors::InvalidArgument(Args ...) [with Args = {const char*}]’ is deprecated: Use absl::InvalidArgumentError() instead. [-Wdeprecated-declarations]
  491 |                 errors::InvalidArgument(
      |                 ~~~~~~~~~~~~~~~~~~~~~~~^
  492 |                     "covariance must have shape [batch,n,n]"));
      |                     ~~~~~~~~~~~~~~~~~~~~~~~~~~~~~~~~~~~~~~~~~
/home/ubuntu/anaconda3/envs/tfgpu/lib/python3.13/site-packages/tensorflow/include/tensorflow/core/framework/op_requires.h:60:46: note: in definition of macro ‘OP_REQUIRES’
   60 |       (CTX)->CtxFailure(__FILE__, __LINE__, (STATUS));    \
      |                                              ^~~~~~
In file included from /home/ubuntu/anaconda3/envs/tfgpu/lib/python3.13/site-packages/tensorflow/include/tsl/platform/errors.h:19,
                 from /home/ubuntu/anaconda3/envs/tfgpu/lib/python3.13/site-packages/tensorflow/include/tensorflow/core/platform/errors.h:30,
                 from /home/ubuntu/anaconda3/envs/tfgpu/lib/python3.13/site-packages/tensorflow/include/tensorflow/core/framework/resource_base.h:25,
                 from /home/ubuntu/anaconda3/envs/tfgpu/lib/python3.13/site-packages/tensorflow/include/tensorflow/core/framework/resource_handle.h:22,
                 from /home/ubuntu/anaconda3/envs/tfgpu/lib/python3.13/site-packages/tensorflow/include/tensorflow/core/framework/types.h:30,
                 from /home/ubuntu/anaconda3/envs/tfgpu/lib/python3.13/site-packages/tensorflow/include/tensorflow/core/framework/op_def_builder.h:28,
                 from /home/ubuntu/anaconda3/envs/tfgpu/lib/python3.13/site-packages/tensorflow/include/tensorflow/core/framework/full_type_inference_util.h:24,
                 from /home/ubuntu/anaconda3/envs/tfgpu/lib/python3.13/site-packages/tensorflow/include/tensorflow/core/framework/op.h:27,
                 from /tmp/bayesfilter-hmc-v7-merge-20261005/bayesfilter/ops/symmetric_sylvester_op.cc:13:
/home/ubuntu/anaconda3/envs/tfgpu/lib/python3.13/site-packages/tensorflow/include/xla/tsl/platform/errors.h:219:14: note: declared here
  219 | absl::Status InvalidArgument(Args... args) {
      |              ^~~~~~~~~~~~~~~
In file included from /home/ubuntu/anaconda3/envs/tfgpu/lib/python3.13/site-packages/tensorflow/include/tensorflow/core/framework/op_kernel.h:40,
                 from /tmp/bayesfilter-hmc-v7-merge-20261005/bayesfilter/ops/symmetric_sylvester_op.cc:14:
/tmp/bayesfilter-hmc-v7-merge-20261005/bayesfilter/ops/symmetric_sylvester_op.cc:496:40: warning: ‘absl::lts_20260107::Status tsl::errors::InvalidArgument(Args ...) [with Args = {const char*}]’ is deprecated: Use absl::InvalidArgumentError() instead. [-Wdeprecated-declarations]
  496 |                 errors::InvalidArgument(
      |                 ~~~~~~~~~~~~~~~~~~~~~~~^
  497 |                     "covariance must be square on trailing axes"));
      |                     ~~~~~~~~~~~~~~~~~~~~~~~~~~~~~~~~~~~~~~~~~~~~~
/home/ubuntu/anaconda3/envs/tfgpu/lib/python3.13/site-packages/tensorflow/include/tensorflow/core/framework/op_requires.h:60:46: note: in definition of macro ‘OP_REQUIRES’
   60 |       (CTX)->CtxFailure(__FILE__, __LINE__, (STATUS));    \
      |                                              ^~~~~~
In file included from /home/ubuntu/anaconda3/envs/tfgpu/lib/python3.13/site-packages/tensorflow/include/tsl/platform/errors.h:19,
                 from /home/ubuntu/anaconda3/envs/tfgpu/lib/python3.13/site-packages/tensorflow/include/tensorflow/core/platform/errors.h:30,
                 from /home/ubuntu/anaconda3/envs/tfgpu/lib/python3.13/site-packages/tensorflow/include/tensorflow/core/framework/resource_base.h:25,
                 from /home/ubuntu/anaconda3/envs/tfgpu/lib/python3.13/site-packages/tensorflow/include/tensorflow/core/framework/resource_handle.h:22,
                 from /home/ubuntu/anaconda3/envs/tfgpu/lib/python3.13/site-packages/tensorflow/include/tensorflow/core/framework/types.h:30,
                 from /home/ubuntu/anaconda3/envs/tfgpu/lib/python3.13/site-packages/tensorflow/include/tensorflow/core/framework/op_def_builder.h:28,
                 from /home/ubuntu/anaconda3/envs/tfgpu/lib/python3.13/site-packages/tensorflow/include/tensorflow/core/framework/full_type_inference_util.h:24,
                 from /home/ubuntu/anaconda3/envs/tfgpu/lib/python3.13/site-packages/tensorflow/include/tensorflow/core/framework/op.h:27,
                 from /tmp/bayesfilter-hmc-v7-merge-20261005/bayesfilter/ops/symmetric_sylvester_op.cc:13:
/home/ubuntu/anaconda3/envs/tfgpu/lib/python3.13/site-packages/tensorflow/include/xla/tsl/platform/errors.h:219:14: note: declared here
  219 | absl::Status InvalidArgument(Args... args) {
      |              ^~~~~~~~~~~~~~~
In file included from /home/ubuntu/anaconda3/envs/tfgpu/lib/python3.13/site-packages/tensorflow/include/tensorflow/core/framework/op_kernel.h:40,
                 from /tmp/bayesfilter-hmc-v7-merge-20261005/bayesfilter/ops/symmetric_sylvester_op.cc:14:
/tmp/bayesfilter-hmc-v7-merge-20261005/bayesfilter/ops/symmetric_sylvester_op.cc:508:56: warning: ‘absl::lts_20260107::Status tsl::errors::InvalidArgument(Args ...) [with Args = {std::__cxx11::basic_string<char, std::char_traits<char>, std::allocator<char> >}]’ is deprecated: Use absl::InvalidArgumentError() instead. [-Wdeprecated-declarations]
  508 |     OP_REQUIRES(ctx, info == 0, errors::InvalidArgument(error));
      |                                 ~~~~~~~~~~~~~~~~~~~~~~~^~~~~~~
/home/ubuntu/anaconda3/envs/tfgpu/lib/python3.13/site-packages/tensorflow/include/tensorflow/core/framework/op_requires.h:60:46: note: in definition of macro ‘OP_REQUIRES’
   60 |       (CTX)->CtxFailure(__FILE__, __LINE__, (STATUS));    \
      |                                              ^~~~~~
In file included from /home/ubuntu/anaconda3/envs/tfgpu/lib/python3.13/site-packages/tensorflow/include/tsl/platform/errors.h:19,
                 from /home/ubuntu/anaconda3/envs/tfgpu/lib/python3.13/site-packages/tensorflow/include/tensorflow/core/platform/errors.h:30,
                 from /home/ubuntu/anaconda3/envs/tfgpu/lib/python3.13/site-packages/tensorflow/include/tensorflow/core/framework/resource_base.h:25,
                 from /home/ubuntu/anaconda3/envs/tfgpu/lib/python3.13/site-packages/tensorflow/include/tensorflow/core/framework/resource_handle.h:22,
                 from /home/ubuntu/anaconda3/envs/tfgpu/lib/python3.13/site-packages/tensorflow/include/tensorflow/core/framework/types.h:30,
                 from /home/ubuntu/anaconda3/envs/tfgpu/lib/python3.13/site-packages/tensorflow/include/tensorflow/core/framework/op_def_builder.h:28,
                 from /home/ubuntu/anaconda3/envs/tfgpu/lib/python3.13/site-packages/tensorflow/include/tensorflow/core/framework/full_type_inference_util.h:24,
                 from /home/ubuntu/anaconda3/envs/tfgpu/lib/python3.13/site-packages/tensorflow/include/tensorflow/core/framework/op.h:27,
                 from /tmp/bayesfilter-hmc-v7-merge-20261005/bayesfilter/ops/symmetric_sylvester_op.cc:13:
/home/ubuntu/anaconda3/envs/tfgpu/lib/python3.13/site-packages/tensorflow/include/xla/tsl/platform/errors.h:219:14: note: declared here
  219 | absl::Status InvalidArgument(Args... args) {
      |              ^~~~~~~~~~~~~~~
/tmp/bayesfilter-hmc-v7-merge-20261005/bayesfilter/ops/symmetric_sylvester_op.cc: In member function ‘virtual void tensorflow::{anonymous}::SymmetricSylvesterXlaOp::Compile(tensorflow::XlaOpKernelContext*)’:
/tmp/bayesfilter-hmc-v7-merge-20261005/bayesfilter/ops/symmetric_sylvester_op.cc:522:48: warning: ‘tensorflow::TensorShape tensorflow::XlaOpKernelContext::InputShape(int)’ is deprecated: Prefer InputXlaShape which handles dynamic shapes accurately. [-Wdeprecated-declarations]
  522 |     const TensorShape s_shape = ctx->InputShape(0);
      |                                 ~~~~~~~~~~~~~~~^~~
In file included from /tmp/bayesfilter-hmc-v7-merge-20261005/bayesfilter/ops/symmetric_sylvester_op.cc:18:
/home/ubuntu/anaconda3/envs/tfgpu/lib/python3.13/site-packages/tensorflow/include/tensorflow/compiler/tf2xla/xla_op_kernel.h:112:15: note: declared here
  112 |   TensorShape InputShape(int index);
      |               ^~~~~~~~~~
/tmp/bayesfilter-hmc-v7-merge-20261005/bayesfilter/ops/symmetric_sylvester_op.cc:523:50: warning: ‘tensorflow::TensorShape tensorflow::XlaOpKernelContext::InputShape(int)’ is deprecated: Prefer InputXlaShape which handles dynamic shapes accurately. [-Wdeprecated-declarations]
  523 |     const TensorShape rhs_shape = ctx->InputShape(1);
      |                                   ~~~~~~~~~~~~~~~^~~
In file included from /tmp/bayesfilter-hmc-v7-merge-20261005/bayesfilter/ops/symmetric_sylvester_op.cc:18:
/home/ubuntu/anaconda3/envs/tfgpu/lib/python3.13/site-packages/tensorflow/include/tensorflow/compiler/tf2xla/xla_op_kernel.h:112:15: note: declared here
  112 |   TensorShape InputShape(int index);
      |               ^~~~~~~~~~
In file included from /home/ubuntu/anaconda3/envs/tfgpu/lib/python3.13/site-packages/tensorflow/include/tensorflow/core/framework/op_kernel.h:40,
                 from /tmp/bayesfilter-hmc-v7-merge-20261005/bayesfilter/ops/symmetric_sylvester_op.cc:14:
/tmp/bayesfilter-hmc-v7-merge-20261005/bayesfilter/ops/symmetric_sylvester_op.cc:525:40: warning: ‘absl::lts_20260107::Status tsl::errors::InvalidArgument(Args ...) [with Args = {const char*}]’ is deprecated: Use absl::InvalidArgumentError() instead. [-Wdeprecated-declarations]
  525 |                 errors::InvalidArgument("s must have rank 3"));
      |                 ~~~~~~~~~~~~~~~~~~~~~~~^~~~~~~~~~~~~~~~~~~~~~
/home/ubuntu/anaconda3/envs/tfgpu/lib/python3.13/site-packages/tensorflow/include/tensorflow/core/framework/op_requires.h:60:46: note: in definition of macro ‘OP_REQUIRES’
   60 |       (CTX)->CtxFailure(__FILE__, __LINE__, (STATUS));    \
      |                                              ^~~~~~
In file included from /home/ubuntu/anaconda3/envs/tfgpu/lib/python3.13/site-packages/tensorflow/include/tsl/platform/errors.h:19,
                 from /home/ubuntu/anaconda3/envs/tfgpu/lib/python3.13/site-packages/tensorflow/include/tensorflow/core/platform/errors.h:30,
                 from /home/ubuntu/anaconda3/envs/tfgpu/lib/python3.13/site-packages/tensorflow/include/tensorflow/core/framework/resource_base.h:25,
                 from /home/ubuntu/anaconda3/envs/tfgpu/lib/python3.13/site-packages/tensorflow/include/tensorflow/core/framework/resource_handle.h:22,
                 from /home/ubuntu/anaconda3/envs/tfgpu/lib/python3.13/site-packages/tensorflow/include/tensorflow/core/framework/types.h:30,
                 from /home/ubuntu/anaconda3/envs/tfgpu/lib/python3.13/site-packages/tensorflow/include/tensorflow/core/framework/op_def_builder.h:28,
                 from /home/ubuntu/anaconda3/envs/tfgpu/lib/python3.13/site-packages/tensorflow/include/tensorflow/core/framework/full_type_inference_util.h:24,
                 from /home/ubuntu/anaconda3/envs/tfgpu/lib/python3.13/site-packages/tensorflow/include/tensorflow/core/framework/op.h:27,
                 from /tmp/bayesfilter-hmc-v7-merge-20261005/bayesfilter/ops/symmetric_sylvester_op.cc:13:
/home/ubuntu/anaconda3/envs/tfgpu/lib/python3.13/site-packages/tensorflow/include/xla/tsl/platform/errors.h:219:14: note: declared here
  219 | absl::Status InvalidArgument(Args... args) {
      |              ^~~~~~~~~~~~~~~
In file included from /home/ubuntu/anaconda3/envs/tfgpu/lib/python3.13/site-packages/tensorflow/include/tensorflow/core/framework/op_kernel.h:40,
                 from /tmp/bayesfilter-hmc-v7-merge-20261005/bayesfilter/ops/symmetric_sylvester_op.cc:14:
/tmp/bayesfilter-hmc-v7-merge-20261005/bayesfilter/ops/symmetric_sylvester_op.cc:527:40: warning: ‘absl::lts_20260107::Status tsl::errors::InvalidArgument(Args ...) [with Args = {const char*}]’ is deprecated: Use absl::InvalidArgumentError() instead. [-Wdeprecated-declarations]
  527 |                 errors::InvalidArgument("rhs must have rank 4"));
      |                 ~~~~~~~~~~~~~~~~~~~~~~~^~~~~~~~~~~~~~~~~~~~~~~~
/home/ubuntu/anaconda3/envs/tfgpu/lib/python3.13/site-packages/tensorflow/include/tensorflow/core/framework/op_requires.h:60:46: note: in definition of macro ‘OP_REQUIRES’
   60 |       (CTX)->CtxFailure(__FILE__, __LINE__, (STATUS));    \
      |                                              ^~~~~~
In file included from /home/ubuntu/anaconda3/envs/tfgpu/lib/python3.13/site-packages/tensorflow/include/tsl/platform/errors.h:19,
                 from /home/ubuntu/anaconda3/envs/tfgpu/lib/python3.13/site-packages/tensorflow/include/tensorflow/core/platform/errors.h:30,
                 from /home/ubuntu/anaconda3/envs/tfgpu/lib/python3.13/site-packages/tensorflow/include/tensorflow/core/framework/resource_base.h:25,
                 from /home/ubuntu/anaconda3/envs/tfgpu/lib/python3.13/site-packages/tensorflow/include/tensorflow/core/framework/resource_handle.h:22,
                 from /home/ubuntu/anaconda3/envs/tfgpu/lib/python3.13/site-packages/tensorflow/include/tensorflow/core/framework/types.h:30,
                 from /home/ubuntu/anaconda3/envs/tfgpu/lib/python3.13/site-packages/tensorflow/include/tensorflow/core/framework/op_def_builder.h:28,
                 from /home/ubuntu/anaconda3/envs/tfgpu/lib/python3.13/site-packages/tensorflow/include/tensorflow/core/framework/full_type_inference_util.h:24,
                 from /home/ubuntu/anaconda3/envs/tfgpu/lib/python3.13/site-packages/tensorflow/include/tensorflow/core/framework/op.h:27,
                 from /tmp/bayesfilter-hmc-v7-merge-20261005/bayesfilter/ops/symmetric_sylvester_op.cc:13:
/home/ubuntu/anaconda3/envs/tfgpu/lib/python3.13/site-packages/tensorflow/include/xla/tsl/platform/errors.h:219:14: note: declared here
  219 | absl::Status InvalidArgument(Args... args) {
      |              ^~~~~~~~~~~~~~~
In file included from /home/ubuntu/anaconda3/envs/tfgpu/lib/python3.13/site-packages/tensorflow/include/tensorflow/core/framework/op_kernel.h:40,
                 from /tmp/bayesfilter-hmc-v7-merge-20261005/bayesfilter/ops/symmetric_sylvester_op.cc:14:
/tmp/bayesfilter-hmc-v7-merge-20261005/bayesfilter/ops/symmetric_sylvester_op.cc:532:40: warning: ‘absl::lts_20260107::Status tsl::errors::InvalidArgument(Args ...) [with Args = {const char*}]’ is deprecated: Use absl::InvalidArgumentError() instead. [-Wdeprecated-declarations]
  532 |                 errors::InvalidArgument("batch, parameter, and n must be > 0"));
      |                 ~~~~~~~~~~~~~~~~~~~~~~~^~~~~~~~~~~~~~~~~~~~~~~~~~~~~~~~~~~~~~~
/home/ubuntu/anaconda3/envs/tfgpu/lib/python3.13/site-packages/tensorflow/include/tensorflow/core/framework/op_requires.h:60:46: note: in definition of macro ‘OP_REQUIRES’
   60 |       (CTX)->CtxFailure(__FILE__, __LINE__, (STATUS));    \
      |                                              ^~~~~~
In file included from /home/ubuntu/anaconda3/envs/tfgpu/lib/python3.13/site-packages/tensorflow/include/tsl/platform/errors.h:19,
                 from /home/ubuntu/anaconda3/envs/tfgpu/lib/python3.13/site-packages/tensorflow/include/tensorflow/core/platform/errors.h:30,
                 from /home/ubuntu/anaconda3/envs/tfgpu/lib/python3.13/site-packages/tensorflow/include/tensorflow/core/framework/resource_base.h:25,
                 from /home/ubuntu/anaconda3/envs/tfgpu/lib/python3.13/site-packages/tensorflow/include/tensorflow/core/framework/resource_handle.h:22,
                 from /home/ubuntu/anaconda3/envs/tfgpu/lib/python3.13/site-packages/tensorflow/include/tensorflow/core/framework/types.h:30,
                 from /home/ubuntu/anaconda3/envs/tfgpu/lib/python3.13/site-packages/tensorflow/include/tensorflow/core/framework/op_def_builder.h:28,
                 from /home/ubuntu/anaconda3/envs/tfgpu/lib/python3.13/site-packages/tensorflow/include/tensorflow/core/framework/full_type_inference_util.h:24,
                 from /home/ubuntu/anaconda3/envs/tfgpu/lib/python3.13/site-packages/tensorflow/include/tensorflow/core/framework/op.h:27,
                 from /tmp/bayesfilter-hmc-v7-merge-20261005/bayesfilter/ops/symmetric_sylvester_op.cc:13:
/home/ubuntu/anaconda3/envs/tfgpu/lib/python3.13/site-packages/tensorflow/include/xla/tsl/platform/errors.h:219:14: note: declared here
  219 | absl::Status InvalidArgument(Args... args) {
      |              ^~~~~~~~~~~~~~~
In file included from /home/ubuntu/anaconda3/envs/tfgpu/lib/python3.13/site-packages/tensorflow/include/tensorflow/core/framework/op_kernel.h:40,
                 from /tmp/bayesfilter-hmc-v7-merge-20261005/bayesfilter/ops/symmetric_sylvester_op.cc:14:
/tmp/bayesfilter-hmc-v7-merge-20261005/bayesfilter/ops/symmetric_sylvester_op.cc:537:40: warning: ‘absl::lts_20260107::Status tsl::errors::InvalidArgument(Args ...) [with Args = {const char*}]’ is deprecated: Use absl::InvalidArgumentError() instead. [-Wdeprecated-declarations]
  537 |                 errors::InvalidArgument(
      |                 ~~~~~~~~~~~~~~~~~~~~~~~^
  538 |                     "rhs must have shape [batch,p,n,n] matching s"));
      |                     ~~~~~~~~~~~~~~~~~~~~~~~~~~~~~~~~~~~~~~~~~~~~~~~
/home/ubuntu/anaconda3/envs/tfgpu/lib/python3.13/site-packages/tensorflow/include/tensorflow/core/framework/op_requires.h:60:46: note: in definition of macro ‘OP_REQUIRES’
   60 |       (CTX)->CtxFailure(__FILE__, __LINE__, (STATUS));    \
      |                                              ^~~~~~
In file included from /home/ubuntu/anaconda3/envs/tfgpu/lib/python3.13/site-packages/tensorflow/include/tsl/platform/errors.h:19,
                 from /home/ubuntu/anaconda3/envs/tfgpu/lib/python3.13/site-packages/tensorflow/include/tensorflow/core/platform/errors.h:30,
                 from /home/ubuntu/anaconda3/envs/tfgpu/lib/python3.13/site-packages/tensorflow/include/tensorflow/core/framework/resource_base.h:25,
                 from /home/ubuntu/anaconda3/envs/tfgpu/lib/python3.13/site-packages/tensorflow/include/tensorflow/core/framework/resource_handle.h:22,
                 from /home/ubuntu/anaconda3/envs/tfgpu/lib/python3.13/site-packages/tensorflow/include/tensorflow/core/framework/types.h:30,
                 from /home/ubuntu/anaconda3/envs/tfgpu/lib/python3.13/site-packages/tensorflow/include/tensorflow/core/framework/op_def_builder.h:28,
                 from /home/ubuntu/anaconda3/envs/tfgpu/lib/python3.13/site-packages/tensorflow/include/tensorflow/core/framework/full_type_inference_util.h:24,
                 from /home/ubuntu/anaconda3/envs/tfgpu/lib/python3.13/site-packages/tensorflow/include/tensorflow/core/framework/op.h:27,
                 from /tmp/bayesfilter-hmc-v7-merge-20261005/bayesfilter/ops/symmetric_sylvester_op.cc:13:
/home/ubuntu/anaconda3/envs/tfgpu/lib/python3.13/site-packages/tensorflow/include/xla/tsl/platform/errors.h:219:14: note: declared here
  219 | absl::Status InvalidArgument(Args... args) {
      |              ^~~~~~~~~~~~~~~
/tmp/bayesfilter-hmc-v7-merge-20261005/bayesfilter/ops/symmetric_sylvester_op.cc: In member function ‘virtual void tensorflow::{anonymous}::SymmetricPrincipalSqrtXlaOp::Compile(tensorflow::XlaOpKernelContext*)’:
/tmp/bayesfilter-hmc-v7-merge-20261005/bayesfilter/ops/symmetric_sylvester_op.cc:574:57: warning: ‘tensorflow::TensorShape tensorflow::XlaOpKernelContext::InputShape(int)’ is deprecated: Prefer InputXlaShape which handles dynamic shapes accurately. [-Wdeprecated-declarations]
  574 |     const TensorShape covariance_shape = ctx->InputShape(0);
      |                                          ~~~~~~~~~~~~~~~^~~
In file included from /tmp/bayesfilter-hmc-v7-merge-20261005/bayesfilter/ops/symmetric_sylvester_op.cc:18:
/home/ubuntu/anaconda3/envs/tfgpu/lib/python3.13/site-packages/tensorflow/include/tensorflow/compiler/tf2xla/xla_op_kernel.h:112:15: note: declared here
  112 |   TensorShape InputShape(int index);
      |               ^~~~~~~~~~
In file included from /home/ubuntu/anaconda3/envs/tfgpu/lib/python3.13/site-packages/tensorflow/include/tensorflow/core/framework/op_kernel.h:40,
                 from /tmp/bayesfilter-hmc-v7-merge-20261005/bayesfilter/ops/symmetric_sylvester_op.cc:14:
/tmp/bayesfilter-hmc-v7-merge-20261005/bayesfilter/ops/symmetric_sylvester_op.cc:576:40: warning: ‘absl::lts_20260107::Status tsl::errors::InvalidArgument(Args ...) [with Args = {const char*}]’ is deprecated: Use absl::InvalidArgumentError() instead. [-Wdeprecated-declarations]
  576 |                 errors::InvalidArgument("covariance must have rank 3"));
      |                 ~~~~~~~~~~~~~~~~~~~~~~~^~~~~~~~~~~~~~~~~~~~~~~~~~~~~~~
/home/ubuntu/anaconda3/envs/tfgpu/lib/python3.13/site-packages/tensorflow/include/tensorflow/core/framework/op_requires.h:60:46: note: in definition of macro ‘OP_REQUIRES’
   60 |       (CTX)->CtxFailure(__FILE__, __LINE__, (STATUS));    \
      |                                              ^~~~~~
In file included from /home/ubuntu/anaconda3/envs/tfgpu/lib/python3.13/site-packages/tensorflow/include/tsl/platform/errors.h:19,
                 from /home/ubuntu/anaconda3/envs/tfgpu/lib/python3.13/site-packages/tensorflow/include/tensorflow/core/platform/errors.h:30,
                 from /home/ubuntu/anaconda3/envs/tfgpu/lib/python3.13/site-packages/tensorflow/include/tensorflow/core/framework/resource_base.h:25,
                 from /home/ubuntu/anaconda3/envs/tfgpu/lib/python3.13/site-packages/tensorflow/include/tensorflow/core/framework/resource_handle.h:22,
                 from /home/ubuntu/anaconda3/envs/tfgpu/lib/python3.13/site-packages/tensorflow/include/tensorflow/core/framework/types.h:30,
                 from /home/ubuntu/anaconda3/envs/tfgpu/lib/python3.13/site-packages/tensorflow/include/tensorflow/core/framework/op_def_builder.h:28,
                 from /home/ubuntu/anaconda3/envs/tfgpu/lib/python3.13/site-packages/tensorflow/include/tensorflow/core/framework/full_type_inference_util.h:24,
                 from /home/ubuntu/anaconda3/envs/tfgpu/lib/python3.13/site-packages/tensorflow/include/tensorflow/core/framework/op.h:27,
                 from /tmp/bayesfilter-hmc-v7-merge-20261005/bayesfilter/ops/symmetric_sylvester_op.cc:13:
/home/ubuntu/anaconda3/envs/tfgpu/lib/python3.13/site-packages/tensorflow/include/xla/tsl/platform/errors.h:219:14: note: declared here
  219 | absl::Status InvalidArgument(Args... args) {
      |              ^~~~~~~~~~~~~~~
In file included from /home/ubuntu/anaconda3/envs/tfgpu/lib/python3.13/site-packages/tensorflow/include/tensorflow/core/framework/op_kernel.h:40,
                 from /tmp/bayesfilter-hmc-v7-merge-20261005/bayesfilter/ops/symmetric_sylvester_op.cc:14:
/tmp/bayesfilter-hmc-v7-merge-20261005/bayesfilter/ops/symmetric_sylvester_op.cc:580:40: warning: ‘absl::lts_20260107::Status tsl::errors::InvalidArgument(Args ...) [with Args = {const char*}]’ is deprecated: Use absl::InvalidArgumentError() instead. [-Wdeprecated-declarations]
  580 |                 errors::InvalidArgument(
      |                 ~~~~~~~~~~~~~~~~~~~~~~~^
  581 |                     "covariance must have shape [batch,n,n]"));
      |                     ~~~~~~~~~~~~~~~~~~~~~~~~~~~~~~~~~~~~~~~~~
/home/ubuntu/anaconda3/envs/tfgpu/lib/python3.13/site-packages/tensorflow/include/tensorflow/core/framework/op_requires.h:60:46: note: in definition of macro ‘OP_REQUIRES’
   60 |       (CTX)->CtxFailure(__FILE__, __LINE__, (STATUS));    \
      |                                              ^~~~~~
In file included from /home/ubuntu/anaconda3/envs/tfgpu/lib/python3.13/site-packages/tensorflow/include/tsl/platform/errors.h:19,
                 from /home/ubuntu/anaconda3/envs/tfgpu/lib/python3.13/site-packages/tensorflow/include/tensorflow/core/platform/errors.h:30,
                 from /home/ubuntu/anaconda3/envs/tfgpu/lib/python3.13/site-packages/tensorflow/include/tensorflow/core/framework/resource_base.h:25,
                 from /home/ubuntu/anaconda3/envs/tfgpu/lib/python3.13/site-packages/tensorflow/include/tensorflow/core/framework/resource_handle.h:22,
                 from /home/ubuntu/anaconda3/envs/tfgpu/lib/python3.13/site-packages/tensorflow/include/tensorflow/core/framework/types.h:30,
                 from /home/ubuntu/anaconda3/envs/tfgpu/lib/python3.13/site-packages/tensorflow/include/tensorflow/core/framework/op_def_builder.h:28,
                 from /home/ubuntu/anaconda3/envs/tfgpu/lib/python3.13/site-packages/tensorflow/include/tensorflow/core/framework/full_type_inference_util.h:24,
                 from /home/ubuntu/anaconda3/envs/tfgpu/lib/python3.13/site-packages/tensorflow/include/tensorflow/core/framework/op.h:27,
                 from /tmp/bayesfilter-hmc-v7-merge-20261005/bayesfilter/ops/symmetric_sylvester_op.cc:13:
/home/ubuntu/anaconda3/envs/tfgpu/lib/python3.13/site-packages/tensorflow/include/xla/tsl/platform/errors.h:219:14: note: declared here
  219 | absl::Status InvalidArgument(Args... args) {
      |              ^~~~~~~~~~~~~~~
/home/ubuntu/anaconda3/envs/tfgpu/lib/python3.13/site-packages/tensorflow/include/xla/tsl/platform/errors.h: In instantiation of ‘absl::lts_20260107::Status tsl::errors::Unimplemented(Args ...) [with Args = {const char*, std::__cxx11::basic_string<char, std::char_traits<char>, std::allocator<char> >}]’:
/home/ubuntu/anaconda3/envs/tfgpu/lib/python3.13/site-packages/tensorflow/include/tensorflow/core/framework/resource_base.h:56:33:   required from here
/home/ubuntu/anaconda3/envs/tfgpu/lib/python3.13/site-packages/tensorflow/include/xla/tsl/platform/errors.h:405:57: warning: ‘std::string tsl::strings::StrCat(const tsl::strings::AlphaNum&, const tsl::strings::AlphaNum&)’ is deprecated: Use absl::StrCat() instead. [-Wdeprecated-declarations]
  405 |   return absl::UnimplementedError(::tsl::strings::StrCat(
      |                                   ~~~~~~~~~~~~~~~~~~~~~~^
  406 |       ::tsl::errors::internal::PrepareForStrCat(args)...));
      |       ~~~~~~~~~~~~~~~~~~~~~~~~~~~~~~~~~~~~~~~~~~~~~~~~~~~
In file included from /home/ubuntu/anaconda3/envs/tfgpu/lib/python3.13/site-packages/tensorflow/include/tensorflow/core/platform/strcat.h:23,
                 from /home/ubuntu/anaconda3/envs/tfgpu/lib/python3.13/site-packages/tensorflow/include/tensorflow/core/platform/errors.h:29,
                 from /home/ubuntu/anaconda3/envs/tfgpu/lib/python3.13/site-packages/tensorflow/include/tensorflow/core/framework/resource_base.h:25,
                 from /home/ubuntu/anaconda3/envs/tfgpu/lib/python3.13/site-packages/tensorflow/include/tensorflow/core/framework/resource_handle.h:22,
                 from /home/ubuntu/anaconda3/envs/tfgpu/lib/python3.13/site-packages/tensorflow/include/tensorflow/core/framework/types.h:30,
                 from /home/ubuntu/anaconda3/envs/tfgpu/lib/python3.13/site-packages/tensorflow/include/tensorflow/core/framework/op_def_builder.h:28,
                 from /home/ubuntu/anaconda3/envs/tfgpu/lib/python3.13/site-packages/tensorflow/include/tensorflow/core/framework/full_type_inference_util.h:24,
                 from /home/ubuntu/anaconda3/envs/tfgpu/lib/python3.13/site-packages/tensorflow/include/tensorflow/core/framework/op.h:27,
                 from /tmp/bayesfilter-hmc-v7-merge-20261005/bayesfilter/ops/symmetric_sylvester_op.cc:13:
/home/ubuntu/anaconda3/envs/tfgpu/lib/python3.13/site-packages/tensorflow/include/tsl/platform/strcat.h:164:13: note: declared here
  164 | std::string StrCat(const AlphaNum &a, const AlphaNum &b) TF_MUST_USE_RESULT;
      |             ^~~~~~
In file included from /home/ubuntu/anaconda3/envs/tfgpu/lib/python3.13/site-packages/tensorflow/include/tsl/platform/errors.h:19,
                 from /home/ubuntu/anaconda3/envs/tfgpu/lib/python3.13/site-packages/tensorflow/include/tensorflow/core/platform/errors.h:30,
                 from /home/ubuntu/anaconda3/envs/tfgpu/lib/python3.13/site-packages/tensorflow/include/tensorflow/core/framework/resource_base.h:25,
                 from /home/ubuntu/anaconda3/envs/tfgpu/lib/python3.13/site-packages/tensorflow/include/tensorflow/core/framework/resource_handle.h:22,
                 from /home/ubuntu/anaconda3/envs/tfgpu/lib/python3.13/site-packages/tensorflow/include/tensorflow/core/framework/types.h:30,
                 from /home/ubuntu/anaconda3/envs/tfgpu/lib/python3.13/site-packages/tensorflow/include/tensorflow/core/framework/op_def_builder.h:28,
                 from /home/ubuntu/anaconda3/envs/tfgpu/lib/python3.13/site-packages/tensorflow/include/tensorflow/core/framework/full_type_inference_util.h:24,
                 from /home/ubuntu/anaconda3/envs/tfgpu/lib/python3.13/site-packages/tensorflow/include/tensorflow/core/framework/op.h:27,
                 from /tmp/bayesfilter-hmc-v7-merge-20261005/bayesfilter/ops/symmetric_sylvester_op.cc:13:
/home/ubuntu/anaconda3/envs/tfgpu/lib/python3.13/site-packages/tensorflow/include/xla/tsl/platform/errors.h: In instantiation of ‘absl::lts_20260107::Status tsl::errors::Unimplemented(Args ...) [with Args = {const char*}]’:
/home/ubuntu/anaconda3/envs/tfgpu/lib/python3.13/site-packages/tensorflow/include/xla/tsl/platform/file_system.h:532:33:   required from here
/home/ubuntu/anaconda3/envs/tfgpu/lib/python3.13/site-packages/tensorflow/include/xla/tsl/platform/errors.h:405:57: warning: ‘std::string tsl::strings::StrCat(const tsl::strings::AlphaNum&)’ is deprecated: Use absl::StrCat() instead. [-Wdeprecated-declarations]
  405 |   return absl::UnimplementedError(::tsl::strings::StrCat(
      |                                   ~~~~~~~~~~~~~~~~~~~~~~^
  406 |       ::tsl::errors::internal::PrepareForStrCat(args)...));
      |       ~~~~~~~~~~~~~~~~~~~~~~~~~~~~~~~~~~~~~~~~~~~~~~~~~~~
In file included from /home/ubuntu/anaconda3/envs/tfgpu/lib/python3.13/site-packages/tensorflow/include/tensorflow/core/platform/strcat.h:23,
                 from /home/ubuntu/anaconda3/envs/tfgpu/lib/python3.13/site-packages/tensorflow/include/tensorflow/core/platform/errors.h:29,
                 from /home/ubuntu/anaconda3/envs/tfgpu/lib/python3.13/site-packages/tensorflow/include/tensorflow/core/framework/resource_base.h:25,
                 from /home/ubuntu/anaconda3/envs/tfgpu/lib/python3.13/site-packages/tensorflow/include/tensorflow/core/framework/resource_handle.h:22,
                 from /home/ubuntu/anaconda3/envs/tfgpu/lib/python3.13/site-packages/tensorflow/include/tensorflow/core/framework/types.h:30,
                 from /home/ubuntu/anaconda3/envs/tfgpu/lib/python3.13/site-packages/tensorflow/include/tensorflow/core/framework/op_def_builder.h:28,
                 from /home/ubuntu/anaconda3/envs/tfgpu/lib/python3.13/site-packages/tensorflow/include/tensorflow/core/framework/full_type_inference_util.h:24,
                 from /home/ubuntu/anaconda3/envs/tfgpu/lib/python3.13/site-packages/tensorflow/include/tensorflow/core/framework/op.h:27,
                 from /tmp/bayesfilter-hmc-v7-merge-20261005/bayesfilter/ops/symmetric_sylvester_op.cc:13:
/home/ubuntu/anaconda3/envs/tfgpu/lib/python3.13/site-packages/tensorflow/include/tsl/platform/strcat.h:162:13: note: declared here
  162 | std::string StrCat(const AlphaNum &a) TF_MUST_USE_RESULT;
      |             ^~~~~~
In file included from /home/ubuntu/anaconda3/envs/tfgpu/lib/python3.13/site-packages/tensorflow/include/tsl/platform/errors.h:19,
                 from /home/ubuntu/anaconda3/envs/tfgpu/lib/python3.13/site-packages/tensorflow/include/tensorflow/core/platform/errors.h:30,
                 from /home/ubuntu/anaconda3/envs/tfgpu/lib/python3.13/site-packages/tensorflow/include/tensorflow/core/framework/resource_base.h:25,
                 from /home/ubuntu/anaconda3/envs/tfgpu/lib/python3.13/site-packages/tensorflow/include/tensorflow/core/framework/resource_handle.h:22,
                 from /home/ubuntu/anaconda3/envs/tfgpu/lib/python3.13/site-packages/tensorflow/include/tensorflow/core/framework/types.h:30,
                 from /home/ubuntu/anaconda3/envs/tfgpu/lib/python3.13/site-packages/tensorflow/include/tensorflow/core/framework/op_def_builder.h:28,
                 from /home/ubuntu/anaconda3/envs/tfgpu/lib/python3.13/site-packages/tensorflow/include/tensorflow/core/framework/full_type_inference_util.h:24,
                 from /home/ubuntu/anaconda3/envs/tfgpu/lib/python3.13/site-packages/tensorflow/include/tensorflow/core/framework/op.h:27,
                 from /tmp/bayesfilter-hmc-v7-merge-20261005/bayesfilter/ops/symmetric_sylvester_op.cc:13:
/home/ubuntu/anaconda3/envs/tfgpu/lib/python3.13/site-packages/tensorflow/include/xla/tsl/platform/errors.h: In instantiation of ‘absl::lts_20260107::Status tsl::errors::Internal(Args ...) [with Args = {const char*}]’:
/home/ubuntu/anaconda3/envs/tfgpu/lib/python3.13/site-packages/tensorflow/include/tensorflow/core/framework/device_base.h:85:26:   required from here
/home/ubuntu/anaconda3/envs/tfgpu/lib/python3.13/site-packages/tensorflow/include/xla/tsl/platform/errors.h:418:52: warning: ‘std::string tsl::strings::StrCat(const tsl::strings::AlphaNum&)’ is deprecated: Use absl::StrCat() instead. [-Wdeprecated-declarations]
  418 |   return absl::InternalError(::tsl::strings::StrCat(
      |                              ~~~~~~~~~~~~~~~~~~~~~~^
  419 |       ::tsl::errors::internal::PrepareForStrCat(args)...));
      |       ~~~~~~~~~~~~~~~~~~~~~~~~~~~~~~~~~~~~~~~~~~~~~~~~~~~
In file included from /home/ubuntu/anaconda3/envs/tfgpu/lib/python3.13/site-packages/tensorflow/include/tensorflow/core/platform/strcat.h:23,
                 from /home/ubuntu/anaconda3/envs/tfgpu/lib/python3.13/site-packages/tensorflow/include/tensorflow/core/platform/errors.h:29,
                 from /home/ubuntu/anaconda3/envs/tfgpu/lib/python3.13/site-packages/tensorflow/include/tensorflow/core/framework/resource_base.h:25,
                 from /home/ubuntu/anaconda3/envs/tfgpu/lib/python3.13/site-packages/tensorflow/include/tensorflow/core/framework/resource_handle.h:22,
                 from /home/ubuntu/anaconda3/envs/tfgpu/lib/python3.13/site-packages/tensorflow/include/tensorflow/core/framework/types.h:30,
                 from /home/ubuntu/anaconda3/envs/tfgpu/lib/python3.13/site-packages/tensorflow/include/tensorflow/core/framework/op_def_builder.h:28,
                 from /home/ubuntu/anaconda3/envs/tfgpu/lib/python3.13/site-packages/tensorflow/include/tensorflow/core/framework/full_type_inference_util.h:24,
                 from /home/ubuntu/anaconda3/envs/tfgpu/lib/python3.13/site-packages/tensorflow/include/tensorflow/core/framework/op.h:27,
                 from /tmp/bayesfilter-hmc-v7-merge-20261005/bayesfilter/ops/symmetric_sylvester_op.cc:13:
/home/ubuntu/anaconda3/envs/tfgpu/lib/python3.13/site-packages/tensorflow/include/tsl/platform/strcat.h:162:13: note: declared here
  162 | std::string StrCat(const AlphaNum &a) TF_MUST_USE_RESULT;
      |             ^~~~~~
In file included from /home/ubuntu/anaconda3/envs/tfgpu/lib/python3.13/site-packages/tensorflow/include/tsl/platform/errors.h:19,
                 from /home/ubuntu/anaconda3/envs/tfgpu/lib/python3.13/site-packages/tensorflow/include/tensorflow/core/platform/errors.h:30,
                 from /home/ubuntu/anaconda3/envs/tfgpu/lib/python3.13/site-packages/tensorflow/include/tensorflow/core/framework/resource_base.h:25,
                 from /home/ubuntu/anaconda3/envs/tfgpu/lib/python3.13/site-packages/tensorflow/include/tensorflow/core/framework/resource_handle.h:22,
                 from /home/ubuntu/anaconda3/envs/tfgpu/lib/python3.13/site-packages/tensorflow/include/tensorflow/core/framework/types.h:30,
                 from /home/ubuntu/anaconda3/envs/tfgpu/lib/python3.13/site-packages/tensorflow/include/tensorflow/core/framework/op_def_builder.h:28,
                 from /home/ubuntu/anaconda3/envs/tfgpu/lib/python3.13/site-packages/tensorflow/include/tensorflow/core/framework/full_type_inference_util.h:24,
                 from /home/ubuntu/anaconda3/envs/tfgpu/lib/python3.13/site-packages/tensorflow/include/tensorflow/core/framework/op.h:27,
                 from /tmp/bayesfilter-hmc-v7-merge-20261005/bayesfilter/ops/symmetric_sylvester_op.cc:13:
/home/ubuntu/anaconda3/envs/tfgpu/lib/python3.13/site-packages/tensorflow/include/xla/tsl/platform/errors.h: In instantiation of ‘absl::lts_20260107::Status tsl::errors::Internal(Args ...) [with Args = {const char*, std::__cxx11::basic_string<char, std::char_traits<char>, std::allocator<char> >, const char*, const char*}]’:
/home/ubuntu/anaconda3/envs/tfgpu/lib/python3.13/site-packages/tensorflow/include/tensorflow/core/framework/device_base.h:286:26:   required from here
/home/ubuntu/anaconda3/envs/tfgpu/lib/python3.13/site-packages/tensorflow/include/xla/tsl/platform/errors.h:418:52: warning: ‘std::string tsl::strings::StrCat(const tsl::strings::AlphaNum&, const tsl::strings::AlphaNum&, const tsl::strings::AlphaNum&, const tsl::strings::AlphaNum&)’ is deprecated: Use absl::StrCat() instead. [-Wdeprecated-declarations]
  418 |   return absl::InternalError(::tsl::strings::StrCat(
      |                              ~~~~~~~~~~~~~~~~~~~~~~^
  419 |       ::tsl::errors::internal::PrepareForStrCat(args)...));
      |       ~~~~~~~~~~~~~~~~~~~~~~~~~~~~~~~~~~~~~~~~~~~~~~~~~~~
In file included from /home/ubuntu/anaconda3/envs/tfgpu/lib/python3.13/site-packages/tensorflow/include/tensorflow/core/platform/strcat.h:23,
                 from /home/ubuntu/anaconda3/envs/tfgpu/lib/python3.13/site-packages/tensorflow/include/tensorflow/core/platform/errors.h:29,
                 from /home/ubuntu/anaconda3/envs/tfgpu/lib/python3.13/site-packages/tensorflow/include/tensorflow/core/framework/resource_base.h:25,
                 from /home/ubuntu/anaconda3/envs/tfgpu/lib/python3.13/site-packages/tensorflow/include/tensorflow/core/framework/resource_handle.h:22,
                 from /home/ubuntu/anaconda3/envs/tfgpu/lib/python3.13/site-packages/tensorflow/include/tensorflow/core/framework/types.h:30,
                 from /home/ubuntu/anaconda3/envs/tfgpu/lib/python3.13/site-packages/tensorflow/include/tensorflow/core/framework/op_def_builder.h:28,
                 from /home/ubuntu/anaconda3/envs/tfgpu/lib/python3.13/site-packages/tensorflow/include/tensorflow/core/framework/full_type_inference_util.h:24,
                 from /home/ubuntu/anaconda3/envs/tfgpu/lib/python3.13/site-packages/tensorflow/include/tensorflow/core/framework/op.h:27,
                 from /tmp/bayesfilter-hmc-v7-merge-20261005/bayesfilter/ops/symmetric_sylvester_op.cc:13:
/home/ubuntu/anaconda3/envs/tfgpu/lib/python3.13/site-packages/tensorflow/include/tsl/platform/strcat.h:169:13: note: declared here
  169 | std::string StrCat(const AlphaNum &a, const AlphaNum &b, const AlphaNum &c,
      |             ^~~~~~
In file included from /home/ubuntu/anaconda3/envs/tfgpu/lib/python3.13/site-packages/tensorflow/include/tsl/platform/errors.h:19,
                 from /home/ubuntu/anaconda3/envs/tfgpu/lib/python3.13/site-packages/tensorflow/include/tensorflow/core/platform/errors.h:30,
                 from /home/ubuntu/anaconda3/envs/tfgpu/lib/python3.13/site-packages/tensorflow/include/tensorflow/core/framework/resource_base.h:25,
                 from /home/ubuntu/anaconda3/envs/tfgpu/lib/python3.13/site-packages/tensorflow/include/tensorflow/core/framework/resource_handle.h:22,
                 from /home/ubuntu/anaconda3/envs/tfgpu/lib/python3.13/site-packages/tensorflow/include/tensorflow/core/framework/types.h:30,
                 from /home/ubuntu/anaconda3/envs/tfgpu/lib/python3.13/site-packages/tensorflow/include/tensorflow/core/framework/op_def_builder.h:28,
                 from /home/ubuntu/anaconda3/envs/tfgpu/lib/python3.13/site-packages/tensorflow/include/tensorflow/core/framework/full_type_inference_util.h:24,
                 from /home/ubuntu/anaconda3/envs/tfgpu/lib/python3.13/site-packages/tensorflow/include/tensorflow/core/framework/op.h:27,
                 from /tmp/bayesfilter-hmc-v7-merge-20261005/bayesfilter/ops/symmetric_sylvester_op.cc:13:
/home/ubuntu/anaconda3/envs/tfgpu/lib/python3.13/site-packages/tensorflow/include/xla/tsl/platform/errors.h: In instantiation of ‘absl::lts_20260107::Status tsl::errors::InvalidArgument(Args ...) [with Args = {const char*}]’:
/tmp/bayesfilter-hmc-v7-merge-20261005/bayesfilter/ops/symmetric_sylvester_op.cc:444:5:   required from here
/home/ubuntu/anaconda3/envs/tfgpu/lib/python3.13/site-packages/tensorflow/include/xla/tsl/platform/errors.h:220:59: warning: ‘std::string tsl::strings::StrCat(const tsl::strings::AlphaNum&)’ is deprecated: Use absl::StrCat() instead. [-Wdeprecated-declarations]
  220 |   return absl::InvalidArgumentError(::tsl::strings::StrCat(
      |                                     ~~~~~~~~~~~~~~~~~~~~~~^
  221 |       ::tsl::errors::internal::PrepareForStrCat(args)...));
      |       ~~~~~~~~~~~~~~~~~~~~~~~~~~~~~~~~~~~~~~~~~~~~~~~~~~~  
In file included from /home/ubuntu/anaconda3/envs/tfgpu/lib/python3.13/site-packages/tensorflow/include/tensorflow/core/platform/strcat.h:23,
                 from /home/ubuntu/anaconda3/envs/tfgpu/lib/python3.13/site-packages/tensorflow/include/tensorflow/core/platform/errors.h:29,
                 from /home/ubuntu/anaconda3/envs/tfgpu/lib/python3.13/site-packages/tensorflow/include/tensorflow/core/framework/resource_base.h:25,
                 from /home/ubuntu/anaconda3/envs/tfgpu/lib/python3.13/site-packages/tensorflow/include/tensorflow/core/framework/resource_handle.h:22,
                 from /home/ubuntu/anaconda3/envs/tfgpu/lib/python3.13/site-packages/tensorflow/include/tensorflow/core/framework/types.h:30,
                 from /home/ubuntu/anaconda3/envs/tfgpu/lib/python3.13/site-packages/tensorflow/include/tensorflow/core/framework/op_def_builder.h:28,
                 from /home/ubuntu/anaconda3/envs/tfgpu/lib/python3.13/site-packages/tensorflow/include/tensorflow/core/framework/full_type_inference_util.h:24,
                 from /home/ubuntu/anaconda3/envs/tfgpu/lib/python3.13/site-packages/tensorflow/include/tensorflow/core/framework/op.h:27,
                 from /tmp/bayesfilter-hmc-v7-merge-20261005/bayesfilter/ops/symmetric_sylvester_op.cc:13:
/home/ubuntu/anaconda3/envs/tfgpu/lib/python3.13/site-packages/tensorflow/include/tsl/platform/strcat.h:162:13: note: declared here
  162 | std::string StrCat(const AlphaNum &a) TF_MUST_USE_RESULT;
      |             ^~~~~~
In file included from /home/ubuntu/anaconda3/envs/tfgpu/lib/python3.13/site-packages/tensorflow/include/tsl/platform/errors.h:19,
                 from /home/ubuntu/anaconda3/envs/tfgpu/lib/python3.13/site-packages/tensorflow/include/tensorflow/core/platform/errors.h:30,
                 from /home/ubuntu/anaconda3/envs/tfgpu/lib/python3.13/site-packages/tensorflow/include/tensorflow/core/framework/resource_base.h:25,
                 from /home/ubuntu/anaconda3/envs/tfgpu/lib/python3.13/site-packages/tensorflow/include/tensorflow/core/framework/resource_handle.h:22,
                 from /home/ubuntu/anaconda3/envs/tfgpu/lib/python3.13/site-packages/tensorflow/include/tensorflow/core/framework/types.h:30,
                 from /home/ubuntu/anaconda3/envs/tfgpu/lib/python3.13/site-packages/tensorflow/include/tensorflow/core/framework/op_def_builder.h:28,
                 from /home/ubuntu/anaconda3/envs/tfgpu/lib/python3.13/site-packages/tensorflow/include/tensorflow/core/framework/full_type_inference_util.h:24,
                 from /home/ubuntu/anaconda3/envs/tfgpu/lib/python3.13/site-packages/tensorflow/include/tensorflow/core/framework/op.h:27,
                 from /tmp/bayesfilter-hmc-v7-merge-20261005/bayesfilter/ops/symmetric_sylvester_op.cc:13:
/home/ubuntu/anaconda3/envs/tfgpu/lib/python3.13/site-packages/tensorflow/include/xla/tsl/platform/errors.h: In instantiation of ‘absl::lts_20260107::Status tsl::errors::InvalidArgument(Args ...) [with Args = {std::__cxx11::basic_string<char, std::char_traits<char>, std::allocator<char> >}]’:
/tmp/bayesfilter-hmc-v7-merge-20261005/bayesfilter/ops/symmetric_sylvester_op.cc:466:5:   required from here
/home/ubuntu/anaconda3/envs/tfgpu/lib/python3.13/site-packages/tensorflow/include/xla/tsl/platform/errors.h:220:59: warning: ‘std::string tsl::strings::StrCat(const tsl::strings::AlphaNum&)’ is deprecated: Use absl::StrCat() instead. [-Wdeprecated-declarations]
  220 |   return absl::InvalidArgumentError(::tsl::strings::StrCat(
      |                                     ~~~~~~~~~~~~~~~~~~~~~~^
  221 |       ::tsl::errors::internal::PrepareForStrCat(args)...));
      |       ~~~~~~~~~~~~~~~~~~~~~~~~~~~~~~~~~~~~~~~~~~~~~~~~~~~  
In file included from /home/ubuntu/anaconda3/envs/tfgpu/lib/python3.13/site-packages/tensorflow/include/tensorflow/core/platform/strcat.h:23,
                 from /home/ubuntu/anaconda3/envs/tfgpu/lib/python3.13/site-packages/tensorflow/include/tensorflow/core/platform/errors.h:29,
                 from /home/ubuntu/anaconda3/envs/tfgpu/lib/python3.13/site-packages/tensorflow/include/tensorflow/core/framework/resource_base.h:25,
                 from /home/ubuntu/anaconda3/envs/tfgpu/lib/python3.13/site-packages/tensorflow/include/tensorflow/core/framework/resource_handle.h:22,
                 from /home/ubuntu/anaconda3/envs/tfgpu/lib/python3.13/site-packages/tensorflow/include/tensorflow/core/framework/types.h:30,
                 from /home/ubuntu/anaconda3/envs/tfgpu/lib/python3.13/site-packages/tensorflow/include/tensorflow/core/framework/op_def_builder.h:28,
                 from /home/ubuntu/anaconda3/envs/tfgpu/lib/python3.13/site-packages/tensorflow/include/tensorflow/core/framework/full_type_inference_util.h:24,
                 from /home/ubuntu/anaconda3/envs/tfgpu/lib/python3.13/site-packages/tensorflow/include/tensorflow/core/framework/op.h:27,
                 from /tmp/bayesfilter-hmc-v7-merge-20261005/bayesfilter/ops/symmetric_sylvester_op.cc:13:
/home/ubuntu/anaconda3/envs/tfgpu/lib/python3.13/site-packages/tensorflow/include/tsl/platform/strcat.h:162:13: note: declared here
  162 | std::string StrCat(const AlphaNum &a) TF_MUST_USE_RESULT;
      |             ^~~~~~
[100%] Linking CXX shared library /tmp/bayesfilter-hmc-v7-merge-20261005/bayesfilter/ops/_symmetric_sylvester_ops.so
[100%] Built target symmetric_sylvester
