scope,route,stage,seed,flow_substeps,reset_epsilon,valid,failure_class,coordinate,oracle_score,raw_returned_score,absolute_error_if_valid,score_role
full_d3_T10,iid_dual_cap,calibration,195001,2,0.4,False,candidate_numerical_invalidity,"A[1,1]",1.1789548878271585,0.0,,guard-returned invalid sentinel; not an actual score
full_d3_T10,iid_dual_cap,calibration,195001,2,0.4,False,candidate_numerical_invalidity,"A[1,2]",9.698977307430225,0.0,,guard-returned invalid sentinel; not an actual score
full_d3_T10,iid_dual_cap,calibration,195001,2,0.4,False,candidate_numerical_invalidity,"A[1,3]",-1.921511228826021,0.0,,guard-returned invalid sentinel; not an actual score
full_d3_T10,iid_dual_cap,calibration,195001,2,0.4,False,candidate_numerical_invalidity,"A[2,1]",-0.8738338729896409,0.0,,guard-returned invalid sentinel; not an actual score
full_d3_T10,iid_dual_cap,calibration,195001,2,0.4,False,candidate_numerical_invalidity,"A[2,2]",1.920441449036507,0.0,,guard-returned invalid sentinel; not an actual score
full_d3_T10,iid_dual_cap,calibration,195001,2,0.4,False,candidate_numerical_invalidity,"A[2,3]",0.6835055868160667,0.0,,guard-returned invalid sentinel; not an actual score
full_d3_T10,iid_dual_cap,calibration,195001,2,0.4,False,candidate_numerical_invalidity,"A[3,1]",-2.7236204900747545,0.0,,guard-returned invalid sentinel; not an actual score
full_d3_T10,iid_dual_cap,calibration,195001,2,0.4,False,candidate_numerical_invalidity,"A[3,2]",-4.386128318469709,0.0,,guard-returned invalid sentinel; not an actual score
full_d3_T10,iid_dual_cap,calibration,195001,2,0.4,False,candidate_numerical_invalidity,"A[3,3]",-2.213084158548778,0.0,,guard-returned invalid sentinel; not an actual score
full_d3_T10,iid_dual_cap,calibration,195001,2,0.4,False,candidate_numerical_invalidity,"log_LQ[1,1]",-0.5824731475137043,0.0,,guard-returned invalid sentinel; not an actual score
full_d3_T10,iid_dual_cap,calibration,195001,2,0.4,False,candidate_numerical_invalidity,"LQ[2,1]",-2.3033636838956597,0.0,,guard-returned invalid sentinel; not an actual score
full_d3_T10,iid_dual_cap,calibration,195001,2,0.4,False,candidate_numerical_invalidity,"log_LQ[2,2]",3.0707319669100315,0.0,,guard-returned invalid sentinel; not an actual score
full_d3_T10,iid_dual_cap,calibration,195001,2,0.4,False,candidate_numerical_invalidity,"LQ[3,1]",-0.9882032178594397,0.0,,guard-returned invalid sentinel; not an actual score
full_d3_T10,iid_dual_cap,calibration,195001,2,0.4,False,candidate_numerical_invalidity,"LQ[3,2]",5.205672737574327,0.0,,guard-returned invalid sentinel; not an actual score
full_d3_T10,iid_dual_cap,calibration,195001,2,0.4,False,candidate_numerical_invalidity,"log_LQ[3,3]",0.2313880121502479,0.0,,guard-returned invalid sentinel; not an actual score
full_d3_T10,iid_dual_cap,calibration,195001,2,0.4,False,candidate_numerical_invalidity,log_R_variance,0.867531912454053,0.0,,guard-returned invalid sentinel; not an actual score
full_d3_T10,iid_dual_cap,calibration,195001,2,0.4,False,candidate_numerical_invalidity,initial_mean_scale,-0.0396744081710505,0.0,,guard-returned invalid sentinel; not an actual score
full_d3_T10,iid_dual_cap,calibration,195002,2,0.4,False,candidate_numerical_invalidity,"A[1,1]",2.5225233768567192,0.0,,guard-returned invalid sentinel; not an actual score
full_d3_T10,iid_dual_cap,calibration,195002,2,0.4,False,candidate_numerical_invalidity,"A[1,2]",-0.7742894559555884,0.0,,guard-returned invalid sentinel; not an actual score
full_d3_T10,iid_dual_cap,calibration,195002,2,0.4,False,candidate_numerical_invalidity,"A[1,3]",2.5909349290264814,0.0,,guard-returned invalid sentinel; not an actual score
full_d3_T10,iid_dual_cap,calibration,195002,2,0.4,False,candidate_numerical_invalidity,"A[2,1]",3.0089839494331256,0.0,,guard-returned invalid sentinel; not an actual score
full_d3_T10,iid_dual_cap,calibration,195002,2,0.4,False,candidate_numerical_invalidity,"A[2,2]",-4.630195961842993,0.0,,guard-returned invalid sentinel; not an actual score
full_d3_T10,iid_dual_cap,calibration,195002,2,0.4,False,candidate_numerical_invalidity,"A[2,3]",-2.0317305994239474,0.0,,guard-returned invalid sentinel; not an actual score
full_d3_T10,iid_dual_cap,calibration,195002,2,0.4,False,candidate_numerical_invalidity,"A[3,1]",-0.5769043840155592,0.0,,guard-returned invalid sentinel; not an actual score
full_d3_T10,iid_dual_cap,calibration,195002,2,0.4,False,candidate_numerical_invalidity,"A[3,2]",1.0742454686618612,0.0,,guard-returned invalid sentinel; not an actual score
full_d3_T10,iid_dual_cap,calibration,195002,2,0.4,False,candidate_numerical_invalidity,"A[3,3]",2.1350628738143502,0.0,,guard-returned invalid sentinel; not an actual score
full_d3_T10,iid_dual_cap,calibration,195002,2,0.4,False,candidate_numerical_invalidity,"log_LQ[1,1]",-3.169828840871574,0.0,,guard-returned invalid sentinel; not an actual score
full_d3_T10,iid_dual_cap,calibration,195002,2,0.4,False,candidate_numerical_invalidity,"LQ[2,1]",0.5020097257250596,0.0,,guard-returned invalid sentinel; not an actual score
full_d3_T10,iid_dual_cap,calibration,195002,2,0.4,False,candidate_numerical_invalidity,"log_LQ[2,2]",1.4470275981598382,0.0,,guard-returned invalid sentinel; not an actual score
full_d3_T10,iid_dual_cap,calibration,195002,2,0.4,False,candidate_numerical_invalidity,"LQ[3,1]",2.095178932526737,0.0,,guard-returned invalid sentinel; not an actual score
full_d3_T10,iid_dual_cap,calibration,195002,2,0.4,False,candidate_numerical_invalidity,"LQ[3,2]",-1.7748044716873066,0.0,,guard-returned invalid sentinel; not an actual score
full_d3_T10,iid_dual_cap,calibration,195002,2,0.4,False,candidate_numerical_invalidity,"log_LQ[3,3]",4.093716483038088,0.0,,guard-returned invalid sentinel; not an actual score
full_d3_T10,iid_dual_cap,calibration,195002,2,0.4,False,candidate_numerical_invalidity,log_R_variance,0.4051266813660174,0.0,,guard-returned invalid sentinel; not an actual score
full_d3_T10,iid_dual_cap,calibration,195002,2,0.4,False,candidate_numerical_invalidity,initial_mean_scale,-1.772098983027915,0.0,,guard-returned invalid sentinel; not an actual score
full_d3_T10,iid_dual_cap,calibration,195001,8,0.4,True,,"A[1,1]",1.1789548878271585,0.8400790074612439,0.33887588036591465,actual calibration score
full_d3_T10,iid_dual_cap,calibration,195001,8,0.4,True,,"A[1,2]",9.698977307430225,10.025247041714957,0.3262697342847325,actual calibration score
full_d3_T10,iid_dual_cap,calibration,195001,8,0.4,True,,"A[1,3]",-1.921511228826021,-2.0300802090127967,0.10856898018677574,actual calibration score
full_d3_T10,iid_dual_cap,calibration,195001,8,0.4,True,,"A[2,1]",-0.8738338729896409,-0.24887870675364931,0.6249551662359916,actual calibration score
full_d3_T10,iid_dual_cap,calibration,195001,8,0.4,True,,"A[2,2]",1.920441449036507,1.616483186493228,0.30395826254327885,actual calibration score
full_d3_T10,iid_dual_cap,calibration,195001,8,0.4,True,,"A[2,3]",0.6835055868160667,0.7317942189777635,0.048288632161696876,actual calibration score
full_d3_T10,iid_dual_cap,calibration,195001,8,0.4,True,,"A[3,1]",-2.7236204900747545,-2.242215358914944,0.48140513115981065,actual calibration score
full_d3_T10,iid_dual_cap,calibration,195001,8,0.4,True,,"A[3,2]",-4.386128318469709,-4.175309367504097,0.21081895096561176,actual calibration score
full_d3_T10,iid_dual_cap,calibration,195001,8,0.4,True,,"A[3,3]",-2.213084158548778,-2.1545021342003654,0.05858202434841253,actual calibration score
full_d3_T10,iid_dual_cap,calibration,195001,8,0.4,True,,"log_LQ[1,1]",-0.5824731475137043,-0.34662205733692286,0.2358510901767814,actual calibration score
full_d3_T10,iid_dual_cap,calibration,195001,8,0.4,True,,"LQ[2,1]",-2.3033636838956597,-3.1827865254845866,0.8794228415889269,actual calibration score
full_d3_T10,iid_dual_cap,calibration,195001,8,0.4,True,,"log_LQ[2,2]",3.0707319669100315,3.342709924776493,0.2719779578664614,actual calibration score
full_d3_T10,iid_dual_cap,calibration,195001,8,0.4,True,,"LQ[3,1]",-0.9882032178594397,-1.072563462653767,0.08436024479432735,actual calibration score
full_d3_T10,iid_dual_cap,calibration,195001,8,0.4,True,,"LQ[3,2]",5.205672737574327,5.1972392928707265,0.008433444703600301,actual calibration score
full_d3_T10,iid_dual_cap,calibration,195001,8,0.4,True,,"log_LQ[3,3]",0.2313880121502479,0.15034780765623743,0.08104020449401048,actual calibration score
full_d3_T10,iid_dual_cap,calibration,195001,8,0.4,True,,log_R_variance,0.867531912454053,0.86849387870264,0.0009619662485870206,actual calibration score
full_d3_T10,iid_dual_cap,calibration,195001,8,0.4,True,,initial_mean_scale,-0.0396744081710505,-0.17233547389107653,0.13266106572002603,actual calibration score
full_d3_T10,iid_dual_cap,calibration,195002,8,0.4,False,candidate_numerical_invalidity,"A[1,1]",2.5225233768567192,0.0,,guard-returned invalid sentinel; not an actual score
full_d3_T10,iid_dual_cap,calibration,195002,8,0.4,False,candidate_numerical_invalidity,"A[1,2]",-0.7742894559555884,0.0,,guard-returned invalid sentinel; not an actual score
full_d3_T10,iid_dual_cap,calibration,195002,8,0.4,False,candidate_numerical_invalidity,"A[1,3]",2.5909349290264814,0.0,,guard-returned invalid sentinel; not an actual score
full_d3_T10,iid_dual_cap,calibration,195002,8,0.4,False,candidate_numerical_invalidity,"A[2,1]",3.0089839494331256,0.0,,guard-returned invalid sentinel; not an actual score
full_d3_T10,iid_dual_cap,calibration,195002,8,0.4,False,candidate_numerical_invalidity,"A[2,2]",-4.630195961842993,0.0,,guard-returned invalid sentinel; not an actual score
full_d3_T10,iid_dual_cap,calibration,195002,8,0.4,False,candidate_numerical_invalidity,"A[2,3]",-2.0317305994239474,0.0,,guard-returned invalid sentinel; not an actual score
full_d3_T10,iid_dual_cap,calibration,195002,8,0.4,False,candidate_numerical_invalidity,"A[3,1]",-0.5769043840155592,0.0,,guard-returned invalid sentinel; not an actual score
full_d3_T10,iid_dual_cap,calibration,195002,8,0.4,False,candidate_numerical_invalidity,"A[3,2]",1.0742454686618612,0.0,,guard-returned invalid sentinel; not an actual score
full_d3_T10,iid_dual_cap,calibration,195002,8,0.4,False,candidate_numerical_invalidity,"A[3,3]",2.1350628738143502,0.0,,guard-returned invalid sentinel; not an actual score
full_d3_T10,iid_dual_cap,calibration,195002,8,0.4,False,candidate_numerical_invalidity,"log_LQ[1,1]",-3.169828840871574,0.0,,guard-returned invalid sentinel; not an actual score
full_d3_T10,iid_dual_cap,calibration,195002,8,0.4,False,candidate_numerical_invalidity,"LQ[2,1]",0.5020097257250596,0.0,,guard-returned invalid sentinel; not an actual score
full_d3_T10,iid_dual_cap,calibration,195002,8,0.4,False,candidate_numerical_invalidity,"log_LQ[2,2]",1.4470275981598382,0.0,,guard-returned invalid sentinel; not an actual score
full_d3_T10,iid_dual_cap,calibration,195002,8,0.4,False,candidate_numerical_invalidity,"LQ[3,1]",2.095178932526737,0.0,,guard-returned invalid sentinel; not an actual score
full_d3_T10,iid_dual_cap,calibration,195002,8,0.4,False,candidate_numerical_invalidity,"LQ[3,2]",-1.7748044716873066,0.0,,guard-returned invalid sentinel; not an actual score
full_d3_T10,iid_dual_cap,calibration,195002,8,0.4,False,candidate_numerical_invalidity,"log_LQ[3,3]",4.093716483038088,0.0,,guard-returned invalid sentinel; not an actual score
full_d3_T10,iid_dual_cap,calibration,195002,8,0.4,False,candidate_numerical_invalidity,log_R_variance,0.4051266813660174,0.0,,guard-returned invalid sentinel; not an actual score
full_d3_T10,iid_dual_cap,calibration,195002,8,0.4,False,candidate_numerical_invalidity,initial_mean_scale,-1.772098983027915,0.0,,guard-returned invalid sentinel; not an actual score
full_d3_T10,previous_inverse_cdf,calibration,195001,2,0.4,True,,"A[1,1]",1.1789548878271585,1.3156536663712133,0.13669877854405477,actual calibration score
full_d3_T10,previous_inverse_cdf,calibration,195001,2,0.4,True,,"A[1,2]",9.698977307430225,9.765200163680277,0.06622285625005198,actual calibration score
full_d3_T10,previous_inverse_cdf,calibration,195001,2,0.4,True,,"A[1,3]",-1.921511228826021,-1.6861030606551686,0.23540816817085242,actual calibration score
full_d3_T10,previous_inverse_cdf,calibration,195001,2,0.4,True,,"A[2,1]",-0.8738338729896409,-1.020449887959218,0.1466160149695772,actual calibration score
full_d3_T10,previous_inverse_cdf,calibration,195001,2,0.4,True,,"A[2,2]",1.920441449036507,1.9813883908545231,0.06094694181801619,actual calibration score
full_d3_T10,previous_inverse_cdf,calibration,195001,2,0.4,True,,"A[2,3]",0.6835055868160667,0.7216457600025692,0.038140173186502535,actual calibration score
full_d3_T10,previous_inverse_cdf,calibration,195001,2,0.4,True,,"A[3,1]",-2.7236204900747545,-2.7972220846586637,0.07360159458390925,actual calibration score
full_d3_T10,previous_inverse_cdf,calibration,195001,2,0.4,True,,"A[3,2]",-4.386128318469709,-4.620105684232736,0.2339773657630273,actual calibration score
full_d3_T10,previous_inverse_cdf,calibration,195001,2,0.4,True,,"A[3,3]",-2.213084158548778,-2.2690710252553807,0.0559868667066028,actual calibration score
full_d3_T10,previous_inverse_cdf,calibration,195001,2,0.4,True,,"log_LQ[1,1]",-0.5824731475137043,-0.6662374376476465,0.08376429013394227,actual calibration score
full_d3_T10,previous_inverse_cdf,calibration,195001,2,0.4,True,,"LQ[2,1]",-2.3033636838956597,-2.1836503268999006,0.11971335699575913,actual calibration score
full_d3_T10,previous_inverse_cdf,calibration,195001,2,0.4,True,,"log_LQ[2,2]",3.0707319669100315,3.092355951695563,0.021623984785531736,actual calibration score
full_d3_T10,previous_inverse_cdf,calibration,195001,2,0.4,True,,"LQ[3,1]",-0.9882032178594397,-1.3428679816316675,0.3546647637722279,actual calibration score
full_d3_T10,previous_inverse_cdf,calibration,195001,2,0.4,True,,"LQ[3,2]",5.205672737574327,5.0446712940530265,0.1610014435213003,actual calibration score
full_d3_T10,previous_inverse_cdf,calibration,195001,2,0.4,True,,"log_LQ[3,3]",0.2313880121502479,0.2553524300395081,0.02396441788926018,actual calibration score
full_d3_T10,previous_inverse_cdf,calibration,195001,2,0.4,True,,log_R_variance,0.867531912454053,0.8506795651176013,0.01685234733645169,actual calibration score
full_d3_T10,previous_inverse_cdf,calibration,195001,2,0.4,True,,initial_mean_scale,-0.0396744081710505,0.002360034197204837,0.04203444236825534,actual calibration score
full_d3_T10,previous_inverse_cdf,calibration,195002,2,0.4,False,candidate_numerical_invalidity,"A[1,1]",2.5225233768567192,0.0,,guard-returned invalid sentinel; not an actual score
full_d3_T10,previous_inverse_cdf,calibration,195002,2,0.4,False,candidate_numerical_invalidity,"A[1,2]",-0.7742894559555884,0.0,,guard-returned invalid sentinel; not an actual score
full_d3_T10,previous_inverse_cdf,calibration,195002,2,0.4,False,candidate_numerical_invalidity,"A[1,3]",2.5909349290264814,0.0,,guard-returned invalid sentinel; not an actual score
full_d3_T10,previous_inverse_cdf,calibration,195002,2,0.4,False,candidate_numerical_invalidity,"A[2,1]",3.0089839494331256,0.0,,guard-returned invalid sentinel; not an actual score
full_d3_T10,previous_inverse_cdf,calibration,195002,2,0.4,False,candidate_numerical_invalidity,"A[2,2]",-4.630195961842993,0.0,,guard-returned invalid sentinel; not an actual score
full_d3_T10,previous_inverse_cdf,calibration,195002,2,0.4,False,candidate_numerical_invalidity,"A[2,3]",-2.0317305994239474,0.0,,guard-returned invalid sentinel; not an actual score
full_d3_T10,previous_inverse_cdf,calibration,195002,2,0.4,False,candidate_numerical_invalidity,"A[3,1]",-0.5769043840155592,0.0,,guard-returned invalid sentinel; not an actual score
full_d3_T10,previous_inverse_cdf,calibration,195002,2,0.4,False,candidate_numerical_invalidity,"A[3,2]",1.0742454686618612,0.0,,guard-returned invalid sentinel; not an actual score
full_d3_T10,previous_inverse_cdf,calibration,195002,2,0.4,False,candidate_numerical_invalidity,"A[3,3]",2.1350628738143502,0.0,,guard-returned invalid sentinel; not an actual score
full_d3_T10,previous_inverse_cdf,calibration,195002,2,0.4,False,candidate_numerical_invalidity,"log_LQ[1,1]",-3.169828840871574,0.0,,guard-returned invalid sentinel; not an actual score
full_d3_T10,previous_inverse_cdf,calibration,195002,2,0.4,False,candidate_numerical_invalidity,"LQ[2,1]",0.5020097257250596,0.0,,guard-returned invalid sentinel; not an actual score
full_d3_T10,previous_inverse_cdf,calibration,195002,2,0.4,False,candidate_numerical_invalidity,"log_LQ[2,2]",1.4470275981598382,0.0,,guard-returned invalid sentinel; not an actual score
full_d3_T10,previous_inverse_cdf,calibration,195002,2,0.4,False,candidate_numerical_invalidity,"LQ[3,1]",2.095178932526737,0.0,,guard-returned invalid sentinel; not an actual score
full_d3_T10,previous_inverse_cdf,calibration,195002,2,0.4,False,candidate_numerical_invalidity,"LQ[3,2]",-1.7748044716873066,0.0,,guard-returned invalid sentinel; not an actual score
full_d3_T10,previous_inverse_cdf,calibration,195002,2,0.4,False,candidate_numerical_invalidity,"log_LQ[3,3]",4.093716483038088,0.0,,guard-returned invalid sentinel; not an actual score
full_d3_T10,previous_inverse_cdf,calibration,195002,2,0.4,False,candidate_numerical_invalidity,log_R_variance,0.4051266813660174,0.0,,guard-returned invalid sentinel; not an actual score
full_d3_T10,previous_inverse_cdf,calibration,195002,2,0.4,False,candidate_numerical_invalidity,initial_mean_scale,-1.772098983027915,0.0,,guard-returned invalid sentinel; not an actual score
full_d3_T10,previous_inverse_cdf,calibration,195001,8,0.4,True,,"A[1,1]",1.1789548878271585,1.4232597385012093,0.24430485067405083,actual calibration score
full_d3_T10,previous_inverse_cdf,calibration,195001,8,0.4,True,,"A[1,2]",9.698977307430225,9.984615892490515,0.2856385850602905,actual calibration score
full_d3_T10,previous_inverse_cdf,calibration,195001,8,0.4,True,,"A[1,3]",-1.921511228826021,-1.7466479627264166,0.17486326609960434,actual calibration score
full_d3_T10,previous_inverse_cdf,calibration,195001,8,0.4,True,,"A[2,1]",-0.8738338729896409,-1.1561662897435918,0.28233241675395093,actual calibration score
full_d3_T10,previous_inverse_cdf,calibration,195001,8,0.4,True,,"A[2,2]",1.920441449036507,1.5005034563781043,0.4199379926584026,actual calibration score
full_d3_T10,previous_inverse_cdf,calibration,195001,8,0.4,True,,"A[2,3]",0.6835055868160667,0.8050144874597556,0.12150890064368891,actual calibration score
full_d3_T10,previous_inverse_cdf,calibration,195001,8,0.4,True,,"A[3,1]",-2.7236204900747545,-2.6547284286102695,0.06889206146448501,actual calibration score
full_d3_T10,previous_inverse_cdf,calibration,195001,8,0.4,True,,"A[3,2]",-4.386128318469709,-4.538470970421658,0.1523426519519493,actual calibration score
full_d3_T10,previous_inverse_cdf,calibration,195001,8,0.4,True,,"A[3,3]",-2.213084158548778,-2.1990408312307026,0.014043327318075338,actual calibration score
full_d3_T10,previous_inverse_cdf,calibration,195001,8,0.4,True,,"log_LQ[1,1]",-0.5824731475137043,-0.6508983475330488,0.06842520001934449,actual calibration score
full_d3_T10,previous_inverse_cdf,calibration,195001,8,0.4,True,,"LQ[2,1]",-2.3033636838956597,-2.236587456864732,0.06677622703092778,actual calibration score
full_d3_T10,previous_inverse_cdf,calibration,195001,8,0.4,True,,"log_LQ[2,2]",3.0707319669100315,3.408599040830856,0.3378670739208247,actual calibration score
full_d3_T10,previous_inverse_cdf,calibration,195001,8,0.4,True,,"LQ[3,1]",-0.9882032178594397,-1.284215038526221,0.29601182066678133,actual calibration score
full_d3_T10,previous_inverse_cdf,calibration,195001,8,0.4,True,,"LQ[3,2]",5.205672737574327,5.167190586872264,0.03848215070206251,actual calibration score
full_d3_T10,previous_inverse_cdf,calibration,195001,8,0.4,True,,"log_LQ[3,3]",0.2313880121502479,0.23334817962847895,0.0019601674782310508,actual calibration score
full_d3_T10,previous_inverse_cdf,calibration,195001,8,0.4,True,,log_R_variance,0.867531912454053,0.8172343082214898,0.05029760423256324,actual calibration score
full_d3_T10,previous_inverse_cdf,calibration,195001,8,0.4,True,,initial_mean_scale,-0.0396744081710505,0.07169153429116372,0.11136594246221422,actual calibration score
full_d3_T10,previous_inverse_cdf,calibration,195002,8,0.4,False,candidate_numerical_invalidity,"A[1,1]",2.5225233768567192,0.0,,guard-returned invalid sentinel; not an actual score
full_d3_T10,previous_inverse_cdf,calibration,195002,8,0.4,False,candidate_numerical_invalidity,"A[1,2]",-0.7742894559555884,0.0,,guard-returned invalid sentinel; not an actual score
full_d3_T10,previous_inverse_cdf,calibration,195002,8,0.4,False,candidate_numerical_invalidity,"A[1,3]",2.5909349290264814,0.0,,guard-returned invalid sentinel; not an actual score
full_d3_T10,previous_inverse_cdf,calibration,195002,8,0.4,False,candidate_numerical_invalidity,"A[2,1]",3.0089839494331256,0.0,,guard-returned invalid sentinel; not an actual score
full_d3_T10,previous_inverse_cdf,calibration,195002,8,0.4,False,candidate_numerical_invalidity,"A[2,2]",-4.630195961842993,0.0,,guard-returned invalid sentinel; not an actual score
full_d3_T10,previous_inverse_cdf,calibration,195002,8,0.4,False,candidate_numerical_invalidity,"A[2,3]",-2.0317305994239474,0.0,,guard-returned invalid sentinel; not an actual score
full_d3_T10,previous_inverse_cdf,calibration,195002,8,0.4,False,candidate_numerical_invalidity,"A[3,1]",-0.5769043840155592,0.0,,guard-returned invalid sentinel; not an actual score
full_d3_T10,previous_inverse_cdf,calibration,195002,8,0.4,False,candidate_numerical_invalidity,"A[3,2]",1.0742454686618612,0.0,,guard-returned invalid sentinel; not an actual score
full_d3_T10,previous_inverse_cdf,calibration,195002,8,0.4,False,candidate_numerical_invalidity,"A[3,3]",2.1350628738143502,0.0,,guard-returned invalid sentinel; not an actual score
full_d3_T10,previous_inverse_cdf,calibration,195002,8,0.4,False,candidate_numerical_invalidity,"log_LQ[1,1]",-3.169828840871574,0.0,,guard-returned invalid sentinel; not an actual score
full_d3_T10,previous_inverse_cdf,calibration,195002,8,0.4,False,candidate_numerical_invalidity,"LQ[2,1]",0.5020097257250596,0.0,,guard-returned invalid sentinel; not an actual score
full_d3_T10,previous_inverse_cdf,calibration,195002,8,0.4,False,candidate_numerical_invalidity,"log_LQ[2,2]",1.4470275981598382,0.0,,guard-returned invalid sentinel; not an actual score
full_d3_T10,previous_inverse_cdf,calibration,195002,8,0.4,False,candidate_numerical_invalidity,"LQ[3,1]",2.095178932526737,0.0,,guard-returned invalid sentinel; not an actual score
full_d3_T10,previous_inverse_cdf,calibration,195002,8,0.4,False,candidate_numerical_invalidity,"LQ[3,2]",-1.7748044716873066,0.0,,guard-returned invalid sentinel; not an actual score
full_d3_T10,previous_inverse_cdf,calibration,195002,8,0.4,False,candidate_numerical_invalidity,"log_LQ[3,3]",4.093716483038088,0.0,,guard-returned invalid sentinel; not an actual score
full_d3_T10,previous_inverse_cdf,calibration,195002,8,0.4,False,candidate_numerical_invalidity,log_R_variance,0.4051266813660174,0.0,,guard-returned invalid sentinel; not an actual score
full_d3_T10,previous_inverse_cdf,calibration,195002,8,0.4,False,candidate_numerical_invalidity,initial_mean_scale,-1.772098983027915,0.0,,guard-returned invalid sentinel; not an actual score
full_d3_T10,repaired_permutation,calibration,195001,2,0.4,True,,"A[1,1]",1.1789548878271585,1.312293207706028,0.13333831987886957,actual calibration score
full_d3_T10,repaired_permutation,calibration,195001,2,0.4,True,,"A[1,2]",9.698977307430225,9.584084803689949,0.11489250374027549,actual calibration score
full_d3_T10,repaired_permutation,calibration,195001,2,0.4,True,,"A[1,3]",-1.921511228826021,-1.781368400329597,0.1401428284964239,actual calibration score
full_d3_T10,repaired_permutation,calibration,195001,2,0.4,True,,"A[2,1]",-0.8738338729896409,-0.999910298613135,0.12607642562349408,actual calibration score
full_d3_T10,repaired_permutation,calibration,195001,2,0.4,True,,"A[2,2]",1.920441449036507,2.2488489944638226,0.32840754542731565,actual calibration score
full_d3_T10,repaired_permutation,calibration,195001,2,0.4,True,,"A[2,3]",0.6835055868160667,0.6211041940984424,0.06240139271762424,actual calibration score
full_d3_T10,repaired_permutation,calibration,195001,2,0.4,True,,"A[3,1]",-2.7236204900747545,-2.8994788716647246,0.17585838158997014,actual calibration score
full_d3_T10,repaired_permutation,calibration,195001,2,0.4,True,,"A[3,2]",-4.386128318469709,-4.565639394264879,0.17951107579517078,actual calibration score
full_d3_T10,repaired_permutation,calibration,195001,2,0.4,True,,"A[3,3]",-2.213084158548778,-2.222495772437455,0.009411613888677284,actual calibration score
full_d3_T10,repaired_permutation,calibration,195001,2,0.4,True,,"log_LQ[1,1]",-0.5824731475137043,-0.676648459629589,0.0941753121158847,actual calibration score
full_d3_T10,repaired_permutation,calibration,195001,2,0.4,True,,"LQ[2,1]",-2.3033636838956597,-1.9496125094433012,0.3537511744523585,actual calibration score
full_d3_T10,repaired_permutation,calibration,195001,2,0.4,True,,"log_LQ[2,2]",3.0707319669100315,2.9148112018371592,0.15592076507287222,actual calibration score
full_d3_T10,repaired_permutation,calibration,195001,2,0.4,True,,"LQ[3,1]",-0.9882032178594397,-1.2320369690140696,0.2438337511546299,actual calibration score
full_d3_T10,repaired_permutation,calibration,195001,2,0.4,True,,"LQ[3,2]",5.205672737574327,5.122360065805211,0.08331267176911616,actual calibration score
full_d3_T10,repaired_permutation,calibration,195001,2,0.4,True,,"log_LQ[3,3]",0.2313880121502479,0.24435622327500153,0.012968211124753631,actual calibration score
full_d3_T10,repaired_permutation,calibration,195001,2,0.4,True,,log_R_variance,0.867531912454053,0.8526823809821255,0.01484953147192758,actual calibration score
full_d3_T10,repaired_permutation,calibration,195001,2,0.4,True,,initial_mean_scale,-0.0396744081710505,-0.01926674235752958,0.020407665813520923,actual calibration score
full_d3_T10,repaired_permutation,calibration,195002,2,0.4,False,candidate_numerical_invalidity,"A[1,1]",2.5225233768567192,0.0,,guard-returned invalid sentinel; not an actual score
full_d3_T10,repaired_permutation,calibration,195002,2,0.4,False,candidate_numerical_invalidity,"A[1,2]",-0.7742894559555884,0.0,,guard-returned invalid sentinel; not an actual score
full_d3_T10,repaired_permutation,calibration,195002,2,0.4,False,candidate_numerical_invalidity,"A[1,3]",2.5909349290264814,0.0,,guard-returned invalid sentinel; not an actual score
full_d3_T10,repaired_permutation,calibration,195002,2,0.4,False,candidate_numerical_invalidity,"A[2,1]",3.0089839494331256,0.0,,guard-returned invalid sentinel; not an actual score
full_d3_T10,repaired_permutation,calibration,195002,2,0.4,False,candidate_numerical_invalidity,"A[2,2]",-4.630195961842993,0.0,,guard-returned invalid sentinel; not an actual score
full_d3_T10,repaired_permutation,calibration,195002,2,0.4,False,candidate_numerical_invalidity,"A[2,3]",-2.0317305994239474,0.0,,guard-returned invalid sentinel; not an actual score
full_d3_T10,repaired_permutation,calibration,195002,2,0.4,False,candidate_numerical_invalidity,"A[3,1]",-0.5769043840155592,0.0,,guard-returned invalid sentinel; not an actual score
full_d3_T10,repaired_permutation,calibration,195002,2,0.4,False,candidate_numerical_invalidity,"A[3,2]",1.0742454686618612,0.0,,guard-returned invalid sentinel; not an actual score
full_d3_T10,repaired_permutation,calibration,195002,2,0.4,False,candidate_numerical_invalidity,"A[3,3]",2.1350628738143502,0.0,,guard-returned invalid sentinel; not an actual score
full_d3_T10,repaired_permutation,calibration,195002,2,0.4,False,candidate_numerical_invalidity,"log_LQ[1,1]",-3.169828840871574,0.0,,guard-returned invalid sentinel; not an actual score
full_d3_T10,repaired_permutation,calibration,195002,2,0.4,False,candidate_numerical_invalidity,"LQ[2,1]",0.5020097257250596,0.0,,guard-returned invalid sentinel; not an actual score
full_d3_T10,repaired_permutation,calibration,195002,2,0.4,False,candidate_numerical_invalidity,"log_LQ[2,2]",1.4470275981598382,0.0,,guard-returned invalid sentinel; not an actual score
full_d3_T10,repaired_permutation,calibration,195002,2,0.4,False,candidate_numerical_invalidity,"LQ[3,1]",2.095178932526737,0.0,,guard-returned invalid sentinel; not an actual score
full_d3_T10,repaired_permutation,calibration,195002,2,0.4,False,candidate_numerical_invalidity,"LQ[3,2]",-1.7748044716873066,0.0,,guard-returned invalid sentinel; not an actual score
full_d3_T10,repaired_permutation,calibration,195002,2,0.4,False,candidate_numerical_invalidity,"log_LQ[3,3]",4.093716483038088,0.0,,guard-returned invalid sentinel; not an actual score
full_d3_T10,repaired_permutation,calibration,195002,2,0.4,False,candidate_numerical_invalidity,log_R_variance,0.4051266813660174,0.0,,guard-returned invalid sentinel; not an actual score
full_d3_T10,repaired_permutation,calibration,195002,2,0.4,False,candidate_numerical_invalidity,initial_mean_scale,-1.772098983027915,0.0,,guard-returned invalid sentinel; not an actual score
full_d3_T10,repaired_permutation,calibration,195001,8,0.4,True,,"A[1,1]",1.1789548878271585,1.4911406158580516,0.31218572803089306,actual calibration score
full_d3_T10,repaired_permutation,calibration,195001,8,0.4,True,,"A[1,2]",9.698977307430225,9.882301321938247,0.18332401450802216,actual calibration score
full_d3_T10,repaired_permutation,calibration,195001,8,0.4,True,,"A[1,3]",-1.921511228826021,-1.788062931981676,0.1334482968443449,actual calibration score
full_d3_T10,repaired_permutation,calibration,195001,8,0.4,True,,"A[2,1]",-0.8738338729896409,-1.1461607352714065,0.2723268622817656,actual calibration score
full_d3_T10,repaired_permutation,calibration,195001,8,0.4,True,,"A[2,2]",1.920441449036507,1.7054146272722002,0.21502682176430676,actual calibration score
full_d3_T10,repaired_permutation,calibration,195001,8,0.4,True,,"A[2,3]",0.6835055868160667,0.6888551965019974,0.0053496096859307896,actual calibration score
full_d3_T10,repaired_permutation,calibration,195001,8,0.4,True,,"A[3,1]",-2.7236204900747545,-2.7172761121371143,0.0063443779376402,actual calibration score
full_d3_T10,repaired_permutation,calibration,195001,8,0.4,True,,"A[3,2]",-4.386128318469709,-4.3992021269825745,0.013073808512865881,actual calibration score
full_d3_T10,repaired_permutation,calibration,195001,8,0.4,True,,"A[3,3]",-2.213084158548778,-2.236179818021998,0.02309565947322012,actual calibration score
full_d3_T10,repaired_permutation,calibration,195001,8,0.4,True,,"log_LQ[1,1]",-0.5824731475137043,-0.7051751807227742,0.12270203320906992,actual calibration score
full_d3_T10,repaired_permutation,calibration,195001,8,0.4,True,,"LQ[2,1]",-2.3033636838956597,-2.197974650232793,0.1053890336628669,actual calibration score
full_d3_T10,repaired_permutation,calibration,195001,8,0.4,True,,"log_LQ[2,2]",3.0707319669100315,3.169396199555496,0.09866423264546453,actual calibration score
full_d3_T10,repaired_permutation,calibration,195001,8,0.4,True,,"LQ[3,1]",-0.9882032178594397,-1.1756831624204815,0.1874799445610419,actual calibration score
full_d3_T10,repaired_permutation,calibration,195001,8,0.4,True,,"LQ[3,2]",5.205672737574327,5.230262760353017,0.024590022778689935,actual calibration score
full_d3_T10,repaired_permutation,calibration,195001,8,0.4,True,,"log_LQ[3,3]",0.2313880121502479,0.26123022440752613,0.029842212257278233,actual calibration score
full_d3_T10,repaired_permutation,calibration,195001,8,0.4,True,,log_R_variance,0.867531912454053,0.7899026187463145,0.07762929370773852,actual calibration score
full_d3_T10,repaired_permutation,calibration,195001,8,0.4,True,,initial_mean_scale,-0.0396744081710505,0.10128057303357582,0.14095498120462632,actual calibration score
full_d3_T10,repaired_permutation,calibration,195002,8,0.4,False,candidate_numerical_invalidity,"A[1,1]",2.5225233768567192,0.0,,guard-returned invalid sentinel; not an actual score
full_d3_T10,repaired_permutation,calibration,195002,8,0.4,False,candidate_numerical_invalidity,"A[1,2]",-0.7742894559555884,0.0,,guard-returned invalid sentinel; not an actual score
full_d3_T10,repaired_permutation,calibration,195002,8,0.4,False,candidate_numerical_invalidity,"A[1,3]",2.5909349290264814,0.0,,guard-returned invalid sentinel; not an actual score
full_d3_T10,repaired_permutation,calibration,195002,8,0.4,False,candidate_numerical_invalidity,"A[2,1]",3.0089839494331256,0.0,,guard-returned invalid sentinel; not an actual score
full_d3_T10,repaired_permutation,calibration,195002,8,0.4,False,candidate_numerical_invalidity,"A[2,2]",-4.630195961842993,0.0,,guard-returned invalid sentinel; not an actual score
full_d3_T10,repaired_permutation,calibration,195002,8,0.4,False,candidate_numerical_invalidity,"A[2,3]",-2.0317305994239474,0.0,,guard-returned invalid sentinel; not an actual score
full_d3_T10,repaired_permutation,calibration,195002,8,0.4,False,candidate_numerical_invalidity,"A[3,1]",-0.5769043840155592,0.0,,guard-returned invalid sentinel; not an actual score
full_d3_T10,repaired_permutation,calibration,195002,8,0.4,False,candidate_numerical_invalidity,"A[3,2]",1.0742454686618612,0.0,,guard-returned invalid sentinel; not an actual score
full_d3_T10,repaired_permutation,calibration,195002,8,0.4,False,candidate_numerical_invalidity,"A[3,3]",2.1350628738143502,0.0,,guard-returned invalid sentinel; not an actual score
full_d3_T10,repaired_permutation,calibration,195002,8,0.4,False,candidate_numerical_invalidity,"log_LQ[1,1]",-3.169828840871574,0.0,,guard-returned invalid sentinel; not an actual score
full_d3_T10,repaired_permutation,calibration,195002,8,0.4,False,candidate_numerical_invalidity,"LQ[2,1]",0.5020097257250596,0.0,,guard-returned invalid sentinel; not an actual score
full_d3_T10,repaired_permutation,calibration,195002,8,0.4,False,candidate_numerical_invalidity,"log_LQ[2,2]",1.4470275981598382,0.0,,guard-returned invalid sentinel; not an actual score
full_d3_T10,repaired_permutation,calibration,195002,8,0.4,False,candidate_numerical_invalidity,"LQ[3,1]",2.095178932526737,0.0,,guard-returned invalid sentinel; not an actual score
full_d3_T10,repaired_permutation,calibration,195002,8,0.4,False,candidate_numerical_invalidity,"LQ[3,2]",-1.7748044716873066,0.0,,guard-returned invalid sentinel; not an actual score
full_d3_T10,repaired_permutation,calibration,195002,8,0.4,False,candidate_numerical_invalidity,"log_LQ[3,3]",4.093716483038088,0.0,,guard-returned invalid sentinel; not an actual score
full_d3_T10,repaired_permutation,calibration,195002,8,0.4,False,candidate_numerical_invalidity,log_R_variance,0.4051266813660174,0.0,,guard-returned invalid sentinel; not an actual score
full_d3_T10,repaired_permutation,calibration,195002,8,0.4,False,candidate_numerical_invalidity,initial_mean_scale,-1.772098983027915,0.0,,guard-returned invalid sentinel; not an actual score
full_d3_T10,repaired_permutation_ablation,calibration,195001,2,0.4,True,,"A[1,1]",1.1789548878271585,1.341650381519397,0.16269549369223846,actual calibration score
full_d3_T10,repaired_permutation_ablation,calibration,195001,2,0.4,True,,"A[1,2]",9.698977307430225,9.522639884191534,0.1763374232386905,actual calibration score
full_d3_T10,repaired_permutation_ablation,calibration,195001,2,0.4,True,,"A[1,3]",-1.921511228826021,-1.7671177939867335,0.15439343483928747,actual calibration score
full_d3_T10,repaired_permutation_ablation,calibration,195001,2,0.4,True,,"A[2,1]",-0.8738338729896409,-0.9791868434662929,0.10535297047665204,actual calibration score
full_d3_T10,repaired_permutation_ablation,calibration,195001,2,0.4,True,,"A[2,2]",1.920441449036507,2.2911384652997833,0.37069701626327634,actual calibration score
full_d3_T10,repaired_permutation_ablation,calibration,195001,2,0.4,True,,"A[2,3]",0.6835055868160667,0.6191024278367709,0.06440315897929572,actual calibration score
full_d3_T10,repaired_permutation_ablation,calibration,195001,2,0.4,True,,"A[3,1]",-2.7236204900747545,-2.9010891481645946,0.17746865808984014,actual calibration score
full_d3_T10,repaired_permutation_ablation,calibration,195001,2,0.4,True,,"A[3,2]",-4.386128318469709,-4.55116098717514,0.16503266870543154,actual calibration score
full_d3_T10,repaired_permutation_ablation,calibration,195001,2,0.4,True,,"A[3,3]",-2.213084158548778,-2.190992735102557,0.022091423446220837,actual calibration score
full_d3_T10,repaired_permutation_ablation,calibration,195001,2,0.4,True,,"log_LQ[1,1]",-0.5824731475137043,-0.7084106388406114,0.12593749132690712,actual calibration score
full_d3_T10,repaired_permutation_ablation,calibration,195001,2,0.4,True,,"LQ[2,1]",-2.3033636838956597,-1.96689104974801,0.3364726341476496,actual calibration score
full_d3_T10,repaired_permutation_ablation,calibration,195001,2,0.4,True,,"log_LQ[2,2]",3.0707319669100315,2.9073009450080396,0.16343102190199188,actual calibration score
full_d3_T10,repaired_permutation_ablation,calibration,195001,2,0.4,True,,"LQ[3,1]",-0.9882032178594397,-1.2414724243113562,0.25326920645191653,actual calibration score
full_d3_T10,repaired_permutation_ablation,calibration,195001,2,0.4,True,,"LQ[3,2]",5.205672737574327,5.145596174076335,0.06007656349799184,actual calibration score
full_d3_T10,repaired_permutation_ablation,calibration,195001,2,0.4,True,,"log_LQ[3,3]",0.2313880121502479,0.22344017936512492,0.007947832785122982,actual calibration score
full_d3_T10,repaired_permutation_ablation,calibration,195001,2,0.4,True,,log_R_variance,0.867531912454053,0.8695710576536844,0.0020391451996313315,actual calibration score
full_d3_T10,repaired_permutation_ablation,calibration,195001,2,0.4,True,,initial_mean_scale,-0.0396744081710505,-0.02096214920261471,0.018712258968435792,actual calibration score
full_d3_T10,repaired_permutation_ablation,calibration,195002,2,0.4,False,candidate_numerical_invalidity,"A[1,1]",2.5225233768567192,0.0,,guard-returned invalid sentinel; not an actual score
full_d3_T10,repaired_permutation_ablation,calibration,195002,2,0.4,False,candidate_numerical_invalidity,"A[1,2]",-0.7742894559555884,0.0,,guard-returned invalid sentinel; not an actual score
full_d3_T10,repaired_permutation_ablation,calibration,195002,2,0.4,False,candidate_numerical_invalidity,"A[1,3]",2.5909349290264814,0.0,,guard-returned invalid sentinel; not an actual score
full_d3_T10,repaired_permutation_ablation,calibration,195002,2,0.4,False,candidate_numerical_invalidity,"A[2,1]",3.0089839494331256,0.0,,guard-returned invalid sentinel; not an actual score
full_d3_T10,repaired_permutation_ablation,calibration,195002,2,0.4,False,candidate_numerical_invalidity,"A[2,2]",-4.630195961842993,0.0,,guard-returned invalid sentinel; not an actual score
full_d3_T10,repaired_permutation_ablation,calibration,195002,2,0.4,False,candidate_numerical_invalidity,"A[2,3]",-2.0317305994239474,0.0,,guard-returned invalid sentinel; not an actual score
full_d3_T10,repaired_permutation_ablation,calibration,195002,2,0.4,False,candidate_numerical_invalidity,"A[3,1]",-0.5769043840155592,0.0,,guard-returned invalid sentinel; not an actual score
full_d3_T10,repaired_permutation_ablation,calibration,195002,2,0.4,False,candidate_numerical_invalidity,"A[3,2]",1.0742454686618612,0.0,,guard-returned invalid sentinel; not an actual score
full_d3_T10,repaired_permutation_ablation,calibration,195002,2,0.4,False,candidate_numerical_invalidity,"A[3,3]",2.1350628738143502,0.0,,guard-returned invalid sentinel; not an actual score
full_d3_T10,repaired_permutation_ablation,calibration,195002,2,0.4,False,candidate_numerical_invalidity,"log_LQ[1,1]",-3.169828840871574,0.0,,guard-returned invalid sentinel; not an actual score
full_d3_T10,repaired_permutation_ablation,calibration,195002,2,0.4,False,candidate_numerical_invalidity,"LQ[2,1]",0.5020097257250596,0.0,,guard-returned invalid sentinel; not an actual score
full_d3_T10,repaired_permutation_ablation,calibration,195002,2,0.4,False,candidate_numerical_invalidity,"log_LQ[2,2]",1.4470275981598382,0.0,,guard-returned invalid sentinel; not an actual score
full_d3_T10,repaired_permutation_ablation,calibration,195002,2,0.4,False,candidate_numerical_invalidity,"LQ[3,1]",2.095178932526737,0.0,,guard-returned invalid sentinel; not an actual score
full_d3_T10,repaired_permutation_ablation,calibration,195002,2,0.4,False,candidate_numerical_invalidity,"LQ[3,2]",-1.7748044716873066,0.0,,guard-returned invalid sentinel; not an actual score
full_d3_T10,repaired_permutation_ablation,calibration,195002,2,0.4,False,candidate_numerical_invalidity,"log_LQ[3,3]",4.093716483038088,0.0,,guard-returned invalid sentinel; not an actual score
full_d3_T10,repaired_permutation_ablation,calibration,195002,2,0.4,False,candidate_numerical_invalidity,log_R_variance,0.4051266813660174,0.0,,guard-returned invalid sentinel; not an actual score
full_d3_T10,repaired_permutation_ablation,calibration,195002,2,0.4,False,candidate_numerical_invalidity,initial_mean_scale,-1.772098983027915,0.0,,guard-returned invalid sentinel; not an actual score
full_d3_T10,repaired_permutation_ablation,calibration,195001,8,0.4,True,,"A[1,1]",1.1789548878271585,1.4925580658923165,0.31360317806515803,actual calibration score
full_d3_T10,repaired_permutation_ablation,calibration,195001,8,0.4,True,,"A[1,2]",9.698977307430225,9.88622902748037,0.18725172005014556,actual calibration score
full_d3_T10,repaired_permutation_ablation,calibration,195001,8,0.4,True,,"A[1,3]",-1.921511228826021,-1.7891355919527865,0.1323756368732345,actual calibration score
full_d3_T10,repaired_permutation_ablation,calibration,195001,8,0.4,True,,"A[2,1]",-0.8738338729896409,-1.1458554037185595,0.27202153072891866,actual calibration score
full_d3_T10,repaired_permutation_ablation,calibration,195001,8,0.4,True,,"A[2,2]",1.920441449036507,1.7155443601014384,0.20489708893506853,actual calibration score
full_d3_T10,repaired_permutation_ablation,calibration,195001,8,0.4,True,,"A[2,3]",0.6835055868160667,0.664673118947334,0.018832467868732605,actual calibration score
full_d3_T10,repaired_permutation_ablation,calibration,195001,8,0.4,True,,"A[3,1]",-2.7236204900747545,-2.743806575515608,0.02018608544085332,actual calibration score
full_d3_T10,repaired_permutation_ablation,calibration,195001,8,0.4,True,,"A[3,2]",-4.386128318469709,-4.403737749330687,0.017609430860978215,actual calibration score
full_d3_T10,repaired_permutation_ablation,calibration,195001,8,0.4,True,,"A[3,3]",-2.213084158548778,-2.236464988433226,0.02338082988444823,actual calibration score
full_d3_T10,repaired_permutation_ablation,calibration,195001,8,0.4,True,,"log_LQ[1,1]",-0.5824731475137043,-0.7163434145053574,0.13387026699165316,actual calibration score
full_d3_T10,repaired_permutation_ablation,calibration,195001,8,0.4,True,,"LQ[2,1]",-2.3033636838956597,-2.177696857721357,0.12566682617430258,actual calibration score
full_d3_T10,repaired_permutation_ablation,calibration,195001,8,0.4,True,,"log_LQ[2,2]",3.0707319669100315,3.1598863524224994,0.0891543855124679,actual calibration score
full_d3_T10,repaired_permutation_ablation,calibration,195001,8,0.4,True,,"LQ[3,1]",-0.9882032178594397,-1.155881420407857,0.16767820254841725,actual calibration score
full_d3_T10,repaired_permutation_ablation,calibration,195001,8,0.4,True,,"LQ[3,2]",5.205672737574327,5.269187455953982,0.06351471837965494,actual calibration score
full_d3_T10,repaired_permutation_ablation,calibration,195001,8,0.4,True,,"log_LQ[3,3]",0.2313880121502479,0.270333506056266,0.03894549390601809,actual calibration score
full_d3_T10,repaired_permutation_ablation,calibration,195001,8,0.4,True,,log_R_variance,0.867531912454053,0.7913929367890016,0.07613897566505146,actual calibration score
full_d3_T10,repaired_permutation_ablation,calibration,195001,8,0.4,True,,initial_mean_scale,-0.0396744081710505,0.10192881688233874,0.14160322505338924,actual calibration score
full_d3_T10,repaired_permutation_ablation,calibration,195002,8,0.4,False,candidate_numerical_invalidity,"A[1,1]",2.5225233768567192,0.0,,guard-returned invalid sentinel; not an actual score
full_d3_T10,repaired_permutation_ablation,calibration,195002,8,0.4,False,candidate_numerical_invalidity,"A[1,2]",-0.7742894559555884,0.0,,guard-returned invalid sentinel; not an actual score
full_d3_T10,repaired_permutation_ablation,calibration,195002,8,0.4,False,candidate_numerical_invalidity,"A[1,3]",2.5909349290264814,0.0,,guard-returned invalid sentinel; not an actual score
full_d3_T10,repaired_permutation_ablation,calibration,195002,8,0.4,False,candidate_numerical_invalidity,"A[2,1]",3.0089839494331256,0.0,,guard-returned invalid sentinel; not an actual score
full_d3_T10,repaired_permutation_ablation,calibration,195002,8,0.4,False,candidate_numerical_invalidity,"A[2,2]",-4.630195961842993,0.0,,guard-returned invalid sentinel; not an actual score
full_d3_T10,repaired_permutation_ablation,calibration,195002,8,0.4,False,candidate_numerical_invalidity,"A[2,3]",-2.0317305994239474,0.0,,guard-returned invalid sentinel; not an actual score
full_d3_T10,repaired_permutation_ablation,calibration,195002,8,0.4,False,candidate_numerical_invalidity,"A[3,1]",-0.5769043840155592,0.0,,guard-returned invalid sentinel; not an actual score
full_d3_T10,repaired_permutation_ablation,calibration,195002,8,0.4,False,candidate_numerical_invalidity,"A[3,2]",1.0742454686618612,0.0,,guard-returned invalid sentinel; not an actual score
full_d3_T10,repaired_permutation_ablation,calibration,195002,8,0.4,False,candidate_numerical_invalidity,"A[3,3]",2.1350628738143502,0.0,,guard-returned invalid sentinel; not an actual score
full_d3_T10,repaired_permutation_ablation,calibration,195002,8,0.4,False,candidate_numerical_invalidity,"log_LQ[1,1]",-3.169828840871574,0.0,,guard-returned invalid sentinel; not an actual score
full_d3_T10,repaired_permutation_ablation,calibration,195002,8,0.4,False,candidate_numerical_invalidity,"LQ[2,1]",0.5020097257250596,0.0,,guard-returned invalid sentinel; not an actual score
full_d3_T10,repaired_permutation_ablation,calibration,195002,8,0.4,False,candidate_numerical_invalidity,"log_LQ[2,2]",1.4470275981598382,0.0,,guard-returned invalid sentinel; not an actual score
full_d3_T10,repaired_permutation_ablation,calibration,195002,8,0.4,False,candidate_numerical_invalidity,"LQ[3,1]",2.095178932526737,0.0,,guard-returned invalid sentinel; not an actual score
full_d3_T10,repaired_permutation_ablation,calibration,195002,8,0.4,False,candidate_numerical_invalidity,"LQ[3,2]",-1.7748044716873066,0.0,,guard-returned invalid sentinel; not an actual score
full_d3_T10,repaired_permutation_ablation,calibration,195002,8,0.4,False,candidate_numerical_invalidity,"log_LQ[3,3]",4.093716483038088,0.0,,guard-returned invalid sentinel; not an actual score
full_d3_T10,repaired_permutation_ablation,calibration,195002,8,0.4,False,candidate_numerical_invalidity,log_R_variance,0.4051266813660174,0.0,,guard-returned invalid sentinel; not an actual score
full_d3_T10,repaired_permutation_ablation,calibration,195002,8,0.4,False,candidate_numerical_invalidity,initial_mean_scale,-1.772098983027915,0.0,,guard-returned invalid sentinel; not an actual score
full_d3_T120,iid_dual_cap,calibration,195001,2,0.4,False,candidate_numerical_invalidity,"A[1,1]",3.4605989669736266,0.0,,guard-returned invalid sentinel; not an actual score
full_d3_T120,iid_dual_cap,calibration,195001,2,0.4,False,candidate_numerical_invalidity,"A[1,2]",3.4086670030741217,0.0,,guard-returned invalid sentinel; not an actual score
full_d3_T120,iid_dual_cap,calibration,195001,2,0.4,False,candidate_numerical_invalidity,"A[1,3]",21.500783250035674,0.0,,guard-returned invalid sentinel; not an actual score
full_d3_T120,iid_dual_cap,calibration,195001,2,0.4,False,candidate_numerical_invalidity,"A[2,1]",-6.312718982159358,0.0,,guard-returned invalid sentinel; not an actual score
full_d3_T120,iid_dual_cap,calibration,195001,2,0.4,False,candidate_numerical_invalidity,"A[2,2]",1.4452955715610205,0.0,,guard-returned invalid sentinel; not an actual score
full_d3_T120,iid_dual_cap,calibration,195001,2,0.4,False,candidate_numerical_invalidity,"A[2,3]",-6.526283275906854,0.0,,guard-returned invalid sentinel; not an actual score
full_d3_T120,iid_dual_cap,calibration,195001,2,0.4,False,candidate_numerical_invalidity,"A[3,1]",10.070335259119052,0.0,,guard-returned invalid sentinel; not an actual score
full_d3_T120,iid_dual_cap,calibration,195001,2,0.4,False,candidate_numerical_invalidity,"A[3,2]",-11.663238245676188,0.0,,guard-returned invalid sentinel; not an actual score
full_d3_T120,iid_dual_cap,calibration,195001,2,0.4,False,candidate_numerical_invalidity,"A[3,3]",-9.028702344861049,0.0,,guard-returned invalid sentinel; not an actual score
full_d3_T120,iid_dual_cap,calibration,195001,2,0.4,False,candidate_numerical_invalidity,"log_LQ[1,1]",4.228883404363531,0.0,,guard-returned invalid sentinel; not an actual score
full_d3_T120,iid_dual_cap,calibration,195001,2,0.4,False,candidate_numerical_invalidity,"LQ[2,1]",-8.873844694004493,0.0,,guard-returned invalid sentinel; not an actual score
full_d3_T120,iid_dual_cap,calibration,195001,2,0.4,False,candidate_numerical_invalidity,"log_LQ[2,2]",9.649293113086534,0.0,,guard-returned invalid sentinel; not an actual score
full_d3_T120,iid_dual_cap,calibration,195001,2,0.4,False,candidate_numerical_invalidity,"LQ[3,1]",24.576689473015428,0.0,,guard-returned invalid sentinel; not an actual score
full_d3_T120,iid_dual_cap,calibration,195001,2,0.4,False,candidate_numerical_invalidity,"LQ[3,2]",-10.528204917940265,0.0,,guard-returned invalid sentinel; not an actual score
full_d3_T120,iid_dual_cap,calibration,195001,2,0.4,False,candidate_numerical_invalidity,"log_LQ[3,3]",20.384367863111382,0.0,,guard-returned invalid sentinel; not an actual score
full_d3_T120,iid_dual_cap,calibration,195001,2,0.4,False,candidate_numerical_invalidity,log_R_variance,12.585848239068886,0.0,,guard-returned invalid sentinel; not an actual score
full_d3_T120,iid_dual_cap,calibration,195001,2,0.4,False,candidate_numerical_invalidity,initial_mean_scale,-0.039673524961427,0.0,,guard-returned invalid sentinel; not an actual score
full_d3_T120,iid_dual_cap,calibration,195002,2,0.4,False,candidate_numerical_invalidity,"A[1,1]",-15.580257272760335,0.0,,guard-returned invalid sentinel; not an actual score
full_d3_T120,iid_dual_cap,calibration,195002,2,0.4,False,candidate_numerical_invalidity,"A[1,2]",-4.964830121897893,0.0,,guard-returned invalid sentinel; not an actual score
full_d3_T120,iid_dual_cap,calibration,195002,2,0.4,False,candidate_numerical_invalidity,"A[1,3]",2.36642920650999,0.0,,guard-returned invalid sentinel; not an actual score
full_d3_T120,iid_dual_cap,calibration,195002,2,0.4,False,candidate_numerical_invalidity,"A[2,1]",-3.124601395949335,0.0,,guard-returned invalid sentinel; not an actual score
full_d3_T120,iid_dual_cap,calibration,195002,2,0.4,False,candidate_numerical_invalidity,"A[2,2]",-5.548893909567864,0.0,,guard-returned invalid sentinel; not an actual score
full_d3_T120,iid_dual_cap,calibration,195002,2,0.4,False,candidate_numerical_invalidity,"A[2,3]",-6.817632428570587,0.0,,guard-returned invalid sentinel; not an actual score
full_d3_T120,iid_dual_cap,calibration,195002,2,0.4,False,candidate_numerical_invalidity,"A[3,1]",-12.840903085071028,0.0,,guard-returned invalid sentinel; not an actual score
full_d3_T120,iid_dual_cap,calibration,195002,2,0.4,False,candidate_numerical_invalidity,"A[3,2]",13.779505404486613,0.0,,guard-returned invalid sentinel; not an actual score
full_d3_T120,iid_dual_cap,calibration,195002,2,0.4,False,candidate_numerical_invalidity,"A[3,3]",2.244012270486261,0.0,,guard-returned invalid sentinel; not an actual score
full_d3_T120,iid_dual_cap,calibration,195002,2,0.4,False,candidate_numerical_invalidity,"log_LQ[1,1]",-4.568782150056954,0.0,,guard-returned invalid sentinel; not an actual score
full_d3_T120,iid_dual_cap,calibration,195002,2,0.4,False,candidate_numerical_invalidity,"LQ[2,1]",23.251397496607076,0.0,,guard-returned invalid sentinel; not an actual score
full_d3_T120,iid_dual_cap,calibration,195002,2,0.4,False,candidate_numerical_invalidity,"log_LQ[2,2]",-1.135126395874327,0.0,,guard-returned invalid sentinel; not an actual score
full_d3_T120,iid_dual_cap,calibration,195002,2,0.4,False,candidate_numerical_invalidity,"LQ[3,1]",-35.96249005003071,0.0,,guard-returned invalid sentinel; not an actual score
full_d3_T120,iid_dual_cap,calibration,195002,2,0.4,False,candidate_numerical_invalidity,"LQ[3,2]",1.8650610119384314,0.0,,guard-returned invalid sentinel; not an actual score
full_d3_T120,iid_dual_cap,calibration,195002,2,0.4,False,candidate_numerical_invalidity,"log_LQ[3,3]",13.968330452877655,0.0,,guard-returned invalid sentinel; not an actual score
full_d3_T120,iid_dual_cap,calibration,195002,2,0.4,False,candidate_numerical_invalidity,log_R_variance,9.653846631105603,0.0,,guard-returned invalid sentinel; not an actual score
full_d3_T120,iid_dual_cap,calibration,195002,2,0.4,False,candidate_numerical_invalidity,initial_mean_scale,-1.7720991479782522,0.0,,guard-returned invalid sentinel; not an actual score
full_d3_T120,iid_dual_cap,calibration,195001,8,0.4,True,,"A[1,1]",3.4605989669736266,2.7281834511018834,0.7324155158717431,actual calibration score
full_d3_T120,iid_dual_cap,calibration,195001,8,0.4,True,,"A[1,2]",3.4086670030741217,3.7216539779115783,0.3129869748374565,actual calibration score
full_d3_T120,iid_dual_cap,calibration,195001,8,0.4,True,,"A[1,3]",21.500783250035674,21.267356071020945,0.2334271790147291,actual calibration score
full_d3_T120,iid_dual_cap,calibration,195001,8,0.4,True,,"A[2,1]",-6.312718982159358,-5.772981654282349,0.5397373278770088,actual calibration score
full_d3_T120,iid_dual_cap,calibration,195001,8,0.4,True,,"A[2,2]",1.4452955715610205,1.086078325030707,0.3592172465303136,actual calibration score
full_d3_T120,iid_dual_cap,calibration,195001,8,0.4,True,,"A[2,3]",-6.526283275906854,-6.646436622425226,0.1201533465183715,actual calibration score
full_d3_T120,iid_dual_cap,calibration,195001,8,0.4,True,,"A[3,1]",10.070335259119052,11.056863054086739,0.9865277949676869,actual calibration score
full_d3_T120,iid_dual_cap,calibration,195001,8,0.4,True,,"A[3,2]",-11.663238245676188,-10.684949501738373,0.9782887439378154,actual calibration score
full_d3_T120,iid_dual_cap,calibration,195001,8,0.4,True,,"A[3,3]",-9.028702344861049,-9.454203994506521,0.4255016496454722,actual calibration score
full_d3_T120,iid_dual_cap,calibration,195001,8,0.4,True,,"log_LQ[1,1]",4.228883404363531,4.623027839284315,0.39414443492078455,actual calibration score
full_d3_T120,iid_dual_cap,calibration,195001,8,0.4,True,,"LQ[2,1]",-8.873844694004493,-10.08071425497722,1.2068695609727271,actual calibration score
full_d3_T120,iid_dual_cap,calibration,195001,8,0.4,True,,"log_LQ[2,2]",9.649293113086534,10.008640860609901,0.3593477475233673,actual calibration score
full_d3_T120,iid_dual_cap,calibration,195001,8,0.4,True,,"LQ[3,1]",24.576689473015428,24.727745125095765,0.15105565208033767,actual calibration score
full_d3_T120,iid_dual_cap,calibration,195001,8,0.4,True,,"LQ[3,2]",-10.528204917940265,-10.55606660912305,0.027861691182785364,actual calibration score
full_d3_T120,iid_dual_cap,calibration,195001,8,0.4,True,,"log_LQ[3,3]",20.384367863111382,20.594936519603984,0.21056865649260104,actual calibration score
full_d3_T120,iid_dual_cap,calibration,195001,8,0.4,True,,log_R_variance,12.585848239068886,12.46015008019483,0.1256981588740551,actual calibration score
full_d3_T120,iid_dual_cap,calibration,195001,8,0.4,True,,initial_mean_scale,-0.039673524961427,-0.1723346318852623,0.1326611069238353,actual calibration score
full_d3_T120,iid_dual_cap,calibration,195002,8,0.4,False,candidate_numerical_invalidity,"A[1,1]",-15.580257272760335,0.0,,guard-returned invalid sentinel; not an actual score
full_d3_T120,iid_dual_cap,calibration,195002,8,0.4,False,candidate_numerical_invalidity,"A[1,2]",-4.964830121897893,0.0,,guard-returned invalid sentinel; not an actual score
full_d3_T120,iid_dual_cap,calibration,195002,8,0.4,False,candidate_numerical_invalidity,"A[1,3]",2.36642920650999,0.0,,guard-returned invalid sentinel; not an actual score
full_d3_T120,iid_dual_cap,calibration,195002,8,0.4,False,candidate_numerical_invalidity,"A[2,1]",-3.124601395949335,0.0,,guard-returned invalid sentinel; not an actual score
full_d3_T120,iid_dual_cap,calibration,195002,8,0.4,False,candidate_numerical_invalidity,"A[2,2]",-5.548893909567864,0.0,,guard-returned invalid sentinel; not an actual score
full_d3_T120,iid_dual_cap,calibration,195002,8,0.4,False,candidate_numerical_invalidity,"A[2,3]",-6.817632428570587,0.0,,guard-returned invalid sentinel; not an actual score
full_d3_T120,iid_dual_cap,calibration,195002,8,0.4,False,candidate_numerical_invalidity,"A[3,1]",-12.840903085071028,0.0,,guard-returned invalid sentinel; not an actual score
full_d3_T120,iid_dual_cap,calibration,195002,8,0.4,False,candidate_numerical_invalidity,"A[3,2]",13.779505404486613,0.0,,guard-returned invalid sentinel; not an actual score
full_d3_T120,iid_dual_cap,calibration,195002,8,0.4,False,candidate_numerical_invalidity,"A[3,3]",2.244012270486261,0.0,,guard-returned invalid sentinel; not an actual score
full_d3_T120,iid_dual_cap,calibration,195002,8,0.4,False,candidate_numerical_invalidity,"log_LQ[1,1]",-4.568782150056954,0.0,,guard-returned invalid sentinel; not an actual score
full_d3_T120,iid_dual_cap,calibration,195002,8,0.4,False,candidate_numerical_invalidity,"LQ[2,1]",23.251397496607076,0.0,,guard-returned invalid sentinel; not an actual score
full_d3_T120,iid_dual_cap,calibration,195002,8,0.4,False,candidate_numerical_invalidity,"log_LQ[2,2]",-1.135126395874327,0.0,,guard-returned invalid sentinel; not an actual score
full_d3_T120,iid_dual_cap,calibration,195002,8,0.4,False,candidate_numerical_invalidity,"LQ[3,1]",-35.96249005003071,0.0,,guard-returned invalid sentinel; not an actual score
full_d3_T120,iid_dual_cap,calibration,195002,8,0.4,False,candidate_numerical_invalidity,"LQ[3,2]",1.8650610119384314,0.0,,guard-returned invalid sentinel; not an actual score
full_d3_T120,iid_dual_cap,calibration,195002,8,0.4,False,candidate_numerical_invalidity,"log_LQ[3,3]",13.968330452877655,0.0,,guard-returned invalid sentinel; not an actual score
full_d3_T120,iid_dual_cap,calibration,195002,8,0.4,False,candidate_numerical_invalidity,log_R_variance,9.653846631105603,0.0,,guard-returned invalid sentinel; not an actual score
full_d3_T120,iid_dual_cap,calibration,195002,8,0.4,False,candidate_numerical_invalidity,initial_mean_scale,-1.7720991479782522,0.0,,guard-returned invalid sentinel; not an actual score
full_d3_T2,iid_dual_cap,calibration,195001,2,0.4,False,candidate_numerical_invalidity,"A[1,1]",1.6263744193595622,0.0,,guard-returned invalid sentinel; not an actual score
full_d3_T2,iid_dual_cap,calibration,195001,2,0.4,False,candidate_numerical_invalidity,"A[1,2]",7.033679632689189,0.0,,guard-returned invalid sentinel; not an actual score
full_d3_T2,iid_dual_cap,calibration,195001,2,0.4,False,candidate_numerical_invalidity,"A[1,3]",-0.8779300362513536,0.0,,guard-returned invalid sentinel; not an actual score
full_d3_T2,iid_dual_cap,calibration,195001,2,0.4,False,candidate_numerical_invalidity,"A[2,1]",1.706398488849366,0.0,,guard-returned invalid sentinel; not an actual score
full_d3_T2,iid_dual_cap,calibration,195001,2,0.4,False,candidate_numerical_invalidity,"A[2,2]",3.0745586071161757,0.0,,guard-returned invalid sentinel; not an actual score
full_d3_T2,iid_dual_cap,calibration,195001,2,0.4,False,candidate_numerical_invalidity,"A[2,3]",-0.33932803552445234,0.0,,guard-returned invalid sentinel; not an actual score
full_d3_T2,iid_dual_cap,calibration,195001,2,0.4,False,candidate_numerical_invalidity,"A[3,1]",-1.1079227432435796,0.0,,guard-returned invalid sentinel; not an actual score
full_d3_T2,iid_dual_cap,calibration,195001,2,0.4,False,candidate_numerical_invalidity,"A[3,2]",-3.3464375132991258,0.0,,guard-returned invalid sentinel; not an actual score
full_d3_T2,iid_dual_cap,calibration,195001,2,0.4,False,candidate_numerical_invalidity,"A[3,3]",-0.45338572361615503,0.0,,guard-returned invalid sentinel; not an actual score
full_d3_T2,iid_dual_cap,calibration,195001,2,0.4,False,candidate_numerical_invalidity,"log_LQ[1,1]",0.9256635183531483,0.0,,guard-returned invalid sentinel; not an actual score
full_d3_T2,iid_dual_cap,calibration,195001,2,0.4,False,candidate_numerical_invalidity,"LQ[2,1]",0.9047036386976177,0.0,,guard-returned invalid sentinel; not an actual score
full_d3_T2,iid_dual_cap,calibration,195001,2,0.4,False,candidate_numerical_invalidity,"log_LQ[2,2]",1.7050159148204098,0.0,,guard-returned invalid sentinel; not an actual score
full_d3_T2,iid_dual_cap,calibration,195001,2,0.4,False,candidate_numerical_invalidity,"LQ[3,1]",-2.54960786519009,0.0,,guard-returned invalid sentinel; not an actual score
full_d3_T2,iid_dual_cap,calibration,195001,2,0.4,False,candidate_numerical_invalidity,"LQ[3,2]",0.4131051362630011,0.0,,guard-returned invalid sentinel; not an actual score
full_d3_T2,iid_dual_cap,calibration,195001,2,0.4,False,candidate_numerical_invalidity,"log_LQ[3,3]",0.059326247862984384,0.0,,guard-returned invalid sentinel; not an actual score
full_d3_T2,iid_dual_cap,calibration,195001,2,0.4,False,candidate_numerical_invalidity,log_R_variance,0.9376922431648245,0.0,,guard-returned invalid sentinel; not an actual score
full_d3_T2,iid_dual_cap,calibration,195001,2,0.4,False,candidate_numerical_invalidity,initial_mean_scale,-0.03097579888729629,0.0,,guard-returned invalid sentinel; not an actual score
full_d3_T2,iid_dual_cap,calibration,195002,2,0.4,False,candidate_numerical_invalidity,"A[1,1]",-0.18822249202081226,0.0,,guard-returned invalid sentinel; not an actual score
full_d3_T2,iid_dual_cap,calibration,195002,2,0.4,False,candidate_numerical_invalidity,"A[1,2]",-0.8560766900375124,0.0,,guard-returned invalid sentinel; not an actual score
full_d3_T2,iid_dual_cap,calibration,195002,2,0.4,False,candidate_numerical_invalidity,"A[1,3]",1.813881682072764,0.0,,guard-returned invalid sentinel; not an actual score
full_d3_T2,iid_dual_cap,calibration,195002,2,0.4,False,candidate_numerical_invalidity,"A[2,1]",0.4614688494013155,0.0,,guard-returned invalid sentinel; not an actual score
full_d3_T2,iid_dual_cap,calibration,195002,2,0.4,False,candidate_numerical_invalidity,"A[2,2]",-1.3856410799109322,0.0,,guard-returned invalid sentinel; not an actual score
full_d3_T2,iid_dual_cap,calibration,195002,2,0.4,False,candidate_numerical_invalidity,"A[2,3]",0.5855684800393215,0.0,,guard-returned invalid sentinel; not an actual score
full_d3_T2,iid_dual_cap,calibration,195002,2,0.4,False,candidate_numerical_invalidity,"A[3,1]",1.0620251962422902,0.0,,guard-returned invalid sentinel; not an actual score
full_d3_T2,iid_dual_cap,calibration,195002,2,0.4,False,candidate_numerical_invalidity,"A[3,2]",-1.2542982070252269,0.0,,guard-returned invalid sentinel; not an actual score
full_d3_T2,iid_dual_cap,calibration,195002,2,0.4,False,candidate_numerical_invalidity,"A[3,3]",1.9994571026174928,0.0,,guard-returned invalid sentinel; not an actual score
full_d3_T2,iid_dual_cap,calibration,195002,2,0.4,False,candidate_numerical_invalidity,"log_LQ[1,1]",-0.4810601603058755,0.0,,guard-returned invalid sentinel; not an actual score
full_d3_T2,iid_dual_cap,calibration,195002,2,0.4,False,candidate_numerical_invalidity,"LQ[2,1]",-0.7780553929940727,0.0,,guard-returned invalid sentinel; not an actual score
full_d3_T2,iid_dual_cap,calibration,195002,2,0.4,False,candidate_numerical_invalidity,"log_LQ[2,2]",-0.21349321998760537,0.0,,guard-returned invalid sentinel; not an actual score
full_d3_T2,iid_dual_cap,calibration,195002,2,0.4,False,candidate_numerical_invalidity,"LQ[3,1]",1.9567883327807842,0.0,,guard-returned invalid sentinel; not an actual score
full_d3_T2,iid_dual_cap,calibration,195002,2,0.4,False,candidate_numerical_invalidity,"LQ[3,2]",-2.227788006641615,0.0,,guard-returned invalid sentinel; not an actual score
full_d3_T2,iid_dual_cap,calibration,195002,2,0.4,False,candidate_numerical_invalidity,"log_LQ[3,3]",0.9702622448831755,0.0,,guard-returned invalid sentinel; not an actual score
full_d3_T2,iid_dual_cap,calibration,195002,2,0.4,False,candidate_numerical_invalidity,log_R_variance,0.12153511409328072,0.0,,guard-returned invalid sentinel; not an actual score
full_d3_T2,iid_dual_cap,calibration,195002,2,0.4,False,candidate_numerical_invalidity,initial_mean_scale,-1.7590520483076424,0.0,,guard-returned invalid sentinel; not an actual score
full_d3_T2,iid_dual_cap,calibration,195001,8,0.4,True,,"A[1,1]",1.6263744193595622,1.2306539196392252,0.39572049972033696,actual calibration score
full_d3_T2,iid_dual_cap,calibration,195001,8,0.4,True,,"A[1,2]",7.033679632689189,7.271657286756605,0.2379776540674161,actual calibration score
full_d3_T2,iid_dual_cap,calibration,195001,8,0.4,True,,"A[1,3]",-0.8779300362513536,-0.8727083779527317,0.005221658298621867,actual calibration score
full_d3_T2,iid_dual_cap,calibration,195001,8,0.4,True,,"A[2,1]",1.706398488849366,2.1940871046682124,0.4876886158188465,actual calibration score
full_d3_T2,iid_dual_cap,calibration,195001,8,0.4,True,,"A[2,2]",3.0745586071161757,2.8803704617436727,0.19418814537250295,actual calibration score
full_d3_T2,iid_dual_cap,calibration,195001,8,0.4,True,,"A[2,3]",-0.33932803552445234,-0.2972185528757536,0.04210948264869874,actual calibration score
full_d3_T2,iid_dual_cap,calibration,195001,8,0.4,True,,"A[3,1]",-1.1079227432435796,-0.7399658637407172,0.3679568795028625,actual calibration score
full_d3_T2,iid_dual_cap,calibration,195001,8,0.4,True,,"A[3,2]",-3.3464375132991258,-3.080250989336915,0.26618652396221076,actual calibration score
full_d3_T2,iid_dual_cap,calibration,195001,8,0.4,True,,"A[3,3]",-0.45338572361615503,-0.5406266874623419,0.08724096384618685,actual calibration score
full_d3_T2,iid_dual_cap,calibration,195001,8,0.4,True,,"log_LQ[1,1]",0.9256635183531483,1.1110975452481162,0.1854340268949679,actual calibration score
full_d3_T2,iid_dual_cap,calibration,195001,8,0.4,True,,"LQ[2,1]",0.9047036386976177,0.17633316516204356,0.7283704735355742,actual calibration score
full_d3_T2,iid_dual_cap,calibration,195001,8,0.4,True,,"log_LQ[2,2]",1.7050159148204098,1.9223213522273115,0.21730543740690167,actual calibration score
full_d3_T2,iid_dual_cap,calibration,195001,8,0.4,True,,"LQ[3,1]",-2.54960786519009,-2.6103185678397804,0.06071070264969025,actual calibration score
full_d3_T2,iid_dual_cap,calibration,195001,8,0.4,True,,"LQ[3,2]",0.4131051362630011,0.3114533474476755,0.1016517888153256,actual calibration score
full_d3_T2,iid_dual_cap,calibration,195001,8,0.4,True,,"log_LQ[3,3]",0.059326247862984384,0.04564923545845029,0.013677012404534096,actual calibration score
full_d3_T2,iid_dual_cap,calibration,195001,8,0.4,True,,log_R_variance,0.9376922431648245,0.9533137495156085,0.015621506350784076,actual calibration score
full_d3_T2,iid_dual_cap,calibration,195001,8,0.4,True,,initial_mean_scale,-0.03097579888729629,-0.1675093749129919,0.1365335760256956,actual calibration score
full_d3_T2,iid_dual_cap,calibration,195002,8,0.4,False,candidate_numerical_invalidity,"A[1,1]",-0.18822249202081226,0.0,,guard-returned invalid sentinel; not an actual score
full_d3_T2,iid_dual_cap,calibration,195002,8,0.4,False,candidate_numerical_invalidity,"A[1,2]",-0.8560766900375124,0.0,,guard-returned invalid sentinel; not an actual score
full_d3_T2,iid_dual_cap,calibration,195002,8,0.4,False,candidate_numerical_invalidity,"A[1,3]",1.813881682072764,0.0,,guard-returned invalid sentinel; not an actual score
full_d3_T2,iid_dual_cap,calibration,195002,8,0.4,False,candidate_numerical_invalidity,"A[2,1]",0.4614688494013155,0.0,,guard-returned invalid sentinel; not an actual score
full_d3_T2,iid_dual_cap,calibration,195002,8,0.4,False,candidate_numerical_invalidity,"A[2,2]",-1.3856410799109322,0.0,,guard-returned invalid sentinel; not an actual score
full_d3_T2,iid_dual_cap,calibration,195002,8,0.4,False,candidate_numerical_invalidity,"A[2,3]",0.5855684800393215,0.0,,guard-returned invalid sentinel; not an actual score
full_d3_T2,iid_dual_cap,calibration,195002,8,0.4,False,candidate_numerical_invalidity,"A[3,1]",1.0620251962422902,0.0,,guard-returned invalid sentinel; not an actual score
full_d3_T2,iid_dual_cap,calibration,195002,8,0.4,False,candidate_numerical_invalidity,"A[3,2]",-1.2542982070252269,0.0,,guard-returned invalid sentinel; not an actual score
full_d3_T2,iid_dual_cap,calibration,195002,8,0.4,False,candidate_numerical_invalidity,"A[3,3]",1.9994571026174928,0.0,,guard-returned invalid sentinel; not an actual score
full_d3_T2,iid_dual_cap,calibration,195002,8,0.4,False,candidate_numerical_invalidity,"log_LQ[1,1]",-0.4810601603058755,0.0,,guard-returned invalid sentinel; not an actual score
full_d3_T2,iid_dual_cap,calibration,195002,8,0.4,False,candidate_numerical_invalidity,"LQ[2,1]",-0.7780553929940727,0.0,,guard-returned invalid sentinel; not an actual score
full_d3_T2,iid_dual_cap,calibration,195002,8,0.4,False,candidate_numerical_invalidity,"log_LQ[2,2]",-0.21349321998760537,0.0,,guard-returned invalid sentinel; not an actual score
full_d3_T2,iid_dual_cap,calibration,195002,8,0.4,False,candidate_numerical_invalidity,"LQ[3,1]",1.9567883327807842,0.0,,guard-returned invalid sentinel; not an actual score
full_d3_T2,iid_dual_cap,calibration,195002,8,0.4,False,candidate_numerical_invalidity,"LQ[3,2]",-2.227788006641615,0.0,,guard-returned invalid sentinel; not an actual score
full_d3_T2,iid_dual_cap,calibration,195002,8,0.4,False,candidate_numerical_invalidity,"log_LQ[3,3]",0.9702622448831755,0.0,,guard-returned invalid sentinel; not an actual score
full_d3_T2,iid_dual_cap,calibration,195002,8,0.4,False,candidate_numerical_invalidity,log_R_variance,0.12153511409328072,0.0,,guard-returned invalid sentinel; not an actual score
full_d3_T2,iid_dual_cap,calibration,195002,8,0.4,False,candidate_numerical_invalidity,initial_mean_scale,-1.7590520483076424,0.0,,guard-returned invalid sentinel; not an actual score
full_d3_T2,previous_inverse_cdf,calibration,195001,2,0.4,True,,"A[1,1]",1.6263744193595622,1.7467193951373288,0.1203449757777666,actual calibration score
full_d3_T2,previous_inverse_cdf,calibration,195001,2,0.4,True,,"A[1,2]",7.033679632689189,7.152206879272134,0.11852724658294456,actual calibration score
full_d3_T2,previous_inverse_cdf,calibration,195001,2,0.4,True,,"A[1,3]",-0.8779300362513536,-0.670907970937003,0.20702206531435052,actual calibration score
full_d3_T2,previous_inverse_cdf,calibration,195001,2,0.4,True,,"A[2,1]",1.706398488849366,1.5941906986033945,0.1122077902459715,actual calibration score
full_d3_T2,previous_inverse_cdf,calibration,195001,2,0.4,True,,"A[2,2]",3.0745586071161757,3.0664135173837384,0.008145089732437327,actual calibration score
full_d3_T2,previous_inverse_cdf,calibration,195001,2,0.4,True,,"A[2,3]",-0.33932803552445234,-0.2812271363928357,0.058100899131616646,actual calibration score
full_d3_T2,previous_inverse_cdf,calibration,195001,2,0.4,True,,"A[3,1]",-1.1079227432435796,-1.1531298176190983,0.04520707437551863,actual calibration score
full_d3_T2,previous_inverse_cdf,calibration,195001,2,0.4,True,,"A[3,2]",-3.3464375132991258,-3.567269008408211,0.22083149510908529,actual calibration score
full_d3_T2,previous_inverse_cdf,calibration,195001,2,0.4,True,,"A[3,3]",-0.45338572361615503,-0.5298917353356464,0.07650601171949134,actual calibration score
full_d3_T2,previous_inverse_cdf,calibration,195001,2,0.4,True,,"log_LQ[1,1]",0.9256635183531483,0.8801197795396376,0.045543738813510704,actual calibration score
full_d3_T2,previous_inverse_cdf,calibration,195001,2,0.4,True,,"LQ[2,1]",0.9047036386976177,0.9463523578076241,0.04164871911000634,actual calibration score
full_d3_T2,previous_inverse_cdf,calibration,195001,2,0.4,True,,"log_LQ[2,2]",1.7050159148204098,1.7458303315794732,0.04081441675906339,actual calibration score
full_d3_T2,previous_inverse_cdf,calibration,195001,2,0.4,True,,"LQ[3,1]",-2.54960786519009,-2.9087957256348456,0.35918786044475537,actual calibration score
full_d3_T2,previous_inverse_cdf,calibration,195001,2,0.4,True,,"LQ[3,2]",0.4131051362630011,0.21294267649170937,0.20016245977129174,actual calibration score
full_d3_T2,previous_inverse_cdf,calibration,195001,2,0.4,True,,"log_LQ[3,3]",0.059326247862984384,0.07633366930149321,0.017007421438508828,actual calibration score
full_d3_T2,previous_inverse_cdf,calibration,195001,2,0.4,True,,log_R_variance,0.9376922431648245,0.9293986961165348,0.008293547048289662,actual calibration score
full_d3_T2,previous_inverse_cdf,calibration,195001,2,0.4,True,,initial_mean_scale,-0.03097579888729629,0.011532952656291673,0.042508751543587964,actual calibration score
full_d3_T2,previous_inverse_cdf,calibration,195002,2,0.4,False,candidate_numerical_invalidity,"A[1,1]",-0.18822249202081226,0.0,,guard-returned invalid sentinel; not an actual score
full_d3_T2,previous_inverse_cdf,calibration,195002,2,0.4,False,candidate_numerical_invalidity,"A[1,2]",-0.8560766900375124,0.0,,guard-returned invalid sentinel; not an actual score
full_d3_T2,previous_inverse_cdf,calibration,195002,2,0.4,False,candidate_numerical_invalidity,"A[1,3]",1.813881682072764,0.0,,guard-returned invalid sentinel; not an actual score
full_d3_T2,previous_inverse_cdf,calibration,195002,2,0.4,False,candidate_numerical_invalidity,"A[2,1]",0.4614688494013155,0.0,,guard-returned invalid sentinel; not an actual score
full_d3_T2,previous_inverse_cdf,calibration,195002,2,0.4,False,candidate_numerical_invalidity,"A[2,2]",-1.3856410799109322,0.0,,guard-returned invalid sentinel; not an actual score
full_d3_T2,previous_inverse_cdf,calibration,195002,2,0.4,False,candidate_numerical_invalidity,"A[2,3]",0.5855684800393215,0.0,,guard-returned invalid sentinel; not an actual score
full_d3_T2,previous_inverse_cdf,calibration,195002,2,0.4,False,candidate_numerical_invalidity,"A[3,1]",1.0620251962422902,0.0,,guard-returned invalid sentinel; not an actual score
full_d3_T2,previous_inverse_cdf,calibration,195002,2,0.4,False,candidate_numerical_invalidity,"A[3,2]",-1.2542982070252269,0.0,,guard-returned invalid sentinel; not an actual score
full_d3_T2,previous_inverse_cdf,calibration,195002,2,0.4,False,candidate_numerical_invalidity,"A[3,3]",1.9994571026174928,0.0,,guard-returned invalid sentinel; not an actual score
full_d3_T2,previous_inverse_cdf,calibration,195002,2,0.4,False,candidate_numerical_invalidity,"log_LQ[1,1]",-0.4810601603058755,0.0,,guard-returned invalid sentinel; not an actual score
full_d3_T2,previous_inverse_cdf,calibration,195002,2,0.4,False,candidate_numerical_invalidity,"LQ[2,1]",-0.7780553929940727,0.0,,guard-returned invalid sentinel; not an actual score
full_d3_T2,previous_inverse_cdf,calibration,195002,2,0.4,False,candidate_numerical_invalidity,"log_LQ[2,2]",-0.21349321998760537,0.0,,guard-returned invalid sentinel; not an actual score
full_d3_T2,previous_inverse_cdf,calibration,195002,2,0.4,False,candidate_numerical_invalidity,"LQ[3,1]",1.9567883327807842,0.0,,guard-returned invalid sentinel; not an actual score
full_d3_T2,previous_inverse_cdf,calibration,195002,2,0.4,False,candidate_numerical_invalidity,"LQ[3,2]",-2.227788006641615,0.0,,guard-returned invalid sentinel; not an actual score
full_d3_T2,previous_inverse_cdf,calibration,195002,2,0.4,False,candidate_numerical_invalidity,"log_LQ[3,3]",0.9702622448831755,0.0,,guard-returned invalid sentinel; not an actual score
full_d3_T2,previous_inverse_cdf,calibration,195002,2,0.4,False,candidate_numerical_invalidity,log_R_variance,0.12153511409328072,0.0,,guard-returned invalid sentinel; not an actual score
full_d3_T2,previous_inverse_cdf,calibration,195002,2,0.4,False,candidate_numerical_invalidity,initial_mean_scale,-1.7590520483076424,0.0,,guard-returned invalid sentinel; not an actual score
full_d3_T2,previous_inverse_cdf,calibration,195001,8,0.4,True,,"A[1,1]",1.6263744193595622,1.861860259090879,0.23548583973131687,actual calibration score
full_d3_T2,previous_inverse_cdf,calibration,195001,8,0.4,True,,"A[1,2]",7.033679632689189,7.385998925685209,0.35231929299601994,actual calibration score
full_d3_T2,previous_inverse_cdf,calibration,195001,8,0.4,True,,"A[1,3]",-0.8779300362513536,-0.7016836771563345,0.17624635909501907,actual calibration score
full_d3_T2,previous_inverse_cdf,calibration,195001,8,0.4,True,,"A[2,1]",1.706398488849366,1.4639299785920397,0.2424685102573263,actual calibration score
full_d3_T2,previous_inverse_cdf,calibration,195001,8,0.4,True,,"A[2,2]",3.0745586071161757,2.617935301589699,0.45662330552647656,actual calibration score
full_d3_T2,previous_inverse_cdf,calibration,195001,8,0.4,True,,"A[2,3]",-0.33932803552445234,-0.23715870439542175,0.1021693311290306,actual calibration score
full_d3_T2,previous_inverse_cdf,calibration,195001,8,0.4,True,,"A[3,1]",-1.1079227432435796,-1.0329079002865196,0.07501484295706007,actual calibration score
full_d3_T2,previous_inverse_cdf,calibration,195001,8,0.4,True,,"A[3,2]",-3.3464375132991258,-3.4772937933980455,0.1308562800989197,actual calibration score
full_d3_T2,previous_inverse_cdf,calibration,195001,8,0.4,True,,"A[3,3]",-0.45338572361615503,-0.4613220986984541,0.007936375082299052,actual calibration score
full_d3_T2,previous_inverse_cdf,calibration,195001,8,0.4,True,,"log_LQ[1,1]",0.9256635183531483,0.8908992585543232,0.03476425979882514,actual calibration score
full_d3_T2,previous_inverse_cdf,calibration,195001,8,0.4,True,,"LQ[2,1]",0.9047036386976177,0.9044617337299532,0.00024190496766451908,actual calibration score
full_d3_T2,previous_inverse_cdf,calibration,195001,8,0.4,True,,"log_LQ[2,2]",1.7050159148204098,2.060698915251031,0.35568300043062107,actual calibration score
full_d3_T2,previous_inverse_cdf,calibration,195001,8,0.4,True,,"LQ[3,1]",-2.54960786519009,-2.8427297043504987,0.29312183916040846,actual calibration score
full_d3_T2,previous_inverse_cdf,calibration,195001,8,0.4,True,,"LQ[3,2]",0.4131051362630011,0.3788604584119754,0.034244677851025696,actual calibration score
full_d3_T2,previous_inverse_cdf,calibration,195001,8,0.4,True,,"log_LQ[3,3]",0.059326247862984384,0.06464555378833331,0.005319305925348926,actual calibration score
full_d3_T2,previous_inverse_cdf,calibration,195001,8,0.4,True,,log_R_variance,0.9376922431648245,0.886766031489584,0.050926211675240474,actual calibration score
full_d3_T2,previous_inverse_cdf,calibration,195001,8,0.4,True,,initial_mean_scale,-0.03097579888729629,0.08034533478131572,0.11132113366861202,actual calibration score
full_d3_T2,previous_inverse_cdf,calibration,195002,8,0.4,False,candidate_numerical_invalidity,"A[1,1]",-0.18822249202081226,0.0,,guard-returned invalid sentinel; not an actual score
full_d3_T2,previous_inverse_cdf,calibration,195002,8,0.4,False,candidate_numerical_invalidity,"A[1,2]",-0.8560766900375124,0.0,,guard-returned invalid sentinel; not an actual score
full_d3_T2,previous_inverse_cdf,calibration,195002,8,0.4,False,candidate_numerical_invalidity,"A[1,3]",1.813881682072764,0.0,,guard-returned invalid sentinel; not an actual score
full_d3_T2,previous_inverse_cdf,calibration,195002,8,0.4,False,candidate_numerical_invalidity,"A[2,1]",0.4614688494013155,0.0,,guard-returned invalid sentinel; not an actual score
full_d3_T2,previous_inverse_cdf,calibration,195002,8,0.4,False,candidate_numerical_invalidity,"A[2,2]",-1.3856410799109322,0.0,,guard-returned invalid sentinel; not an actual score
full_d3_T2,previous_inverse_cdf,calibration,195002,8,0.4,False,candidate_numerical_invalidity,"A[2,3]",0.5855684800393215,0.0,,guard-returned invalid sentinel; not an actual score
full_d3_T2,previous_inverse_cdf,calibration,195002,8,0.4,False,candidate_numerical_invalidity,"A[3,1]",1.0620251962422902,0.0,,guard-returned invalid sentinel; not an actual score
full_d3_T2,previous_inverse_cdf,calibration,195002,8,0.4,False,candidate_numerical_invalidity,"A[3,2]",-1.2542982070252269,0.0,,guard-returned invalid sentinel; not an actual score
full_d3_T2,previous_inverse_cdf,calibration,195002,8,0.4,False,candidate_numerical_invalidity,"A[3,3]",1.9994571026174928,0.0,,guard-returned invalid sentinel; not an actual score
full_d3_T2,previous_inverse_cdf,calibration,195002,8,0.4,False,candidate_numerical_invalidity,"log_LQ[1,1]",-0.4810601603058755,0.0,,guard-returned invalid sentinel; not an actual score
full_d3_T2,previous_inverse_cdf,calibration,195002,8,0.4,False,candidate_numerical_invalidity,"LQ[2,1]",-0.7780553929940727,0.0,,guard-returned invalid sentinel; not an actual score
full_d3_T2,previous_inverse_cdf,calibration,195002,8,0.4,False,candidate_numerical_invalidity,"log_LQ[2,2]",-0.21349321998760537,0.0,,guard-returned invalid sentinel; not an actual score
full_d3_T2,previous_inverse_cdf,calibration,195002,8,0.4,False,candidate_numerical_invalidity,"LQ[3,1]",1.9567883327807842,0.0,,guard-returned invalid sentinel; not an actual score
full_d3_T2,previous_inverse_cdf,calibration,195002,8,0.4,False,candidate_numerical_invalidity,"LQ[3,2]",-2.227788006641615,0.0,,guard-returned invalid sentinel; not an actual score
full_d3_T2,previous_inverse_cdf,calibration,195002,8,0.4,False,candidate_numerical_invalidity,"log_LQ[3,3]",0.9702622448831755,0.0,,guard-returned invalid sentinel; not an actual score
full_d3_T2,previous_inverse_cdf,calibration,195002,8,0.4,False,candidate_numerical_invalidity,log_R_variance,0.12153511409328072,0.0,,guard-returned invalid sentinel; not an actual score
full_d3_T2,previous_inverse_cdf,calibration,195002,8,0.4,False,candidate_numerical_invalidity,initial_mean_scale,-1.7590520483076424,0.0,,guard-returned invalid sentinel; not an actual score
full_d3_T2,repaired_permutation,calibration,195001,2,0.4,True,,"A[1,1]",1.6263744193595622,1.7756415627338114,0.14926714337424918,actual calibration score
full_d3_T2,repaired_permutation,calibration,195001,2,0.4,True,,"A[1,2]",7.033679632689189,6.946828177325722,0.08685145536346717,actual calibration score
full_d3_T2,repaired_permutation,calibration,195001,2,0.4,True,,"A[1,3]",-0.8779300362513536,-0.7494335669656665,0.12849646928568703,actual calibration score
full_d3_T2,repaired_permutation,calibration,195001,2,0.4,True,,"A[2,1]",1.706398488849366,1.5906281394740844,0.11577034937528152,actual calibration score
full_d3_T2,repaired_permutation,calibration,195001,2,0.4,True,,"A[2,2]",3.0745586071161757,3.351883364187068,0.2773247570708923,actual calibration score
full_d3_T2,repaired_permutation,calibration,195001,2,0.4,True,,"A[2,3]",-0.33932803552445234,-0.3926982557501976,0.05337022022574528,actual calibration score
full_d3_T2,repaired_permutation,calibration,195001,2,0.4,True,,"A[3,1]",-1.1079227432435796,-1.2477753316785327,0.13985258843495307,actual calibration score
full_d3_T2,repaired_permutation,calibration,195001,2,0.4,True,,"A[3,2]",-3.3464375132991258,-3.524891649319092,0.1784541360199663,actual calibration score
full_d3_T2,repaired_permutation,calibration,195001,2,0.4,True,,"A[3,3]",-0.45338572361615503,-0.47121429346979277,0.017828569853637732,actual calibration score
full_d3_T2,repaired_permutation,calibration,195001,2,0.4,True,,"log_LQ[1,1]",0.9256635183531483,0.8394177092076331,0.08624580914551516,actual calibration score
full_d3_T2,repaired_permutation,calibration,195001,2,0.4,True,,"LQ[2,1]",0.9047036386976177,1.2111220324401992,0.3064183937425815,actual calibration score
full_d3_T2,repaired_permutation,calibration,195001,2,0.4,True,,"log_LQ[2,2]",1.7050159148204098,1.553568812639074,0.15144710218133572,actual calibration score
full_d3_T2,repaired_permutation,calibration,195001,2,0.4,True,,"LQ[3,1]",-2.54960786519009,-2.808884587329755,0.2592767221396648,actual calibration score
full_d3_T2,repaired_permutation,calibration,195001,2,0.4,True,,"LQ[3,2]",0.4131051362630011,0.33653871466379454,0.07656642159920657,actual calibration score
full_d3_T2,repaired_permutation,calibration,195001,2,0.4,True,,"log_LQ[3,3]",0.059326247862984384,0.061395746265162254,0.0020694984021778703,actual calibration score
full_d3_T2,repaired_permutation,calibration,195001,2,0.4,True,,log_R_variance,0.9376922431648245,0.9486614915945107,0.010969248429686274,actual calibration score
full_d3_T2,repaired_permutation,calibration,195001,2,0.4,True,,initial_mean_scale,-0.03097579888729629,-0.00915332439169525,0.02182247449560104,actual calibration score
full_d3_T2,repaired_permutation,calibration,195002,2,0.4,False,candidate_numerical_invalidity,"A[1,1]",-0.18822249202081226,0.0,,guard-returned invalid sentinel; not an actual score
full_d3_T2,repaired_permutation,calibration,195002,2,0.4,False,candidate_numerical_invalidity,"A[1,2]",-0.8560766900375124,0.0,,guard-returned invalid sentinel; not an actual score
full_d3_T2,repaired_permutation,calibration,195002,2,0.4,False,candidate_numerical_invalidity,"A[1,3]",1.813881682072764,0.0,,guard-returned invalid sentinel; not an actual score
full_d3_T2,repaired_permutation,calibration,195002,2,0.4,False,candidate_numerical_invalidity,"A[2,1]",0.4614688494013155,0.0,,guard-returned invalid sentinel; not an actual score
full_d3_T2,repaired_permutation,calibration,195002,2,0.4,False,candidate_numerical_invalidity,"A[2,2]",-1.3856410799109322,0.0,,guard-returned invalid sentinel; not an actual score
full_d3_T2,repaired_permutation,calibration,195002,2,0.4,False,candidate_numerical_invalidity,"A[2,3]",0.5855684800393215,0.0,,guard-returned invalid sentinel; not an actual score
full_d3_T2,repaired_permutation,calibration,195002,2,0.4,False,candidate_numerical_invalidity,"A[3,1]",1.0620251962422902,0.0,,guard-returned invalid sentinel; not an actual score
full_d3_T2,repaired_permutation,calibration,195002,2,0.4,False,candidate_numerical_invalidity,"A[3,2]",-1.2542982070252269,0.0,,guard-returned invalid sentinel; not an actual score
full_d3_T2,repaired_permutation,calibration,195002,2,0.4,False,candidate_numerical_invalidity,"A[3,3]",1.9994571026174928,0.0,,guard-returned invalid sentinel; not an actual score
full_d3_T2,repaired_permutation,calibration,195002,2,0.4,False,candidate_numerical_invalidity,"log_LQ[1,1]",-0.4810601603058755,0.0,,guard-returned invalid sentinel; not an actual score
full_d3_T2,repaired_permutation,calibration,195002,2,0.4,False,candidate_numerical_invalidity,"LQ[2,1]",-0.7780553929940727,0.0,,guard-returned invalid sentinel; not an actual score
full_d3_T2,repaired_permutation,calibration,195002,2,0.4,False,candidate_numerical_invalidity,"log_LQ[2,2]",-0.21349321998760537,0.0,,guard-returned invalid sentinel; not an actual score
full_d3_T2,repaired_permutation,calibration,195002,2,0.4,False,candidate_numerical_invalidity,"LQ[3,1]",1.9567883327807842,0.0,,guard-returned invalid sentinel; not an actual score
full_d3_T2,repaired_permutation,calibration,195002,2,0.4,False,candidate_numerical_invalidity,"LQ[3,2]",-2.227788006641615,0.0,,guard-returned invalid sentinel; not an actual score
full_d3_T2,repaired_permutation,calibration,195002,2,0.4,False,candidate_numerical_invalidity,"log_LQ[3,3]",0.9702622448831755,0.0,,guard-returned invalid sentinel; not an actual score
full_d3_T2,repaired_permutation,calibration,195002,2,0.4,False,candidate_numerical_invalidity,log_R_variance,0.12153511409328072,0.0,,guard-returned invalid sentinel; not an actual score
full_d3_T2,repaired_permutation,calibration,195002,2,0.4,False,candidate_numerical_invalidity,initial_mean_scale,-1.7590520483076424,0.0,,guard-returned invalid sentinel; not an actual score
full_d3_T2,repaired_permutation,calibration,195001,8,0.4,True,,"A[1,1]",1.6263744193595622,1.932111034596356,0.30573661523679374,actual calibration score
full_d3_T2,repaired_permutation,calibration,195001,8,0.4,True,,"A[1,2]",7.033679632689189,7.2905397539963674,0.25686012130717817,actual calibration score
full_d3_T2,repaired_permutation,calibration,195001,8,0.4,True,,"A[1,3]",-0.8779300362513536,-0.7615112021716157,0.11641883407973785,actual calibration score
full_d3_T2,repaired_permutation,calibration,195001,8,0.4,True,,"A[2,1]",1.706398488849366,1.4476350394659432,0.25876344938342277,actual calibration score
full_d3_T2,repaired_permutation,calibration,195001,8,0.4,True,,"A[2,2]",3.0745586071161757,2.825675649487103,0.24888295762907253,actual calibration score
full_d3_T2,repaired_permutation,calibration,195001,8,0.4,True,,"A[2,3]",-0.33932803552445234,-0.3539030443299866,0.01457500880553425,actual calibration score
full_d3_T2,repaired_permutation,calibration,195001,8,0.4,True,,"A[3,1]",-1.1079227432435796,-1.0891887663301119,0.018733976913467787,actual calibration score
full_d3_T2,repaired_permutation,calibration,195001,8,0.4,True,,"A[3,2]",-3.3464375132991258,-3.341398897429253,0.0050386158698727534,actual calibration score
full_d3_T2,repaired_permutation,calibration,195001,8,0.4,True,,"A[3,3]",-0.45338572361615503,-0.502385867694286,0.049000144078130914,actual calibration score
full_d3_T2,repaired_permutation,calibration,195001,8,0.4,True,,"log_LQ[1,1]",0.9256635183531483,0.8307511340055764,0.09491238434757188,actual calibration score
full_d3_T2,repaired_permutation,calibration,195001,8,0.4,True,,"LQ[2,1]",0.9047036386976177,0.9828903874097088,0.07818674871209108,actual calibration score
full_d3_T2,repaired_permutation,calibration,195001,8,0.4,True,,"log_LQ[2,2]",1.7050159148204098,1.8096864541521505,0.10467053933174064,actual calibration score
full_d3_T2,repaired_permutation,calibration,195001,8,0.4,True,,"LQ[3,1]",-2.54960786519009,-2.741198016805642,0.19159015161555182,actual calibration score
full_d3_T2,repaired_permutation,calibration,195001,8,0.4,True,,"LQ[3,2]",0.4131051362630011,0.4649415943720913,0.05183645810909021,actual calibration score
full_d3_T2,repaired_permutation,calibration,195001,8,0.4,True,,"log_LQ[3,3]",0.059326247862984384,0.10043957539916737,0.041113327536182985,actual calibration score
full_d3_T2,repaired_permutation,calibration,195001,8,0.4,True,,log_R_variance,0.9376922431648245,0.8598946179484226,0.07779762521640188,actual calibration score
full_d3_T2,repaired_permutation,calibration,195001,8,0.4,True,,initial_mean_scale,-0.03097579888729629,0.11347427248640438,0.14445007137370067,actual calibration score
full_d3_T2,repaired_permutation,calibration,195002,8,0.4,False,candidate_numerical_invalidity,"A[1,1]",-0.18822249202081226,0.0,,guard-returned invalid sentinel; not an actual score
full_d3_T2,repaired_permutation,calibration,195002,8,0.4,False,candidate_numerical_invalidity,"A[1,2]",-0.8560766900375124,0.0,,guard-returned invalid sentinel; not an actual score
full_d3_T2,repaired_permutation,calibration,195002,8,0.4,False,candidate_numerical_invalidity,"A[1,3]",1.813881682072764,0.0,,guard-returned invalid sentinel; not an actual score
full_d3_T2,repaired_permutation,calibration,195002,8,0.4,False,candidate_numerical_invalidity,"A[2,1]",0.4614688494013155,0.0,,guard-returned invalid sentinel; not an actual score
full_d3_T2,repaired_permutation,calibration,195002,8,0.4,False,candidate_numerical_invalidity,"A[2,2]",-1.3856410799109322,0.0,,guard-returned invalid sentinel; not an actual score
full_d3_T2,repaired_permutation,calibration,195002,8,0.4,False,candidate_numerical_invalidity,"A[2,3]",0.5855684800393215,0.0,,guard-returned invalid sentinel; not an actual score
full_d3_T2,repaired_permutation,calibration,195002,8,0.4,False,candidate_numerical_invalidity,"A[3,1]",1.0620251962422902,0.0,,guard-returned invalid sentinel; not an actual score
full_d3_T2,repaired_permutation,calibration,195002,8,0.4,False,candidate_numerical_invalidity,"A[3,2]",-1.2542982070252269,0.0,,guard-returned invalid sentinel; not an actual score
full_d3_T2,repaired_permutation,calibration,195002,8,0.4,False,candidate_numerical_invalidity,"A[3,3]",1.9994571026174928,0.0,,guard-returned invalid sentinel; not an actual score
full_d3_T2,repaired_permutation,calibration,195002,8,0.4,False,candidate_numerical_invalidity,"log_LQ[1,1]",-0.4810601603058755,0.0,,guard-returned invalid sentinel; not an actual score
full_d3_T2,repaired_permutation,calibration,195002,8,0.4,False,candidate_numerical_invalidity,"LQ[2,1]",-0.7780553929940727,0.0,,guard-returned invalid sentinel; not an actual score
full_d3_T2,repaired_permutation,calibration,195002,8,0.4,False,candidate_numerical_invalidity,"log_LQ[2,2]",-0.21349321998760537,0.0,,guard-returned invalid sentinel; not an actual score
full_d3_T2,repaired_permutation,calibration,195002,8,0.4,False,candidate_numerical_invalidity,"LQ[3,1]",1.9567883327807842,0.0,,guard-returned invalid sentinel; not an actual score
full_d3_T2,repaired_permutation,calibration,195002,8,0.4,False,candidate_numerical_invalidity,"LQ[3,2]",-2.227788006641615,0.0,,guard-returned invalid sentinel; not an actual score
full_d3_T2,repaired_permutation,calibration,195002,8,0.4,False,candidate_numerical_invalidity,"log_LQ[3,3]",0.9702622448831755,0.0,,guard-returned invalid sentinel; not an actual score
full_d3_T2,repaired_permutation,calibration,195002,8,0.4,False,candidate_numerical_invalidity,log_R_variance,0.12153511409328072,0.0,,guard-returned invalid sentinel; not an actual score
full_d3_T2,repaired_permutation,calibration,195002,8,0.4,False,candidate_numerical_invalidity,initial_mean_scale,-1.7590520483076424,0.0,,guard-returned invalid sentinel; not an actual score
full_d3_T2,repaired_permutation_ablation,calibration,195001,2,0.4,True,,"A[1,1]",1.6263744193595622,1.7782808134292585,0.1519063940696963,actual calibration score
full_d3_T2,repaired_permutation_ablation,calibration,195001,2,0.4,True,,"A[1,2]",7.033679632689189,6.940001259363967,0.093678373325222,actual calibration score
full_d3_T2,repaired_permutation_ablation,calibration,195001,2,0.4,True,,"A[1,3]",-0.8779300362513536,-0.7476072559901145,0.1303227802612391,actual calibration score
full_d3_T2,repaired_permutation_ablation,calibration,195001,2,0.4,True,,"A[2,1]",1.706398488849366,1.5985491007098984,0.10784938813946754,actual calibration score
full_d3_T2,repaired_permutation_ablation,calibration,195001,2,0.4,True,,"A[2,2]",3.0745586071161757,3.350944161649381,0.27638555453320546,actual calibration score
full_d3_T2,repaired_permutation_ablation,calibration,195001,2,0.4,True,,"A[2,3]",-0.33932803552445234,-0.38937498218033584,0.050046946655883495,actual calibration score
full_d3_T2,repaired_permutation_ablation,calibration,195001,2,0.4,True,,"A[3,1]",-1.1079227432435796,-1.2449288651865902,0.13700612194301054,actual calibration score
full_d3_T2,repaired_permutation_ablation,calibration,195001,2,0.4,True,,"A[3,2]",-3.3464375132991258,-3.5176318967019053,0.1711943834027796,actual calibration score
full_d3_T2,repaired_permutation_ablation,calibration,195001,2,0.4,True,,"A[3,3]",-0.45338572361615503,-0.4709938132677905,0.01760808965163546,actual calibration score
full_d3_T2,repaired_permutation_ablation,calibration,195001,2,0.4,True,,"log_LQ[1,1]",0.9256635183531483,0.8330812986194291,0.09258221973371916,actual calibration score
full_d3_T2,repaired_permutation_ablation,calibration,195001,2,0.4,True,,"LQ[2,1]",0.9047036386976177,1.202667971655205,0.2979643329575872,actual calibration score
full_d3_T2,repaired_permutation_ablation,calibration,195001,2,0.4,True,,"log_LQ[2,2]",1.7050159148204098,1.56023639498467,0.14477951983573978,actual calibration score
full_d3_T2,repaired_permutation_ablation,calibration,195001,2,0.4,True,,"LQ[3,1]",-2.54960786519009,-2.809141319485686,0.2595334542955956,actual calibration score
full_d3_T2,repaired_permutation_ablation,calibration,195001,2,0.4,True,,"LQ[3,2]",0.4131051362630011,0.3398689064900431,0.07323622977295802,actual calibration score
full_d3_T2,repaired_permutation_ablation,calibration,195001,2,0.4,True,,"log_LQ[3,3]",0.059326247862984384,0.0666876090457556,0.007361361182771219,actual calibration score
full_d3_T2,repaired_permutation_ablation,calibration,195001,2,0.4,True,,log_R_variance,0.9376922431648245,0.9443038347511097,0.006611591586285215,actual calibration score
full_d3_T2,repaired_permutation_ablation,calibration,195001,2,0.4,True,,initial_mean_scale,-0.03097579888729629,-0.01026712367597793,0.02070867521131836,actual calibration score
full_d3_T2,repaired_permutation_ablation,calibration,195002,2,0.4,False,candidate_numerical_invalidity,"A[1,1]",-0.18822249202081226,0.0,,guard-returned invalid sentinel; not an actual score
full_d3_T2,repaired_permutation_ablation,calibration,195002,2,0.4,False,candidate_numerical_invalidity,"A[1,2]",-0.8560766900375124,0.0,,guard-returned invalid sentinel; not an actual score
full_d3_T2,repaired_permutation_ablation,calibration,195002,2,0.4,False,candidate_numerical_invalidity,"A[1,3]",1.813881682072764,0.0,,guard-returned invalid sentinel; not an actual score
full_d3_T2,repaired_permutation_ablation,calibration,195002,2,0.4,False,candidate_numerical_invalidity,"A[2,1]",0.4614688494013155,0.0,,guard-returned invalid sentinel; not an actual score
full_d3_T2,repaired_permutation_ablation,calibration,195002,2,0.4,False,candidate_numerical_invalidity,"A[2,2]",-1.3856410799109322,0.0,,guard-returned invalid sentinel; not an actual score
full_d3_T2,repaired_permutation_ablation,calibration,195002,2,0.4,False,candidate_numerical_invalidity,"A[2,3]",0.5855684800393215,0.0,,guard-returned invalid sentinel; not an actual score
full_d3_T2,repaired_permutation_ablation,calibration,195002,2,0.4,False,candidate_numerical_invalidity,"A[3,1]",1.0620251962422902,0.0,,guard-returned invalid sentinel; not an actual score
full_d3_T2,repaired_permutation_ablation,calibration,195002,2,0.4,False,candidate_numerical_invalidity,"A[3,2]",-1.2542982070252269,0.0,,guard-returned invalid sentinel; not an actual score
full_d3_T2,repaired_permutation_ablation,calibration,195002,2,0.4,False,candidate_numerical_invalidity,"A[3,3]",1.9994571026174928,0.0,,guard-returned invalid sentinel; not an actual score
full_d3_T2,repaired_permutation_ablation,calibration,195002,2,0.4,False,candidate_numerical_invalidity,"log_LQ[1,1]",-0.4810601603058755,0.0,,guard-returned invalid sentinel; not an actual score
full_d3_T2,repaired_permutation_ablation,calibration,195002,2,0.4,False,candidate_numerical_invalidity,"LQ[2,1]",-0.7780553929940727,0.0,,guard-returned invalid sentinel; not an actual score
full_d3_T2,repaired_permutation_ablation,calibration,195002,2,0.4,False,candidate_numerical_invalidity,"log_LQ[2,2]",-0.21349321998760537,0.0,,guard-returned invalid sentinel; not an actual score
full_d3_T2,repaired_permutation_ablation,calibration,195002,2,0.4,False,candidate_numerical_invalidity,"LQ[3,1]",1.9567883327807842,0.0,,guard-returned invalid sentinel; not an actual score
full_d3_T2,repaired_permutation_ablation,calibration,195002,2,0.4,False,candidate_numerical_invalidity,"LQ[3,2]",-2.227788006641615,0.0,,guard-returned invalid sentinel; not an actual score
full_d3_T2,repaired_permutation_ablation,calibration,195002,2,0.4,False,candidate_numerical_invalidity,"log_LQ[3,3]",0.9702622448831755,0.0,,guard-returned invalid sentinel; not an actual score
full_d3_T2,repaired_permutation_ablation,calibration,195002,2,0.4,False,candidate_numerical_invalidity,log_R_variance,0.12153511409328072,0.0,,guard-returned invalid sentinel; not an actual score
full_d3_T2,repaired_permutation_ablation,calibration,195002,2,0.4,False,candidate_numerical_invalidity,initial_mean_scale,-1.7590520483076424,0.0,,guard-returned invalid sentinel; not an actual score
full_d3_T2,repaired_permutation_ablation,calibration,195001,8,0.4,True,,"A[1,1]",1.6263744193595622,1.9337699185402726,0.3073954991807104,actual calibration score
full_d3_T2,repaired_permutation_ablation,calibration,195001,8,0.4,True,,"A[1,2]",7.033679632689189,7.29138229523858,0.25770266254939056,actual calibration score
full_d3_T2,repaired_permutation_ablation,calibration,195001,8,0.4,True,,"A[1,3]",-0.8779300362513536,-0.7598579179250258,0.1180721183263278,actual calibration score
full_d3_T2,repaired_permutation_ablation,calibration,195001,8,0.4,True,,"A[2,1]",1.706398488849366,1.449221839202393,0.25717664964697295,actual calibration score
full_d3_T2,repaired_permutation_ablation,calibration,195001,8,0.4,True,,"A[2,2]",3.0745586071161757,2.825590565245417,0.2489680418707585,actual calibration score
full_d3_T2,repaired_permutation_ablation,calibration,195001,8,0.4,True,,"A[2,3]",-0.33932803552445234,-0.3572791124074866,0.017951076883034267,actual calibration score
full_d3_T2,repaired_permutation_ablation,calibration,195001,8,0.4,True,,"A[3,1]",-1.1079227432435796,-1.0918951510063855,0.016027592237194188,actual calibration score
full_d3_T2,repaired_permutation_ablation,calibration,195001,8,0.4,True,,"A[3,2]",-3.3464375132991258,-3.3417100908687973,0.004727422430328421,actual calibration score
full_d3_T2,repaired_permutation_ablation,calibration,195001,8,0.4,True,,"A[3,3]",-0.45338572361615503,-0.5051220136827794,0.05173629006662439,actual calibration score
full_d3_T2,repaired_permutation_ablation,calibration,195001,8,0.4,True,,"log_LQ[1,1]",0.9256635183531483,0.828853870399973,0.09680964795317526,actual calibration score
full_d3_T2,repaired_permutation_ablation,calibration,195001,8,0.4,True,,"LQ[2,1]",0.9047036386976177,0.9779858054203362,0.07328216672271848,actual calibration score
full_d3_T2,repaired_permutation_ablation,calibration,195001,8,0.4,True,,"log_LQ[2,2]",1.7050159148204098,1.8095424307309984,0.10452651591058859,actual calibration score
full_d3_T2,repaired_permutation_ablation,calibration,195001,8,0.4,True,,"LQ[3,1]",-2.54960786519009,-2.738664355676672,0.1890564904865819,actual calibration score
full_d3_T2,repaired_permutation_ablation,calibration,195001,8,0.4,True,,"LQ[3,2]",0.4131051362630011,0.4679321136753491,0.05482697741234799,actual calibration score
full_d3_T2,repaired_permutation_ablation,calibration,195001,8,0.4,True,,"log_LQ[3,3]",0.059326247862984384,0.10142469462970033,0.042098446766715945,actual calibration score
full_d3_T2,repaired_permutation_ablation,calibration,195001,8,0.4,True,,log_R_variance,0.9376922431648245,0.859865949014173,0.07782629415065145,actual calibration score
full_d3_T2,repaired_permutation_ablation,calibration,195001,8,0.4,True,,initial_mean_scale,-0.03097579888729629,0.11328363701341945,0.14425943590071574,actual calibration score
full_d3_T2,repaired_permutation_ablation,calibration,195002,8,0.4,False,candidate_numerical_invalidity,"A[1,1]",-0.18822249202081226,0.0,,guard-returned invalid sentinel; not an actual score
full_d3_T2,repaired_permutation_ablation,calibration,195002,8,0.4,False,candidate_numerical_invalidity,"A[1,2]",-0.8560766900375124,0.0,,guard-returned invalid sentinel; not an actual score
full_d3_T2,repaired_permutation_ablation,calibration,195002,8,0.4,False,candidate_numerical_invalidity,"A[1,3]",1.813881682072764,0.0,,guard-returned invalid sentinel; not an actual score
full_d3_T2,repaired_permutation_ablation,calibration,195002,8,0.4,False,candidate_numerical_invalidity,"A[2,1]",0.4614688494013155,0.0,,guard-returned invalid sentinel; not an actual score
full_d3_T2,repaired_permutation_ablation,calibration,195002,8,0.4,False,candidate_numerical_invalidity,"A[2,2]",-1.3856410799109322,0.0,,guard-returned invalid sentinel; not an actual score
full_d3_T2,repaired_permutation_ablation,calibration,195002,8,0.4,False,candidate_numerical_invalidity,"A[2,3]",0.5855684800393215,0.0,,guard-returned invalid sentinel; not an actual score
full_d3_T2,repaired_permutation_ablation,calibration,195002,8,0.4,False,candidate_numerical_invalidity,"A[3,1]",1.0620251962422902,0.0,,guard-returned invalid sentinel; not an actual score
full_d3_T2,repaired_permutation_ablation,calibration,195002,8,0.4,False,candidate_numerical_invalidity,"A[3,2]",-1.2542982070252269,0.0,,guard-returned invalid sentinel; not an actual score
full_d3_T2,repaired_permutation_ablation,calibration,195002,8,0.4,False,candidate_numerical_invalidity,"A[3,3]",1.9994571026174928,0.0,,guard-returned invalid sentinel; not an actual score
full_d3_T2,repaired_permutation_ablation,calibration,195002,8,0.4,False,candidate_numerical_invalidity,"log_LQ[1,1]",-0.4810601603058755,0.0,,guard-returned invalid sentinel; not an actual score
full_d3_T2,repaired_permutation_ablation,calibration,195002,8,0.4,False,candidate_numerical_invalidity,"LQ[2,1]",-0.7780553929940727,0.0,,guard-returned invalid sentinel; not an actual score
full_d3_T2,repaired_permutation_ablation,calibration,195002,8,0.4,False,candidate_numerical_invalidity,"log_LQ[2,2]",-0.21349321998760537,0.0,,guard-returned invalid sentinel; not an actual score
full_d3_T2,repaired_permutation_ablation,calibration,195002,8,0.4,False,candidate_numerical_invalidity,"LQ[3,1]",1.9567883327807842,0.0,,guard-returned invalid sentinel; not an actual score
full_d3_T2,repaired_permutation_ablation,calibration,195002,8,0.4,False,candidate_numerical_invalidity,"LQ[3,2]",-2.227788006641615,0.0,,guard-returned invalid sentinel; not an actual score
full_d3_T2,repaired_permutation_ablation,calibration,195002,8,0.4,False,candidate_numerical_invalidity,"log_LQ[3,3]",0.9702622448831755,0.0,,guard-returned invalid sentinel; not an actual score
full_d3_T2,repaired_permutation_ablation,calibration,195002,8,0.4,False,candidate_numerical_invalidity,log_R_variance,0.12153511409328072,0.0,,guard-returned invalid sentinel; not an actual score
full_d3_T2,repaired_permutation_ablation,calibration,195002,8,0.4,False,candidate_numerical_invalidity,initial_mean_scale,-1.7590520483076424,0.0,,guard-returned invalid sentinel; not an actual score
