{
  "claim_scope": "tiny_cpu_hmc_smoke_not_convergence",
  "diagnostics": {
    "acceptance_rate": 1.0,
    "branch_active_floor_count": 0,
    "branch_failure_labels": [],
    "branch_nonfinite_count": 0,
    "branch_ok_count": 5,
    "branch_total_count": 5,
    "branch_weak_spectral_gap_count": 0,
    "finite_sample_count": 8,
    "initial_gradient": [
      -1.1188526419893134,
      -5.239542318258787,
      -1.0900616076399845
    ],
    "initial_gradient_finite": true,
    "initial_target_log_prob": -1.537279264741419,
    "max_abs_log_accept_ratio": 2.5938789228296955e-05,
    "max_target_log_prob": -1.379363777874404,
    "min_target_log_prob": -1.592956689365816,
    "nonfinite_sample_count": 0,
    "sample_mean": [
      0.6502235402580645,
      0.24539172834564926,
      0.7854798036242049
    ],
    "sample_stddev": [
      0.008847439599652679,
      0.011572377360151688,
      0.014705658866903067
    ]
  },
  "num_samples": 8,
  "target": "model_b_nonlinear_accumulation_tf_svd_cut4"
}
