unit,route,arm,horizon,data_seed,design_seed,n,valid,value,score,reference_value,reference_score,value_error,absolute_value_error,score_error,absolute_score_error,score_l2_error,wall_seconds
calibration__iid_dual_cap__10,iid_dual_cap,baseline,10,241001,251001,1008,True,-20.370440885698336,"[-0.35826701507761266, -1.093483105084047]",-20.332106014114498,"[-0.37527431933244415, -1.0626317086190926]",-0.03833487158383875,0.03833487158383875,"[0.01700730425483149, -0.030851396464954384]","[0.01700730425483149, 0.030851396464954384]",0.03522863979568625,12.857252717018127
calibration__iid_dual_cap__10,iid_dual_cap,baseline,10,241001,251002,1008,True,-20.43348765426547,"[-0.421946862089021, -1.0894170088480153]",-20.332106014114498,"[-0.37527431933244415, -1.0626317086190926]",-0.10138164015097217,0.10138164015097217,"[-0.04667254275657684, -0.02678530022892267]","[0.04667254275657684, 0.02678530022892267]",0.053812438670980324,0.4143199280370027
calibration__iid_dual_cap__10,iid_dual_cap,baseline,10,241002,251001,1008,True,-19.767681875747844,"[-0.1323051779484613, 0.55496598089845]",-19.76324641248078,"[-0.11793464154334662, 0.5301318320080093]",-0.0044354632670646765,0.0044354632670646765,"[-0.014370536405114681, 0.024834148890440666]","[0.014370536405114681, 0.024834148890440666]",0.02869228585671246,0.46457224898040295
calibration__iid_dual_cap__10,iid_dual_cap,baseline,10,241002,251002,1008,True,-19.72053418953681,"[-0.07184875046469288, 0.5263258455307089]",-19.76324641248078,"[-0.11793464154334662, 0.5301318320080093]",0.042712222943968925,0.042712222943968925,"[0.04608589107865374, -0.0038059864773003493]","[0.04608589107865374, 0.0038059864773003493]",0.04624278202680857,0.46422789292410016
calibration__iid_dual_cap__10,iid_dual_cap,design,10,241001,251001,1008,True,-20.39371179082046,"[-0.3430056271482548, -1.1023768119943531]",-20.332106014114498,"[-0.37527431933244415, -1.0626317086190926]",-0.06160577670596368,0.06160577670596368,"[0.032268692184189374, -0.03974510337526049]","[0.032268692184189374, 0.03974510337526049]",0.051195133924896684,9.400623486959375
calibration__iid_dual_cap__10,iid_dual_cap,design,10,241001,251002,1008,True,-20.38900679262382,"[-0.41865466002891205, -1.0432804146584729]",-20.332106014114498,"[-0.37527431933244415, -1.0626317086190926]",-0.0569007785093234,0.0569007785093234,"[-0.0433803406964679, 0.019351293960619742]","[0.0433803406964679, 0.019351293960619742]",0.047500805644661935,0.4952352810651064
calibration__iid_dual_cap__10,iid_dual_cap,design,10,241002,251001,1008,True,-19.718089500637824,"[-0.19930003455989936, 0.48762664609837725]",-19.76324641248078,"[-0.11793464154334662, 0.5301318320080093]",0.04515691184295534,0.04515691184295534,"[-0.08136539301655274, -0.04250518590963204]","[0.08136539301655274, 0.04250518590963204]",0.09179879089590708,0.4852976850233972
calibration__iid_dual_cap__10,iid_dual_cap,design,10,241002,251002,1008,True,-19.70789972608226,"[-0.14719595412510084, 0.49732769781621855]",-19.76324641248078,"[-0.11793464154334662, 0.5301318320080093]",0.055346686398518585,0.055346686398518585,"[-0.029261312581754212, -0.032804134191790735]","[0.029261312581754212, 0.032804134191790735]",0.043958339755729416,0.48771769797895104
calibration__iid_dual_cap__10,iid_dual_cap,protection,10,241001,251001,1008,True,-20.36872733795323,"[-0.35164969551476677, -1.105142489971593]",-20.332106014114498,"[-0.37527431933244415, -1.0626317086190926]",-0.036621323838733844,0.036621323838733844,"[0.02362462381767738, -0.042510781352500304]","[0.02362462381767738, 0.042510781352500304]",0.048634240836337286,12.34819409600459
calibration__iid_dual_cap__10,iid_dual_cap,protection,10,241001,251002,1008,True,-20.433491099218173,"[-0.4112761668103059, -1.1067844106306566]",-20.332106014114498,"[-0.37527431933244415, -1.0626317086190926]",-0.10138508510367572,0.10138508510367572,"[-0.036001847477861726, -0.04415270201156396]","[0.036001847477861726, 0.04415270201156396]",0.056970115997259325,0.4840222849743441
calibration__iid_dual_cap__10,iid_dual_cap,protection,10,241002,251001,1008,True,-19.77160134174567,"[-0.13433505203898966, 0.5530087501666947]",-19.76324641248078,"[-0.11793464154334662, 0.5301318320080093]",-0.008354929264889677,0.008354929264889677,"[-0.01640041049564303, 0.022876918158685422]","[0.01640041049564303, 0.022876918158685422]",0.028148300994283632,0.41977819707244635
calibration__iid_dual_cap__10,iid_dual_cap,protection,10,241002,251002,1008,True,-19.723210675327067,"[-0.07039025796391901, 0.5307022581908397]",-19.76324641248078,"[-0.11793464154334662, 0.5301318320080093]",0.04003573715371189,0.04003573715371189,"[0.04754438357942761, 0.0005704261828304302]","[0.04754438357942761, 0.0005704261828304302]",0.047547805374988705,0.41580507706385106
calibration__iid_dual_cap__10,iid_dual_cap,combined,10,241001,251001,1008,True,-20.32465488844699,"[-0.30742029983543906, -1.1342493977473334]",-20.332106014114498,"[-0.37527431933244415, -1.0626317086190926]",0.007451125667508052,0.007451125667508052,"[0.06785401949700509, -0.07161768912824074]","[0.06785401949700509, 0.07161768912824074]",0.09865729247232198,11.368608993012458
calibration__iid_dual_cap__10,iid_dual_cap,combined,10,241001,251002,1008,True,-20.36633616628939,"[-0.3919494466873369, -1.0954006925562163]",-20.332106014114498,"[-0.37527431933244415, -1.0626317086190926]",-0.034230152174892226,0.034230152174892226,"[-0.016675127354892738, -0.032768983937123686]","[0.016675127354892738, 0.032768983937123686]",0.0367677328723619,1.0506688569439575
calibration__iid_dual_cap__10,iid_dual_cap,combined,10,241002,251001,1008,True,-19.77656608337757,"[-0.184601504429426, 0.5184764917603188]",-19.76324641248078,"[-0.11793464154334662, 0.5301318320080093]",-0.013319670896791536,0.013319670896791536,"[-0.06666686288607937, -0.011655340247690438]","[0.06666686288607937, 0.011655340247690438]",0.06767804343626328,0.9996512830257416
calibration__iid_dual_cap__10,iid_dual_cap,combined,10,241002,251002,1008,True,-19.745859227813686,"[-0.12091565739902493, 0.5361117585486884]",-19.76324641248078,"[-0.11793464154334662, 0.5301318320080093]",0.017387184667093436,0.017387184667093436,"[-0.0029810158556783095, 0.005979926540679137]","[0.0029810158556783095, 0.005979926540679137]",0.006681764509747723,1.0146843410329893
calibration__iid_dual_cap__10,iid_dual_cap,steps4,10,241001,251001,1008,True,-20.31515518642511,"[-0.3144604853457486, -1.1146490301926588]",-20.332106014114498,"[-0.37527431933244415, -1.0626317086190926]",0.016950827689388603,0.016950827689388603,"[0.06081383398669554, -0.0520173215735662]","[0.06081383398669554, 0.0520173215735662]",0.08002577177290551,9.927888796082698
calibration__iid_dual_cap__10,iid_dual_cap,steps4,10,241001,251002,1008,True,-20.358352322022306,"[-0.39446819005734973, -1.073277362628399]",-20.332106014114498,"[-0.37527431933244415, -1.0626317086190926]",-0.02624630790780813,0.02624630790780813,"[-0.019193870724905582, -0.010645654009306282]","[0.019193870724905582, 0.010645654009306282]",0.021948453765362298,1.1926411669701338
calibration__iid_dual_cap__10,iid_dual_cap,steps4,10,241002,251001,1008,True,-19.79335207503217,"[-0.18509345533525362, 0.5188563341235752]",-19.76324641248078,"[-0.11793464154334662, 0.5301318320080093]",-0.030105662551392243,0.030105662551392243,"[-0.067158813791907, -0.01127549788443405]","[0.067158813791907, 0.01127549788443405]",0.06809877475019586,1.1902682990767062
calibration__iid_dual_cap__10,iid_dual_cap,steps4,10,241002,251002,1008,True,-19.755248742669988,"[-0.11753928236842417, 0.5362514207637566]",-19.76324641248078,"[-0.11793464154334662, 0.5301318320080093]",0.007997669810791308,0.007997669810791308,"[0.00039535917492244943, 0.006119588755747363]","[0.00039535917492244943, 0.006119588755747363]",0.006132346648442578,1.2056613500462845
calibration__iid_dual_cap__10,iid_dual_cap,steps8,10,241001,251001,1008,True,-20.30697333253297,"[-0.3213471495498023, -1.0965420905603878]",-20.332106014114498,"[-0.37527431933244415, -1.0626317086190926]",0.02513268158152826,0.02513268158152826,"[0.05392716978264184, -0.03391038194129514]","[0.05392716978264184, 0.03391038194129514]",0.06370285428589832,10.274353833985515
calibration__iid_dual_cap__10,iid_dual_cap,steps8,10,241001,251002,1008,True,-20.351476280379885,"[-0.39745505609986104, -1.0524769002191667]",-20.332106014114498,"[-0.37527431933244415, -1.0626317086190926]",-0.01937026626538696,0.01937026626538696,"[-0.022180736767416886, 0.010154808399925885]","[0.022180736767416886, 0.010154808399925885]",0.024394778481975292,1.4376844100188464
calibration__iid_dual_cap__10,iid_dual_cap,steps8,10,241002,251001,1008,True,-19.807734776147363,"[-0.18391210654941564, 0.5203603818515528]",-19.76324641248078,"[-0.11793464154334662, 0.5301318320080093]",-0.04448836366658426,0.04448836366658426,"[-0.06597746500606902, -0.00977145015645653]","[0.06597746500606902, 0.00977145015645653]",0.0666971298242074,1.4242152320221066
calibration__iid_dual_cap__10,iid_dual_cap,steps8,10,241002,251002,1008,True,-19.763634533244648,"[-0.11465013573101868, 0.5355595812629277]",-19.76324641248078,"[-0.11793464154334662, 0.5301318320080093]",-0.00038812076386918193,0.00038812076386918193,"[0.003284505812327948, 0.005427749254918401]","[0.003284505812327948, 0.005427749254918401]",0.006344165855767276,1.4023326720343903
calibration__iid_dual_cap__10,iid_dual_cap,epsilon25,10,241001,251001,1008,True,-20.30712384351375,"[-0.32215785076322634, -1.093591875174686]",-20.332106014114498,"[-0.37527431933244415, -1.0626317086190926]",0.024982170600747367,0.024982170600747367,"[0.05311646856921781, -0.030960166555593416]","[0.05311646856921781, 0.030960166555593416]",0.061480819337536394,10.87366101599764
calibration__iid_dual_cap__10,iid_dual_cap,epsilon25,10,241001,251002,1008,True,-20.352293887140707,"[-0.3979920166613968, -1.051161495873448]",-20.332106014114498,"[-0.37527431933244415, -1.0626317086190926]",-0.020187873026209502,0.020187873026209502,"[-0.022717697328952624, 0.011470212745644526]","[0.022717697328952624, 0.011470212745644526]",0.025449156220987906,1.4068812809418887
calibration__iid_dual_cap__10,iid_dual_cap,epsilon25,10,241002,251001,1008,True,-19.80684685922464,"[-0.1843479892950622, 0.5194861018207111]",-19.76324641248078,"[-0.11793464154334662, 0.5301318320080093]",-0.04360044674385932,0.04360044674385932,"[-0.06641334775171556, -0.010645730187298197]","[0.06641334775171556, 0.010645730187298197]",0.06726116510149861,1.0634498599683866
calibration__iid_dual_cap__10,iid_dual_cap,epsilon25,10,241002,251002,1008,True,-19.76322185893023,"[-0.1135414874580889, 0.53584788536363]",-19.76324641248078,"[-0.11793464154334662, 0.5301318320080093]",2.4553550549200054e-05,2.4553550549200054e-05,"[0.004393154085257728, 0.005716053355620754]","[0.004393154085257728, 0.005716053355620754]",0.007209234965037548,0.6882352461107075
calibration__iid_dual_cap__120,iid_dual_cap,baseline,120,241001,251001,1008,True,-279.92938082108157,"[-3.0715947647243818, -0.6096929944136417]",-277.3835765755379,"[-1.6862525901946435, -0.9975834263855777]",-2.54580424554365,2.54580424554365,"[-1.3853421745297383, 0.38789043197193607]","[1.3853421745297383, 0.38789043197193607]",1.4386215373565623,18.494474980980158
calibration__iid_dual_cap__120,iid_dual_cap,baseline,120,241001,251002,1008,True,-279.18126770222057,"[-2.613194358220618, -0.6614769845504344]",-277.3835765755379,"[-1.6862525901946435, -0.9975834263855777]",-1.7976911266826505,1.7976911266826505,"[-0.9269417680259746, 0.3361064418351434]","[0.9269417680259746, 0.3361064418351434]",0.9859962381034729,5.825842455029488
calibration__iid_dual_cap__120,iid_dual_cap,baseline,120,241002,251001,1008,True,-276.79207657221855,"[-6.881431655305034, 0.6581013879868784]",-275.1536394939734,"[-4.520408111578678, 1.0120636712765285]",-1.638437078245147,1.638437078245147,"[-2.3610235437263567, -0.35396228328965007]","[2.3610235437263567, 0.35396228328965007]",2.3874089452839424,5.420622743084095
calibration__iid_dual_cap__120,iid_dual_cap,baseline,120,241002,251002,1008,True,-277.2101038673854,"[-6.920992338334392, 0.9544429031385604]",-275.1536394939734,"[-4.520408111578678, 1.0120636712765285]",-2.056464373411984,2.056464373411984,"[-2.400584226755714, -0.057620768137968126]","[2.400584226755714, 0.057620768137968126]",2.401275657368212,5.6699575840029866
calibration__iid_dual_cap__120,iid_dual_cap,design,120,241001,251001,1008,True,-278.9703743141369,"[-2.0952089799170075, -0.5980124394912768]",-277.3835765755379,"[-1.6862525901946435, -0.9975834263855777]",-1.5867977385989889,1.5867977385989889,"[-0.40895638972236403, 0.39957098689430093]","[0.40895638972236403, 0.39957098689430093]",0.5717537076945244,15.103265642072074
calibration__iid_dual_cap__120,iid_dual_cap,design,120,241001,251002,1008,True,-279.4039423940638,"[-2.8616716781094924, -0.4978128960693138]",-277.3835765755379,"[-1.6862525901946435, -0.9975834263855777]",-2.0203658185258746,2.0203658185258746,"[-1.175419087914849, 0.49977053031626395]","[1.175419087914849, 0.49977053031626395]",1.2772551096813727,5.712405732017942
calibration__iid_dual_cap__120,iid_dual_cap,design,120,241002,251001,1008,True,-277.1097494147854,"[-7.080384452825091, 0.7135095177512285]",-275.1536394939734,"[-4.520408111578678, 1.0120636712765285]",-1.9561099208120254,1.9561099208120254,"[-2.559976341246413, -0.2985541535253]","[2.559976341246413, 0.2985541535253]",2.577326803168077,9.830715526011772
calibration__iid_dual_cap__120,iid_dual_cap,design,120,241002,251002,1008,True,-277.6666336819228,"[-7.425158456575657, 0.8254158370372677]",-275.1536394939734,"[-4.520408111578678, 1.0120636712765285]",-2.5129941879494027,2.5129941879494027,"[-2.9047503449969794, -0.1866478342392608]","[2.9047503449969794, 0.1866478342392608]",2.9107407958776195,11.782441156101413
calibration__iid_dual_cap__120,iid_dual_cap,protection,120,241001,251001,1008,True,-279.62414724471864,"[-2.817989901113757, -0.6434625286026243]",-277.3835765755379,"[-1.6862525901946435, -0.9975834263855777]",-2.240570669180727,2.240570669180727,"[-1.1317373109191133, 0.3541208977829534]","[1.1317373109191133, 0.3541208977829534]",1.1858460908452795,21.059432203997858
calibration__iid_dual_cap__120,iid_dual_cap,protection,120,241001,251002,1008,True,-278.92270799040654,"[-2.4478530679052906, -0.7065843064753347]",-277.3835765755379,"[-1.6862525901946435, -0.9975834263855777]",-1.5391314148686206,1.5391314148686206,"[-0.7616004777106471, 0.2909991199102431]","[0.7616004777106471, 0.2909991199102431]",0.8153010336296783,11.102903811028227
calibration__iid_dual_cap__120,iid_dual_cap,protection,120,241002,251001,1008,True,-276.7845564158368,"[-6.770773007758616, 0.7429084483082891]",-275.1536394939734,"[-4.520408111578678, 1.0120636712765285]",-1.6309169218633883,1.6309169218633883,"[-2.2503648961799385, -0.26915522296823946]","[2.2503648961799385, 0.26915522296823946]",2.266403913694562,10.998211584053934
calibration__iid_dual_cap__120,iid_dual_cap,protection,120,241002,251002,1008,True,-277.2058004196622,"[-6.837431931939452, 0.9789078241193283]",-275.1536394939734,"[-4.520408111578678, 1.0120636712765285]",-2.0521609256887814,2.0521609256887814,"[-2.3170238203607747, -0.03315584715720021]","[2.3170238203607747, 0.03315584715720021]",2.317261032840269,7.263052313937806
calibration__iid_dual_cap__120,iid_dual_cap,combined,120,241001,251001,1008,True,-278.25051222429886,"[-1.9754085177108767, -0.9170663482248878]",-277.3835765755379,"[-1.6862525901946435, -0.9975834263855777]",-0.8669356487609434,0.8669356487609434,"[-0.2891559275162332, 0.08051707816068998]","[0.2891559275162332, 0.08051707816068998]",0.3001568761386415,15.170523316017352
calibration__iid_dual_cap__120,iid_dual_cap,combined,120,241001,251002,1008,True,-278.61471679716243,"[-2.4852343217018067, -0.7715565013719868]",-277.3835765755379,"[-1.6862525901946435, -0.9975834263855777]",-1.2311402216245142,1.2311402216245142,"[-0.7989817315071632, 0.2260269250135909]","[0.7989817315071632, 0.2260269250135909]",0.8303372676890302,5.510814064997248
calibration__iid_dual_cap__120,iid_dual_cap,combined,120,241002,251001,1008,True,-277.0305727187516,"[-6.772909536774629, 1.021543077064571]",-275.1536394939734,"[-4.520408111578678, 1.0120636712765285]",-1.8769332247782131,1.8769332247782131,"[-2.252501425195951, 0.009479405788042516]","[2.252501425195951, 0.009479405788042516]",2.2525213716286654,5.865687132929452
calibration__iid_dual_cap__120,iid_dual_cap,combined,120,241002,251002,1008,True,-277.8269611767678,"[-7.282471247905777, 1.093279050976688]",-275.1536394939734,"[-4.520408111578678, 1.0120636712765285]",-2.6733216827943806,2.6733216827943806,"[-2.7620631363270993, 0.08121537970015957]","[2.7620631363270993, 0.08121537970015957]",2.7632569020916122,5.538575486047193
calibration__iid_dual_cap__120,iid_dual_cap,steps4,120,241001,251001,1008,True,-278.137199789543,"[-1.9411222362069842, -0.9485673673882036]",-277.3835765755379,"[-1.6862525901946435, -0.9975834263855777]",-0.7536232140050743,0.7536232140050743,"[-0.25486964601234074, 0.04901605899737416]","[0.25486964601234074, 0.04901605899737416]",0.25954019052564853,19.382755724014714
calibration__iid_dual_cap__120,iid_dual_cap,steps4,120,241001,251002,1008,True,-278.5348730164909,"[-2.443456498152892, -0.7792666614083854]",-277.3835765755379,"[-1.6862525901946435, -0.9975834263855777]",-1.15129644095299,1.15129644095299,"[-0.7572039079582487, 0.21831676497719232]","[0.7572039079582487, 0.21831676497719232]",0.788048201633219,6.896109736058861
calibration__iid_dual_cap__120,iid_dual_cap,steps4,120,241002,251001,1008,True,-277.15913493752777,"[-6.813493196617797, 1.051811871309316]",-275.1536394939734,"[-4.520408111578678, 1.0120636712765285]",-2.0054954435543664,2.0054954435543664,"[-2.2930850850391193, 0.03974820003278756]","[2.2930850850391193, 0.03974820003278756]",2.2934295556294533,10.071432034950703
calibration__iid_dual_cap__120,iid_dual_cap,steps4,120,241002,251002,1008,True,-277.88567742494115,"[-7.2801213784973955, 1.1296687813024735]",-275.1536394939734,"[-4.520408111578678, 1.0120636712765285]",-2.732037930967749,2.732037930967749,"[-2.759713266918718, 0.11760511002594498]","[2.759713266918718, 0.11760511002594498]",2.762217999635691,6.821125483023934
calibration__iid_dual_cap__120,iid_dual_cap,steps8,120,241001,251001,1008,True,-278.0424932892099,"[-1.916599457476969, -0.9717189531364213]",-277.3835765755379,"[-1.6862525901946435, -0.9975834263855777]",-0.6589167136719993,0.6589167136719993,"[-0.23034686728232545, 0.025864473249156417]","[0.23034686728232545, 0.025864473249156417]",0.23179441374467502,20.348784398054704
calibration__iid_dual_cap__120,iid_dual_cap,steps8,120,241001,251002,1008,True,-278.4664325038239,"[-2.4027210251278497, -0.7828089285132287]",-277.3835765755379,"[-1.6862525901946435, -0.9975834263855777]",-1.0828559282859942,1.0828559282859942,"[-0.7164684349332062, 0.21477449787234903]","[0.7164684349332062, 0.21477449787234903]",0.7479673142537431,7.37946171395015
calibration__iid_dual_cap__120,iid_dual_cap,steps8,120,241002,251001,1008,True,-277.2771177662914,"[-6.853590097977036, 1.077528676173164]",-275.1536394939734,"[-4.520408111578678, 1.0120636712765285]",-2.123478272317982,2.123478272317982,"[-2.3331819863983583, 0.06546500489663543]","[2.3331819863983583, 0.06546500489663543]",2.3341002224668728,7.657831330085173
calibration__iid_dual_cap__120,iid_dual_cap,steps8,120,241002,251002,1008,True,-277.9441189219191,"[-7.277015190362387, 1.1615882452837896]",-275.1536394939734,"[-4.520408111578678, 1.0120636712765285]",-2.7904794279456837,2.7904794279456837,"[-2.756607078783709, 0.14952457400726105]","[2.756607078783709, 0.14952457400726105]",2.760659375046568,7.613904369994998
calibration__iid_dual_cap__120,iid_dual_cap,epsilon25,120,241001,251001,1008,True,-278.043521988201,"[-1.9086405932414918, -0.9676239076960589]",-277.3835765755379,"[-1.6862525901946435, -0.9975834263855777]",-0.6599454126630917,0.6599454126630917,"[-0.22238800304684836, 0.02995951868951885]","[0.22238800304684836, 0.02995951868951885]",0.22439696223271977,20.55564170202706
calibration__iid_dual_cap__120,iid_dual_cap,epsilon25,120,241001,251002,1008,True,-278.4615593470454,"[-2.3919667574584134, -0.7813267694089134]",-277.3835765755379,"[-1.6862525901946435, -0.9975834263855777]",-1.077982771507493,1.077982771507493,"[-0.7057141672637699, 0.2162566569766643]","[0.7057141672637699, 0.2162566569766643]",0.7381052957156715,8.400748801999725
calibration__iid_dual_cap__120,iid_dual_cap,epsilon25,120,241002,251001,1008,True,-277.28915532953096,"[-6.861199650517478, 1.0784154371727388]",-275.1536394939734,"[-4.520408111578678, 1.0120636712765285]",-2.1355158355575554,2.1355158355575554,"[-2.3407915389388005, 0.06635176589621028]","[2.3407915389388005, 0.06635176589621028]",2.341731749284069,8.052960810018703
calibration__iid_dual_cap__120,iid_dual_cap,epsilon25,120,241002,251002,1008,True,-277.9494992721479,"[-7.283118630857464, 1.1546467741367046]",-275.1536394939734,"[-4.520408111578678, 1.0120636712765285]",-2.7958597781744743,2.7958597781744743,"[-2.7627105192787864, 0.14258310286017606]","[2.7627105192787864, 0.14258310286017606]",2.7663874194615072,8.247428763075732
calibration__previous_inverse_cdf__10,previous_inverse_cdf,baseline,10,241001,251001,1008,True,-20.40253368271991,"[-0.4093191672460224, -1.0493093864167184]",-20.332106014114498,"[-0.37527431933244415, -1.0626317086190926]",-0.0704276686054115,0.0704276686054115,"[-0.03404484791357826, 0.01332232220237417]","[0.03404484791357826, 0.01332232220237417]",0.036558664339969335,11.342352572944947
calibration__previous_inverse_cdf__10,previous_inverse_cdf,baseline,10,241001,251002,1008,True,-20.406363922428078,"[-0.41106226487109176, -1.0586311089270704]",-20.332106014114498,"[-0.37527431933244415, -1.0626317086190926]",-0.07425790831358015,0.07425790831358015,"[-0.035787945538647614, 0.004000599692022266]","[0.035787945538647614, 0.004000599692022266]",0.03601085730405507,0.4904583489987999
calibration__previous_inverse_cdf__10,previous_inverse_cdf,baseline,10,241002,251001,1008,True,-19.674113019471463,"[-0.11887383070379962, 0.5057612793060091]",-19.76324641248078,"[-0.11793464154334662, 0.5301318320080093]",0.08913339300931611,0.08913339300931611,"[-0.0009391891604529912, -0.02437055270200017]","[0.0009391891604529912, 0.02437055270200017]",0.024388643161932566,0.4470206580590457
calibration__previous_inverse_cdf__10,previous_inverse_cdf,baseline,10,241002,251002,1008,True,-19.675831656786684,"[-0.1066805732619154, 0.5079532315566272]",-19.76324641248078,"[-0.11793464154334662, 0.5301318320080093]",0.08741475569409474,0.08741475569409474,"[0.011254068281431218, -0.02217860045138209]","[0.011254068281431218, 0.02217860045138209]",0.0248705522830749,0.45265961100813
calibration__previous_inverse_cdf__10,previous_inverse_cdf,design,10,241001,251001,1008,True,-20.393402140639278,"[-0.39382568998335044, -1.0607362997191851]",-20.332106014114498,"[-0.37527431933244415, -1.0626317086190926]",-0.06129612652478045,0.06129612652478045,"[-0.018551370650906285, 0.0018954088999074692]","[0.018551370650906285, 0.0018954088999074692]",0.018647947016364977,13.824287598952651
calibration__previous_inverse_cdf__10,previous_inverse_cdf,design,10,241001,251002,1008,True,-20.399317269298013,"[-0.4009299850729464, -1.0741085108042372]",-20.332106014114498,"[-0.37527431933244415, -1.0626317086190926]",-0.06721125518351556,0.06721125518351556,"[-0.025655665740502265, -0.011476802185144575]","[0.025655665740502265, 0.011476802185144575]",0.028105696450814396,0.48525053495541215
calibration__previous_inverse_cdf__10,previous_inverse_cdf,design,10,241002,251001,1008,True,-19.684601046654308,"[-0.12264799435399332, 0.5061431623108696]",-19.76324641248078,"[-0.11793464154334662, 0.5301318320080093]",0.07864536582647119,0.07864536582647119,"[-0.004713352810646693, -0.023988669697139642]","[0.004713352810646693, 0.023988669697139642]",0.024447330499588228,0.4887587019475177
calibration__previous_inverse_cdf__10,previous_inverse_cdf,design,10,241002,251002,1008,True,-19.684031863367963,"[-0.1044004194094324, 0.5096740242346275]",-19.76324641248078,"[-0.11793464154334662, 0.5301318320080093]",0.079214549112816,0.079214549112816,"[0.013534222133914225, -0.020457807773381798]","[0.013534222133914225, 0.020457807773381798]",0.024529514215792667,0.4940184160368517
calibration__previous_inverse_cdf__10,previous_inverse_cdf,protection,10,241001,251001,1008,True,-20.396043097701227,"[-0.39162347296661465, -1.0608343922282482]",-20.332106014114498,"[-0.37527431933244415, -1.0626317086190926]",-0.06393708358672967,0.06393708358672967,"[-0.0163491536341705, 0.0017973163908444612]","[0.0163491536341705, 0.0017973163908444612]",0.016447649399306534,12.927831777953543
calibration__previous_inverse_cdf__10,previous_inverse_cdf,protection,10,241001,251002,1008,True,-20.402566556961116,"[-0.4060284489624895, -1.072918525805607]",-20.332106014114498,"[-0.37527431933244415, -1.0626317086190926]",-0.07046054284661807,0.07046054284661807,"[-0.030754129630045368, -0.010286817186514474]","[0.030754129630045368, 0.010286817186514474]",0.03242892377385355,0.4990715410094708
calibration__previous_inverse_cdf__10,previous_inverse_cdf,protection,10,241002,251001,1008,True,-19.685278104341457,"[-0.12137830157521445, 0.5021653219907237]",-19.76324641248078,"[-0.11793464154334662, 0.5301318320080093]",0.07796830813932232,0.07796830813932232,"[-0.003443660031867829, -0.027966510017285562]","[0.003443660031867829, 0.027966510017285562]",0.02817773015986237,0.4965964340372011
calibration__previous_inverse_cdf__10,previous_inverse_cdf,protection,10,241002,251002,1008,True,-19.68564949309663,"[-0.10675640561477451, 0.5061277020100001]",-19.76324641248078,"[-0.11793464154334662, 0.5301318320080093]",0.07759691938414903,0.07759691938414903,"[0.011178235928572117, -0.02400412999800916]","[0.011178235928572117, 0.02400412999800916]",0.026479260099862,0.42712225194554776
calibration__previous_inverse_cdf__10,previous_inverse_cdf,combined,10,241001,251001,1008,True,-20.354628642082876,"[-0.3634874758014445, -1.105082006155663]",-20.332106014114498,"[-0.37527431933244415, -1.0626317086190926]",-0.022522627968378117,0.022522627968378117,"[0.011786843530999624, -0.04245029753657037]","[0.011786843530999624, 0.04245029753657037]",0.04405629854365457,15.312625909922644
calibration__previous_inverse_cdf__10,previous_inverse_cdf,combined,10,241001,251002,1008,True,-20.367171505448617,"[-0.37891618848025216, -1.1204039013010536]",-20.332106014114498,"[-0.37527431933244415, -1.0626317086190926]",-0.035065491334119514,0.035065491334119514,"[-0.003641869147808008, -0.05777219268196099]","[0.003641869147808008, 0.05777219268196099]",0.057886867752292334,0.4756809390382841
calibration__previous_inverse_cdf__10,previous_inverse_cdf,combined,10,241002,251001,1008,True,-19.722694040749328,"[-0.11680902773159846, 0.5328805929657974]",-19.76324641248078,"[-0.11793464154334662, 0.5301318320080093]",0.040552371731450876,0.040552371731450876,"[0.0011256138117481662, 0.002748760957788088]","[0.0011256138117481662, 0.002748760957788088]",0.00297030187965101,0.47073546901810914
calibration__previous_inverse_cdf__10,previous_inverse_cdf,combined,10,241002,251002,1008,True,-19.724655490587637,"[-0.10133707884535945, 0.5381779802356202]",-19.76324641248078,"[-0.11793464154334662, 0.5301318320080093]",0.038590921893142394,0.038590921893142394,"[0.016597562697987178, 0.00804614822761096]","[0.016597562697987178, 0.00804614822761096]",0.018445042391230834,0.4994346940657124
calibration__previous_inverse_cdf__10,previous_inverse_cdf,steps4,10,241001,251001,1008,True,-20.350620623882975,"[-0.3665476259503431, -1.0919353298505818]",-20.332106014114498,"[-0.37527431933244415, -1.0626317086190926]",-0.018514609768477186,0.018514609768477186,"[0.008726693382101025, -0.02930362123148922]","[0.008726693382101025, 0.02930362123148922]",0.030575437767328722,12.04326372500509
calibration__previous_inverse_cdf__10,previous_inverse_cdf,steps4,10,241001,251002,1008,True,-20.360170418548215,"[-0.37988986797433427, -1.1048739090904163]",-20.332106014114498,"[-0.37527431933244415, -1.0626317086190926]",-0.02806440443371727,0.02806440443371727,"[-0.0046155486418901215, -0.042242200471323654]","[0.0046155486418901215, 0.042242200471323654]",0.04249360881268088,0.5792862239759415
calibration__previous_inverse_cdf__10,previous_inverse_cdf,steps4,10,241002,251001,1008,True,-19.73573033962565,"[-0.12032348420013397, 0.5304183192410477]",-19.76324641248078,"[-0.11793464154334662, 0.5301318320080093]",0.02751607285512847,0.02751607285512847,"[-0.002388842656787349, 0.0002864872330383683]","[0.002388842656787349, 0.0002864872330383683]",0.0024059601354928595,0.5831687720492482
calibration__previous_inverse_cdf__10,previous_inverse_cdf,steps4,10,241002,251002,1008,True,-19.737068846554134,"[-0.1046521447412441, 0.5358892916718514]",-19.76324641248078,"[-0.11793464154334662, 0.5301318320080093]",0.026177565926644775,0.026177565926644775,"[0.013282496802102528, 0.005757459663842113]","[0.013282496802102528, 0.005757459663842113]",0.014476638528285245,0.45354912406764925
calibration__previous_inverse_cdf__10,previous_inverse_cdf,steps8,10,241001,251001,1008,True,-20.34640688057631,"[-0.3690938008373996, -1.0792317965141853]",-20.332106014114498,"[-0.37527431933244415, -1.0626317086190926]",-0.014300866461812944,0.014300866461812944,"[0.006180518495044529, -0.016600087895092708]","[0.006180518495044529, 0.016600087895092708]",0.017713320608863572,11.122497164993547
calibration__previous_inverse_cdf__10,previous_inverse_cdf,steps8,10,241001,251002,1008,True,-20.35350253213089,"[-0.38071188951028956, -1.0902489807986813]",-20.332106014114498,"[-0.37527431933244415, -1.0626317086190926]",-0.021396518016391752,0.021396518016391752,"[-0.005437570177845408, -0.027617272179588648]","[0.005437570177845408, 0.027617272179588648]",0.02814748464926262,0.687942957971245
calibration__previous_inverse_cdf__10,previous_inverse_cdf,steps8,10,241002,251001,1008,True,-19.747299194648896,"[-0.12269522625971818, 0.5286072965590884]",-19.76324641248078,"[-0.11793464154334662, 0.5301318320080093]",0.01594721783188291,0.01594721783188291,"[-0.0047605847163715576, -0.0015245354489208385]","[0.0047605847163715576, 0.0015245354489208385]",0.004998737358250254,0.6996688649524003
calibration__previous_inverse_cdf__10,previous_inverse_cdf,steps8,10,241002,251002,1008,True,-19.74829805383372,"[-0.1070140592794245, 0.534170474974097]",-19.76324641248078,"[-0.11793464154334662, 0.5301318320080093]",0.014948358647057347,0.014948358647057347,"[0.010920582263922118, 0.004038642966087691]","[0.010920582263922118, 0.004038642966087691]",0.011643442531769542,0.6575460770400241
calibration__previous_inverse_cdf__10,previous_inverse_cdf,epsilon25,10,241001,251001,1008,True,-20.34452503203451,"[-0.37149272987175475, -1.0696102065781508]",-20.332106014114498,"[-0.37527431933244415, -1.0626317086190926]",-0.012419017920013431,0.012419017920013431,"[0.003781589460689405, -0.006978497959058139]","[0.003781589460689405, 0.006978497959058139]",0.007937244648728914,10.8992556220619
calibration__previous_inverse_cdf__10,previous_inverse_cdf,epsilon25,10,241001,251002,1008,True,-20.351805316762835,"[-0.3831244131681938, -1.079959727708926]",-20.332106014114498,"[-0.37527431933244415, -1.0626317086190926]",-0.019699302648337635,0.019699302648337635,"[-0.007850093835749639, -0.01732801908983328]","[0.007850093835749639, 0.01732801908983328]",0.01902325468492973,0.6876094930339605
calibration__previous_inverse_cdf__10,previous_inverse_cdf,epsilon25,10,241002,251001,1008,True,-19.75014550505704,"[-0.12382346616374348, 0.5252014058243408]",-19.76324641248078,"[-0.11793464154334662, 0.5301318320080093]",0.013100907423737596,0.013100907423737596,"[-0.00588882462039686, -0.004930426183668457]","[0.00588882462039686, 0.004930426183668457]",0.007680322764206966,0.6890993940178305
calibration__previous_inverse_cdf__10,previous_inverse_cdf,epsilon25,10,241002,251002,1008,True,-19.7509969277561,"[-0.10800408689508179, 0.5308310580243631]",-19.76324641248078,"[-0.11793464154334662, 0.5301318320080093]",0.01224948472468057,0.01224948472468057,"[0.009930554648264839, 0.00069922601635386]","[0.009930554648264839, 0.00069922601635386]",0.009955141015782775,0.6981551210628822
calibration__previous_inverse_cdf__120,previous_inverse_cdf,baseline,120,241001,251001,1008,True,-278.5938491058797,"[-2.194309107700692, -0.6256264293828251]",-277.3835765755379,"[-1.6862525901946435, -0.9975834263855777]",-1.210272530341797,1.210272530341797,"[-0.5080565175060485, 0.37195699700275264]","[0.5080565175060485, 0.37195699700275264]",0.6296613634325037,17.380799065926112
calibration__previous_inverse_cdf__120,previous_inverse_cdf,baseline,120,241001,251002,1008,True,-278.79005238390073,"[-2.7806536461016136, -0.6793750477011651]",-277.3835765755379,"[-1.6862525901946435, -0.9975834263855777]",-1.4064758083628135,1.4064758083628135,"[-1.0944010559069701, 0.31820837868441265]","[1.0944010559069701, 0.31820837868441265]",1.1397237575111145,5.602577150915749
calibration__previous_inverse_cdf__120,previous_inverse_cdf,baseline,120,241002,251001,1008,True,-276.3534012606797,"[-6.511864170743529, 0.8823904662523734]",-275.1536394939734,"[-4.520408111578678, 1.0120636712765285]",-1.199761766706274,1.199761766706274,"[-1.9914560591648511, -0.12967320502415514]","[1.9914560591648511, 0.12967320502415514]",1.995673414084989,5.218295261962339
calibration__previous_inverse_cdf__120,previous_inverse_cdf,baseline,120,241002,251002,1008,True,-276.6476488308131,"[-6.760539977480913, 0.6978292741623977]",-275.1536394939734,"[-4.520408111578678, 1.0120636712765285]",-1.4940093368397243,1.4940093368397243,"[-2.240131865902235, -0.3142343971141308]","[2.240131865902235, 0.3142343971141308]",2.262064108941281,5.414905956014991
calibration__previous_inverse_cdf__120,previous_inverse_cdf,design,120,241001,251001,1008,True,-278.3355880597099,"[-2.0240591476642416, -0.6399073356667635]",-277.3835765755379,"[-1.6862525901946435, -0.9975834263855777]",-0.952011484171976,0.952011484171976,"[-0.3378065574695981, 0.35767609071881423]","[0.3378065574695981, 0.35767609071881423]",0.49198115425426037,15.709176136995666
calibration__previous_inverse_cdf__120,previous_inverse_cdf,design,120,241001,251002,1008,True,-278.4388681257852,"[-2.5075672920528245, -0.6868954360265761]",-277.3835765755379,"[-1.6862525901946435, -0.9975834263855777]",-1.0552915502472615,1.0552915502472615,"[-0.821314701858181, 0.31068799035900163]","[0.821314701858181, 0.31068799035900163]",0.8781143814115038,5.7687477809377015
calibration__previous_inverse_cdf__120,previous_inverse_cdf,design,120,241002,251001,1008,True,-276.3882943129886,"[-6.455643150502703, 0.9475313275901698]",-275.1536394939734,"[-4.520408111578678, 1.0120636712765285]",-1.2346548190151907,1.2346548190151907,"[-1.9352350389240254, -0.06453234368635874]","[1.9352350389240254, 0.06453234368635874]",1.9363106876895888,5.626198432059027
calibration__previous_inverse_cdf__120,previous_inverse_cdf,design,120,241002,251002,1008,True,-276.6262416063293,"[-6.660156778537618, 0.780755356982684]",-275.1536394939734,"[-4.520408111578678, 1.0120636712765285]",-1.4726021123559008,1.4726021123559008,"[-2.1397486669589405, -0.23130831429384457]","[2.1397486669589405, 0.23130831429384457]",2.152214648684936,5.074209760990925
calibration__previous_inverse_cdf__120,previous_inverse_cdf,protection,120,241001,251001,1008,True,-278.32644877669463,"[-2.0255918856881276, -0.6452122588638223]",-277.3835765755379,"[-1.6862525901946435, -0.9975834263855777]",-0.9428722011567174,0.9428722011567174,"[-0.3393392954934842, 0.35237116752175546]","[0.3393392954934842, 0.35237116752175546]",0.4891999562210316,20.481943382997997
calibration__previous_inverse_cdf__120,previous_inverse_cdf,protection,120,241001,251002,1008,True,-278.46939575300615,"[-2.5213427562380955, -0.7047103545251177]",-277.3835765755379,"[-1.6862525901946435, -0.9975834263855777]",-1.0858191774682382,1.0858191774682382,"[-0.835090166043452, 0.2928730718604601]","[0.835090166043452, 0.2928730718604601]",0.884957751332493,5.209920614026487
calibration__previous_inverse_cdf__120,previous_inverse_cdf,protection,120,241002,251001,1008,True,-276.34836454315837,"[-6.452812125809867, 0.9169881807499641]",-275.1536394939734,"[-4.520408111578678, 1.0120636712765285]",-1.1947250491849672,1.1947250491849672,"[-1.9324040142311896, -0.09507549052656439]","[1.9324040142311896, 0.09507549052656439]",1.934741487412642,5.658414817065932
calibration__previous_inverse_cdf__120,previous_inverse_cdf,protection,120,241002,251002,1008,True,-276.6705086423358,"[-6.682328605987258, 0.7922933230417041]",-275.1536394939734,"[-4.520408111578678, 1.0120636712765285]",-1.5168691483623888,1.5168691483623888,"[-2.16192049440858, -0.21977034823482444]","[2.16192049440858, 0.21977034823482444]",2.173062178150247,5.714638444944285
calibration__previous_inverse_cdf__120,previous_inverse_cdf,combined,120,241001,251001,1008,True,-277.59891524461233,"[-1.808650886689093, -0.9402721675990828]",-277.3835765755379,"[-1.6862525901946435, -0.9975834263855777]",-0.2153386690744128,0.2153386690744128,"[-0.12239829649444944, 0.0573112587864949]","[0.12239829649444944, 0.0573112587864949]",0.1351514830419398,15.401761817978695
calibration__previous_inverse_cdf__120,previous_inverse_cdf,combined,120,241001,251002,1008,True,-277.56138064242117,"[-2.106429686072987, -0.9638349048105835]",-277.3835765755379,"[-1.6862525901946435, -0.9975834263855777]",-0.17780406688325456,0.17780406688325456,"[-0.42017709587834373, 0.033748521574994195]","[0.42017709587834373, 0.033748521574994195]",0.4215302534922692,5.827841036953032
calibration__previous_inverse_cdf__120,previous_inverse_cdf,combined,120,241002,251001,1008,True,-276.55760861875206,"[-6.336024648474063, 1.2115028811230775]",-275.1536394939734,"[-4.520408111578678, 1.0120636712765285]",-1.403969124778655,1.403969124778655,"[-1.8156165368953854, 0.19943920984654895]","[1.8156165368953854, 0.19943920984654895]",1.8265375461435793,5.1757471760502085
calibration__previous_inverse_cdf__120,previous_inverse_cdf,combined,120,241002,251002,1008,True,-276.8118488151694,"[-6.608775950559708, 1.0868785473709006]",-275.1536394939734,"[-4.520408111578678, 1.0120636712765285]",-1.6582093211960114,1.6582093211960114,"[-2.0883678389810303, 0.0748148760943721]","[2.0883678389810303, 0.0748148760943721]",2.0897075145999056,5.546050933888182
calibration__previous_inverse_cdf__120,previous_inverse_cdf,steps4,120,241001,251001,1008,True,-277.51616106860337,"[-1.7380855325682696, -0.94839245972472]",-277.3835765755379,"[-1.6862525901946435, -0.9975834263855777]",-0.13258449306545117,0.13258449306545117,"[-0.05183294237362612, 0.04919096666085776]","[0.05183294237362612, 0.04919096666085776]",0.07145911499687962,17.1228699979838
calibration__previous_inverse_cdf__120,previous_inverse_cdf,steps4,120,241001,251002,1008,True,-277.47816191612924,"[-2.0310318905833515, -0.9877964110434763]",-277.3835765755379,"[-1.6862525901946435, -0.9975834263855777]",-0.09458534059132262,0.09458534059132262,"[-0.3447793003887081, 0.009787015342101468]","[0.3447793003887081, 0.009787015342101468]",0.3449181810891295,5.868617846048437
calibration__previous_inverse_cdf__120,previous_inverse_cdf,steps4,120,241002,251001,1008,True,-276.63707970537297,"[-6.370652246357229, 1.241337242167404]",-275.1536394939734,"[-4.520408111578678, 1.0120636712765285]",-1.483440211399568,1.483440211399568,"[-1.850244134778551, 0.22927357089087552]","[1.850244134778551, 0.22927357089087552]",1.864395271553616,6.730672677978873
calibration__previous_inverse_cdf__120,previous_inverse_cdf,steps4,120,241002,251002,1008,True,-276.88131362922337,"[-6.590166651411278, 1.1153437286244554]",-275.1536394939734,"[-4.520408111578678, 1.0120636712765285]",-1.7276741352499698,1.7276741352499698,"[-2.0697585398326, 0.10328005734792689]","[2.0697585398326, 0.10328005734792689]",2.0723337529113808,6.750596823985688
calibration__previous_inverse_cdf__120,previous_inverse_cdf,steps8,120,241001,251001,1008,True,-277.44021686412367,"[-1.6729619413589416, -0.95471088242856]",-277.3835765755379,"[-1.6862525901946435, -0.9975834263855777]",-0.056640288585754206,0.056640288585754206,"[0.013290648835701857, 0.042872543957017784]","[0.013290648835701857, 0.042872543957017784]",0.044885369240102786,23.92675446800422
calibration__previous_inverse_cdf__120,previous_inverse_cdf,steps8,120,241001,251002,1008,True,-277.40387113539174,"[-1.9637892230799654, -1.0080375578467013]",-277.3835765755379,"[-1.6862525901946435, -0.9975834263855777]",-0.020294559853823557,0.020294559853823557,"[-0.27753663288532193, -0.010454131461123617]","[0.27753663288532193, 0.010454131461123617]",0.27773345397688126,7.59181128104683
calibration__previous_inverse_cdf__120,previous_inverse_cdf,steps8,120,241002,251001,1008,True,-276.7099613002496,"[-6.397655159078785, 1.265578847854692]",-275.1536394939734,"[-4.520408111578678, 1.0120636712765285]",-1.5563218062761734,1.5563218062761734,"[-1.8772470475001075, 0.2535151765781636]","[1.8772470475001075, 0.2535151765781636]",1.8942878403514414,7.398550862912089
calibration__previous_inverse_cdf__120,previous_inverse_cdf,steps8,120,241002,251002,1008,True,-276.95246263349475,"[-6.577725126170796, 1.138411564403089]",-275.1536394939734,"[-4.520408111578678, 1.0120636712765285]",-1.798823139521346,1.798823139521346,"[-2.057317014592118, 0.12634789312656047]","[2.057317014592118, 0.12634789312656047]",2.061193122593743,6.0694411270087585
calibration__previous_inverse_cdf__120,previous_inverse_cdf,epsilon25,120,241001,251001,1008,True,-277.41236194284517,"[-1.6748621715874923, -0.9274122900761551]",-277.3835765755379,"[-1.6862525901946435, -0.9975834263855777]",-0.028785367307250453,0.028785367307250453,"[0.011390418607151176, 0.07017113630942262]","[0.011390418607151176, 0.07017113630942262]",0.0710895914111321,19.547301127924584
calibration__previous_inverse_cdf__120,previous_inverse_cdf,epsilon25,120,241001,251002,1008,True,-277.37351673941413,"[-1.9685873099342572, -0.9859739763364365]",-277.3835765755379,"[-1.6862525901946435, -0.9975834263855777]",0.010059836123787136,0.010059836123787136,"[-0.28233471973961377, 0.011609450049141268]","[0.28233471973961377, 0.011609450049141268]",0.2825733060656823,7.57339288899675
calibration__previous_inverse_cdf__120,previous_inverse_cdf,epsilon25,120,241002,251001,1008,True,-276.74337821832916,"[-6.40607845016203, 1.2643176347035163]",-275.1536394939734,"[-4.520408111578678, 1.0120636712765285]",-1.5897387243557546,1.5897387243557546,"[-1.8856703385833526, 0.2522539634269878]","[1.8856703385833526, 0.2522539634269878]",1.9024680517363963,7.912254460970871
calibration__previous_inverse_cdf__120,previous_inverse_cdf,epsilon25,120,241002,251002,1008,True,-276.99109889404997,"[-6.5872849325901255, 1.138428380683603]",-275.1536394939734,"[-4.520408111578678, 1.0120636712765285]",-1.8374594000765683,1.8374594000765683,"[-2.066876821011448, 0.12636470940707456]","[2.066876821011448, 0.12636470940707456]",2.070736060684201,7.066270188079216
calibration__repaired_permutation__10,repaired_permutation,baseline,10,241001,251001,1008,True,-20.401877290522172,"[-0.40781877621518003, -1.051552376939331]",-20.332106014114498,"[-0.37527431933244415, -1.0626317086190926]",-0.06977127640767478,0.06977127640767478,"[-0.032544456882735884, 0.011079331679761717]","[0.032544456882735884, 0.011079331679761717]",0.03437867455650998,10.547620830009691
calibration__repaired_permutation__10,repaired_permutation,baseline,10,241001,251002,1008,True,-20.4072111241584,"[-0.41255335023927897, -1.0603552984684672]",-20.332106014114498,"[-0.37527431933244415, -1.0626317086190926]",-0.07510511004390352,0.07510511004390352,"[-0.03727903090683482, 0.0022764101506254075]","[0.03727903090683482, 0.0022764101506254075]",0.037348469694575386,0.4437220289837569
calibration__repaired_permutation__10,repaired_permutation,baseline,10,241002,251001,1008,True,-19.675035411161552,"[-0.12014002657294032, 0.5045495899982032]",-19.76324641248078,"[-0.11793464154334662, 0.5301318320080093]",0.08821100131922677,0.08821100131922677,"[-0.0022053850295936928, -0.025582242009806078]","[0.0022053850295936928, 0.025582242009806078]",0.025677126579448935,0.42874624801333994
calibration__repaired_permutation__10,repaired_permutation,baseline,10,241002,251002,1008,True,-19.67471828985227,"[-0.11028839768727458, 0.5063252471068723]",-19.76324641248078,"[-0.11793464154334662, 0.5301318320080093]",0.08852812262851018,0.08852812262851018,"[0.007646243856072044, -0.023806584901136962]","[0.007646243856072044, 0.023806584901136962]",0.02500437021325596,0.443127371952869
calibration__repaired_permutation__10,repaired_permutation,design,10,241001,251001,1008,True,-20.39108041140965,"[-0.39279067386905747, -1.0609513972125975]",-20.332106014114498,"[-0.37527431933244415, -1.0626317086190926]",-0.058974397295152414,0.058974397295152414,"[-0.01751635453661332, 0.0016803114064951608]","[0.01751635453661332, 0.0016803114064951608]",0.017596764551335336,16.698531189002097
calibration__repaired_permutation__10,repaired_permutation,design,10,241001,251002,1008,True,-20.40086583509948,"[-0.40083391626208875, -1.0755383086099637]",-20.332106014114498,"[-0.37527431933244415, -1.0626317086190926]",-0.06875982098498312,0.06875982098498312,"[-0.0255595969296446, -0.01290659999087107]","[0.0255595969296446, 0.01290659999087107]",0.028633430086705484,0.4073679039720446
calibration__repaired_permutation__10,repaired_permutation,design,10,241002,251001,1008,True,-19.687765097656147,"[-0.12378871335776387, 0.5060385865842159]",-19.76324641248078,"[-0.11793464154334662, 0.5301318320080093]",0.07548131482463205,0.07548131482463205,"[-0.005854071814417244, -0.02409324542379343]","[0.005854071814417244, 0.02409324542379343]",0.02479424594254678,0.7754286339040846
calibration__repaired_permutation__10,repaired_permutation,design,10,241002,251002,1008,True,-19.6817832042723,"[-0.10408429549410164, 0.5085958638378391]",-19.76324641248078,"[-0.11793464154334662, 0.5301318320080093]",0.08146320820847919,0.08146320820847919,"[0.013850346049244983, -0.021535968170170228]","[0.013850346049244983, 0.021535968170170228]",0.02560527310360937,0.780279365950264
calibration__repaired_permutation__10,repaired_permutation,protection,10,241001,251001,1008,True,-20.395287676116077,"[-0.39110053089223457, -1.060972225590227]",-20.332106014114498,"[-0.37527431933244415, -1.0626317086190926]",-0.06318166200157904,0.06318166200157904,"[-0.015826211559790415, 0.0016594830288656492]","[0.015826211559790415, 0.0016594830288656492]",0.015912977605034732,13.527613337035291
calibration__repaired_permutation__10,repaired_permutation,protection,10,241001,251002,1008,True,-20.40363151844724,"[-0.40084152814306584, -1.0724753632999453]",-20.332106014114498,"[-0.37527431933244415, -1.0626317086190926]",-0.07152550433274385,0.07152550433274385,"[-0.02556720881062169, -0.009843654680852687]","[0.02556720881062169, 0.009843654680852687]",0.02739670972656761,0.4408976410049945
calibration__repaired_permutation__10,repaired_permutation,protection,10,241002,251001,1008,True,-19.686771464415543,"[-0.12553095512092588, 0.5043903495561176]",-19.76324641248078,"[-0.11793464154334662, 0.5301318320080093]",0.07647494806523625,0.07647494806523625,"[-0.007596313577579256, -0.025741482451891673]","[0.007596313577579256, 0.025741482451891673]",0.02683892506770645,0.489359920960851
calibration__repaired_permutation__10,repaired_permutation,protection,10,241002,251002,1008,True,-19.684285491351943,"[-0.11032387615139658, 0.5047193874872816]",-19.76324641248078,"[-0.11793464154334662, 0.5301318320080093]",0.07896092112883579,0.07896092112883579,"[0.007610765391950047, -0.02541244452072766]","[0.007610765391950047, 0.02541244452072766]",0.02652764758455536,0.48346057103481144
calibration__repaired_permutation__10,repaired_permutation,combined,10,241001,251001,1008,True,-20.35220001546074,"[-0.36301312484302384, -1.1058120143272465]",-20.332106014114498,"[-0.37527431933244415, -1.0626317086190926]",-0.02009400134624073,0.02009400134624073,"[0.012261194489420313, -0.0431803057081539]","[0.012261194489420313, 0.0431803057081539]",0.044887366723355686,15.209050775039941
calibration__repaired_permutation__10,repaired_permutation,combined,10,241001,251002,1008,True,-20.368504395708577,"[-0.3785455806028507, -1.1216564688910018]",-20.332106014114498,"[-0.37527431933244415, -1.0626317086190926]",-0.036398381594079154,0.036398381594079154,"[-0.003271261270406556, -0.05902476027190917]","[0.003271261270406556, 0.05902476027190917]",0.05911534044100236,0.4778378449846059
calibration__repaired_permutation__10,repaired_permutation,combined,10,241002,251001,1008,True,-19.72752271629647,"[-0.1171285775906189, 0.5354901349313024]",-19.76324641248078,"[-0.11793464154334662, 0.5301318320080093]",0.03572369618430926,0.03572369618430926,"[0.0008060639527277258, 0.00535830292329309]","[0.0008060639527277258, 0.00535830292329309]",0.005418592927472807,0.48580501903779805
calibration__repaired_permutation__10,repaired_permutation,combined,10,241002,251002,1008,True,-19.722571277041745,"[-0.10115090430281656, 0.5377872970663183]",-19.76324641248078,"[-0.11793464154334662, 0.5301318320080093]",0.04067513543903445,0.04067513543903445,"[0.01678373724053006, 0.007655465058309052]","[0.01678373724053006, 0.007655465058309052]",0.018447221498592854,0.46881503297481686
calibration__repaired_permutation__10,repaired_permutation,steps4,10,241001,251001,1008,True,-20.348249918844076,"[-0.3661131138791935, -1.0927462689376302]",-20.332106014114498,"[-0.37527431933244415, -1.0626317086190926]",-0.01614390472957794,0.01614390472957794,"[0.009161205453250665, -0.030114560318537542]","[0.009161205453250665, 0.030114560318537542]",0.03147720490347746,14.518776271026582
calibration__repaired_permutation__10,repaired_permutation,steps4,10,241001,251002,1008,True,-20.361631102637258,"[-0.3796695596452284, -1.106130667822408]",-20.332106014114498,"[-0.37527431933244415, -1.0626317086190926]",-0.029525088522760257,0.029525088522760257,"[-0.004395240312784265, -0.04349895920331548]","[0.004395240312784265, 0.04349895920331548]",0.04372044818135821,0.5957417109748349
calibration__repaired_permutation__10,repaired_permutation,steps4,10,241002,251001,1008,True,-19.740396369200532,"[-0.12028719371723892, 0.5332553576199965]",-19.76324641248078,"[-0.11793464154334662, 0.5301318320080093]",0.02285004328024698,0.02285004328024698,"[-0.002352552173892297, 0.0031235256119872545]","[0.002352552173892297, 0.0031235256119872545]",0.0039103598273849075,0.5548421799903736
calibration__repaired_permutation__10,repaired_permutation,steps4,10,241002,251002,1008,True,-19.734567528834326,"[-0.10412359037480626, 0.5354427090900047]",-19.76324641248078,"[-0.11793464154334662, 0.5301318320080093]",0.0286788836464531,0.0286788836464531,"[0.013811051168540367, 0.005310877081995402]","[0.013811051168540367, 0.005310877081995402]",0.0147969777238497,0.5485278429696336
calibration__repaired_permutation__10,repaired_permutation,steps8,10,241001,251001,1008,True,-20.344099659542373,"[-0.3686797181774717, -1.0800757036090494]",-20.332106014114498,"[-0.37527431933244415, -1.0626317086190926]",-0.011993645427875066,0.011993645427875066,"[0.006594601154972457, -0.017443994989956746]","[0.006594601154972457, 0.017443994989956746]",0.018648906820583348,14.682813624967821
calibration__repaired_permutation__10,repaired_permutation,steps8,10,241001,251002,1008,True,-20.355087868043874,"[-0.3806466672222258, -1.0914605552664627]",-20.332106014114498,"[-0.37527431933244415, -1.0626317086190926]",-0.022981853929376683,0.022981853929376683,"[-0.005372347889781637, -0.028828846647370066]","[0.005372347889781637, 0.028828846647370066]",0.02932515167678458,0.710164538002573
calibration__repaired_permutation__10,repaired_permutation,steps8,10,241002,251001,1008,True,-19.751828212085424,"[-0.12240669904239015, 0.5315456498511104]",-19.76324641248078,"[-0.11793464154334662, 0.5301318320080093]",0.01141820039535446,0.01141820039535446,"[-0.00447205749904353, 0.0014138178431011283]","[0.00447205749904353, 0.0014138178431011283]",0.004690221654487408,0.6962812490528449
calibration__repaired_permutation__10,repaired_permutation,steps8,10,241002,251002,1008,True,-19.745414305955197,"[-0.10625863304170921, 0.5335283080967734]",-19.76324641248078,"[-0.11793464154334662, 0.5301318320080093]",0.017832106525581537,0.017832106525581537,"[0.011676008501637414, 0.0033964760887641443]","[0.011676008501637414, 0.0033964760887641443]",0.012159984553931627,0.7156407460570335
calibration__repaired_permutation__10,repaired_permutation,epsilon25,10,241001,251001,1008,True,-20.342362395977915,"[-0.3709336159682737, -1.070910073775709]",-20.332106014114498,"[-0.37527431933244415, -1.0626317086190926]",-0.010256381863417374,0.010256381863417374,"[0.004340703364170473, -0.008278365156616285]","[0.004340703364170473, 0.008278365156616285]",0.009347354457920135,15.168292749905959
calibration__repaired_permutation__10,repaired_permutation,epsilon25,10,241001,251002,1008,True,-20.353505047785223,"[-0.3829489646145176, -1.0811790482738377]",-20.332106014114498,"[-0.37527431933244415, -1.0626317086190926]",-0.021399033670725487,0.021399033670725487,"[-0.007674645282073456, -0.018547339654745088]","[0.007674645282073456, 0.018547339654745088]",0.020072468420055663,0.6252923540305346
calibration__repaired_permutation__10,repaired_permutation,epsilon25,10,241002,251001,1008,True,-19.75483057696812,"[-0.12352641463941394, 0.5282110279819738]",-19.76324641248078,"[-0.11793464154334662, 0.5301318320080093]",0.008415835512657566,0.008415835512657566,"[-0.005591773096067315, -0.0019208040260354498]","[0.005591773096067315, 0.0019208040260354498]",0.005912479552974052,0.6784236209932715
calibration__repaired_permutation__10,repaired_permutation,epsilon25,10,241002,251002,1008,True,-19.748110422524743,"[-0.10738031912180032, 0.5300104651468531]",-19.76324641248078,"[-0.11793464154334662, 0.5301318320080093]",0.015135989956036155,0.015135989956036155,"[0.010554322421546303, -0.00012136686115615802]","[0.010554322421546303, 0.00012136686115615802]",0.010555020212815413,0.6800005330005661
calibration__repaired_permutation__120,repaired_permutation,baseline,120,241001,251001,1008,True,-278.59250435335673,"[-2.1875570652108127, -0.6265219185247637]",-277.3835765755379,"[-1.6862525901946435, -0.9975834263855777]",-1.2089277778188148,1.2089277778188148,"[-0.5013044750161693, 0.37106150786081404]","[0.5013044750161693, 0.37106150786081404]",0.6236928885975677,15.476259881979786
calibration__repaired_permutation__120,repaired_permutation,baseline,120,241001,251002,1008,True,-278.7927170225435,"[-2.785730614739309, -0.6846998244332396]",-277.3835765755379,"[-1.6862525901946435, -0.9975834263855777]",-1.4091404470055977,1.4091404470055977,"[-1.0994780245446654, 0.3128836019523381]","[1.0994780245446654, 0.3128836019523381]",1.143130821396794,5.714841853012331
calibration__repaired_permutation__120,repaired_permutation,baseline,120,241002,251001,1008,True,-276.3548072912049,"[-6.530600497079635, 0.8800958102170617]",-275.1536394939734,"[-4.520408111578678, 1.0120636712765285]",-1.2011677972315056,1.2011677972315056,"[-2.0101923855009574, -0.13196786105946678]","[2.0101923855009574, 0.13196786105946678]",2.014519531570404,5.670808212016709
calibration__repaired_permutation__120,repaired_permutation,baseline,120,241002,251002,1008,True,-276.6481258903387,"[-6.769757637048924, 0.6984577387158583]",-275.1536394939734,"[-4.520408111578678, 1.0120636712765285]",-1.4944863963652892,1.4944863963652892,"[-2.2493495254702465, -0.31360593256067026]","[2.2493495254702465, 0.31360593256067026]",2.2711058911179087,6.23676591203548
calibration__repaired_permutation__120,repaired_permutation,design,120,241001,251001,1008,True,-278.3363524444057,"[-2.0233991908480893, -0.6422309872252684]",-277.3835765755379,"[-1.6862525901946435, -0.9975834263855777]",-0.952775868867775,0.952775868867775,"[-0.3371466006534458, 0.35535243916030934]","[0.3371466006534458, 0.35535243916030934]",0.4898399599352378,18.457956498023123
calibration__repaired_permutation__120,repaired_permutation,design,120,241001,251002,1008,True,-278.4429761098339,"[-2.5085096441202057, -0.6881779570844742]",-277.3835765755379,"[-1.6862525901946435, -0.9975834263855777]",-1.0593995342960056,1.0593995342960056,"[-0.8222570539255623, 0.3094054693011036]","[0.8222570539255623, 0.3094054693011036]",0.8785433439300426,5.699522771057673
calibration__repaired_permutation__120,repaired_permutation,design,120,241002,251001,1008,True,-276.3924241747949,"[-6.459684013333925, 0.9468057396196474]",-275.1536394939734,"[-4.520408111578678, 1.0120636712765285]",-1.2387846808214817,1.2387846808214817,"[-1.9392759017552477, -0.0652579316568811]","[1.9392759017552477, 0.0652579316568811]",1.9403735776320918,5.419757829979062
calibration__repaired_permutation__120,repaired_permutation,design,120,241002,251002,1008,True,-276.6278193974773,"[-6.659898103114582, 0.7795248529724699]",-275.1536394939734,"[-4.520408111578678, 1.0120636712765285]",-1.4741799035039094,1.4741799035039094,"[-2.1394899915359042, -0.23253881830405865]","[2.1394899915359042, 0.23253881830405865]",2.1520900831286203,5.415591201046482
calibration__repaired_permutation__120,repaired_permutation,protection,120,241001,251001,1008,True,-278.32848549101686,"[-2.0258451971811793, -0.6519104653096385]",-277.3835765755379,"[-1.6862525901946435, -0.9975834263855777]",-0.9449089154789476,0.9449089154789476,"[-0.3395926069865358, 0.34567296107593926]","[0.3395926069865358, 0.34567296107593926]",0.48457500424487393,21.355322606046684
calibration__repaired_permutation__120,repaired_permutation,protection,120,241001,251002,1008,True,-278.4727265053516,"[-2.51338326720915, -0.7039563401872011]",-277.3835765755379,"[-1.6862525901946435, -0.9975834263855777]",-1.0891499298136864,1.0891499298136864,"[-0.8271306770145066, 0.29362708619837663]","[0.8271306770145066, 0.29362708619837663]",0.8777026960240153,5.662804452003911
calibration__repaired_permutation__120,repaired_permutation,protection,120,241002,251001,1008,True,-276.35139955547135,"[-6.480777146836834, 0.9150196545678921]",-275.1536394939734,"[-4.520408111578678, 1.0120636712765285]",-1.1977600614979451,1.1977600614979451,"[-1.9603690352581564, -0.09704401670863638]","[1.9603690352581564, 0.09704401670863638]",1.9627695472413313,5.52118109096773
calibration__repaired_permutation__120,repaired_permutation,protection,120,241002,251002,1008,True,-276.67247852356445,"[-6.687547042607591, 0.7920278488028367]",-275.1536394939734,"[-4.520408111578678, 1.0120636712765285]",-1.5188390295910494,1.5188390295910494,"[-2.167138931028913, -0.2200358224736918]","[2.167138931028913, 0.2200358224736918]",2.178280723312038,5.950274302973412
calibration__repaired_permutation__120,repaired_permutation,combined,120,241001,251001,1008,True,-277.61084703676494,"[-1.80507323415206, -0.9396983147865052]",-277.3835765755379,"[-1.6862525901946435, -0.9975834263855777]",-0.22727046122702177,0.22727046122702177,"[-0.11882064395741643, 0.0578851115990725]","[0.11882064395741643, 0.0578851115990725]",0.1321704640806417,18.002260652021505
calibration__repaired_permutation__120,repaired_permutation,combined,120,241001,251002,1008,True,-277.57274571994725,"[-2.097908931339571, -0.9672549254341484]",-277.3835765755379,"[-1.6862525901946435, -0.9975834263855777]",-0.18916914440933397,0.18916914440933397,"[-0.41165634114492766, 0.03032850095142936]","[0.41165634114492766, 0.03032850095142936]",0.4127720450500372,5.35017691203393
calibration__repaired_permutation__120,repaired_permutation,combined,120,241002,251001,1008,True,-276.56217858798226,"[-6.34953134612187, 1.2102635747281894]",-275.1536394939734,"[-4.520408111578678, 1.0120636712765285]",-1.4085390940088587,1.4085390940088587,"[-1.829123234543192, 0.19819990345166083]","[1.829123234543192, 0.19819990345166083]",1.839830157616185,5.530893282964826
calibration__repaired_permutation__120,repaired_permutation,combined,120,241002,251002,1008,True,-276.8210680486464,"[-6.6117840579423115, 1.0853046946320142]",-275.1536394939734,"[-4.520408111578678, 1.0120636712765285]",-1.6674285546729948,1.6674285546729948,"[-2.091375946363634, 0.07324102335548566]","[2.091375946363634, 0.07324102335548566]",2.092658021878048,5.612229526974261
calibration__repaired_permutation__120,repaired_permutation,steps4,120,241001,251001,1008,True,-277.52718526327106,"[-1.7339738909714262, -0.9476904661406451]",-277.3835765755379,"[-1.6862525901946435, -0.9975834263855777]",-0.14360868773314905,0.14360868773314905,"[-0.047721300776782716, 0.049892960244932616]","[0.047721300776782716, 0.049892960244932616]",0.06904078526371632,18.52367918298114
calibration__repaired_permutation__120,repaired_permutation,steps4,120,241001,251002,1008,True,-277.48981208516676,"[-2.0205108123394666, -0.9908489359449648]",-277.3835765755379,"[-1.6862525901946435, -0.9975834263855777]",-0.10623550962884565,0.10623550962884565,"[-0.33425822214482315, 0.006734490440612917]","[0.33425822214482315, 0.006734490440612917]",0.3343260570654233,6.615800163010135
calibration__repaired_permutation__120,repaired_permutation,steps4,120,241002,251001,1008,True,-276.6407303235185,"[-6.383863096890526, 1.239920014256053]",-275.1536394939734,"[-4.520408111578678, 1.0120636712765285]",-1.4870908295450818,1.4870908295450818,"[-1.863454985311848, 0.2278563429795244]","[1.863454985311848, 0.2278563429795244]",1.87733401272112,6.744469579076394
calibration__repaired_permutation__120,repaired_permutation,steps4,120,241002,251002,1008,True,-276.88877686477935,"[-6.592577832650069, 1.113397602101848]",-275.1536394939734,"[-4.520408111578678, 1.0120636712765285]",-1.735137370805944,1.735137370805944,"[-2.0721697210713916, 0.10133393082531938]","[2.0721697210713916, 0.10133393082531938]",2.074645974247558,6.564034269074909
calibration__repaired_permutation__120,repaired_permutation,steps8,120,241001,251001,1008,True,-277.4506085893507,"[-1.6686020053187356, -0.953926034722302]",-277.3835765755379,"[-1.6862525901946435, -0.9975834263855777]",-0.06703201381276358,0.06703201381276358,"[0.01765058487590787, 0.04365739166327576]","[0.01765058487590787, 0.04365739166327576]",0.04709045543740565,19.626995560945943
calibration__repaired_permutation__120,repaired_permutation,steps8,120,241001,251002,1008,True,-277.4158407142822,"[-1.95194915247018, -1.010781712360109]",-277.3835765755379,"[-1.6862525901946435, -0.9975834263855777]",-0.03226413874426726,0.03226413874426726,"[-0.2656965622755365, -0.01319828597453132]","[0.2656965622755365, 0.01319828597453132]",0.26602416799551043,6.921171355061233
calibration__repaired_permutation__120,repaired_permutation,steps8,120,241002,251001,1008,True,-276.71294103292354,"[-6.410916345949532, 1.2639078587296304]",-275.1536394939734,"[-4.520408111578678, 1.0120636712765285]",-1.5593015389501375,1.5593015389501375,"[-1.8905082343708548, 0.2518441874531019]","[1.8905082343708548, 0.2518441874531019]",1.9072091859515359,7.62432673398871
calibration__repaired_permutation__120,repaired_permutation,steps8,120,241002,251002,1008,True,-276.9584107112287,"[-6.579618041534341, 1.1361027756209476]",-275.1536394939734,"[-4.520408111578678, 1.0120636712765285]",-1.8047712172552792,1.8047712172552792,"[-2.0592099299556637, 0.12403910434441912]","[2.0592099299556637, 0.12403910434441912]",2.062942373173467,8.171535838977434
calibration__repaired_permutation__120,repaired_permutation,epsilon25,120,241001,251001,1008,True,-277.4254184141627,"[-1.6694235089950822, -0.9256449721882708]",-277.3835765755379,"[-1.6862525901946435, -0.9975834263855777]",-0.04184183862480495,0.04184183862480495,"[0.01682908119956128, 0.07193845419730693]","[0.01682908119956128, 0.07193845419730693]",0.07388070902691347,17.998281890992075
calibration__repaired_permutation__120,repaired_permutation,epsilon25,120,241001,251002,1008,True,-277.38233259331,"[-1.9553150895381648, -0.9889088338919962]",-277.3835765755379,"[-1.6862525901946435, -0.9975834263855777]",0.0012439822278906831,0.0012439822278906831,"[-0.26906249934352133, 0.00867459249358149]","[0.26906249934352133, 0.00867459249358149]",0.26920229773891624,7.251691713929176
calibration__repaired_permutation__120,repaired_permutation,epsilon25,120,241002,251001,1008,True,-276.74911727501564,"[-6.420644706738213, 1.2629680438426063]",-275.1536394939734,"[-4.520408111578678, 1.0120636712765285]",-1.5954777810422343,1.5954777810422343,"[-1.9002365951595355, 0.2509043725660778]","[1.9002365951595355, 0.2509043725660778]",1.9167295379777192,7.153024640982039
calibration__repaired_permutation__120,repaired_permutation,epsilon25,120,241002,251002,1008,True,-276.9964983200241,"[-6.589229998329999, 1.1361282198108722]",-275.1536394939734,"[-4.520408111578678, 1.0120636712765285]",-1.8428588260507013,1.8428588260507013,"[-2.068821886751321, 0.12406454853434368]","[2.068821886751321, 0.12406454853434368]",2.072538542778958,7.806550121051259
calibration__repaired_permutation_ablation__10,repaired_permutation_ablation,baseline,10,241001,251001,1008,True,-20.40194992223823,"[-0.40565103808545194, -1.049198213602415]",-20.332106014114498,"[-0.37527431933244415, -1.0626317086190926]",-0.0698439081237332,0.0698439081237332,"[-0.030376718753007792, 0.013433495016677677]","[0.030376718753007792, 0.013433495016677677]",0.03321451234870744,11.002691337023862
calibration__repaired_permutation_ablation__10,repaired_permutation_ablation,baseline,10,241001,251002,1008,True,-20.40731899677814,"[-0.4129089463643284, -1.0603540833988732]",-20.332106014114498,"[-0.37527431933244415, -1.0626317086190926]",-0.0752129826636434,0.0752129826636434,"[-0.03763462703188425, 0.002277625220219459]","[0.03763462703188425, 0.002277625220219459]",0.03770348430149145,0.9512952920049429
calibration__repaired_permutation_ablation__10,repaired_permutation_ablation,baseline,10,241002,251001,1008,True,-19.674801152607838,"[-0.11946036333500423, 0.5051405321746608]",-19.76324641248078,"[-0.11793464154334662, 0.5301318320080093]",0.08844525987294105,0.08844525987294105,"[-0.0015257217916576082, -0.024991299833348468]","[0.0015257217916576082, 0.024991299833348468]",0.025037829265850145,0.9590820509474725
calibration__repaired_permutation_ablation__10,repaired_permutation_ablation,baseline,10,241002,251002,1008,True,-19.674552031099225,"[-0.11189492614632168, 0.5049070929806453]",-19.76324641248078,"[-0.11793464154334662, 0.5301318320080093]",0.08869438138155417,0.08869438138155417,"[0.006039715397024942, -0.025224739027363996]","[0.006039715397024942, 0.025224739027363996]",0.025937725826981832,0.8585111249703914
calibration__repaired_permutation_ablation__10,repaired_permutation_ablation,design,10,241001,251001,1008,True,-20.391251499488053,"[-0.39308327027216167, -1.0605312406843734]",-20.332106014114498,"[-0.37527431933244415, -1.0626317086190926]",-0.05914548537355557,0.05914548537355557,"[-0.017808950939717516, 0.0021004679347191857]","[0.017808950939717516, 0.0021004679347191857]",0.017932392453826367,10.454160830006003
calibration__repaired_permutation_ablation__10,repaired_permutation_ablation,design,10,241001,251002,1008,True,-20.400945040306834,"[-0.4010427926084798, -1.075064487931837]",-20.332106014114498,"[-0.37527431933244415, -1.0626317086190926]",-0.06883902619233595,0.06883902619233595,"[-0.025768473276035653, -0.012432779312744335]","[0.025768473276035653, 0.012432779312744335]",0.02861098069652921,0.4850832719821483
calibration__repaired_permutation_ablation__10,repaired_permutation_ablation,design,10,241002,251001,1008,True,-19.68750003200855,"[-0.12380514814964996, 0.5059139543055523]",-19.76324641248078,"[-0.11793464154334662, 0.5301318320080093]",0.07574638047222848,0.07574638047222848,"[-0.005870506606303338, -0.02421787770245698]","[0.005870506606303338, 0.02421787770245698]",0.024919238516170877,0.5516705650370568
calibration__repaired_permutation_ablation__10,repaired_permutation_ablation,design,10,241002,251002,1008,True,-19.681552552477054,"[-0.10416583005043323, 0.508442640201295]",-19.76324641248078,"[-0.11793464154334662, 0.5301318320080093]",0.0816938600037247,0.0816938600037247,"[0.013768811492913396, -0.021689191806714248]","[0.013768811492913396, 0.021689191806714248]",0.02569048872940771,0.7376432450255379
calibration__repaired_permutation_ablation__10,repaired_permutation_ablation,protection,10,241001,251001,1008,True,-20.395287676116077,"[-0.39110053089223457, -1.060972225590227]",-20.332106014114498,"[-0.37527431933244415, -1.0626317086190926]",-0.06318166200157904,0.06318166200157904,"[-0.015826211559790415, 0.0016594830288656492]","[0.015826211559790415, 0.0016594830288656492]",0.015912977605034732,12.402636999962851
calibration__repaired_permutation_ablation__10,repaired_permutation_ablation,protection,10,241001,251002,1008,True,-20.40363151844724,"[-0.40084152814306584, -1.0724753632999453]",-20.332106014114498,"[-0.37527431933244415, -1.0626317086190926]",-0.07152550433274385,0.07152550433274385,"[-0.02556720881062169, -0.009843654680852687]","[0.02556720881062169, 0.009843654680852687]",0.02739670972656761,0.5010509910061955
calibration__repaired_permutation_ablation__10,repaired_permutation_ablation,protection,10,241002,251001,1008,True,-19.686771464415543,"[-0.12553095512092588, 0.5043903495561176]",-19.76324641248078,"[-0.11793464154334662, 0.5301318320080093]",0.07647494806523625,0.07647494806523625,"[-0.007596313577579256, -0.025741482451891673]","[0.007596313577579256, 0.025741482451891673]",0.02683892506770645,0.4018522970145568
calibration__repaired_permutation_ablation__10,repaired_permutation_ablation,protection,10,241002,251002,1008,True,-19.684285491351943,"[-0.11032387615139658, 0.5047193874872816]",-19.76324641248078,"[-0.11793464154334662, 0.5301318320080093]",0.07896092112883579,0.07896092112883579,"[0.007610765391950047, -0.02541244452072766]","[0.007610765391950047, 0.02541244452072766]",0.02652764758455536,0.4381223820382729
calibration__repaired_permutation_ablation__10,repaired_permutation_ablation,combined,10,241001,251001,1008,True,-20.35220001546074,"[-0.36301312484302384, -1.1058120143272465]",-20.332106014114498,"[-0.37527431933244415, -1.0626317086190926]",-0.02009400134624073,0.02009400134624073,"[0.012261194489420313, -0.0431803057081539]","[0.012261194489420313, 0.0431803057081539]",0.044887366723355686,12.859609078033827
calibration__repaired_permutation_ablation__10,repaired_permutation_ablation,combined,10,241001,251002,1008,True,-20.368504395708577,"[-0.3785455806028507, -1.1216564688910018]",-20.332106014114498,"[-0.37527431933244415, -1.0626317086190926]",-0.036398381594079154,0.036398381594079154,"[-0.003271261270406556, -0.05902476027190917]","[0.003271261270406556, 0.05902476027190917]",0.05911534044100236,0.4553811550140381
calibration__repaired_permutation_ablation__10,repaired_permutation_ablation,combined,10,241002,251001,1008,True,-19.72752271629647,"[-0.1171285775906189, 0.5354901349313024]",-19.76324641248078,"[-0.11793464154334662, 0.5301318320080093]",0.03572369618430926,0.03572369618430926,"[0.0008060639527277258, 0.00535830292329309]","[0.0008060639527277258, 0.00535830292329309]",0.005418592927472807,0.49120604095514864
calibration__repaired_permutation_ablation__10,repaired_permutation_ablation,combined,10,241002,251002,1008,True,-19.722571277041745,"[-0.10115090430281656, 0.5377872970663183]",-19.76324641248078,"[-0.11793464154334662, 0.5301318320080093]",0.04067513543903445,0.04067513543903445,"[0.01678373724053006, 0.007655465058309052]","[0.01678373724053006, 0.007655465058309052]",0.018447221498592854,0.48681204102467746
calibration__repaired_permutation_ablation__10,repaired_permutation_ablation,steps4,10,241001,251001,1008,True,-20.348249918844076,"[-0.3661131138791935, -1.0927462689376302]",-20.332106014114498,"[-0.37527431933244415, -1.0626317086190926]",-0.01614390472957794,0.01614390472957794,"[0.009161205453250665, -0.030114560318537542]","[0.009161205453250665, 0.030114560318537542]",0.03147720490347746,14.543228882015683
calibration__repaired_permutation_ablation__10,repaired_permutation_ablation,steps4,10,241001,251002,1008,True,-20.361631102637258,"[-0.3796695596452284, -1.106130667822408]",-20.332106014114498,"[-0.37527431933244415, -1.0626317086190926]",-0.029525088522760257,0.029525088522760257,"[-0.004395240312784265, -0.04349895920331548]","[0.004395240312784265, 0.04349895920331548]",0.04372044818135821,0.5914389180252329
calibration__repaired_permutation_ablation__10,repaired_permutation_ablation,steps4,10,241002,251001,1008,True,-19.740396369200532,"[-0.12028719371723892, 0.5332553576199965]",-19.76324641248078,"[-0.11793464154334662, 0.5301318320080093]",0.02285004328024698,0.02285004328024698,"[-0.002352552173892297, 0.0031235256119872545]","[0.002352552173892297, 0.0031235256119872545]",0.0039103598273849075,0.5790666660759598
calibration__repaired_permutation_ablation__10,repaired_permutation_ablation,steps4,10,241002,251002,1008,True,-19.734567528834326,"[-0.10412359037480626, 0.5354427090900047]",-19.76324641248078,"[-0.11793464154334662, 0.5301318320080093]",0.0286788836464531,0.0286788836464531,"[0.013811051168540367, 0.005310877081995402]","[0.013811051168540367, 0.005310877081995402]",0.0147969777238497,0.6429125390714034
calibration__repaired_permutation_ablation__10,repaired_permutation_ablation,steps8,10,241001,251001,1008,True,-20.344099659542373,"[-0.3686797181774717, -1.0800757036090494]",-20.332106014114498,"[-0.37527431933244415, -1.0626317086190926]",-0.011993645427875066,0.011993645427875066,"[0.006594601154972457, -0.017443994989956746]","[0.006594601154972457, 0.017443994989956746]",0.018648906820583348,11.606991998967715
calibration__repaired_permutation_ablation__10,repaired_permutation_ablation,steps8,10,241001,251002,1008,True,-20.355087868043874,"[-0.3806466672222258, -1.0914605552664627]",-20.332106014114498,"[-0.37527431933244415, -1.0626317086190926]",-0.022981853929376683,0.022981853929376683,"[-0.005372347889781637, -0.028828846647370066]","[0.005372347889781637, 0.028828846647370066]",0.02932515167678458,1.4533657010179013
calibration__repaired_permutation_ablation__10,repaired_permutation_ablation,steps8,10,241002,251001,1008,True,-19.751828212085424,"[-0.12240669904239015, 0.5315456498511104]",-19.76324641248078,"[-0.11793464154334662, 0.5301318320080093]",0.01141820039535446,0.01141820039535446,"[-0.00447205749904353, 0.0014138178431011283]","[0.00447205749904353, 0.0014138178431011283]",0.004690221654487408,1.4378859740681946
calibration__repaired_permutation_ablation__10,repaired_permutation_ablation,steps8,10,241002,251002,1008,True,-19.745414305955197,"[-0.10625863304170921, 0.5335283080967734]",-19.76324641248078,"[-0.11793464154334662, 0.5301318320080093]",0.017832106525581537,0.017832106525581537,"[0.011676008501637414, 0.0033964760887641443]","[0.011676008501637414, 0.0033964760887641443]",0.012159984553931627,1.398451255983673
calibration__repaired_permutation_ablation__10,repaired_permutation_ablation,epsilon25,10,241001,251001,1008,True,-20.342362395977915,"[-0.3709336159682737, -1.070910073775709]",-20.332106014114498,"[-0.37527431933244415, -1.0626317086190926]",-0.010256381863417374,0.010256381863417374,"[0.004340703364170473, -0.008278365156616285]","[0.004340703364170473, 0.008278365156616285]",0.009347354457920135,10.959988269023597
calibration__repaired_permutation_ablation__10,repaired_permutation_ablation,epsilon25,10,241001,251002,1008,True,-20.353505047785223,"[-0.3829489646145176, -1.0811790482738377]",-20.332106014114498,"[-0.37527431933244415, -1.0626317086190926]",-0.021399033670725487,0.021399033670725487,"[-0.007674645282073456, -0.018547339654745088]","[0.007674645282073456, 0.018547339654745088]",0.020072468420055663,1.4365565079497173
calibration__repaired_permutation_ablation__10,repaired_permutation_ablation,epsilon25,10,241002,251001,1008,True,-19.75483057696812,"[-0.12352641463941394, 0.5282110279819738]",-19.76324641248078,"[-0.11793464154334662, 0.5301318320080093]",0.008415835512657566,0.008415835512657566,"[-0.005591773096067315, -0.0019208040260354498]","[0.005591773096067315, 0.0019208040260354498]",0.005912479552974052,1.4322849640157074
calibration__repaired_permutation_ablation__10,repaired_permutation_ablation,epsilon25,10,241002,251002,1008,True,-19.748110422524743,"[-0.10738031912180032, 0.5300104651468531]",-19.76324641248078,"[-0.11793464154334662, 0.5301318320080093]",0.015135989956036155,0.015135989956036155,"[0.010554322421546303, -0.00012136686115615802]","[0.010554322421546303, 0.00012136686115615802]",0.010555020212815413,1.3992098399903625
calibration__repaired_permutation_ablation__120,repaired_permutation_ablation,baseline,120,241001,251001,1008,True,-278.5992213611067,"[-2.1580248139423097, -0.6166108545570959]",-277.3835765755379,"[-1.6862525901946435, -0.9975834263855777]",-1.2156447855687702,1.2156447855687702,"[-0.47177222374766625, 0.3809725718284819]","[0.47177222374766625, 0.3809725718284819]",0.6063902469412135,19.46527676808182
calibration__repaired_permutation_ablation__120,repaired_permutation_ablation,baseline,120,241001,251002,1008,True,-278.80074114350265,"[-2.791651289744306, -0.6871176339142668]",-277.3835765755379,"[-1.6862525901946435, -0.9975834263855777]",-1.4171645679647327,1.4171645679647327,"[-1.1053986995496627, 0.3104657924713109]","[1.1053986995496627, 0.3104657924713109]",1.1481704112460505,6.54273253493011
calibration__repaired_permutation_ablation__120,repaired_permutation_ablation,baseline,120,241002,251001,1008,True,-276.3551465313924,"[-6.54309932937785, 0.8766567139647538]",-275.1536394939734,"[-4.520408111578678, 1.0120636712765285]",-1.2015070374189918,1.2015070374189918,"[-2.0226912177991725, -0.13540695731177477]","[2.0226912177991725, 0.13540695731177477]",2.0272184901115944,8.820997967966832
calibration__repaired_permutation_ablation__120,repaired_permutation_ablation,baseline,120,241002,251002,1008,True,-276.6474318411714,"[-6.749428500725347, 0.696509067859177]",-275.1536394939734,"[-4.520408111578678, 1.0120636712765285]",-1.4937923471979957,1.4937923471979957,"[-2.22902038914667, -0.31555460341735153]","[2.22902038914667, 0.31555460341735153]",2.251245567007174,5.5365553359733894
calibration__repaired_permutation_ablation__120,repaired_permutation_ablation,design,120,241001,251001,1008,True,-278.34305388154564,"[-2.0266878109933417, -0.6409075172575192]",-277.3835765755379,"[-1.6862525901946435, -0.9975834263855777]",-0.9594773060077273,0.9594773060077273,"[-0.34043522079869826, 0.3566759091280586]","[0.34043522079869826, 0.3566759091280586]",0.49306576002860464,25.024098530993797
calibration__repaired_permutation_ablation__120,repaired_permutation_ablation,design,120,241001,251002,1008,True,-278.4512365915216,"[-2.514237809056783, -0.6870527675062312]",-277.3835765755379,"[-1.6862525901946435, -0.9975834263855777]",-1.0676600159836767,1.0676600159836767,"[-0.8279852188621395, 0.3105306588793465]","[0.8279852188621395, 0.3105306588793465]",0.8843013133306012,5.817612163955346
calibration__repaired_permutation_ablation__120,repaired_permutation_ablation,design,120,241002,251001,1008,True,-276.39287026705347,"[-6.4620311166997775, 0.9455340365883086]",-275.1536394939734,"[-4.520408111578678, 1.0120636712765285]",-1.2392307730800667,1.2392307730800667,"[-1.9416230051210999, -0.06652963468821993]","[1.9416230051210999, 0.06652963468821993]",1.9427624883930714,8.714947741944343
calibration__repaired_permutation_ablation__120,repaired_permutation_ablation,design,120,241002,251002,1008,True,-276.62742181246216,"[-6.661582303777032, 0.7771796699235871]",-275.1536394939734,"[-4.520408111578678, 1.0120636712765285]",-1.4737823184887588,1.4737823184887588,"[-2.1411741921983545, -0.2348840013529414]","[2.1411741921983545, 0.2348840013529414]",2.1540188985772257,6.1576637589605525
calibration__repaired_permutation_ablation__120,repaired_permutation_ablation,protection,120,241001,251001,1008,True,-278.32848549101686,"[-2.0258451971811793, -0.6519104653096385]",-277.3835765755379,"[-1.6862525901946435, -0.9975834263855777]",-0.9449089154789476,0.9449089154789476,"[-0.3395926069865358, 0.34567296107593926]","[0.3395926069865358, 0.34567296107593926]",0.48457500424487393,23.023633160046302
calibration__repaired_permutation_ablation__120,repaired_permutation_ablation,protection,120,241001,251002,1008,True,-278.4727265053516,"[-2.51338326720915, -0.7039563401872011]",-277.3835765755379,"[-1.6862525901946435, -0.9975834263855777]",-1.0891499298136864,1.0891499298136864,"[-0.8271306770145066, 0.29362708619837663]","[0.8271306770145066, 0.29362708619837663]",0.8777026960240153,5.295998187037185
calibration__repaired_permutation_ablation__120,repaired_permutation_ablation,protection,120,241002,251001,1008,True,-276.35139955547135,"[-6.480777146836834, 0.9150196545678921]",-275.1536394939734,"[-4.520408111578678, 1.0120636712765285]",-1.1977600614979451,1.1977600614979451,"[-1.9603690352581564, -0.09704401670863638]","[1.9603690352581564, 0.09704401670863638]",1.9627695472413313,9.239313845988363
calibration__repaired_permutation_ablation__120,repaired_permutation_ablation,protection,120,241002,251002,1008,True,-276.67247852356445,"[-6.687547042607591, 0.7920278488028367]",-275.1536394939734,"[-4.520408111578678, 1.0120636712765285]",-1.5188390295910494,1.5188390295910494,"[-2.167138931028913, -0.2200358224736918]","[2.167138931028913, 0.2200358224736918]",2.178280723312038,7.8986557649914175
calibration__repaired_permutation_ablation__120,repaired_permutation_ablation,combined,120,241001,251001,1008,True,-277.61084703676494,"[-1.80507323415206, -0.9396983147865052]",-277.3835765755379,"[-1.6862525901946435, -0.9975834263855777]",-0.22727046122702177,0.22727046122702177,"[-0.11882064395741643, 0.0578851115990725]","[0.11882064395741643, 0.0578851115990725]",0.1321704640806417,21.58523162396159
calibration__repaired_permutation_ablation__120,repaired_permutation_ablation,combined,120,241001,251002,1008,True,-277.57274571994725,"[-2.097908931339571, -0.9672549254341484]",-277.3835765755379,"[-1.6862525901946435, -0.9975834263855777]",-0.18916914440933397,0.18916914440933397,"[-0.41165634114492766, 0.03032850095142936]","[0.41165634114492766, 0.03032850095142936]",0.4127720450500372,11.384429350961
calibration__repaired_permutation_ablation__120,repaired_permutation_ablation,combined,120,241002,251001,1008,True,-276.56217858798226,"[-6.34953134612187, 1.2102635747281894]",-275.1536394939734,"[-4.520408111578678, 1.0120636712765285]",-1.4085390940088587,1.4085390940088587,"[-1.829123234543192, 0.19819990345166083]","[1.829123234543192, 0.19819990345166083]",1.839830157616185,11.449378481018357
calibration__repaired_permutation_ablation__120,repaired_permutation_ablation,combined,120,241002,251002,1008,True,-276.8210680486464,"[-6.6117840579423115, 1.0853046946320142]",-275.1536394939734,"[-4.520408111578678, 1.0120636712765285]",-1.6674285546729948,1.6674285546729948,"[-2.091375946363634, 0.07324102335548566]","[2.091375946363634, 0.07324102335548566]",2.092658021878048,11.57041168899741
calibration__repaired_permutation_ablation__120,repaired_permutation_ablation,steps4,120,241001,251001,1008,True,-277.52718526327106,"[-1.7339738909714262, -0.9476904661406451]",-277.3835765755379,"[-1.6862525901946435, -0.9975834263855777]",-0.14360868773314905,0.14360868773314905,"[-0.047721300776782716, 0.049892960244932616]","[0.047721300776782716, 0.049892960244932616]",0.06904078526371632,25.549648820073344
calibration__repaired_permutation_ablation__120,repaired_permutation_ablation,steps4,120,241001,251002,1008,True,-277.48981208516676,"[-2.0205108123394666, -0.9908489359449648]",-277.3835765755379,"[-1.6862525901946435, -0.9975834263855777]",-0.10623550962884565,0.10623550962884565,"[-0.33425822214482315, 0.006734490440612917]","[0.33425822214482315, 0.006734490440612917]",0.3343260570654233,13.388923328951932
calibration__repaired_permutation_ablation__120,repaired_permutation_ablation,steps4,120,241002,251001,1008,True,-276.6407303235185,"[-6.383863096890526, 1.239920014256053]",-275.1536394939734,"[-4.520408111578678, 1.0120636712765285]",-1.4870908295450818,1.4870908295450818,"[-1.863454985311848, 0.2278563429795244]","[1.863454985311848, 0.2278563429795244]",1.87733401272112,13.484938050969504
calibration__repaired_permutation_ablation__120,repaired_permutation_ablation,steps4,120,241002,251002,1008,True,-276.88877686477935,"[-6.592577832650069, 1.113397602101848]",-275.1536394939734,"[-4.520408111578678, 1.0120636712765285]",-1.735137370805944,1.735137370805944,"[-2.0721697210713916, 0.10133393082531938]","[2.0721697210713916, 0.10133393082531938]",2.074645974247558,13.457968132919632
calibration__repaired_permutation_ablation__120,repaired_permutation_ablation,steps8,120,241001,251001,1008,True,-277.4506085893507,"[-1.6686020053187356, -0.953926034722302]",-277.3835765755379,"[-1.6862525901946435, -0.9975834263855777]",-0.06703201381276358,0.06703201381276358,"[0.01765058487590787, 0.04365739166327576]","[0.01765058487590787, 0.04365739166327576]",0.04709045543740565,27.153828929062
calibration__repaired_permutation_ablation__120,repaired_permutation_ablation,steps8,120,241001,251002,1008,True,-277.4158407142822,"[-1.95194915247018, -1.010781712360109]",-277.3835765755379,"[-1.6862525901946435, -0.9975834263855777]",-0.03226413874426726,0.03226413874426726,"[-0.2656965622755365, -0.01319828597453132]","[0.2656965622755365, 0.01319828597453132]",0.26602416799551043,16.18411247606855
calibration__repaired_permutation_ablation__120,repaired_permutation_ablation,steps8,120,241002,251001,1008,True,-276.71294103292354,"[-6.410916345949532, 1.2639078587296304]",-275.1536394939734,"[-4.520408111578678, 1.0120636712765285]",-1.5593015389501375,1.5593015389501375,"[-1.8905082343708548, 0.2518441874531019]","[1.8905082343708548, 0.2518441874531019]",1.9072091859515359,15.647278320975602
calibration__repaired_permutation_ablation__120,repaired_permutation_ablation,steps8,120,241002,251002,1008,True,-276.9584107112287,"[-6.579618041534341, 1.1361027756209476]",-275.1536394939734,"[-4.520408111578678, 1.0120636712765285]",-1.8047712172552792,1.8047712172552792,"[-2.0592099299556637, 0.12403910434441912]","[2.0592099299556637, 0.12403910434441912]",2.062942373173467,16.611767722060904
calibration__repaired_permutation_ablation__120,repaired_permutation_ablation,epsilon25,120,241001,251001,1008,True,-277.4254184141627,"[-1.6694235089950822, -0.9256449721882708]",-277.3835765755379,"[-1.6862525901946435, -0.9975834263855777]",-0.04184183862480495,0.04184183862480495,"[0.01682908119956128, 0.07193845419730693]","[0.01682908119956128, 0.07193845419730693]",0.07388070902691347,26.4871174399741
calibration__repaired_permutation_ablation__120,repaired_permutation_ablation,epsilon25,120,241001,251002,1008,True,-277.38233259331,"[-1.9553150895381648, -0.9889088338919962]",-277.3835765755379,"[-1.6862525901946435, -0.9975834263855777]",0.0012439822278906831,0.0012439822278906831,"[-0.26906249934352133, 0.00867459249358149]","[0.26906249934352133, 0.00867459249358149]",0.26920229773891624,15.946232918999158
calibration__repaired_permutation_ablation__120,repaired_permutation_ablation,epsilon25,120,241002,251001,1008,True,-276.74911727501564,"[-6.420644706738213, 1.2629680438426063]",-275.1536394939734,"[-4.520408111578678, 1.0120636712765285]",-1.5954777810422343,1.5954777810422343,"[-1.9002365951595355, 0.2509043725660778]","[1.9002365951595355, 0.2509043725660778]",1.9167295379777192,15.34009395900648
calibration__repaired_permutation_ablation__120,repaired_permutation_ablation,epsilon25,120,241002,251002,1008,True,-276.9964983200241,"[-6.589229998329999, 1.1361282198108722]",-275.1536394939734,"[-4.520408111578678, 1.0120636712765285]",-1.8428588260507013,1.8428588260507013,"[-2.068821886751321, 0.12406454853434368]","[2.068821886751321, 0.12406454853434368]",2.072538542778958,15.872147983056493
checks__iid_dual_cap,iid_dual_cap,combined,2,241001,251001,1008,True,-3.8901046244143105,"[-0.016266356257825257, -0.8989372858968955]",-3.904192162083099,"[-0.020366595064807022, -0.8954490843817305]",0.014087537668788563,0.014087537668788563,"[0.004100238806981765, -0.003488201515164935]","[0.004100238806981765, 0.003488201515164935]",0.005383261844335477,9.258268026984297
checks__iid_dual_cap,iid_dual_cap,epsilon25,10,241001,251001,1008,True,-20.30712384351375,"[-0.32215785076322634, -1.093591875174686]",-20.332106014114498,"[-0.37527431933244415, -1.0626317086190926]",0.024982170600747367,0.024982170600747367,"[0.05311646856921781, -0.030960166555593416]","[0.05311646856921781, 0.030960166555593416]",0.061480819337536394,11.0578071459895
checks__previous_inverse_cdf,previous_inverse_cdf,combined,2,241001,251001,1008,True,-3.9073351070912468,"[-0.022349425820586175, -0.8922100439481433]",-3.904192162083099,"[-0.020366595064807022, -0.8954490843817305]",-0.003142945008147713,0.003142945008147713,"[-0.0019828307557791525, 0.003239040433587248]","[0.0019828307557791525, 0.003239040433587248]",0.0037977625961185084,10.521806436008774
checks__previous_inverse_cdf,previous_inverse_cdf,epsilon25,10,241001,251001,1008,True,-20.34452503203451,"[-0.37149272987175475, -1.0696102065781508]",-20.332106014114498,"[-0.37527431933244415, -1.0626317086190926]",-0.012419017920013431,0.012419017920013431,"[0.003781589460689405, -0.006978497959058139]","[0.003781589460689405, 0.006978497959058139]",0.007937244648728914,11.923477186937816
checks__repaired_permutation,repaired_permutation,combined,2,241001,251001,1008,True,-3.9076200926835156,"[-0.022354310249777576, -0.892552900580168]",-3.904192162083099,"[-0.020366595064807022, -0.8954490843817305]",-0.0034279306004165733,0.0034279306004165733,"[-0.0019877151849705538, 0.002896183801562535]","[0.0019877151849705538, 0.002896183801562535]",0.003512675941358061,10.221545954002067
checks__repaired_permutation,repaired_permutation,epsilon25,10,241001,251001,1008,True,-20.342362395977915,"[-0.3709336159682737, -1.070910073775709]",-20.332106014114498,"[-0.37527431933244415, -1.0626317086190926]",-0.010256381863417374,0.010256381863417374,"[0.004340703364170473, -0.008278365156616285]","[0.004340703364170473, 0.008278365156616285]",0.009347354457920135,11.239775312016718
checks__repaired_permutation_ablation,repaired_permutation_ablation,combined,2,241001,251001,1008,True,-3.9076200926835156,"[-0.022354310249777576, -0.892552900580168]",-3.904192162083099,"[-0.020366595064807022, -0.8954490843817305]",-0.0034279306004165733,0.0034279306004165733,"[-0.0019877151849705538, 0.002896183801562535]","[0.0019877151849705538, 0.002896183801562535]",0.003512675941358061,10.46208701597061
checks__repaired_permutation_ablation,repaired_permutation_ablation,epsilon25,10,241001,251001,1008,True,-20.342362395977915,"[-0.3709336159682737, -1.070910073775709]",-20.332106014114498,"[-0.37527431933244415, -1.0626317086190926]",-0.010256381863417374,0.010256381863417374,"[0.004340703364170473, -0.008278365156616285]","[0.004340703364170473, 0.008278365156616285]",0.009347354457920135,10.013510253978893
evaluation__iid_dual_cap__10,iid_dual_cap,baseline,10,243001,253001,1008,True,-23.741443310020866,"[1.6067010534696715, -1.9832886147596769]",-23.997617283459284,"[1.775756807003623, -2.155586534753978]",0.2561739734384183,0.2561739734384183,"[-0.16905575353395141, 0.1722979199943011]","[0.16905575353395141, 0.1722979199943011]",0.24138438441062154,10.420622196048498
evaluation__iid_dual_cap__10,iid_dual_cap,baseline,10,243001,253002,1008,True,-23.89226449097978,"[1.6645649007161853, -2.1645318449961257]",-23.997617283459284,"[1.775756807003623, -2.155586534753978]",0.10535279247950413,0.10535279247950413,"[-0.11119190628743758, -0.00894531024214773]","[0.11119190628743758, 0.00894531024214773]",0.111551147906073,0.6874576369300485
evaluation__iid_dual_cap__10,iid_dual_cap,baseline,10,243001,253003,1008,True,-23.947607958636915,"[1.536908397452558, -1.910945961531836]",-23.997617283459284,"[1.775756807003623, -2.155586534753978]",0.050009324822369194,0.050009324822369194,"[-0.238848409551065, 0.24464057322214194]","[0.238848409551065, 0.24464057322214194]",0.3419028704347647,0.8143541349563748
evaluation__iid_dual_cap__10,iid_dual_cap,baseline,10,243001,253004,1008,True,-24.15772037069905,"[1.5934241696494342, -2.135032923691528]",-23.997617283459284,"[1.775756807003623, -2.155586534753978]",-0.16010308723976507,0.16010308723976507,"[-0.1823326373541887, 0.020553611062450017]","[0.1823326373541887, 0.020553611062450017]",0.18348744254646024,1.2075181750115007
evaluation__iid_dual_cap__10,iid_dual_cap,baseline,10,243002,253001,1008,True,-22.83082532838641,"[-0.1948778958061086, -1.6093648633326896]",-23.033735925642198,"[-0.40475083443860815, -1.640443123580147]",0.2029105972557872,0.2029105972557872,"[0.20987293863249956, 0.031078260247457523]","[0.20987293863249956, 0.031078260247457523]",0.21216151543163908,1.200138226035051
evaluation__iid_dual_cap__10,iid_dual_cap,baseline,10,243002,253002,1008,True,-23.02084934725847,"[-0.24465503935586178, -1.7352379439019492]",-23.033735925642198,"[-0.40475083443860815, -1.640443123580147]",0.01288657838372842,0.01288657838372842,"[0.16009579508274638, -0.09479482032180209]","[0.16009579508274638, 0.09479482032180209]",0.18605569478793027,1.2068965659709647
evaluation__iid_dual_cap__10,iid_dual_cap,baseline,10,243002,253003,1008,True,-22.901053951804606,"[-0.24758117270815624, -1.6270366536402567]",-23.033735925642198,"[-0.40475083443860815, -1.640443123580147]",0.13268197383759173,0.13268197383759173,"[0.1571696617304519, 0.013406469939890364]","[0.1571696617304519, 0.013406469939890364]",0.15774040701327566,1.199737063026987
evaluation__iid_dual_cap__10,iid_dual_cap,baseline,10,243002,253004,1008,True,-22.88365218886944,"[-0.13571234704832597, -1.7258542371975718]",-23.033735925642198,"[-0.40475083443860815, -1.640443123580147]",0.150083736772757,0.150083736772757,"[0.2690384873902822, -0.0854111136174247]","[0.2690384873902822, 0.0854111136174247]",0.2822707317924047,0.7624437470221892
evaluation__iid_dual_cap__10,iid_dual_cap,steps8,10,243001,253001,1008,True,-24.002116027855465,"[1.6821161917145904, -2.103959104921478]",-23.997617283459284,"[1.775756807003623, -2.155586534753978]",-0.004498744396180143,0.004498744396180143,"[-0.09364061528903256, 0.05162742983250013]","[0.09364061528903256, 0.05162742983250013]",0.10692967942913847,10.948360080015846
evaluation__iid_dual_cap__10,iid_dual_cap,steps8,10,243001,253002,1008,True,-23.999087791938674,"[1.7266074211771212, -2.195513323086104]",-23.997617283459284,"[1.775756807003623, -2.155586534753978]",-0.001470508479389565,0.001470508479389565,"[-0.049149385826501746, -0.03992678833212615]","[0.049149385826501746, 0.03992678833212615]",0.06332306494193672,1.7349862069822848
evaluation__iid_dual_cap__10,iid_dual_cap,steps8,10,243001,253003,1008,True,-23.9232692601026,"[1.6458538328026053, -1.9543780268558961]",-23.997617283459284,"[1.775756807003623, -2.155586534753978]",0.07434802335668422,0.07434802335668422,"[-0.1299029742010176, 0.20120850789808187]","[0.1299029742010176, 0.20120850789808187]",0.23949873978132477,1.7627094390336424
evaluation__iid_dual_cap__10,iid_dual_cap,steps8,10,243001,253004,1008,True,-24.111821384986914,"[1.6180626770578566, -2.0838087823379285]",-23.997617283459284,"[1.775756807003623, -2.155586534753978]",-0.11420410152762983,0.11420410152762983,"[-0.15769412994576637, 0.07177775241604945]","[0.15769412994576637, 0.07177775241604945]",0.17326131813319423,1.7774921050295234
evaluation__iid_dual_cap__10,iid_dual_cap,steps8,10,243002,253001,1008,True,-22.981620805736718,"[-0.3288380276874591, -1.6443346176643023]",-23.033735925642198,"[-0.40475083443860815, -1.640443123580147]",0.0521151199054799,0.0521151199054799,"[0.07591280675114903, -0.0038914940841552337]","[0.07591280675114903, 0.0038914940841552337]",0.07601248552076371,1.767094751005061
evaluation__iid_dual_cap__10,iid_dual_cap,steps8,10,243002,253002,1008,True,-23.034017983055495,"[-0.35300306534616577, -1.6821061801599355]",-23.033735925642198,"[-0.40475083443860815, -1.640443123580147]",-0.00028205741329756506,0.00028205741329756506,"[0.051747769092442386, -0.041663056579788416]","[0.051747769092442386, 0.041663056579788416]",0.06643524583845074,1.7464288199553266
evaluation__iid_dual_cap__10,iid_dual_cap,steps8,10,243002,253003,1008,True,-22.94469345999566,"[-0.38469703449944337, -1.591805226337885]",-23.033735925642198,"[-0.40475083443860815, -1.640443123580147]",0.08904246564653917,0.08904246564653917,"[0.020053799939164785, 0.048637897242262085]","[0.020053799939164785, 0.048637897242262085]",0.05260988443390549,1.7673079619416967
evaluation__iid_dual_cap__10,iid_dual_cap,steps8,10,243002,253004,1008,True,-23.07618404142328,"[-0.38000899445394837, -1.6697118587262691]",-23.033735925642198,"[-0.40475083443860815, -1.640443123580147]",-0.042448115781080986,0.042448115781080986,"[0.024741839984659786, -0.02926873514612205]","[0.024741839984659786, 0.02926873514612205]",0.03832515496224836,1.7507632980123162
evaluation__iid_dual_cap__120,iid_dual_cap,baseline,120,243001,253001,1008,True,-271.268576442294,"[-0.4062616810795752, -1.1316229688476995]",-270.7028962019201,"[-0.5086595563505256, -1.291005192766019]",-0.5656802403738652,0.5656802403738652,"[0.1023978752709504, 0.15938222391831958]","[0.1023978752709504, 0.15938222391831958]",0.1894413317128933,18.674443903029896
evaluation__iid_dual_cap__120,iid_dual_cap,baseline,120,243001,253002,1008,True,-271.16578957565577,"[-0.15600769636010903, -1.3117787746629954]",-270.7028962019201,"[-0.5086595563505256, -1.291005192766019]",-0.4628933737356533,0.4628933737356533,"[0.3526518599904166, -0.020773581896976312]","[0.3526518599904166, 0.020773581896976312]",0.35326318242852706,11.567918020999059
evaluation__iid_dual_cap__120,iid_dual_cap,baseline,120,243001,253003,1008,True,-271.5448511281631,"[-0.2731306753395181, -1.0500370750417407]",-270.7028962019201,"[-0.5086595563505256, -1.291005192766019]",-0.8419549262429769,0.8419549262429769,"[0.2355288810110075, 0.2409681177242784]","[0.2355288810110075, 0.2409681177242784]",0.33695621013698357,6.611451037926599
evaluation__iid_dual_cap__120,iid_dual_cap,baseline,120,243001,253004,1008,True,-271.9066954684896,"[-0.5951254428052594, -1.2955344779123532]",-270.7028962019201,"[-0.5086595563505256, -1.291005192766019]",-1.20379926656949,1.20379926656949,"[-0.08646588645473374, -0.0045292851463341055]","[0.08646588645473374, 0.0045292851463341055]",0.08658443245953461,5.726703620981425
evaluation__iid_dual_cap__120,iid_dual_cap,baseline,120,243002,253001,1008,True,-284.417777595604,"[3.1626382608545573, 0.5973548189504011]",-284.1053599423991,"[2.358935308336336, 0.299061235395532]",-0.312417653204875,0.312417653204875,"[0.8037029525182215, 0.2982935835548691]","[0.8037029525182215, 0.2982935835548691]",0.8572732924082683,5.775114122079685
evaluation__iid_dual_cap__120,iid_dual_cap,baseline,120,243002,253002,1008,True,-284.1708840392361,"[2.283777806575354, 0.12741956433125992]",-284.1053599423991,"[2.358935308336336, 0.299061235395532]",-0.06552409683700944,0.06552409683700944,"[-0.07515750176098202, -0.17164167106427206]","[0.07515750176098202, 0.17164167106427206]",0.1873753273958121,5.6300319919828326
evaluation__iid_dual_cap__120,iid_dual_cap,baseline,120,243002,253003,1008,True,-284.16464766112574,"[3.0421651484672854, 0.36519084812385133]",-284.1053599423991,"[2.358935308336336, 0.299061235395532]",-0.05928771872663674,0.05928771872663674,"[0.6832298401309496, 0.06612961272831935]","[0.6832298401309496, 0.06612961272831935]",0.6864227124192208,5.237581152934581
evaluation__iid_dual_cap__120,iid_dual_cap,baseline,120,243002,253004,1008,True,-283.70237757711027,"[3.128298098297295, 0.3233988832952143]",-284.1053599423991,"[2.358935308336336, 0.299061235395532]",0.40298236528883535,0.40298236528883535,"[0.7693627899609594, 0.024337647899682346]","[0.7693627899609594, 0.024337647899682346]",0.7697476363599958,5.843148868065327
evaluation__iid_dual_cap__120,iid_dual_cap,epsilon25,120,243001,253001,1008,True,-271.52320263654366,"[-0.5301506884747516, -1.187563926254325]",-270.7028962019201,"[-0.5086595563505256, -1.291005192766019]",-0.8203064346235465,0.8203064346235465,"[-0.02149113212422593, 0.10344126651169416]","[0.02149113212422593, 0.10344126651169416]",0.10565019818970657,18.568145219935104
evaluation__iid_dual_cap__120,iid_dual_cap,epsilon25,120,243001,253002,1008,True,-270.85106587995676,"[-0.6196253082775519, -1.3216977908007455]",-270.7028962019201,"[-0.5086595563505256, -1.291005192766019]",-0.14816967803665193,0.14816967803665193,"[-0.11096575192702629, -0.03069259803472635]","[0.11096575192702629, 0.03069259803472635]",0.11513224428826022,7.539150018012151
evaluation__iid_dual_cap__120,iid_dual_cap,epsilon25,120,243001,253003,1008,True,-271.04785587585025,"[-0.5440250725478594, -1.0901923233342055]",-270.7028962019201,"[-0.5086595563505256, -1.291005192766019]",-0.34495967393013416,0.34495967393013416,"[-0.035365516197333746, 0.20081286943181365]","[0.035365516197333746, 0.20081286943181365]",0.2039032326015027,7.525155132985674
evaluation__iid_dual_cap__120,iid_dual_cap,epsilon25,120,243001,253004,1008,True,-271.18625487312045,"[-0.7700742236369587, -1.237327507295322]",-270.7028962019201,"[-0.5086595563505256, -1.291005192766019]",-0.48335867120033527,0.48335867120033527,"[-0.26141466728643303, 0.05367768547069707]","[0.26141466728643303, 0.05367768547069707]",0.26686873587958476,8.06837507802993
evaluation__iid_dual_cap__120,iid_dual_cap,epsilon25,120,243002,253001,1008,True,-285.14154279225943,"[2.122277958882019, 0.4198412836328501]",-284.1053599423991,"[2.358935308336336, 0.299061235395532]",-1.0361828498603245,1.0361828498603245,"[-0.2366573494543167, 0.12078004823731814]","[0.2366573494543167, 0.12078004823731814]",0.26569629486116564,8.027769466047175
evaluation__iid_dual_cap__120,iid_dual_cap,epsilon25,120,243002,253002,1008,True,-284.83945219590584,"[2.4704502465160667, 0.5189611826740772]",-284.1053599423991,"[2.358935308336336, 0.299061235395532]",-0.7340922535067307,0.7340922535067307,"[0.1115149381797309, 0.21989994727854523]","[0.1115149381797309, 0.21989994727854523]",0.24655946189577915,7.489791185944341
evaluation__iid_dual_cap__120,iid_dual_cap,epsilon25,120,243002,253003,1008,True,-284.92355822953533,"[2.346064506188184, 0.46607103922279514]",-284.1053599423991,"[2.358935308336336, 0.299061235395532]",-0.8181982871362266,0.8181982871362266,"[-0.012870802148151839, 0.16700980382726316]","[0.012870802148151839, 0.16700980382726316]",0.16750502118550892,8.339955418021418
evaluation__iid_dual_cap__120,iid_dual_cap,epsilon25,120,243002,253004,1008,True,-284.00614641291696,"[2.413179437557635, 0.3012924240025517]",-284.1053599423991,"[2.358935308336336, 0.299061235395532]",0.09921352948214235,0.09921352948214235,"[0.054244129221299175, 0.0022311886070197073]","[0.054244129221299175, 0.0022311886070197073]",0.05428999684635372,13.548583810101263
evaluation__previous_inverse_cdf__10,previous_inverse_cdf,baseline,10,243001,253001,1008,True,-23.89738345445897,"[1.5820352369420523, -1.997403553860396]",-23.997617283459284,"[1.775756807003623, -2.155586534753978]",0.10023382900031308,0.10023382900031308,"[-0.19372157006157065, 0.15818298089358196]","[0.19372157006157065, 0.15818298089358196]",0.25009978438915004,13.821559702046216
evaluation__previous_inverse_cdf__10,previous_inverse_cdf,baseline,10,243001,253002,1008,True,-23.879223289643896,"[1.537570087707664, -1.926029359098574]",-23.997617283459284,"[1.775756807003623, -2.155586534753978]",0.1183939938153884,0.1183939938153884,"[-0.23818671929595903, 0.229557175655404]","[0.23818671929595903, 0.229557175655404]",0.3308011640606151,0.4247905920492485
evaluation__previous_inverse_cdf__10,previous_inverse_cdf,baseline,10,243001,253003,1008,True,-23.91316429827912,"[1.5196125037035042, -1.9689383266378897]",-23.997617283459284,"[1.775756807003623, -2.155586534753978]",0.08445298518016386,0.08445298518016386,"[-0.2561443033001187, 0.1866482081160883]","[0.2561443033001187, 0.1866482081160883]",0.3169344691037089,0.4719645669683814
evaluation__previous_inverse_cdf__10,previous_inverse_cdf,baseline,10,243001,253004,1008,True,-23.900529857395927,"[1.566868103722642, -1.9600641031910693]",-23.997617283459284,"[1.775756807003623, -2.155586534753978]",0.09708742606335719,0.09708742606335719,"[-0.20888870328098097, 0.19552243156290872]","[0.20888870328098097, 0.19552243156290872]",0.28611800293354844,0.4852257700404152
evaluation__previous_inverse_cdf__10,previous_inverse_cdf,baseline,10,243002,253001,1008,True,-22.963174380190523,"[-0.26940524029609186, -1.6906783985311593]",-23.033735925642198,"[-0.40475083443860815, -1.640443123580147]",0.07056154545167459,0.07056154545167459,"[0.1353455941425163, -0.05023527495101221]","[0.1353455941425163, 0.05023527495101221]",0.1443676303857431,0.3754207210149616
evaluation__previous_inverse_cdf__10,previous_inverse_cdf,baseline,10,243002,253002,1008,True,-22.936250932187885,"[-0.2397772756287361, -1.6802022791406577]",-23.033735925642198,"[-0.40475083443860815, -1.640443123580147]",0.09748499345431227,0.09748499345431227,"[0.16497355880987205, -0.03975915556051057]","[0.16497355880987205, 0.03975915556051057]",0.1696969815797535,0.4388669879408553
evaluation__previous_inverse_cdf__10,previous_inverse_cdf,baseline,10,243002,253003,1008,True,-22.903150746232964,"[-0.22681215513653225, -1.6782509334651374]",-23.033735925642198,"[-0.40475083443860815, -1.640443123580147]",0.1305851794092341,0.1305851794092341,"[0.1779386793020759, -0.03780780988499033]","[0.1779386793020759, 0.03780780988499033]",0.18191097844843393,0.43095125106628984
evaluation__previous_inverse_cdf__10,previous_inverse_cdf,baseline,10,243002,253004,1008,True,-22.934968948331267,"[-0.2481340465860012, -1.6768508651750629]",-23.033735925642198,"[-0.40475083443860815, -1.640443123580147]",0.09876697731093032,0.09876697731093032,"[0.15661678785260696, -0.03640774159491578]","[0.15661678785260696, 0.03640774159491578]",0.160792853962204,0.4130709620658308
evaluation__previous_inverse_cdf__10,previous_inverse_cdf,epsilon25,10,243001,253001,1008,True,-24.011928785662207,"[1.7239619328104738, -2.167392239151451]",-23.997617283459284,"[1.775756807003623, -2.155586534753978]",-0.0143115022029221,0.0143115022029221,"[-0.0517948741931491, -0.011805704397473082]","[0.0517948741931491, 0.011805704397473082]",0.05312328725714042,14.62555637396872
evaluation__previous_inverse_cdf__10,previous_inverse_cdf,epsilon25,10,243001,253002,1008,True,-23.963849425637783,"[1.7256935339563502, -2.075946273427591]",-23.997617283459284,"[1.775756807003623, -2.155586534753978]",0.033767857821501934,0.033767857821501934,"[-0.05006327304727276, 0.07964026132638713]","[0.05006327304727276, 0.07964026132638713]",0.094068605455492,0.49429011705797166
evaluation__previous_inverse_cdf__10,previous_inverse_cdf,epsilon25,10,243001,253003,1008,True,-23.98938647007189,"[1.7168660861129643, -2.1378746400120154]",-23.997617283459284,"[1.775756807003623, -2.155586534753978]",0.008230813387395841,0.008230813387395841,"[-0.05889072089065861, 0.017711894741962553]","[0.05889072089065861, 0.017711894741962553]",0.06149657081798802,0.5151400759350508
evaluation__previous_inverse_cdf__10,previous_inverse_cdf,epsilon25,10,243001,253004,1008,True,-23.994015556204523,"[1.7264561743364184, -2.1300327825525365]",-23.997617283459284,"[1.775756807003623, -2.155586534753978]",0.0036017272547610446,0.0036017272547610446,"[-0.049300632667204525, 0.025553752201441515]","[0.049300632667204525, 0.025553752201441515]",0.055529691453845766,0.6958637940697372
evaluation__previous_inverse_cdf__10,previous_inverse_cdf,epsilon25,10,243002,253001,1008,True,-23.042669603383228,"[-0.40097251232122644, -1.6650232683950403]",-23.033735925642198,"[-0.40475083443860815, -1.640443123580147]",-0.008933677741030266,0.008933677741030266,"[0.003778322117381716, -0.024580144814893234]","[0.003778322117381716, 0.024580144814893234]",0.024868840687571638,0.5139180739643052
evaluation__previous_inverse_cdf__10,previous_inverse_cdf,epsilon25,10,243002,253002,1008,True,-23.02904561467085,"[-0.39623131122841115, -1.6438348462461354]",-23.033735925642198,"[-0.40475083443860815, -1.640443123580147]",0.00469031097134831,0.00469031097134831,"[0.008519523210197, -0.003391722665988306]","[0.008519523210197, 0.003391722665988306]",0.009169845057145961,0.6720870409626514
evaluation__previous_inverse_cdf__10,previous_inverse_cdf,epsilon25,10,243002,253003,1008,True,-22.98621416754012,"[-0.3454878393676807, -1.6542003386262132]",-23.033735925642198,"[-0.40475083443860815, -1.640443123580147]",0.04752175810207859,0.04752175810207859,"[0.05926299507092747, -0.013757215046066085]","[0.05926299507092747, 0.013757215046066085]",0.06083883258742299,0.6590788229368627
evaluation__previous_inverse_cdf__10,previous_inverse_cdf,epsilon25,10,243002,253004,1008,True,-23.022179583893102,"[-0.3949235709855511, -1.6248558941665152]",-23.033735925642198,"[-0.40475083443860815, -1.640443123580147]",0.011556341749095367,0.011556341749095367,"[0.009827263453057067, 0.015587229413631887]","[0.009827263453057067, 0.015587229413631887]",0.01842652511378589,0.6923030250472948
evaluation__previous_inverse_cdf__120,previous_inverse_cdf,baseline,120,243001,253001,1008,True,-271.39744574107027,"[-0.6759552886346645, -1.1218244325336215]",-270.7028962019201,"[-0.5086595563505256, -1.291005192766019]",-0.6945495391501595,0.6945495391501595,"[-0.16729573228413885, 0.1691807602323976]","[0.16729573228413885, 0.1691807602323976]",0.2379285432084563,15.232751110917889
evaluation__previous_inverse_cdf__120,previous_inverse_cdf,baseline,120,243001,253002,1008,True,-271.2369647673757,"[-0.23804181637204608, -1.0299009805594075]",-270.7028962019201,"[-0.5086595563505256, -1.291005192766019]",-0.5340685654555841,0.5340685654555841,"[0.27061773997847954, 0.2611042122066116]","[0.27061773997847954, 0.2611042122066116]",0.3760443734761833,5.926215843996033
evaluation__previous_inverse_cdf__120,previous_inverse_cdf,baseline,120,243001,253003,1008,True,-271.1881251235644,"[-0.30201230552583497, -1.1037906312293062]",-270.7028962019201,"[-0.5086595563505256, -1.291005192766019]",-0.48522892164430687,0.48522892164430687,"[0.20664725082469065, 0.1872145615367129]","[0.20664725082469065, 0.1872145615367129]",0.27884113456372656,5.230183420935646
evaluation__previous_inverse_cdf__120,previous_inverse_cdf,baseline,120,243001,253004,1008,True,-270.8797579367668,"[0.15498935271994788, -1.1787580829038315]",-270.7028962019201,"[-0.5086595563505256, -1.291005192766019]",-0.17686173484668188,0.17686173484668188,"[0.6636489090704735, 0.11224710986218756]","[0.6636489090704735, 0.11224710986218756]",0.6730745041842274,5.784815102000721
evaluation__previous_inverse_cdf__120,previous_inverse_cdf,baseline,120,243002,253001,1008,True,-284.25109525790816,"[3.0311614956125674, 0.31232038676677526]",-284.1053599423991,"[2.358935308336336, 0.299061235395532]",-0.14573531550905727,0.14573531550905727,"[0.6722261872762316, 0.013259151371243283]","[0.6722261872762316, 0.013259151371243283]",0.6723569379094892,5.76475314295385
evaluation__previous_inverse_cdf__120,previous_inverse_cdf,baseline,120,243002,253002,1008,True,-284.2272843719213,"[3.2780251466114096, 0.3682432105346995]",-284.1053599423991,"[2.358935308336336, 0.299061235395532]",-0.12192442952220972,0.12192442952220972,"[0.9190898382750738, 0.06918197513916752]","[0.9190898382750738, 0.06918197513916752]",0.9216899025728001,5.275305361952633
evaluation__previous_inverse_cdf__120,previous_inverse_cdf,baseline,120,243002,253003,1008,True,-284.1507740245193,"[3.1533335846339496, 0.37442258714752036]",-284.1053599423991,"[2.358935308336336, 0.299061235395532]",-0.04541408212020315,0.04541408212020315,"[0.7943982762976138, 0.07536135175198838]","[0.7943982762976138, 0.07536135175198838]",0.7979648831386673,5.529939188971184
evaluation__previous_inverse_cdf__120,previous_inverse_cdf,baseline,120,243002,253004,1008,True,-284.06591173146853,"[3.208301750167423, 0.3768632723306023]",-284.1053599423991,"[2.358935308336336, 0.299061235395532]",0.039448210930572714,0.039448210930572714,"[0.8493664418310871, 0.07780203693507032]","[0.8493664418310871, 0.07780203693507032]",0.8529223349520445,5.562588649918325
evaluation__previous_inverse_cdf__120,previous_inverse_cdf,steps8,120,243001,253001,1008,True,-270.9835988450414,"[-0.772479240458158, -1.2697294729431507]",-270.7028962019201,"[-0.5086595563505256, -1.291005192766019]",-0.28070264312128757,0.28070264312128757,"[-0.26381968410763235, 0.021275719822868355]","[0.26381968410763235, 0.021275719822868355]",0.264676183244039,21.262442764942534
evaluation__previous_inverse_cdf__120,previous_inverse_cdf,steps8,120,243001,253002,1008,True,-270.7556059281827,"[-0.5038291712050542, -1.2081748244626196]",-270.7028962019201,"[-0.5086595563505256, -1.291005192766019]",-0.05270972626260573,0.05270972626260573,"[0.004830385145471405, 0.08283036830339952]","[0.004830385145471405, 0.08283036830339952]",0.08297109456871352,7.478087052004412
evaluation__previous_inverse_cdf__120,previous_inverse_cdf,steps8,120,243001,253003,1008,True,-270.818684076981,"[-0.48751532598183017, -1.275247969381808]",-270.7028962019201,"[-0.5086595563505256, -1.291005192766019]",-0.11578787506090293,0.11578787506090293,"[0.02114423036869545, 0.01575722338421115]","[0.02114423036869545, 0.01575722338421115]",0.026369841991646322,6.78500754700508
evaluation__previous_inverse_cdf__120,previous_inverse_cdf,steps8,120,243001,253004,1008,True,-270.52490298134313,"[-0.29431656215363816, -1.3123779901885504]",-270.7028962019201,"[-0.5086595563505256, -1.291005192766019]",0.17799322057697964,0.17799322057697964,"[0.21434299419688746, -0.021372797422531287]","[0.21434299419688746, 0.021372797422531287]",0.21540593220928594,7.2335885929642245
evaluation__previous_inverse_cdf__120,previous_inverse_cdf,steps8,120,243002,253001,1008,True,-284.32292701813344,"[2.358731371870979, 0.3272720541506107]",-284.1053599423991,"[2.358935308336336, 0.299061235395532]",-0.21756707573433687,0.21756707573433687,"[-0.0002039364653567688, 0.028210818755078748]","[0.0002039364653567688, 0.028210818755078748]",0.02821155587545297,6.991362483939156
evaluation__previous_inverse_cdf__120,previous_inverse_cdf,steps8,120,243002,253002,1008,True,-284.31983799428036,"[2.6430697294937615, 0.4182251016411468]",-284.1053599423991,"[2.358935308336336, 0.299061235395532]",-0.21447805188125812,0.21447805188125812,"[0.2841344211574257, 0.11916386624561481]","[0.2841344211574257, 0.11916386624561481]",0.3081110129564799,7.442913738079369
evaluation__previous_inverse_cdf__120,previous_inverse_cdf,steps8,120,243002,253003,1008,True,-284.3724701613471,"[2.4263957869616815, 0.4128143376279679]",-284.1053599423991,"[2.358935308336336, 0.299061235395532]",-0.26711021894800524,0.26711021894800524,"[0.06746047862534565, 0.1137531022324359]","[0.06746047862534565, 0.1137531022324359]",0.13225235137366642,7.98333898303099
evaluation__previous_inverse_cdf__120,previous_inverse_cdf,steps8,120,243002,253004,1008,True,-283.9187083267272,"[2.265225029811405, 0.28473739192981423]",-284.1053599423991,"[2.358935308336336, 0.299061235395532]",0.1866516156719058,0.1866516156719058,"[-0.09371027852493086, -0.014323843465717745]","[0.09371027852493086, 0.014323843465717745]",0.0947986750585181,7.543462609988637
evaluation__repaired_permutation__10,repaired_permutation,baseline,10,243001,253001,1008,True,-23.898427989309326,"[1.5822177382191942, -1.995444905641371]",-23.997617283459284,"[1.775756807003623, -2.155586534753978]",0.09918929414995858,0.09918929414995858,"[-0.19353906878442872, 0.160141629112607]","[0.19353906878442872, 0.160141629112607]",0.2512025328709558,13.041254993993789
evaluation__repaired_permutation__10,repaired_permutation,baseline,10,243001,253002,1008,True,-23.87682419822982,"[1.5419300543258616, -1.9205052993597729]",-23.997617283459284,"[1.775756807003623, -2.155586534753978]",0.12079308522946519,0.12079308522946519,"[-0.23382675267776132, 0.2350812353942051]","[0.23382675267776132, 0.2350812353942051]",0.33156920469532847,0.4831351339817047
evaluation__repaired_permutation__10,repaired_permutation,baseline,10,243001,253003,1008,True,-23.915119004910565,"[1.5169562514178738, -1.971474434737187]",-23.997617283459284,"[1.775756807003623, -2.155586534753978]",0.08249827854871938,0.08249827854871938,"[-0.2588005555857491, 0.1841121000167909]","[0.2588005555857491, 0.1841121000167909]",0.3176082381552551,0.4641748679568991
evaluation__repaired_permutation__10,repaired_permutation,baseline,10,243001,253004,1008,True,-23.89886797118421,"[1.5648906302493784, -1.9543982344808142]",-23.997617283459284,"[1.775756807003623, -2.155586534753978]",0.09874931227507489,0.09874931227507489,"[-0.21086617675424457, 0.2011883002731638]","[0.21086617675424457, 0.2011883002731638]",0.2914468676547357,0.48612099909223616
evaluation__repaired_permutation__10,repaired_permutation,baseline,10,243002,253001,1008,True,-22.965226284341803,"[-0.27204411777286064, -1.6947135170627365]",-23.033735925642198,"[-0.40475083443860815, -1.640443123580147]",0.06850964130039472,0.06850964130039472,"[0.13270671666574752, -0.05427039348258944]","[0.13270671666574752, 0.05427039348258944]",0.1433748522473801,0.4811259879497811
evaluation__repaired_permutation__10,repaired_permutation,baseline,10,243002,253002,1008,True,-22.934163716039375,"[-0.24024948270934157, -1.6754894590869536]",-23.033735925642198,"[-0.40475083443860815, -1.640443123580147]",0.09957220960282243,0.09957220960282243,"[0.16450135172926658, -0.03504633550680647]","[0.16450135172926658, 0.03504633550680647]",0.16819316381236046,0.48406614700797945
evaluation__repaired_permutation__10,repaired_permutation,baseline,10,243002,253003,1008,True,-22.90358782583791,"[-0.2272171375502104, -1.6791775772620554]",-23.033735925642198,"[-0.40475083443860815, -1.640443123580147]",0.13014809980428765,0.13014809980428765,"[0.17753369688839776, -0.03873445368190831]","[0.17753369688839776, 0.03873445368190831]",0.1817101302429157,0.4871819670079276
evaluation__repaired_permutation__10,repaired_permutation,baseline,10,243002,253004,1008,True,-22.931840979415163,"[-0.24691411577588224, -1.6730173547185612]",-23.033735925642198,"[-0.40475083443860815, -1.640443123580147]",0.10189494622703421,0.10189494622703421,"[0.15783671866272592, -0.03257423113841407]","[0.15783671866272592, 0.03257423113841407]",0.16116299293719796,0.41694558691233397
evaluation__repaired_permutation__10,repaired_permutation,epsilon25,10,243001,253001,1008,True,-24.012228280406113,"[1.725054518128356, -2.168222254456022]",-23.997617283459284,"[1.775756807003623, -2.155586534753978]",-0.014610996946828436,0.014610996946828436,"[-0.05070228887526684, -0.012635719702044135]","[0.05070228887526684, 0.012635719702044135]",0.05225307177171151,15.460707864025608
evaluation__repaired_permutation__10,repaired_permutation,epsilon25,10,243001,253002,1008,True,-23.96027341255964,"[1.7239544705866523, -2.0725986796488773]",-23.997617283459284,"[1.775756807003623, -2.155586534753978]",0.03734387089964386,0.03734387089964386,"[-0.05180233641697063, 0.08298785510510065]","[0.05180233641697063, 0.08298785510510065]",0.09782875933590378,0.6719639550428838
evaluation__repaired_permutation__10,repaired_permutation,epsilon25,10,243001,253003,1008,True,-23.993457006638828,"[1.72161690340589, -2.1395585379595206]",-23.997617283459284,"[1.775756807003623, -2.155586534753978]",0.004160276820456943,0.004160276820456943,"[-0.05413990359773302, 0.016027996794457433]","[0.05413990359773302, 0.016027996794457433]",0.05646260570337648,0.5650683440035209
evaluation__repaired_permutation__10,repaired_permutation,epsilon25,10,243001,253004,1008,True,-23.99212377401022,"[1.7343174186190256, -2.1280697790134195]",-23.997617283459284,"[1.775756807003623, -2.155586534753978]",0.005493509449063794,0.005493509449063794,"[-0.041439388384597375, 0.027516755740558452]","[0.041439388384597375, 0.027516755740558452]",0.049743288554085975,0.5718168960884213
evaluation__repaired_permutation__10,repaired_permutation,epsilon25,10,243002,253001,1008,True,-23.042745173517694,"[-0.40171774353286954, -1.6660568211424547]",-23.033735925642198,"[-0.40475083443860815, -1.640443123580147]",-0.00900924787549684,0.00900924787549684,"[0.0030330909057386113, -0.02561369756230758]","[0.0030330909057386113, 0.02561369756230758]",0.025792656770015677,0.5184303309069946
evaluation__repaired_permutation__10,repaired_permutation,epsilon25,10,243002,253002,1008,True,-23.027751648554105,"[-0.3963129495737561, -1.6385423940736827]",-23.033735925642198,"[-0.40475083443860815, -1.640443123580147]",0.005984277088092682,0.005984277088092682,"[0.00843788486485203, 0.0019007295064643603]","[0.00843788486485203, 0.0019007295064643603]",0.008649316368895476,0.6312689230544493
evaluation__repaired_permutation__10,repaired_permutation,epsilon25,10,243002,253003,1008,True,-22.984040473665026,"[-0.34744632406644166, -1.6516244786734886]",-23.033735925642198,"[-0.40475083443860815, -1.640443123580147]",0.049695451977171956,0.049695451977171956,"[0.057304510372166495, -0.011181355093341505]","[0.057304510372166495, 0.011181355093341505]",0.058385183143646394,0.6938459810335189
evaluation__repaired_permutation__10,repaired_permutation,epsilon25,10,243002,253004,1008,True,-23.018259778529615,"[-0.3958343825041642, -1.6211592352167563]",-23.033735925642198,"[-0.40475083443860815, -1.640443123580147]",0.01547614711258305,0.01547614711258305,"[0.008916451934443959, 0.01928388836339079]","[0.008916451934443959, 0.01928388836339079]",0.021245504595348356,0.6883004650007933
evaluation__repaired_permutation__120,repaired_permutation,baseline,120,243001,253001,1008,True,-271.39673211422485,"[-0.6645289586163408, -1.118903405888406]",-270.7028962019201,"[-0.5086595563505256, -1.291005192766019]",-0.6938359123047348,0.6938359123047348,"[-0.15586940226581514, 0.17210178687761313]","[0.15586940226581514, 0.17210178687761313]",0.2321945210576035,17.829489207011648
evaluation__repaired_permutation__120,repaired_permutation,baseline,120,243001,253002,1008,True,-271.2381734757769,"[-0.22405485862045232, -1.0241193015647978]",-270.7028962019201,"[-0.5086595563505256, -1.291005192766019]",-0.5352772738567637,0.5352772738567637,"[0.2846046977300733, 0.2668858912012213]","[0.2846046977300733, 0.2668858912012213]",0.3901639564238303,5.461750557995401
evaluation__repaired_permutation__120,repaired_permutation,baseline,120,243001,253003,1008,True,-271.18763820314376,"[-0.31528716596358, -1.1074974343368211]",-270.7028962019201,"[-0.5086595563505256, -1.291005192766019]",-0.4847420012236512,0.4847420012236512,"[0.19337239038694565, 0.18350775842919798]","[0.19337239038694565, 0.18350775842919798]",0.2665857812556217,5.384723037946969
evaluation__repaired_permutation__120,repaired_permutation,baseline,120,243001,253004,1008,True,-270.8735677470497,"[0.16602267036255697, -1.17023308258467]",-270.7028962019201,"[-0.5086595563505256, -1.291005192766019]",-0.1706715451296077,0.1706715451296077,"[0.6746822267130825, 0.12077211018134903]","[0.6746822267130825, 0.12077211018134903]",0.6854064557911452,5.565688295988366
evaluation__repaired_permutation__120,repaired_permutation,baseline,120,243002,253001,1008,True,-284.2501569399116,"[3.0187062868882952, 0.3075579159304966]",-284.1053599423991,"[2.358935308336336, 0.299061235395532]",-0.14479699751251474,0.14479699751251474,"[0.6597709785519594, 0.008496680534964607]","[0.6597709785519594, 0.008496680534964607]",0.6598256873747212,5.079995956970379
evaluation__repaired_permutation__120,repaired_permutation,baseline,120,243002,253002,1008,True,-284.2272594474217,"[3.2642327797534825, 0.36888545984478655]",-284.1053599423991,"[2.358935308336336, 0.299061235395532]",-0.12189950502261127,0.12189950502261127,"[0.9052974714171467, 0.06982422444925457]","[0.9052974714171467, 0.06982422444925457]",0.9079861970725212,5.785197621094994
evaluation__repaired_permutation__120,repaired_permutation,baseline,120,243002,253003,1008,True,-284.14683149393886,"[3.114406660006646, 0.36826028785395204]",-284.1053599423991,"[2.358935308336336, 0.299061235395532]",-0.041471551539757456,0.041471551539757456,"[0.7554713516703102, 0.06919905245842006]","[0.7554713516703102, 0.06919905245842006]",0.7586339512938428,5.432669157977216
evaluation__repaired_permutation__120,repaired_permutation,baseline,120,243002,253004,1008,True,-284.06323185648364,"[3.1760301380661393, 0.3793307309223259]",-284.1053599423991,"[2.358935308336336, 0.299061235395532]",0.04212808591546491,0.04212808591546491,"[0.8170948297298035, 0.08026949552679391]","[0.8170948297298035, 0.08026949552679391]",0.8210281071213716,5.675385560956784
evaluation__repaired_permutation__120,repaired_permutation,steps8,120,243001,253001,1008,True,-270.9901217242462,"[-0.7739863872461705, -1.2673702247171812]",-270.7028962019201,"[-0.5086595563505256, -1.291005192766019]",-0.2872255223260822,0.2872255223260822,"[-0.2653268308956449, 0.023634968048837912]","[0.2653268308956449, 0.023634968048837912]",0.26637743693450416,19.669460283010267
evaluation__repaired_permutation__120,repaired_permutation,steps8,120,243001,253002,1008,True,-270.7711514485684,"[-0.5011251775323874, -1.2046947397935523]",-270.7028962019201,"[-0.5086595563505256, -1.291005192766019]",-0.06825524664827753,0.06825524664827753,"[0.007534378818138232, 0.08631045297246676]","[0.007534378818138232, 0.08631045297246676]",0.08663868164098301,7.553037271020003
evaluation__repaired_permutation__120,repaired_permutation,steps8,120,243001,253003,1008,True,-270.8165334023503,"[-0.48168555610915936, -1.2787128037415834]",-270.7028962019201,"[-0.5086595563505256, -1.291005192766019]",-0.11363720043016201,0.11363720043016201,"[0.02697400024136626, 0.012292389024435746]","[0.02697400024136626, 0.012292389024435746]",0.029642866206716505,6.507096907007508
evaluation__repaired_permutation__120,repaired_permutation,steps8,120,243001,253004,1008,True,-270.50517257983705,"[-0.2851071193112803, -1.3134754097803323]",-270.7028962019201,"[-0.5086595563505256, -1.291005192766019]",0.1977236220830605,0.1977236220830605,"[0.22355243703924532, -0.022470217014313176]","[0.22355243703924532, 0.022470217014313176]",0.22467888810223374,7.813184803002514
evaluation__repaired_permutation__120,repaired_permutation,steps8,120,243002,253001,1008,True,-284.2969418690589,"[2.3502853562522503, 0.3237380256163047]",-284.1053599423991,"[2.358935308336336, 0.299061235395532]",-0.19158192665980778,0.19158192665980778,"[-0.008649952084085477, 0.024676790220772737]","[0.008649952084085477, 0.024676790220772737]",0.02614891291539669,7.222912037046626
evaluation__repaired_permutation__120,repaired_permutation,steps8,120,243002,253002,1008,True,-284.33769485348313,"[2.6289374086349886, 0.41687328927277334]",-284.1053599423991,"[2.358935308336336, 0.299061235395532]",-0.23233491108402404,0.23233491108402404,"[0.2700021002986528, 0.11781205387724136]","[0.2700021002986528, 0.11781205387724136]",0.294585835037019,8.212690004962496
evaluation__repaired_permutation__120,repaired_permutation,steps8,120,243002,253003,1008,True,-284.3502523848708,"[2.417023521273415, 0.4096896803604211]",-284.1053599423991,"[2.358935308336336, 0.299061235395532]",-0.24489244247172337,0.24489244247172337,"[0.05808821293707922, 0.1106284449648891]","[0.05808821293707922, 0.1106284449648891]",0.12495156388606328,16.34509166504722
evaluation__repaired_permutation__120,repaired_permutation,steps8,120,243002,253004,1008,True,-283.91314148600895,"[2.272933410460717, 0.2882036388796456]",-284.1053599423991,"[2.358935308336336, 0.299061235395532]",0.192218456390151,0.192218456390151,"[-0.08600189787561874, -0.010857596515886359]","[0.08600189787561874, 0.010857596515886359]",0.08668456517921828,16.135138017009012
evaluation__repaired_permutation_ablation__10,repaired_permutation_ablation,baseline,10,243001,253001,1008,True,-23.897739947273134,"[1.5821723110741912, -1.9940710774056016]",-23.997617283459284,"[1.775756807003623, -2.155586534753978]",0.09987733618615025,0.09987733618615025,"[-0.19358449592943172, 0.16151545734837636]","[0.19358449592943172, 0.16151545734837636]",0.2521154497977213,11.019769339007325
evaluation__repaired_permutation_ablation__10,repaired_permutation_ablation,baseline,10,243001,253002,1008,True,-23.87629794778092,"[1.5408097050126541, -1.923941088855418]",-23.997617283459284,"[1.775756807003623, -2.155586534753978]",0.12131933567836484,0.12131933567836484,"[-0.2349471019909688, 0.23164544589855995]","[0.2349471019909688, 0.23164544589855995]",0.3299390145761749,0.9824096880620345
evaluation__repaired_permutation_ablation__10,repaired_permutation_ablation,baseline,10,243001,253003,1008,True,-23.91463381719796,"[1.511432323524214, -1.9762554138684119]",-23.997617283459284,"[1.775756807003623, -2.155586534753978]",0.08298346626132513,0.08298346626132513,"[-0.26432448347940896, 0.17933112088556613]","[0.26432448347940896, 0.17933112088556613]",0.3194167864792486,0.9797141179442406
evaluation__repaired_permutation_ablation__10,repaired_permutation_ablation,baseline,10,243001,253004,1008,True,-23.898412351975963,"[1.566408172955473, -1.954516367501975]",-23.997617283459284,"[1.775756807003623, -2.155586534753978]",0.09920493148332099,0.09920493148332099,"[-0.20934863404814985, 0.201070167252003]","[0.20934863404814985, 0.201070167252003]",0.2902689489707341,0.9751965589821339
evaluation__repaired_permutation_ablation__10,repaired_permutation_ablation,baseline,10,243002,253001,1008,True,-22.964624041657533,"[-0.2708192530820067, -1.6947667908482669]",-23.033735925642198,"[-0.40475083443860815, -1.640443123580147]",0.0691118839846645,0.0691118839846645,"[0.13393158135660144, -0.05432366726811977]","[0.13393158135660144, 0.05432366726811977]",0.14452933719538513,0.9699707889230922
evaluation__repaired_permutation_ablation__10,repaired_permutation_ablation,baseline,10,243002,253002,1008,True,-22.933558387670736,"[-0.23869490113996417, -1.6745294679970162]",-23.033735925642198,"[-0.40475083443860815, -1.640443123580147]",0.10017753797146156,0.10017753797146156,"[0.166055933298644, -0.034086344416869085]","[0.166055933298644, 0.034086344416869085]",0.16951829358328593,0.9344426280586049
evaluation__repaired_permutation_ablation__10,repaired_permutation_ablation,baseline,10,243002,253003,1008,True,-22.902860351638207,"[-0.22494442755568284, -1.6790649251044432]",-23.033735925642198,"[-0.40475083443860815, -1.640443123580147]",0.13087557400399064,0.13087557400399064,"[0.17980640688292532, -0.03862180152429606]","[0.17980640688292532, 0.03862180152429606]",0.18390755152828883,0.9862729550804943
evaluation__repaired_permutation_ablation__10,repaired_permutation_ablation,baseline,10,243002,253004,1008,True,-22.931136667172336,"[-0.24380996457986562, -1.6721951058540405]",-23.033735925642198,"[-0.40475083443860815, -1.640443123580147]",0.10259925846986206,0.10259925846986206,"[0.16094086985874254, -0.03175198227389342]","[0.16094086985874254, 0.03175198227389342]",0.16404314057347946,1.0113586309598759
evaluation__repaired_permutation_ablation__10,repaired_permutation_ablation,epsilon25,10,243001,253001,1008,True,-24.012228280406113,"[1.725054518128356, -2.168222254456022]",-23.997617283459284,"[1.775756807003623, -2.155586534753978]",-0.014610996946828436,0.014610996946828436,"[-0.05070228887526684, -0.012635719702044135]","[0.05070228887526684, 0.012635719702044135]",0.05225307177171151,12.02188648399897
evaluation__repaired_permutation_ablation__10,repaired_permutation_ablation,epsilon25,10,243001,253002,1008,True,-23.96027341255964,"[1.7239544705866523, -2.0725986796488773]",-23.997617283459284,"[1.775756807003623, -2.155586534753978]",0.03734387089964386,0.03734387089964386,"[-0.05180233641697063, 0.08298785510510065]","[0.05180233641697063, 0.08298785510510065]",0.09782875933590378,1.3420438539469615
evaluation__repaired_permutation_ablation__10,repaired_permutation_ablation,epsilon25,10,243001,253003,1008,True,-23.993457006638828,"[1.72161690340589, -2.1395585379595206]",-23.997617283459284,"[1.775756807003623, -2.155586534753978]",0.004160276820456943,0.004160276820456943,"[-0.05413990359773302, 0.016027996794457433]","[0.05413990359773302, 0.016027996794457433]",0.05646260570337648,1.2974659780738875
evaluation__repaired_permutation_ablation__10,repaired_permutation_ablation,epsilon25,10,243001,253004,1008,True,-23.99212377401022,"[1.7343174186190256, -2.1280697790134195]",-23.997617283459284,"[1.775756807003623, -2.155586534753978]",0.005493509449063794,0.005493509449063794,"[-0.041439388384597375, 0.027516755740558452]","[0.041439388384597375, 0.027516755740558452]",0.049743288554085975,1.3306452740216628
evaluation__repaired_permutation_ablation__10,repaired_permutation_ablation,epsilon25,10,243002,253001,1008,True,-23.042745173517694,"[-0.40171774353286954, -1.6660568211424547]",-23.033735925642198,"[-0.40475083443860815, -1.640443123580147]",-0.00900924787549684,0.00900924787549684,"[0.0030330909057386113, -0.02561369756230758]","[0.0030330909057386113, 0.02561369756230758]",0.025792656770015677,1.3283567050239071
evaluation__repaired_permutation_ablation__10,repaired_permutation_ablation,epsilon25,10,243002,253002,1008,True,-23.027751648554105,"[-0.3963129495737561, -1.6385423940736827]",-23.033735925642198,"[-0.40475083443860815, -1.640443123580147]",0.005984277088092682,0.005984277088092682,"[0.00843788486485203, 0.0019007295064643603]","[0.00843788486485203, 0.0019007295064643603]",0.008649316368895476,1.3363261580234393
evaluation__repaired_permutation_ablation__10,repaired_permutation_ablation,epsilon25,10,243002,253003,1008,True,-22.984040473665026,"[-0.34744632406644166, -1.6516244786734886]",-23.033735925642198,"[-0.40475083443860815, -1.640443123580147]",0.049695451977171956,0.049695451977171956,"[0.057304510372166495, -0.011181355093341505]","[0.057304510372166495, 0.011181355093341505]",0.058385183143646394,1.334741742000915
evaluation__repaired_permutation_ablation__10,repaired_permutation_ablation,epsilon25,10,243002,253004,1008,True,-23.018259778529615,"[-0.3958343825041642, -1.6211592352167563]",-23.033735925642198,"[-0.40475083443860815, -1.640443123580147]",0.01547614711258305,0.01547614711258305,"[0.008916451934443959, 0.01928388836339079]","[0.008916451934443959, 0.01928388836339079]",0.021245504595348356,1.3175955180777237
evaluation__repaired_permutation_ablation__120,repaired_permutation_ablation,baseline,120,243001,253001,1008,True,-271.3968403374947,"[-0.658424494927622, -1.1131993407109002]",-270.7028962019201,"[-0.5086595563505256, -1.291005192766019]",-0.6939441355746112,0.6939441355746112,"[-0.14976493857709638, 0.1778058520551189]","[0.14976493857709638, 0.1778058520551189]",0.23247463915887318,22.023262107977644
evaluation__repaired_permutation_ablation__120,repaired_permutation_ablation,baseline,120,243001,253002,1008,True,-271.2393390465942,"[-0.22882314303034554, -1.0271163554237777]",-270.7028962019201,"[-0.5086595563505256, -1.291005192766019]",-0.5364428446740703,0.5364428446740703,"[0.27983641332018006, 0.26388883734224144]","[0.27983641332018006, 0.26388883734224144]",0.38463714939374044,11.324631794937886
evaluation__repaired_permutation_ablation__120,repaired_permutation_ablation,baseline,120,243001,253003,1008,True,-271.18827380427774,"[-0.297732237039483, -1.1110960665690017]",-270.7028962019201,"[-0.5086595563505256, -1.291005192766019]",-0.48537760235763017,0.48537760235763017,"[0.21092731931104264, 0.17990912619701738]","[0.21092731931104264, 0.17990912619701738]",0.2772320827767177,11.406386170070618
evaluation__repaired_permutation_ablation__120,repaired_permutation_ablation,baseline,120,243001,253004,1008,True,-270.8746522850844,"[0.20383018735262576, -1.1638975786792487]",-270.7028962019201,"[-0.5086595563505256, -1.291005192766019]",-0.1717560831642686,0.1717560831642686,"[0.7124897437031514, 0.1271076140867704]","[0.7124897437031514, 0.1271076140867704]",0.7237388896839894,11.133462827070616
evaluation__repaired_permutation_ablation__120,repaired_permutation_ablation,baseline,120,243002,253001,1008,True,-284.24836168563553,"[3.0320870232511394, 0.30767649359759625]",-284.1053599423991,"[2.358935308336336, 0.299061235395532]",-0.14300174323642523,0.14300174323642523,"[0.6731517149148036, 0.008615258202064269]","[0.6731517149148036, 0.008615258202064269]",0.6732068433747753,11.104611214017496
evaluation__repaired_permutation_ablation__120,repaired_permutation_ablation,baseline,120,243002,253002,1008,True,-284.2252030664498,"[3.2794147885417892, 0.3676564008025053]",-284.1053599423991,"[2.358935308336336, 0.299061235395532]",-0.11984312405070341,0.11984312405070341,"[0.9204794802054534, 0.0685951654069733]","[0.9204794802054534, 0.0685951654069733]",0.923031835960446,11.226532737957314
evaluation__repaired_permutation_ablation__120,repaired_permutation_ablation,baseline,120,243002,253003,1008,True,-284.14517698746147,"[3.1685247037465682, 0.3750946823847511]",-284.1053599423991,"[2.358935308336336, 0.299061235395532]",-0.03981704506236383,0.03981704506236383,"[0.8095893954102324, 0.0760334469892191]","[0.8095893954102324, 0.0760334469892191]",0.8131519379684021,11.412870625033975
evaluation__repaired_permutation_ablation__120,repaired_permutation_ablation,baseline,120,243002,253004,1008,True,-284.06180397096784,"[3.243806587567831, 0.38779931224896497]",-284.1053599423991,"[2.358935308336336, 0.299061235395532]",0.04355597143126033,0.04355597143126033,"[0.8848712792314952, 0.08873807685343299]","[0.8848712792314952, 0.08873807685343299]",0.8893096351060347,11.23456938995514
evaluation__repaired_permutation_ablation__120,repaired_permutation_ablation,steps8,120,243001,253001,1008,True,-270.9901217242462,"[-0.7739863872461705, -1.2673702247171812]",-270.7028962019201,"[-0.5086595563505256, -1.291005192766019]",-0.2872255223260822,0.2872255223260822,"[-0.2653268308956449, 0.023634968048837912]","[0.2653268308956449, 0.023634968048837912]",0.26637743693450416,27.690011410973966
evaluation__repaired_permutation_ablation__120,repaired_permutation_ablation,steps8,120,243001,253002,1008,True,-270.7711514485684,"[-0.5011251775323874, -1.2046947397935523]",-270.7028962019201,"[-0.5086595563505256, -1.291005192766019]",-0.06825524664827753,0.06825524664827753,"[0.007534378818138232, 0.08631045297246676]","[0.007534378818138232, 0.08631045297246676]",0.08663868164098301,16.082727642031386
evaluation__repaired_permutation_ablation__120,repaired_permutation_ablation,steps8,120,243001,253003,1008,True,-270.8165334023503,"[-0.48168555610915936, -1.2787128037415834]",-270.7028962019201,"[-0.5086595563505256, -1.291005192766019]",-0.11363720043016201,0.11363720043016201,"[0.02697400024136626, 0.012292389024435746]","[0.02697400024136626, 0.012292389024435746]",0.029642866206716505,16.046302022994496
evaluation__repaired_permutation_ablation__120,repaired_permutation_ablation,steps8,120,243001,253004,1008,True,-270.50517257983705,"[-0.2851071193112803, -1.3134754097803323]",-270.7028962019201,"[-0.5086595563505256, -1.291005192766019]",0.1977236220830605,0.1977236220830605,"[0.22355243703924532, -0.022470217014313176]","[0.22355243703924532, 0.022470217014313176]",0.22467888810223374,14.911199518013746
evaluation__repaired_permutation_ablation__120,repaired_permutation_ablation,steps8,120,243002,253001,1008,True,-284.2969418690589,"[2.3502853562522503, 0.3237380256163047]",-284.1053599423991,"[2.358935308336336, 0.299061235395532]",-0.19158192665980778,0.19158192665980778,"[-0.008649952084085477, 0.024676790220772737]","[0.008649952084085477, 0.024676790220772737]",0.02614891291539669,15.05876302800607
evaluation__repaired_permutation_ablation__120,repaired_permutation_ablation,steps8,120,243002,253002,1008,True,-284.33769485348313,"[2.6289374086349886, 0.41687328927277334]",-284.1053599423991,"[2.358935308336336, 0.299061235395532]",-0.23233491108402404,0.23233491108402404,"[0.2700021002986528, 0.11781205387724136]","[0.2700021002986528, 0.11781205387724136]",0.294585835037019,13.185324691934511
evaluation__repaired_permutation_ablation__120,repaired_permutation_ablation,steps8,120,243002,253003,1008,True,-284.3502523848708,"[2.417023521273415, 0.4096896803604211]",-284.1053599423991,"[2.358935308336336, 0.299061235395532]",-0.24489244247172337,0.24489244247172337,"[0.05808821293707922, 0.1106284449648891]","[0.05808821293707922, 0.1106284449648891]",0.12495156388606328,16.802956884959713
evaluation__repaired_permutation_ablation__120,repaired_permutation_ablation,steps8,120,243002,253004,1008,True,-283.91314148600895,"[2.272933410460717, 0.2882036388796456]",-284.1053599423991,"[2.358935308336336, 0.299061235395532]",0.192218456390151,0.192218456390151,"[-0.08600189787561874, -0.010857596515886359]","[0.08600189787561874, 0.010857596515886359]",0.08668456517921828,16.78508692898322
extension__iid_dual_cap__10,iid_dual_cap,baseline,10,243001,253005,1008,True,-23.814533248649013,"[1.6211966722824798, -1.8223081141032071]",-23.997617283459284,"[1.775756807003623, -2.155586534753978]",0.18308403481027113,0.18308403481027113,"[-0.15456013472114316, 0.33327842065077085]","[0.15456013472114316, 0.33327842065077085]",0.3673735713364396,8.943877079058439
extension__iid_dual_cap__10,iid_dual_cap,baseline,10,243001,253006,1008,True,-23.855347176174845,"[1.5207333526027045, -1.968619513588857]",-23.997617283459284,"[1.775756807003623, -2.155586534753978]",0.142270107284439,0.142270107284439,"[-0.25502345440091845, 0.1869670211651211]","[0.25502345440091845, 0.1869670211651211]",0.31621769289199514,0.4119274059776217
extension__iid_dual_cap__10,iid_dual_cap,baseline,10,243001,253007,1008,True,-23.712256828398885,"[1.6539903433293497, -1.8628839966516078]",-23.997617283459284,"[1.775756807003623, -2.155586534753978]",0.285360455060399,0.285360455060399,"[-0.12176646367427324, 0.29270253810237024]","[0.12176646367427324, 0.29270253810237024]",0.3170202635279133,0.45723271695896983
extension__iid_dual_cap__10,iid_dual_cap,baseline,10,243001,253008,1008,True,-23.86717906235206,"[1.6501770668967055, -1.8894259194939445]",-23.997617283459284,"[1.775756807003623, -2.155586534753978]",0.13043822110722303,0.13043822110722303,"[-0.12557974010691741, 0.26616061526003354]","[0.12557974010691741, 0.26616061526003354]",0.2942987329923806,0.48706057493109256
extension__iid_dual_cap__10,iid_dual_cap,baseline,10,243002,253005,1008,True,-22.829908843578266,"[-0.13727293413540187, -1.7419699803070106]",-23.033735925642198,"[-0.40475083443860815, -1.640443123580147]",0.2038270820639312,0.2038270820639312,"[0.2674779003032063, -0.10152685672686346]","[0.2674779003032063, 0.10152685672686346]",0.28609811217036896,0.41600977606140077
extension__iid_dual_cap__10,iid_dual_cap,baseline,10,243002,253006,1008,True,-22.863503787521395,"[-0.1988821202843621, -1.7383442652122383]",-23.033735925642198,"[-0.40475083443860815, -1.640443123580147]",0.1702321381208023,0.1702321381208023,"[0.20586871415424604, -0.09790114163209118]","[0.20586871415424604, 0.09790114163209118]",0.22796175337189667,0.4372861069859937
extension__iid_dual_cap__10,iid_dual_cap,baseline,10,243002,253007,1008,True,-22.984697396057367,"[-0.17704594570269097, -1.7400068553622463]",-23.033735925642198,"[-0.40475083443860815, -1.640443123580147]",0.04903852958483057,0.04903852958483057,"[0.22770488873591718, -0.09956373178209921]","[0.22770488873591718, 0.09956373178209921]",0.2485205284088504,0.48869491391815245
extension__iid_dual_cap__10,iid_dual_cap,baseline,10,243002,253008,1008,True,-22.985096964581412,"[-0.302584260271436, -1.668918899025928]",-23.033735925642198,"[-0.40475083443860815, -1.640443123580147]",0.048638961060785135,0.048638961060785135,"[0.10216657416717217, -0.02847577544578095]","[0.10216657416717217, 0.02847577544578095]",0.10606073101904792,0.4140171949984506
extension__iid_dual_cap__10,iid_dual_cap,steps8,10,243001,253005,1008,True,-24.023761793627195,"[1.6351793917204738, -2.1031969856942863]",-23.997617283459284,"[1.775756807003623, -2.155586534753978]",-0.026144510167910084,0.026144510167910084,"[-0.14057741528314915, 0.05238954905969173]","[0.14057741528314915, 0.05238954905969173]",0.150022246811494,11.002181414980441
extension__iid_dual_cap__10,iid_dual_cap,steps8,10,243001,253006,1008,True,-23.86043384632088,"[1.6742584931998632, -2.0337068412320995]",-23.997617283459284,"[1.775756807003623, -2.155586534753978]",0.13718343713840397,0.13718343713840397,"[-0.10149831380375973, 0.12187969352187844]","[0.10149831380375973, 0.12187969352187844]",0.15860821983110931,0.7119425589917228
extension__iid_dual_cap__10,iid_dual_cap,steps8,10,243001,253007,1008,True,-24.159255725544476,"[1.733443390025405, -2.2166699080641483]",-23.997617283459284,"[1.775756807003623, -2.155586534753978]",-0.1616384420851915,0.1616384420851915,"[-0.042313416978218, -0.06108337331017033]","[0.042313416978218, 0.06108337331017033]",0.07430749458380477,0.6784057090990245
extension__iid_dual_cap__10,iid_dual_cap,steps8,10,243001,253008,1008,True,-23.913797356244594,"[1.8046091431378537, -2.1230249379184754]",-23.997617283459284,"[1.775756807003623, -2.155586534753978]",0.08381992721469089,0.08381992721469089,"[0.02885233613423077, 0.03256159683550264]","[0.02885233613423077, 0.03256159683550264]",0.04350534322218885,0.6826187629485503
extension__iid_dual_cap__10,iid_dual_cap,steps8,10,243002,253005,1008,True,-22.887159930576956,"[-0.31326018523822624, -1.5913315164956268]",-23.033735925642198,"[-0.40475083443860815, -1.640443123580147]",0.14657599506524122,0.14657599506524122,"[0.09149064920038191, 0.04911160708452034]","[0.09149064920038191, 0.04911160708452034]",0.10383876367489961,0.6760048379655927
extension__iid_dual_cap__10,iid_dual_cap,steps8,10,243002,253006,1008,True,-22.9344381191021,"[-0.3847851443790307, -1.706217065105454]",-23.033735925642198,"[-0.40475083443860815, -1.640443123580147]",0.0992978065400969,0.0992978065400969,"[0.019965690059577434, -0.06577394152530691]","[0.019965690059577434, 0.06577394152530691]",0.06873747277380514,0.5617060909280553
extension__iid_dual_cap__10,iid_dual_cap,steps8,10,243002,253007,1008,True,-23.015332848962075,"[-0.3178506410897213, -1.6480348095413082]",-23.033735925642198,"[-0.40475083443860815, -1.640443123580147]",0.018403076680122865,0.018403076680122865,"[0.08690019334888688, -0.00759168596116111]","[0.08690019334888688, 0.00759168596116111]",0.08723117160629458,0.6812448420096189
extension__iid_dual_cap__10,iid_dual_cap,steps8,10,243002,253008,1008,True,-23.029144451177633,"[-0.4015997956383588, -1.63532918758258]",-23.033735925642198,"[-0.40475083443860815, -1.640443123580147]",0.004591474464564982,0.004591474464564982,"[0.0031510388002493617, 0.005113935997567154]","[0.0031510388002493617, 0.005113935997567154]",0.006006778413416804,0.7152132450137287
extension__iid_dual_cap__120,iid_dual_cap,baseline,120,243001,253005,1008,True,-271.43762910014493,"[-0.6077937995695322, -0.8525485276191812]",-270.7028962019201,"[-0.5086595563505256, -1.291005192766019]",-0.73473289822482,0.73473289822482,"[-0.09913424321900655, 0.4384566651468379]","[0.09913424321900655, 0.4384566651468379]",0.44952402092690386,14.289286166080274
extension__iid_dual_cap__120,iid_dual_cap,baseline,120,243001,253006,1008,True,-270.98571214789985,"[0.045955448394651696, -1.0089202318318784]",-270.7028962019201,"[-0.5086595563505256, -1.291005192766019]",-0.2828159459797348,0.2828159459797348,"[0.5546150047451773, 0.2820849609341407]","[0.5546150047451773, 0.2820849609341407]",0.6222296430368042,4.849515944952145
extension__iid_dual_cap__120,iid_dual_cap,baseline,120,243001,253007,1008,True,-270.8735108768495,"[-0.7863131866587522, -1.0709893564324047]",-270.7028962019201,"[-0.5086595563505256, -1.291005192766019]",-0.170614674929368,0.170614674929368,"[-0.27765363030822654, 0.22001583633361443]","[0.27765363030822654, 0.22001583633361443]",0.3542576839828844,5.6247310399776325
extension__iid_dual_cap__120,iid_dual_cap,baseline,120,243001,253008,1008,True,-271.3514611688905,"[-0.679459996867807, -0.9599371143620223]",-270.7028962019201,"[-0.5086595563505256, -1.291005192766019]",-0.6485649669704117,0.6485649669704117,"[-0.17080044051728138, 0.33106807840399677]","[0.17080044051728138, 0.33106807840399677]",0.37253035180910066,5.499682769062929
extension__iid_dual_cap__120,iid_dual_cap,baseline,120,243002,253005,1008,True,-284.70699876391365,"[3.151129601591861, 0.40301045678178216]",-284.1053599423991,"[2.358935308336336, 0.299061235395532]",-0.6016388215145412,0.6016388215145412,"[0.792194293255525, 0.10394922138625018]","[0.792194293255525, 0.10394922138625018]",0.7989851305834349,5.412498823017813
extension__iid_dual_cap__120,iid_dual_cap,baseline,120,243002,253006,1008,True,-284.01950661538945,"[3.2412003123338815, 0.1809161366759122]",-284.1053599423991,"[2.358935308336336, 0.299061235395532]",0.08585332700965864,0.08585332700965864,"[0.8822650039975457, -0.11814509871961978]","[0.8822650039975457, 0.11814509871961978]",0.8901403269318036,5.7904758809600025
extension__iid_dual_cap__120,iid_dual_cap,baseline,120,243002,253007,1008,True,-283.8744969826242,"[2.9215263909197184, 0.1655888696195433]",-284.1053599423991,"[2.358935308336336, 0.299061235395532]",0.23086295977492455,0.23086295977492455,"[0.5625910825833826, -0.13347236577598867]","[0.5625910825833826, 0.13347236577598867]",0.578207228100948,5.685128462035209
extension__iid_dual_cap__120,iid_dual_cap,baseline,120,243002,253008,1008,True,-284.79309006658656,"[1.9213621862230035, 0.23016271506570293]",-284.1053599423991,"[2.358935308336336, 0.299061235395532]",-0.6877301241874534,0.6877301241874534,"[-0.4375731221133323, -0.06889852032982904]","[0.4375731221133323, 0.06889852032982904]",0.44296415577295767,5.7449384649517015
extension__iid_dual_cap__120,iid_dual_cap,epsilon25,120,243001,253005,1008,True,-270.81808015636415,"[-1.2398120939619381, -1.172423995673343]",-270.7028962019201,"[-0.5086595563505256, -1.291005192766019]",-0.11518395444403495,0.11518395444403495,"[-0.7311525376114125, 0.118581197092676]","[0.7311525376114125, 0.118581197092676]",0.7407061047132932,18.789632144966163
extension__iid_dual_cap__120,iid_dual_cap,epsilon25,120,243001,253006,1008,True,-270.43097568738153,"[-0.2684054066784031, -1.18046464591145]",-270.7028962019201,"[-0.5086595563505256, -1.291005192766019]",0.2719205145385786,0.2719205145385786,"[0.2402541496721225, 0.11054054685456904]","[0.2402541496721225, 0.11054054685456904]",0.26446411653300306,6.862186659942381
extension__iid_dual_cap__120,iid_dual_cap,epsilon25,120,243001,253007,1008,True,-270.87633294510374,"[-0.5698605608476619, -1.2948059152727007]",-270.7028962019201,"[-0.5086595563505256, -1.291005192766019]",-0.173436743183629,0.173436743183629,"[-0.06120100449713628, -0.0038007225066816197]","[0.06120100449713628, 0.0038007225066816197]",0.06131890771231408,7.575201613944955
extension__iid_dual_cap__120,iid_dual_cap,epsilon25,120,243001,253008,1008,True,-270.3025792163056,"[-0.5292966267698154, -1.2583698935993566]",-270.7028962019201,"[-0.5086595563505256, -1.291005192766019]",0.400316985614495,0.400316985614495,"[-0.02063707041928975, 0.032635299166662524]","[0.02063707041928975, 0.032635299166662524]",0.03861284018546535,7.538677311036736
extension__iid_dual_cap__120,iid_dual_cap,epsilon25,120,243002,253005,1008,True,-284.2901219343911,"[2.38587067005488, 0.49857412310668425]",-284.1053599423991,"[2.358935308336336, 0.299061235395532]",-0.18476199199199073,0.18476199199199073,"[0.02693536171854438, 0.19951288771115228]","[0.02693536171854438, 0.19951288771115228]",0.20132289008891086,8.124494428979233
extension__iid_dual_cap__120,iid_dual_cap,epsilon25,120,243002,253006,1008,True,-283.7110373115577,"[2.5443247191265206, 0.13889332457878464]",-284.1053599423991,"[2.358935308336336, 0.299061235395532]",0.3943226308414296,0.3943226308414296,"[0.18538941079018478, -0.16016791081674733]","[0.18538941079018478, 0.16016791081674733]",0.24499590463624776,8.256606230977923
extension__iid_dual_cap__120,iid_dual_cap,epsilon25,120,243002,253007,1008,True,-284.5345971216938,"[1.8481146465758487, 0.10024924005681024]",-284.1053599423991,"[2.358935308336336, 0.299061235395532]",-0.4292371792947165,0.4292371792947165,"[-0.5108206617604871, -0.19881199533872174]","[0.5108206617604871, 0.19881199533872174]",0.5481459276251042,7.437499554012902
extension__iid_dual_cap__120,iid_dual_cap,epsilon25,120,243002,253008,1008,True,-284.22909343830105,"[2.5806765809789516, 0.3344697649260727]",-284.1053599423991,"[2.358935308336336, 0.299061235395532]",-0.12373349590194493,0.12373349590194493,"[0.22174127264261578, 0.035408529530540744]","[0.22174127264261578, 0.035408529530540744]",0.2245505643650936,8.166064895922318
extension__previous_inverse_cdf__10,previous_inverse_cdf,baseline,10,243001,253005,1008,True,-23.913318900521404,"[1.4602983527736328, -1.9412546968403832]",-23.997617283459284,"[1.775756807003623, -2.155586534753978]",0.08429838293788094,0.08429838293788094,"[-0.3154584542299901, 0.21433183791359478]","[0.3154584542299901, 0.21433183791359478]",0.381381925487554,9.826677134027705
extension__previous_inverse_cdf__10,previous_inverse_cdf,baseline,10,243001,253006,1008,True,-23.876788184744104,"[1.5393724783012543, -1.9379709513610874]",-23.997617283459284,"[1.775756807003623, -2.155586534753978]",0.12082909871518055,0.12082909871518055,"[-0.23638432870236858, 0.21761558339289055]","[0.23638432870236858, 0.21761558339289055]",0.3213006271259014,0.48792740295175463
extension__previous_inverse_cdf__10,previous_inverse_cdf,baseline,10,243001,253007,1008,True,-23.88753463685341,"[1.4949608059712267, -1.9218302316861076]",-23.997617283459284,"[1.775756807003623, -2.155586534753978]",0.11008264660587486,0.11008264660587486,"[-0.2807960010323962, 0.23375630306787043]","[0.2807960010323962, 0.23375630306787043]",0.3653606484280204,0.48213319201022387
extension__previous_inverse_cdf__10,previous_inverse_cdf,baseline,10,243001,253008,1008,True,-23.94323638808755,"[1.5734804990134663, -1.9867233734638574]",-23.997617283459284,"[1.775756807003623, -2.155586534753978]",0.05438089537173596,0.05438089537173596,"[-0.2022763079901566, 0.16886316129012058]","[0.2022763079901566, 0.16886316129012058]",0.2634966261928641,0.48239056195598096
extension__previous_inverse_cdf__10,previous_inverse_cdf,baseline,10,243002,253005,1008,True,-22.939944220379573,"[-0.23193110994754695, -1.6901924981890026]",-23.033735925642198,"[-0.40475083443860815, -1.640443123580147]",0.0937917052626247,0.0937917052626247,"[0.1728197244910612, -0.049749374608855534]","[0.1728197244910612, 0.049749374608855534]",0.17983786433100937,0.4748249619733542
extension__previous_inverse_cdf__10,previous_inverse_cdf,baseline,10,243002,253006,1008,True,-22.969028129068043,"[-0.2851178090213669, -1.6636865189241035]",-23.033735925642198,"[-0.40475083443860815, -1.640443123580147]",0.06470779657415449,0.06470779657415449,"[0.11963302541724125, -0.023243395343956363]","[0.11963302541724125, 0.023243395343956363]",0.12187007917285417,0.43837863905355334
extension__previous_inverse_cdf__10,previous_inverse_cdf,baseline,10,243002,253007,1008,True,-22.912250002803393,"[-0.17928282515277824, -1.7266525430326338]",-23.033735925642198,"[-0.40475083443860815, -1.640443123580147]",0.12148592283880433,0.12148592283880433,"[0.2254680092858299, -0.08620941945248672]","[0.2254680092858299, 0.08620941945248672]",0.2413874214072678,0.4523630770854652
extension__previous_inverse_cdf__10,previous_inverse_cdf,baseline,10,243002,253008,1008,True,-22.94824039554442,"[-0.26029715411915183, -1.6702389751133593]",-23.033735925642198,"[-0.40475083443860815, -1.640443123580147]",0.0854955300977771,0.0854955300977771,"[0.14445368031945632, -0.02979585153321218]","[0.14445368031945632, 0.02979585153321218]",0.14749460507565998,0.47523949097376317
extension__previous_inverse_cdf__10,previous_inverse_cdf,epsilon25,10,243001,253005,1008,True,-24.001545435881045,"[1.712613825627967, -2.151136884915134]",-23.997617283459284,"[1.775756807003623, -2.155586534753978]",-0.0039281524217607,0.0039281524217607,"[-0.06314298137565588, 0.004449649838843772]","[0.06314298137565588, 0.004449649838843772]",0.06329956935631353,12.297605305095203
extension__previous_inverse_cdf__10,previous_inverse_cdf,epsilon25,10,243001,253006,1008,True,-23.997385433103055,"[1.7225179940953446, -2.132723481289495]",-23.997617283459284,"[1.775756807003623, -2.155586534753978]",0.00023185035622930172,0.00023185035622930172,"[-0.053238812908278366, 0.02286305346448314]","[0.053238812908278366, 0.02286305346448314]",0.057940403982044184,0.6882021930068731
extension__previous_inverse_cdf__10,previous_inverse_cdf,epsilon25,10,243001,253007,1008,True,-23.99795256341855,"[1.7072934024561897, -2.1293435275526504]",-23.997617283459284,"[1.775756807003623, -2.155586534753978]",-0.00033527995926618814,0.00033527995926618814,"[-0.06846340454743327, 0.02624300720132755]","[0.06846340454743327, 0.02624300720132755]",0.07332075551434557,0.6602392559871078
extension__previous_inverse_cdf__10,previous_inverse_cdf,epsilon25,10,243001,253008,1008,True,-24.00226041721534,"[1.7689798123164913, -2.1426413891125233]",-23.997617283459284,"[1.775756807003623, -2.155586534753978]",-0.004643133756054851,0.004643133756054851,"[-0.0067769946871316655, 0.012945145641454658]","[0.0067769946871316655, 0.012945145641454658]",0.014611791562566288,0.6084793759509921
extension__previous_inverse_cdf__10,previous_inverse_cdf,epsilon25,10,243002,253005,1008,True,-23.03975357825254,"[-0.391794251091564, -1.6448061168440544]",-23.033735925642198,"[-0.40475083443860815, -1.640443123580147]",-0.006017652610342594,0.006017652610342594,"[0.012956583347044137, -0.004362993263907322]","[0.012956583347044137, 0.004362993263907322]",0.013671457941631614,0.7049770669545978
extension__previous_inverse_cdf__10,previous_inverse_cdf,epsilon25,10,243002,253006,1008,True,-23.049084773714483,"[-0.41914084987739036, -1.6348871261621374]",-23.033735925642198,"[-0.40475083443860815, -1.640443123580147]",-0.015348848072285648,0.015348848072285648,"[-0.014390015438782211, 0.005555997418009717]","[0.014390015438782211, 0.005555997418009717]",0.015425357423324784,0.6943107349798083
extension__previous_inverse_cdf__10,previous_inverse_cdf,epsilon25,10,243002,253007,1008,True,-22.98448303445827,"[-0.3261075722629802, -1.6892443589223387]",-23.033735925642198,"[-0.40475083443860815, -1.640443123580147]",0.04925289118392939,0.04925289118392939,"[0.07864326217562795, -0.04880123534219161]","[0.07864326217562795, 0.04880123534219161]",0.09255443401884388,0.6182317720958963
extension__previous_inverse_cdf__10,previous_inverse_cdf,epsilon25,10,243002,253008,1008,True,-23.03091168699052,"[-0.40006862710532015, -1.6367506013283697]",-23.033735925642198,"[-0.40475083443860815, -1.640443123580147]",0.0028242386516765805,0.0028242386516765805,"[0.004682207333288002, 0.003692522251777408]","[0.004682207333288002, 0.003692522251777408]",0.005963034973213492,0.7001450039679185
extension__previous_inverse_cdf__120,previous_inverse_cdf,baseline,120,243001,253005,1008,True,-271.2274763472427,"[-0.7331230286676291, -1.106638593553697]",-270.7028962019201,"[-0.5086595563505256, -1.291005192766019]",-0.5245801453226022,0.5245801453226022,"[-0.2244634723171035, 0.184366599212322]","[0.2244634723171035, 0.184366599212322]",0.2904735673168353,21.433462325949222
extension__previous_inverse_cdf__120,previous_inverse_cdf,baseline,120,243001,253006,1008,True,-271.3391635340734,"[-0.4425616505629857, -1.094070580004129]",-270.7028962019201,"[-0.5086595563505256, -1.291005192766019]",-0.6362673321532952,0.6362673321532952,"[0.06609790578753993, 0.19693461276189006]","[0.06609790578753993, 0.19693461276189006]",0.2077310156263963,5.345885136979632
extension__previous_inverse_cdf__120,previous_inverse_cdf,baseline,120,243001,253007,1008,True,-271.2904923393231,"[-0.441028694744798, -1.04194911371956]",-270.7028962019201,"[-0.5086595563505256, -1.291005192766019]",-0.5875961374030112,0.5875961374030112,"[0.06763086160572762, 0.2490560790464591]","[0.06763086160572762, 0.2490560790464591]",0.25807530674500645,5.429433856974356
extension__previous_inverse_cdf__120,previous_inverse_cdf,baseline,120,243001,253008,1008,True,-271.3585947733911,"[-0.3235376719319238, -1.036211753072241]",-270.7028962019201,"[-0.5086595563505256, -1.291005192766019]",-0.655698571470964,0.655698571470964,"[0.18512188441860183, 0.2547934396937781]","[0.18512188441860183, 0.2547934396937781]",0.3149441363189369,5.68160449503921
extension__previous_inverse_cdf__120,previous_inverse_cdf,baseline,120,243002,253005,1008,True,-284.407597660112,"[2.9277324462691063, 0.37482098160439237]",-284.1053599423991,"[2.358935308336336, 0.299061235395532]",-0.30223771771289876,0.30223771771289876,"[0.5687971379327705, 0.07575974620886039]","[0.5687971379327705, 0.07575974620886039]",0.5738202883012609,5.5190935109276325
extension__previous_inverse_cdf__120,previous_inverse_cdf,baseline,120,243002,253006,1008,True,-284.21002415917025,"[3.064073778314084, 0.3931101844880738]",-284.1053599423991,"[2.358935308336336, 0.299061235395532]",-0.10466421677114113,0.10466421677114113,"[0.7051384699777481, 0.0940489490925418]","[0.7051384699777481, 0.0940489490925418]",0.7113827849111695,5.324639291968197
extension__previous_inverse_cdf__120,previous_inverse_cdf,baseline,120,243002,253007,1008,True,-283.9013096357429,"[2.8582142547860223, 0.14699623860707983]",-284.1053599423991,"[2.358935308336336, 0.299061235395532]",0.2040503066561996,0.2040503066561996,"[0.4992789464496865, -0.15206499678845214]","[0.4992789464496865, 0.15206499678845214]",0.5219226279978488,5.3218721059383824
extension__previous_inverse_cdf__120,previous_inverse_cdf,baseline,120,243002,253008,1008,True,-284.0662930748618,"[2.76133857810797, 0.30327012486694593]",-284.1053599423991,"[2.358935308336336, 0.299061235395532]",0.03906686753731492,0.03906686753731492,"[0.402403269771634, 0.004208889471413957]","[0.402403269771634, 0.004208889471413957]",0.40242528036082054,5.585985591984354
extension__previous_inverse_cdf__120,previous_inverse_cdf,steps8,120,243001,253005,1008,True,-270.74739669759026,"[-0.6022286309821939, -1.289070354968096]",-270.7028962019201,"[-0.5086595563505256, -1.291005192766019]",-0.044500495670149576,0.044500495670149576,"[-0.0935690746316683, 0.001934837797923139]","[0.0935690746316683, 0.001934837797923139]",0.09358907695201928,17.16993327299133
extension__previous_inverse_cdf__120,previous_inverse_cdf,steps8,120,243001,253006,1008,True,-270.8917138291413,"[-0.7331312649019904, -1.3106431583963247]",-270.7028962019201,"[-0.5086595563505256, -1.291005192766019]",-0.18881762722116946,0.18881762722116946,"[-0.2244717085514648, -0.01963796563030562]","[0.2244717085514648, 0.01963796563030562]",0.22532908741241292,7.329437667969614
extension__previous_inverse_cdf__120,previous_inverse_cdf,steps8,120,243001,253007,1008,True,-270.9663350600389,"[-0.6162369557275551, -1.2478590891666068]",-270.7028962019201,"[-0.5086595563505256, -1.291005192766019]",-0.263438858118775,0.263438858118775,"[-0.10757739937702948, 0.04314610359941229]","[0.10757739937702948, 0.04314610359941229]",0.11590721768956462,7.13947647693567
extension__previous_inverse_cdf__120,previous_inverse_cdf,steps8,120,243001,253008,1008,True,-270.8844416716787,"[-0.6320667443374058, -1.2458876153779688]",-270.7028962019201,"[-0.5086595563505256, -1.291005192766019]",-0.1815454697585892,0.1815454697585892,"[-0.12340718798688022, 0.045117577388050334]","[0.12340718798688022, 0.045117577388050334]",0.13139607998793534,7.6471208250150084
extension__previous_inverse_cdf__120,previous_inverse_cdf,steps8,120,243002,253005,1008,True,-284.50712096624994,"[2.3037639414071016, 0.43017253024443175]",-284.1053599423991,"[2.358935308336336, 0.299061235395532]",-0.40176102385083823,0.40176102385083823,"[-0.05517136692923419, 0.13111129484889977]","[0.05517136692923419, 0.13111129484889977]",0.14224644588106702,7.096303869970143
extension__previous_inverse_cdf__120,previous_inverse_cdf,steps8,120,243002,253006,1008,True,-284.17923958413655,"[2.3342423207387464, 0.3533642232622225]",-284.1053599423991,"[2.358935308336336, 0.299061235395532]",-0.07387964173744876,0.07387964173744876,"[-0.024692987597589422, 0.05430298786669052]","[0.024692987597589422, 0.05430298786669052]",0.0596536514200484,7.144421362085268
extension__previous_inverse_cdf__120,previous_inverse_cdf,steps8,120,243002,253007,1008,True,-283.91907581426443,"[2.4948532788307354, 0.21404346341239577]",-284.1053599423991,"[2.358935308336336, 0.299061235395532]",0.1862841281346732,0.1862841281346732,"[0.13591797049439958, -0.0850177719831362]","[0.13591797049439958, 0.0850177719831362]",0.16031754818575855,7.591355909011327
extension__previous_inverse_cdf__120,previous_inverse_cdf,steps8,120,243002,253008,1008,True,-284.2667741460128,"[2.123703097548929, 0.36061510666503716]",-284.1053599423991,"[2.358935308336336, 0.299061235395532]",-0.1614142036136741,0.1614142036136741,"[-0.23523221078740697, 0.06155387126950518]","[0.23523221078740697, 0.06155387126950518]",0.24315236387951047,6.83787719195243
extension__repaired_permutation__10,repaired_permutation,baseline,10,243001,253005,1008,True,-23.915111645634706,"[1.4610713199492238, -1.945586954606774]",-23.997617283459284,"[1.775756807003623, -2.155586534753978]",0.08250563782457832,0.08250563782457832,"[-0.31468548705439914, 0.20999958014720388]","[0.31468548705439914, 0.20999958014720388]",0.3783210005070645,9.846233760006726
extension__repaired_permutation__10,repaired_permutation,baseline,10,243001,253006,1008,True,-23.876790503551103,"[1.5393445530003962, -1.9347667009012945]",-23.997617283459284,"[1.775756807003623, -2.155586534753978]",0.12082677990818169,0.12082677990818169,"[-0.23641225400322674, 0.22081983385268344]","[0.23641225400322674, 0.22081983385268344]",0.3234998498695369,0.47054894093889743
extension__repaired_permutation__10,repaired_permutation,baseline,10,243001,253007,1008,True,-23.888018551773165,"[1.5037326473301826, -1.9164882006396868]",-23.997617283459284,"[1.775756807003623, -2.155586534753978]",0.10959873168611978,0.10959873168611978,"[-0.2720241596734403, 0.23909833411429116]","[0.2720241596734403, 0.23909833411429116]",0.3621673050156109,0.4933756940299645
extension__repaired_permutation__10,repaired_permutation,baseline,10,243001,253008,1008,True,-23.94163842218351,"[1.5690168524706274, -1.9873685137808104]",-23.997617283459284,"[1.775756807003623, -2.155586534753978]",0.05597886127577567,0.05597886127577567,"[-0.20673995453299554, 0.16821802097316763]","[0.20673995453299554, 0.16821802097316763]",0.2665308826016867,0.4670867979293689
extension__repaired_permutation__10,repaired_permutation,baseline,10,243002,253005,1008,True,-22.94223126233308,"[-0.23182706433523076, -1.6949416439816904]",-23.033735925642198,"[-0.40475083443860815, -1.640443123580147]",0.09150466330911655,0.09150466330911655,"[0.1729237701033774, -0.05449852040154335]","[0.1729237701033774, 0.05449852040154335]",0.18130835334513176,0.4867728300159797
extension__repaired_permutation__10,repaired_permutation,baseline,10,243002,253006,1008,True,-22.969348856371663,"[-0.28535172969475886, -1.6637705120144979]",-23.033735925642198,"[-0.40475083443860815, -1.640443123580147]",0.06438706927053417,0.06438706927053417,"[0.1193991047438493, -0.023327388434350782]","[0.1193991047438493, 0.023327388434350782]",0.12165653810954748,0.4991580970818177
extension__repaired_permutation__10,repaired_permutation,baseline,10,243002,253007,1008,True,-22.910242521971533,"[-0.18010580113913283, -1.7270303201441173]",-23.033735925642198,"[-0.40475083443860815, -1.640443123580147]",0.12349340367066475,0.12349340367066475,"[0.22464503329947533, -0.08658719656397018]","[0.22464503329947533, 0.08658719656397018]",0.24075450898151418,0.4464265890419483
extension__repaired_permutation__10,repaired_permutation,baseline,10,243002,253008,1008,True,-22.94723960312811,"[-0.2609425400760356, -1.6704604798409555]",-23.033735925642198,"[-0.40475083443860815, -1.640443123580147]",0.0864963225140869,0.0864963225140869,"[0.14380829436257253, -0.03001735626080837]","[0.14380829436257253, 0.03001735626080837]",0.14690768259134918,0.49298825301229954
extension__repaired_permutation__10,repaired_permutation,epsilon25,10,243001,253005,1008,True,-24.001874175006144,"[1.712842335545767, -2.1531810157817493]",-23.997617283459284,"[1.775756807003623, -2.155586534753978]",-0.004256891546859265,0.004256891546859265,"[-0.062914471457856, 0.0024055189722287373]","[0.062914471457856, 0.0024055189722287373]",0.06296044186905878,12.051155436085537
extension__repaired_permutation__10,repaired_permutation,epsilon25,10,243001,253006,1008,True,-23.999099625251,"[1.7205727562052684, -2.1356153236278628]",-23.997617283459284,"[1.775756807003623, -2.155586534753978]",-0.0014823417917142478,0.0014823417917142478,"[-0.055184050798354534, 0.019971211126115218]","[0.055184050798354534, 0.019971211126115218]",0.05868669982508168,0.5135030810488388
extension__repaired_permutation__10,repaired_permutation,epsilon25,10,243001,253007,1008,True,-24.00593295478248,"[1.7159132434093907, -2.1357396960659147]",-23.997617283459284,"[1.775756807003623, -2.155586534753978]",-0.008315671323195772,0.008315671323195772,"[-0.05984356359423226, 0.01984683868806325]","[0.05984356359423226, 0.01984683868806325]",0.06304878356928804,0.5536693249596283
extension__repaired_permutation__10,repaired_permutation,epsilon25,10,243001,253008,1008,True,-23.99809275353287,"[1.7638627273226166, -2.138683156807572]",-23.997617283459284,"[1.775756807003623, -2.155586534753978]",-0.00047547007358517135,0.00047547007358517135,"[-0.011894079681006309, 0.01690337794640584]","[0.011894079681006309, 0.01690337794640584]",0.02066865543418745,0.6968199469847605
extension__repaired_permutation__10,repaired_permutation,epsilon25,10,243002,253005,1008,True,-23.040840192016578,"[-0.391336973353968, -1.6485779649951349]",-23.033735925642198,"[-0.40475083443860815, -1.640443123580147]",-0.00710426637438033,0.00710426637438033,"[0.013413861084640155, -0.00813484141498777]","[0.013413861084640155, 0.00813484141498777]",0.015687807815148162,0.6917715579038486
extension__repaired_permutation__10,repaired_permutation,epsilon25,10,243002,253006,1008,True,-23.04979745638241,"[-0.419424449771243, -1.6346515271258077]",-23.033735925642198,"[-0.40475083443860815, -1.640443123580147]",-0.016061530740213215,0.016061530740213215,"[-0.014673615332634837, 0.005791596454339354]","[0.014673615332634837, 0.005791596454339354]",0.015775220328732412,0.4979227929143235
extension__repaired_permutation__10,repaired_permutation,epsilon25,10,243002,253007,1008,True,-22.981480602781808,"[-0.32520266199251274, -1.6903750442170322]",-23.033735925642198,"[-0.40475083443860815, -1.640443123580147]",0.0522553228603897,0.0522553228603897,"[0.07954817244609541, -0.04993192063688512]","[0.07954817244609541, 0.04993192063688512]",0.09392075616178741,0.6097376680700108
extension__repaired_permutation__10,repaired_permutation,epsilon25,10,243002,253008,1008,True,-23.03014109421965,"[-0.40073459186309107, -1.6349448026368365]",-23.033735925642198,"[-0.40475083443860815, -1.640443123580147]",0.003594831422546463,0.003594831422546463,"[0.004016242575517082, 0.005498320943310597]","[0.004016242575517082, 0.005498320943310597]",0.006808945411812612,0.45569144596811384
extension__repaired_permutation__120,repaired_permutation,baseline,120,243001,253005,1008,True,-271.2292236080842,"[-0.7169720846747687, -1.1109632320795209]",-270.7028962019201,"[-0.5086595563505256, -1.291005192766019]",-0.5263274061641141,0.5263274061641141,"[-0.20831252832424307, 0.18004196068649825]","[0.20831252832424307, 0.18004196068649825]",0.27533473639313505,13.765950191998854
extension__repaired_permutation__120,repaired_permutation,baseline,120,243001,253006,1008,True,-271.3366203353964,"[-0.47355747548999616, -1.0984821486786536]",-270.7028962019201,"[-0.5086595563505256, -1.291005192766019]",-0.633724133476278,0.633724133476278,"[0.03510208086052946, 0.19252304408736554]","[0.03510208086052946, 0.19252304408736554]",0.19569690489480115,5.710226543014869
extension__repaired_permutation__120,repaired_permutation,baseline,120,243001,253007,1008,True,-271.2911721771323,"[-0.41911413069696335, -1.0330135506486176]",-270.7028962019201,"[-0.5086595563505256, -1.291005192766019]",-0.5882759752121842,0.5882759752121842,"[0.08954542565356227, 0.25799164211740155]","[0.08954542565356227, 0.25799164211740155]",0.27308985821137893,5.763738917070441
extension__repaired_permutation__120,repaired_permutation,baseline,120,243001,253008,1008,True,-271.3552241369046,"[-0.3243731109789526, -1.0373035185301016]",-270.7028962019201,"[-0.5086595563505256, -1.291005192766019]",-0.6523279349844984,0.6523279349844984,"[0.18428644537157302, 0.2537016742359175]","[0.18428644537157302, 0.2537016742359175]",0.3135698223008671,5.595214412896894
extension__repaired_permutation__120,repaired_permutation,baseline,120,243002,253005,1008,True,-284.4105789672216,"[2.9441418211008745, 0.36879289443299645]",-284.1053599423991,"[2.358935308336336, 0.299061235395532]",-0.30521902482252017,0.30521902482252017,"[0.5852065127645387, 0.06973165903746448]","[0.5852065127645387, 0.06973165903746448]",0.5893463895317841,5.736648831982166
extension__repaired_permutation__120,repaired_permutation,baseline,120,243002,253006,1008,True,-284.21203768274154,"[3.0609911384308037, 0.3949434059955593]",-284.1053599423991,"[2.358935308336336, 0.299061235395532]",-0.10667774034243394,0.10667774034243394,"[0.7020558300944679, 0.09588217060002735]","[0.7020558300944679, 0.09588217060002735]",0.7085730584834602,5.528598428936675
extension__repaired_permutation__120,repaired_permutation,baseline,120,243002,253007,1008,True,-283.8990948508283,"[2.8947820719356745, 0.15346299964730797]",-284.1053599423991,"[2.358935308336336, 0.299061235395532]",0.2062650915707991,0.2062650915707991,"[0.5358467635993387, -0.145598235748224]","[0.5358467635993387, 0.145598235748224]",0.5552752473439465,5.415392827009782
extension__repaired_permutation__120,repaired_permutation,baseline,120,243002,253008,1008,True,-284.0703483887257,"[2.7373684939047784, 0.3019989238088019]",-284.1053599423991,"[2.358935308336336, 0.299061235395532]",0.0350115536734279,0.0350115536734279,"[0.37843318556844263, 0.002937688413269912]","[0.37843318556844263, 0.002937688413269912]",0.3784445876911081,5.272588134976104
extension__repaired_permutation__120,repaired_permutation,steps8,120,243001,253005,1008,True,-270.733886064603,"[-0.6036300302949171, -1.291572271390247]",-270.7028962019201,"[-0.5086595563505256, -1.291005192766019]",-0.030989862682872626,0.030989862682872626,"[-0.09497047394439151, -0.0005670786242280013]","[0.09497047394439151, 0.0005670786242280013]",0.09497216697216297,17.92408654803876
extension__repaired_permutation__120,repaired_permutation,steps8,120,243001,253006,1008,True,-270.8949554534975,"[-0.7190103528871266, -1.3136123554883203]",-270.7028962019201,"[-0.5086595563505256, -1.291005192766019]",-0.19205925157740467,0.19205925157740467,"[-0.21035079653660094, -0.022607162722301233]","[0.21035079653660094, 0.022607162722301233]",0.21156214550324237,7.640876819030382
extension__repaired_permutation__120,repaired_permutation,steps8,120,243001,253007,1008,True,-271.00221598794815,"[-0.6267266708402955, -1.2480465159360454]",-270.7028962019201,"[-0.5086595563505256, -1.291005192766019]",-0.2993197860280361,0.2993197860280361,"[-0.11806711448976992, 0.042958676829973674]","[0.11806711448976992, 0.042958676829973674]",0.12563952976242213,7.669805241981521
extension__repaired_permutation__120,repaired_permutation,steps8,120,243001,253008,1008,True,-270.87249423345816,"[-0.6278492561035571, -1.2415730592576746]",-270.7028962019201,"[-0.5086595563505256, -1.291005192766019]",-0.16959803153804387,0.16959803153804387,"[-0.11918969975303151, 0.04943213350834452]","[0.11918969975303151, 0.04943213350834452]",0.12903379538091794,7.195616318960674
extension__repaired_permutation__120,repaired_permutation,steps8,120,243002,253005,1008,True,-284.51126413839194,"[2.307062605187545, 0.4218345039068358]",-284.1053599423991,"[2.358935308336336, 0.299061235395532]",-0.40590419599283223,0.40590419599283223,"[-0.051872703148790666, 0.12277326851130382]","[0.051872703148790666, 0.12277326851130382]",0.1332818547023985,7.488294407958165
extension__repaired_permutation__120,repaired_permutation,steps8,120,243002,253006,1008,True,-284.2141348651654,"[2.3300102016470112, 0.36074341717416125]",-284.1053599423991,"[2.358935308336336, 0.299061235395532]",-0.10877492276631529,0.10877492276631529,"[-0.028925106689324576, 0.061682181778629275]","[0.028925106689324576, 0.061682181778629275]",0.06812747864085882,7.598003049963154
extension__repaired_permutation__120,repaired_permutation,steps8,120,243002,253007,1008,True,-283.9093525447031,"[2.4959074365430847, 0.21425115157184327]",-284.1053599423991,"[2.358935308336336, 0.299061235395532]",0.1960073976960075,0.1960073976960075,"[0.13697212820674887, -0.08481008382368871]","[0.13697212820674887, 0.08481008382368871]",0.16110280638048224,7.239111142931506
extension__repaired_permutation__120,repaired_permutation,steps8,120,243002,253008,1008,True,-284.284792608493,"[2.1311951611216458, 0.36502486483838803]",-284.1053599423991,"[2.358935308336336, 0.299061235395532]",-0.17943266609387365,0.17943266609387365,"[-0.22774014721469005, 0.06596362944285605]","[0.22774014721469005, 0.06596362944285605]",0.23710076984827175,7.835334147908725
extension__repaired_permutation_ablation__10,repaired_permutation_ablation,baseline,10,243001,253005,1008,True,-23.914765359064795,"[1.4565494662008351, -1.9448273331051051]",-23.997617283459284,"[1.775756807003623, -2.155586534753978]",0.08285192439448963,0.08285192439448963,"[-0.3192073408027878, 0.21075920164887285]","[0.3192073408027878, 0.21075920164887285]",0.38250851951565384,13.02735612692777
extension__repaired_permutation_ablation__10,repaired_permutation_ablation,baseline,10,243001,253006,1008,True,-23.876492472654526,"[1.54112894200828, -1.9339109732400017]",-23.997617283459284,"[1.775756807003623, -2.155586534753978]",0.12112481080475845,0.12112481080475845,"[-0.23462786499534283, 0.22167556151397627]","[0.23462786499534283, 0.22167556151397627]",0.32278520660775256,0.41636116500012577
extension__repaired_permutation_ablation__10,repaired_permutation_ablation,baseline,10,243001,253007,1008,True,-23.887628213216715,"[1.4978036700067765, -1.9189273010545382]",-23.997617283459284,"[1.775756807003623, -2.155586534753978]",0.10998907024256965,0.10998907024256965,"[-0.27795313699684643, 0.23665923369943975]","[0.27795313699684643, 0.23665923369943975]",0.3650555290111269,0.47824616206344217
extension__repaired_permutation_ablation__10,repaired_permutation_ablation,baseline,10,243001,253008,1008,True,-23.9414721668081,"[1.5681905425791363, -1.9837401901870542]",-23.997617283459284,"[1.775756807003623, -2.155586534753978]",0.05614511665118371,0.05614511665118371,"[-0.20756626442448667, 0.17184634456692383]","[0.20756626442448667, 0.17184634456692383]",0.2694715574381642,0.4189912190195173
extension__repaired_permutation_ablation__10,repaired_permutation_ablation,baseline,10,243002,253005,1008,True,-22.941535254533573,"[-0.23144097941434114, -1.695674203489467]",-23.033735925642198,"[-0.40475083443860815, -1.640443123580147]",0.09220067110862473,0.09220067110862473,"[0.17330985502426702, -0.05523107990931986]","[0.17330985502426702, 0.05523107990931986]",0.18189771311504202,0.45236506196670234
extension__repaired_permutation_ablation__10,repaired_permutation_ablation,baseline,10,243002,253006,1008,True,-22.968784346347704,"[-0.28702294173624315, -1.6655216736177647]",-23.033735925642198,"[-0.40475083443860815, -1.640443123580147]",0.06495157929449391,0.06495157929449391,"[0.117727892702365, -0.02507855003761761]","[0.117727892702365, 0.02507855003761761]",0.12036939142543197,0.46613350394181907
extension__repaired_permutation_ablation__10,repaired_permutation_ablation,baseline,10,243002,253007,1008,True,-22.90947510886894,"[-0.18057922679606978, -1.725556413248105]",-23.033735925642198,"[-0.40475083443860815, -1.640443123580147]",0.1242608167732584,0.1242608167732584,"[0.22417160764253838, -0.08511328966795784]","[0.22417160764253838, 0.08511328966795784]",0.2397856996385353,0.434062663000077
extension__repaired_permutation_ablation__10,repaired_permutation_ablation,baseline,10,243002,253008,1008,True,-22.94647101126676,"[-0.25959353101966326, -1.6695185837146598]",-23.033735925642198,"[-0.40475083443860815, -1.640443123580147]",0.0872649143754387,0.0872649143754387,"[0.1451573034189449, -0.029075460134512676]","[0.1451573034189449, 0.029075460134512676]",0.14804061982406472,0.4158878190210089
extension__repaired_permutation_ablation__10,repaired_permutation_ablation,epsilon25,10,243001,253005,1008,True,-24.001874175006144,"[1.712842335545767, -2.1531810157817493]",-23.997617283459284,"[1.775756807003623, -2.155586534753978]",-0.004256891546859265,0.004256891546859265,"[-0.062914471457856, 0.0024055189722287373]","[0.062914471457856, 0.0024055189722287373]",0.06296044186905878,15.648756544920616
extension__repaired_permutation_ablation__10,repaired_permutation_ablation,epsilon25,10,243001,253006,1008,True,-23.999099625251,"[1.7205727562052684, -2.1356153236278628]",-23.997617283459284,"[1.775756807003623, -2.155586534753978]",-0.0014823417917142478,0.0014823417917142478,"[-0.055184050798354534, 0.019971211126115218]","[0.055184050798354534, 0.019971211126115218]",0.05868669982508168,0.6682648480636999
extension__repaired_permutation_ablation__10,repaired_permutation_ablation,epsilon25,10,243001,253007,1008,True,-24.00593295478248,"[1.7159132434093907, -2.1357396960659147]",-23.997617283459284,"[1.775756807003623, -2.155586534753978]",-0.008315671323195772,0.008315671323195772,"[-0.05984356359423226, 0.01984683868806325]","[0.05984356359423226, 0.01984683868806325]",0.06304878356928804,0.6948699260829017
extension__repaired_permutation_ablation__10,repaired_permutation_ablation,epsilon25,10,243001,253008,1008,True,-23.99809275353287,"[1.7638627273226166, -2.138683156807572]",-23.997617283459284,"[1.775756807003623, -2.155586534753978]",-0.00047547007358517135,0.00047547007358517135,"[-0.011894079681006309, 0.01690337794640584]","[0.011894079681006309, 0.01690337794640584]",0.02066865543418745,0.6886782200308517
extension__repaired_permutation_ablation__10,repaired_permutation_ablation,epsilon25,10,243002,253005,1008,True,-23.040840192016578,"[-0.391336973353968, -1.6485779649951349]",-23.033735925642198,"[-0.40475083443860815, -1.640443123580147]",-0.00710426637438033,0.00710426637438033,"[0.013413861084640155, -0.00813484141498777]","[0.013413861084640155, 0.00813484141498777]",0.015687807815148162,0.6387203830527142
extension__repaired_permutation_ablation__10,repaired_permutation_ablation,epsilon25,10,243002,253006,1008,True,-23.04979745638241,"[-0.419424449771243, -1.6346515271258077]",-23.033735925642198,"[-0.40475083443860815, -1.640443123580147]",-0.016061530740213215,0.016061530740213215,"[-0.014673615332634837, 0.005791596454339354]","[0.014673615332634837, 0.005791596454339354]",0.015775220328732412,0.620587271056138
extension__repaired_permutation_ablation__10,repaired_permutation_ablation,epsilon25,10,243002,253007,1008,True,-22.981480602781808,"[-0.32520266199251274, -1.6903750442170322]",-23.033735925642198,"[-0.40475083443860815, -1.640443123580147]",0.0522553228603897,0.0522553228603897,"[0.07954817244609541, -0.04993192063688512]","[0.07954817244609541, 0.04993192063688512]",0.09392075616178741,0.6240703040966764
extension__repaired_permutation_ablation__10,repaired_permutation_ablation,epsilon25,10,243002,253008,1008,True,-23.03014109421965,"[-0.40073459186309107, -1.6349448026368365]",-23.033735925642198,"[-0.40475083443860815, -1.640443123580147]",0.003594831422546463,0.003594831422546463,"[0.004016242575517082, 0.005498320943310597]","[0.004016242575517082, 0.005498320943310597]",0.006808945411812612,0.6766328149242327
extension__repaired_permutation_ablation__120,repaired_permutation_ablation,baseline,120,243001,253005,1008,True,-271.2296152195222,"[-0.7276771705934554, -1.1116605068925476]",-270.7028962019201,"[-0.5086595563505256, -1.291005192766019]",-0.5267190176020904,0.5267190176020904,"[-0.21901761424292976, 0.17934468587347152]","[0.21901761424292976, 0.17934468587347152]",0.28307813709242713,16.304729113006033
extension__repaired_permutation_ablation__120,repaired_permutation_ablation,baseline,120,243001,253006,1008,True,-271.33803230349776,"[-0.45513415144300684, -1.0944288935834852]",-270.7028962019201,"[-0.5086595563505256, -1.291005192766019]",-0.6351361015776433,0.6351361015776433,"[0.05352540490751878, 0.19657629918253394]","[0.05352540490751878, 0.19657629918253394]",0.20373318426514353,5.323392804013565
extension__repaired_permutation_ablation__120,repaired_permutation_ablation,baseline,120,243001,253007,1008,True,-271.29168094356476,"[-0.44936117213959764, -1.0401470255574115]",-270.7028962019201,"[-0.5086595563505256, -1.291005192766019]",-0.5887847416446448,0.5887847416446448,"[0.05929838421092798, 0.25085816720860765]","[0.05929838421092798, 0.25085816720860765]",0.25777144610155833,5.384600674035028
extension__repaired_permutation_ablation__120,repaired_permutation_ablation,baseline,120,243001,253008,1008,True,-271.35566705154315,"[-0.33703209982002774, -1.0364147435239641]",-270.7028962019201,"[-0.5086595563505256, -1.291005192766019]",-0.6527708496230389,0.6527708496230389,"[0.17162745653049788, 0.254590449242055]","[0.17162745653049788, 0.254590449242055]",0.3070379140764204,5.314273715950549
extension__repaired_permutation_ablation__120,repaired_permutation_ablation,baseline,120,243002,253005,1008,True,-284.4090741769663,"[2.967586935005777, 0.37670205740447665]",-284.1053599423991,"[2.358935308336336, 0.299061235395532]",-0.3037142345672237,0.3037142345672237,"[0.6086516266694413, 0.07764082200894468]","[0.6086516266694413, 0.07764082200894468]",0.613583653538441,5.7180695090210065
extension__repaired_permutation_ablation__120,repaired_permutation_ablation,baseline,120,243002,253006,1008,True,-284.21052253344845,"[3.0212049379623362, 0.38820009179238946]",-284.1053599423991,"[2.358935308336336, 0.299061235395532]",-0.10516259104934988,0.10516259104934988,"[0.6622696296260004, 0.08913885639685748]","[0.6622696296260004, 0.08913885639685748]",0.6682415716226426,5.353665613918565
extension__repaired_permutation_ablation__120,repaired_permutation_ablation,baseline,120,243002,253007,1008,True,-283.8992662285238,"[2.902951873450744, 0.15718825707070355]",-284.1053599423991,"[2.358935308336336, 0.299061235395532]",0.20609371387530473,0.20609371387530473,"[0.5440165651144082, -0.14187297832482842]","[0.5440165651144082, 0.14187297832482842]",0.5622116728578627,5.438702323008329
extension__repaired_permutation_ablation__120,repaired_permutation_ablation,baseline,120,243002,253008,1008,True,-284.0684097438792,"[2.7545221549020806, 0.3052074050112212]",-284.1053599423991,"[2.358935308336336, 0.299061235395532]",0.036950198519889454,0.036950198519889454,"[0.39558684656574483, 0.006146169615689201]","[0.39558684656574483, 0.006146169615689201]",0.39563458971224313,5.540522272000089
extension__repaired_permutation_ablation__120,repaired_permutation_ablation,steps8,120,243001,253005,1008,True,-270.733886064603,"[-0.6036300302949171, -1.291572271390247]",-270.7028962019201,"[-0.5086595563505256, -1.291005192766019]",-0.030989862682872626,0.030989862682872626,"[-0.09497047394439151, -0.0005670786242280013]","[0.09497047394439151, 0.0005670786242280013]",0.09497216697216297,18.231645761989057
extension__repaired_permutation_ablation__120,repaired_permutation_ablation,steps8,120,243001,253006,1008,True,-270.8949554534975,"[-0.7190103528871266, -1.3136123554883203]",-270.7028962019201,"[-0.5086595563505256, -1.291005192766019]",-0.19205925157740467,0.19205925157740467,"[-0.21035079653660094, -0.022607162722301233]","[0.21035079653660094, 0.022607162722301233]",0.21156214550324237,6.885973870987073
extension__repaired_permutation_ablation__120,repaired_permutation_ablation,steps8,120,243001,253007,1008,True,-271.00221598794815,"[-0.6267266708402955, -1.2480465159360454]",-270.7028962019201,"[-0.5086595563505256, -1.291005192766019]",-0.2993197860280361,0.2993197860280361,"[-0.11806711448976992, 0.042958676829973674]","[0.11806711448976992, 0.042958676829973674]",0.12563952976242213,7.593551600002684
extension__repaired_permutation_ablation__120,repaired_permutation_ablation,steps8,120,243001,253008,1008,True,-270.87249423345816,"[-0.6278492561035571, -1.2415730592576746]",-270.7028962019201,"[-0.5086595563505256, -1.291005192766019]",-0.16959803153804387,0.16959803153804387,"[-0.11918969975303151, 0.04943213350834452]","[0.11918969975303151, 0.04943213350834452]",0.12903379538091794,7.736545733991079
extension__repaired_permutation_ablation__120,repaired_permutation_ablation,steps8,120,243002,253005,1008,True,-284.51126413839194,"[2.307062605187545, 0.4218345039068358]",-284.1053599423991,"[2.358935308336336, 0.299061235395532]",-0.40590419599283223,0.40590419599283223,"[-0.051872703148790666, 0.12277326851130382]","[0.051872703148790666, 0.12277326851130382]",0.1332818547023985,6.909460985916667
extension__repaired_permutation_ablation__120,repaired_permutation_ablation,steps8,120,243002,253006,1008,True,-284.2141348651654,"[2.3300102016470112, 0.36074341717416125]",-284.1053599423991,"[2.358935308336336, 0.299061235395532]",-0.10877492276631529,0.10877492276631529,"[-0.028925106689324576, 0.061682181778629275]","[0.028925106689324576, 0.061682181778629275]",0.06812747864085882,7.898123909020796
extension__repaired_permutation_ablation__120,repaired_permutation_ablation,steps8,120,243002,253007,1008,True,-283.9093525447031,"[2.4959074365430847, 0.21425115157184327]",-284.1053599423991,"[2.358935308336336, 0.299061235395532]",0.1960073976960075,0.1960073976960075,"[0.13697212820674887, -0.08481008382368871]","[0.13697212820674887, 0.08481008382368871]",0.16110280638048224,7.498580227023922
extension__repaired_permutation_ablation__120,repaired_permutation_ablation,steps8,120,243002,253008,1008,True,-284.284792608493,"[2.1311951611216458, 0.36502486483838803]",-284.1053599423991,"[2.358935308336336, 0.299061235395532]",-0.17943266609387365,0.17943266609387365,"[-0.22774014721469005, 0.06596362944285605]","[0.22774014721469005, 0.06596362944285605]",0.23710076984827175,8.129238827968948
stage__previous_inverse_cdf,previous_inverse_cdf,baseline,10,241001,251001,1008,True,-20.40253368271991,"[-0.4093191672460224, -1.0493093864167184]",-20.332106014114498,"[-0.37527431933244415, -1.0626317086190926]",-0.0704276686054115,0.0704276686054115,"[-0.03404484791357826, 0.01332232220237417]","[0.03404484791357826, 0.01332232220237417]",0.036558664339969335,10.85670940799173
stage__previous_inverse_cdf,previous_inverse_cdf,design,10,241001,251001,1008,True,-20.393402140639278,"[-0.39382568998335044, -1.0607362997191851]",-20.332106014114498,"[-0.37527431933244415, -1.0626317086190926]",-0.06129612652478045,0.06129612652478045,"[-0.018551370650906285, 0.0018954088999074692]","[0.018551370650906285, 0.0018954088999074692]",0.018647947016364977,12.54340801993385
stage__previous_inverse_cdf,previous_inverse_cdf,protection,10,241001,251001,1008,True,-20.396043097701227,"[-0.39162347296661465, -1.0608343922282482]",-20.332106014114498,"[-0.37527431933244415, -1.0626317086190926]",-0.06393708358672967,0.06393708358672967,"[-0.0163491536341705, 0.0017973163908444612]","[0.0163491536341705, 0.0017973163908444612]",0.016447649399306534,9.493029700010084
stage__previous_inverse_cdf,previous_inverse_cdf,combined,10,241001,251001,1008,True,-20.354628642082876,"[-0.3634874758014445, -1.105082006155663]",-20.332106014114498,"[-0.37527431933244415, -1.0626317086190926]",-0.022522627968378117,0.022522627968378117,"[0.011786843530999624, -0.04245029753657037]","[0.011786843530999624, 0.04245029753657037]",0.04405629854365457,12.375289246905595
stage__previous_inverse_cdf,previous_inverse_cdf,reversed,10,241001,251001,1008,True,-20.356049903495123,"[-0.35961009850782694, -1.1172875632339674]",-20.332106014114498,"[-0.37527431933244415, -1.0626317086190926]",-0.023943889380625194,0.023943889380625194,"[0.015664220824617214, -0.054655854614874766]","[0.015664220824617214, 0.054655854614874766]",0.056856224441345894,12.10962686908897
validation__iid_dual_cap__10,iid_dual_cap,baseline,10,242001,252001,1008,True,-25.422625813095518,"[-0.41289099560942766, -0.3804279026493872]",-25.36826864248573,"[-0.4289332257275329, -0.3179621609806612]",-0.054357170609787175,0.054357170609787175,"[0.01604223011810524, -0.06246574166872598]","[0.01604223011810524, 0.06246574166872598]",0.06449280602816296,10.626771872979589
validation__iid_dual_cap__10,iid_dual_cap,baseline,10,242001,252002,1008,True,-25.26556537295582,"[-0.4080557040459809, -0.4156125987406838]",-25.36826864248573,"[-0.4289332257275329, -0.3179621609806612]",0.10270326952991127,0.10270326952991127,"[0.02087752168155199, -0.09765043776002258]","[0.02087752168155199, 0.09765043776002258]",0.09985729270457776,1.1607346020173281
validation__iid_dual_cap__10,iid_dual_cap,steps8,10,242001,252001,1008,True,-25.31116364484765,"[-0.33771726792624707, -0.28192433211551704]",-25.36826864248573,"[-0.4289332257275329, -0.3179621609806612]",0.0571049976380813,0.0571049976380813,"[0.09121595780128583, 0.03603782886514417]","[0.09121595780128583, 0.03603782886514417]",0.09807688854627973,10.13978667696938
validation__iid_dual_cap__10,iid_dual_cap,steps8,10,242001,252002,1008,True,-25.141690380355975,"[-0.34280523187082745, -0.2983820744194464]",-25.36826864248573,"[-0.4289332257275329, -0.3179621609806612]",0.22657826212975607,0.22657826212975607,"[0.08612799385670544, 0.019580086561214793]","[0.08612799385670544, 0.019580086561214793]",0.08832559717049952,0.905389316030778
validation__iid_dual_cap__120,iid_dual_cap,baseline,120,242001,252001,1008,True,-277.2607472849978,"[-0.8686306714268235, 1.0262236350697966]",-278.26855008488315,"[-0.8684333764869534, 1.081476664844179]",1.0078027998853258,1.0078027998853258,"[-0.00019729493987008517, -0.05525302977438229]","[0.00019729493987008517, 0.05525302977438229]",0.05525338201904092,16.673595046042465
validation__iid_dual_cap__120,iid_dual_cap,baseline,120,242001,252002,1008,True,-278.0827277297263,"[-1.5754039935050308, 1.1138308093392193]",-278.26855008488315,"[-0.8684333764869534, 1.081476664844179]",0.18582235515685852,0.18582235515685852,"[-0.7069706170180774, 0.03235414449504037]","[0.7069706170180774, 0.03235414449504037]",0.7077105651273881,8.071217437973246
validation__iid_dual_cap__120,iid_dual_cap,epsilon25,120,242001,252001,1008,True,-277.850232582311,"[-0.3323701662998316, 0.9195604770649979]",-278.26855008488315,"[-0.8684333764869534, 1.081476664844179]",0.41831750257216527,0.41831750257216527,"[0.5360632101871218, -0.16191618777918104]","[0.5360632101871218, 0.16191618777918104]",0.5599826936442458,20.900006798096
validation__iid_dual_cap__120,iid_dual_cap,epsilon25,120,242001,252002,1008,True,-278.7175850415189,"[-1.1716398563909218, 1.0778875791490796]",-278.26855008488315,"[-0.8684333764869534, 1.081476664844179]",-0.4490349566357281,0.4490349566357281,"[-0.30320647990396843, -0.0035890856950993033]","[0.30320647990396843, 0.0035890856950993033]",0.3032277213446725,11.47386444802396
validation__previous_inverse_cdf__10,previous_inverse_cdf,baseline,10,242001,252001,1008,True,-25.347327490900547,"[-0.39815167751444835, -0.35737272481043186]",-25.36826864248573,"[-0.4289332257275329, -0.3179621609806612]",0.02094115158518406,0.02094115158518406,"[0.030781548213084542, -0.03941056382977065]","[0.030781548213084542, 0.03941056382977065]",0.05000696203304971,10.762689791969024
validation__previous_inverse_cdf__10,previous_inverse_cdf,baseline,10,242001,252002,1008,True,-25.369466119193795,"[-0.43470750633692984, -0.40094362996850336]",-25.36826864248573,"[-0.4289332257275329, -0.3179621609806612]",-0.001197476708064471,0.001197476708064471,"[-0.005774280609396942, -0.08298146898784214]","[0.005774280609396942, 0.08298146898784214]",0.08318212856098517,0.6925091380253434
validation__previous_inverse_cdf__10,previous_inverse_cdf,epsilon25,10,242001,252001,1008,True,-25.360458168221385,"[-0.44051592266435297, -0.3230119610580393]",-25.36826864248573,"[-0.4289332257275329, -0.3179621609806612]",0.007810474264346112,0.007810474264346112,"[-0.01158269693682007, -0.005049800077378097]","[0.01158269693682007, 0.005049800077378097]",0.012635638058749106,12.808969864971004
validation__previous_inverse_cdf__10,previous_inverse_cdf,epsilon25,10,242001,252002,1008,True,-25.35146544083219,"[-0.4371964639069108, -0.31634232989817057]",-25.36826864248573,"[-0.4289332257275329, -0.3179621609806612]",0.016803201653541322,0.016803201653541322,"[-0.008263238179377907, 0.0016198310824906414]","[0.008263238179377907, 0.0016198310824906414]",0.00842050817616915,0.9688125619431958
validation__previous_inverse_cdf__120,previous_inverse_cdf,baseline,120,242001,252001,1008,True,-277.78782272980146,"[-0.8624604034273292, 1.1717082194951365]",-278.26855008488315,"[-0.8684333764869534, 1.081476664844179]",0.48072735508168307,0.48072735508168307,"[0.005972973059624187, 0.09023155465095756]","[0.005972973059624187, 0.09023155465095756]",0.09042903218491137,19.549606165033765
validation__previous_inverse_cdf__120,previous_inverse_cdf,baseline,120,242001,252002,1008,True,-277.6531634250643,"[-0.8114165098375539, 1.0753465842842007]",-278.26855008488315,"[-0.8684333764869534, 1.081476664844179]",0.6153866598188529,0.6153866598188529,"[0.057016866649399534, -0.006130080559978213]","[0.057016866649399534, 0.006130080559978213]",0.05734545291640159,10.609094591927715
validation__previous_inverse_cdf__120,previous_inverse_cdf,steps8,120,242001,252001,1008,True,-278.3595643281872,"[-0.9191029472314394, 1.1630979980795912]",-278.26855008488315,"[-0.8684333764869534, 1.081476664844179]",-0.09101424330407326,0.09101424330407326,"[-0.05066957074448597, 0.08162133323541232]","[0.05066957074448597, 0.08162133323541232]",0.09607001321201478,28.501978690037504
validation__previous_inverse_cdf__120,previous_inverse_cdf,steps8,120,242001,252002,1008,True,-278.19002067480307,"[-0.726886272535024, 1.122013610355167]",-278.26855008488315,"[-0.8684333764869534, 1.081476664844179]",0.07852941008007974,0.07852941008007974,"[0.14154710395192938, 0.040536945510988076]","[0.14154710395192938, 0.040536945510988076]",0.14723731384584246,11.353245722013526
validation__repaired_permutation__10,repaired_permutation,baseline,10,242001,252001,1008,True,-25.346727758004953,"[-0.39606788386024555, -0.35699998502366936]",-25.36826864248573,"[-0.4289332257275329, -0.3179621609806612]",0.02154088448077829,0.02154088448077829,"[0.032865341867287345, -0.03903782404300815]","[0.032865341867287345, 0.03903782404300815]",0.05103021068020919,13.510499938973226
validation__repaired_permutation__10,repaired_permutation,baseline,10,242001,252002,1008,True,-25.368142933683412,"[-0.43339883719748845, -0.3994663311476415]",-25.36826864248573,"[-0.4289332257275329, -0.3179621609806612]",0.00012570880231876913,0.00012570880231876913,"[-0.004465611469955555, -0.0815041701669803]","[0.004465611469955555, 0.0815041701669803]",0.08162641386468403,1.0806261920370162
validation__repaired_permutation__10,repaired_permutation,epsilon25,10,242001,252001,1008,True,-25.357342353296595,"[-0.44017052605909923, -0.3232781628033708]",-25.36826864248573,"[-0.4289332257275329, -0.3179621609806612]",0.010926289189136185,0.010926289189136185,"[-0.011237300331566336, -0.005316001822709582]","[0.011237300331566336, 0.005316001822709582]",0.012431282883148967,15.67454545898363
validation__repaired_permutation__10,repaired_permutation,epsilon25,10,242001,252002,1008,True,-25.3473103547512,"[-0.43586403776489846, -0.31590196936568093]",-25.36826864248573,"[-0.4289332257275329, -0.3179621609806612]",0.02095828773452979,0.02095828773452979,"[-0.0069308120373655635, 0.002060191614980278]","[0.0069308120373655635, 0.002060191614980278]",0.007230528679683557,1.2078623099951074
validation__repaired_permutation__120,repaired_permutation,baseline,120,242001,252001,1008,True,-277.78575127612913,"[-0.8872533449136272, 1.1697981170800746]",-278.26855008488315,"[-0.8684333764869534, 1.081476664844179]",0.48279880875401204,0.48279880875401204,"[-0.018819968426673772, 0.08832145223589571]","[0.018819968426673772, 0.08832145223589571]",0.09030431959014255,19.32744789798744
validation__repaired_permutation__120,repaired_permutation,baseline,120,242001,252002,1008,True,-277.64696220985104,"[-0.8275205605055935, 1.0719333131681952]",-278.26855008488315,"[-0.8684333764869534, 1.081476664844179]",0.6215878750321053,0.6215878750321053,"[0.040912815981359874, -0.009543351675983747]","[0.040912815981359874, 0.009543351675983747]",0.04201111844186153,8.301636995049194
validation__repaired_permutation__120,repaired_permutation,steps8,120,242001,252001,1008,True,-278.34713663767405,"[-0.9102367167843386, 1.168129089366365]",-278.26855008488315,"[-0.8684333764869534, 1.081476664844179]",-0.07858655279090954,0.07858655279090954,"[-0.041803340297385194, 0.08665242452218602]","[0.041803340297385194, 0.08665242452218602]",0.09620894935291692,21.98517287801951
validation__repaired_permutation__120,repaired_permutation,steps8,120,242001,252002,1008,True,-278.18055642732367,"[-0.7237308955149218, 1.1233836469876364]",-278.26855008488315,"[-0.8684333764869534, 1.081476664844179]",0.08799365755947974,0.08799365755947974,"[0.14470248097203164, 0.04190698214345745]","[0.14470248097203164, 0.04190698214345745]",0.15064860819746476,11.416597913019359
validation__repaired_permutation_ablation__10,repaired_permutation_ablation,baseline,10,242001,252001,1008,True,-25.346913518750764,"[-0.39434991186259283, -0.3529839251761423]",-25.36826864248573,"[-0.4289332257275329, -0.3179621609806612]",0.021355123734966952,0.021355123734966952,"[0.03458331386494007, -0.03502176419548109]","[0.03458331386494007, 0.03502176419548109]",0.04921919915281878,14.097073258948512
validation__repaired_permutation_ablation__10,repaired_permutation_ablation,baseline,10,242001,252002,1008,True,-25.36865714262915,"[-0.4349752674788491, -0.4020596821515287]",-25.36826864248573,"[-0.4289332257275329, -0.3179621609806612]",-0.00038850014341917927,0.00038850014341917927,"[-0.0060420417513162294, -0.0840975211708675]","[0.0060420417513162294, 0.0840975211708675]",0.08431428903578062,0.7095603690249845
validation__repaired_permutation_ablation__10,repaired_permutation_ablation,epsilon25,10,242001,252001,1008,True,-25.357342353296595,"[-0.44017052605909923, -0.3232781628033708]",-25.36826864248573,"[-0.4289332257275329, -0.3179621609806612]",0.010926289189136185,0.010926289189136185,"[-0.011237300331566336, -0.005316001822709582]","[0.011237300331566336, 0.005316001822709582]",0.012431282883148967,12.249510565889068
validation__repaired_permutation_ablation__10,repaired_permutation_ablation,epsilon25,10,242001,252002,1008,True,-25.3473103547512,"[-0.43586403776489846, -0.31590196936568093]",-25.36826864248573,"[-0.4289332257275329, -0.3179621609806612]",0.02095828773452979,0.02095828773452979,"[-0.0069308120373655635, 0.002060191614980278]","[0.0069308120373655635, 0.002060191614980278]",0.007230528679683557,0.999355023028329
validation__repaired_permutation_ablation__120,repaired_permutation_ablation,baseline,120,242001,252001,1008,True,-277.7833164324092,"[-0.8825145367177202, 1.1778871471093664]",-278.26855008488315,"[-0.8684333764869534, 1.081476664844179]",0.4852336524739371,0.4852336524739371,"[-0.014081160230766776, 0.09641048226518745]","[0.014081160230766776, 0.09641048226518745]",0.0974333626847116,19.2701110400958
validation__repaired_permutation_ablation__120,repaired_permutation_ablation,baseline,120,242001,252002,1008,True,-277.64543056403335,"[-0.8192168430586737, 1.0699844021724783]",-278.26855008488315,"[-0.8684333764869534, 1.081476664844179]",0.6231195208497979,0.6231195208497979,"[0.049216533428279696, -0.01149226267170067]","[0.049216533428279696, 0.01149226267170067]",0.05054047154521154,8.005084943026304
validation__repaired_permutation_ablation__120,repaired_permutation_ablation,steps8,120,242001,252001,1008,True,-278.34713663767405,"[-0.9102367167843386, 1.168129089366365]",-278.26855008488315,"[-0.8684333764869534, 1.081476664844179]",-0.07858655279090954,0.07858655279090954,"[-0.041803340297385194, 0.08665242452218602]","[0.041803340297385194, 0.08665242452218602]",0.09620894935291692,23.900211637024768
validation__repaired_permutation_ablation__120,repaired_permutation_ablation,steps8,120,242001,252002,1008,True,-278.18055642732367,"[-0.7237308955149218, 1.1233836469876364]",-278.26855008488315,"[-0.8684333764869534, 1.081476664844179]",0.08799365755947974,0.08799365755947974,"[0.14470248097203164, 0.04190698214345745]","[0.14470248097203164, 0.04190698214345745]",0.15064860819746476,11.729944051010534
