program,tuning_status,scope,route,data_seed,filter_seed,valid,coordinate,exact_score,estimated_score,signed_error,absolute_error
fp64_gpu_xla_sqmc_reference_comparison,exact_scope_frozen_controls; flow_grid_only,p44_d3_T10,iid_dual_cap,197001,198001,True,persistence_coordinate,-1.6113248546702255,-1.6687288231522412,-0.05740396848201579,0.05740396848201579
fp64_gpu_xla_sqmc_reference_comparison,exact_scope_frozen_controls; flow_grid_only,p44_d3_T10,iid_dual_cap,197001,198001,True,log_Q_scale,-0.19681047641949673,-0.18593840257457211,0.010872073844924612,0.010872073844924612
fp64_gpu_xla_sqmc_reference_comparison,exact_scope_frozen_controls; flow_grid_only,p44_d3_T10,iid_dual_cap,197001,198001,True,log_R_scale,0.3865219064282327,0.3851647273923752,-0.0013571790358575253,0.0013571790358575253
fp64_gpu_xla_sqmc_reference_comparison,exact_scope_frozen_controls; flow_grid_only,p44_d3_T10,iid_dual_cap,197001,198001,True,initial_mean_scale,-0.363485171876208,-0.3659220096033641,-0.0024368377271560826,0.0024368377271560826
fp64_gpu_xla_sqmc_reference_comparison,exact_scope_frozen_controls; flow_grid_only,p44_d3_T10,iid_dual_cap,197001,198002,True,persistence_coordinate,-1.6113248546702255,-1.5637858182685664,0.04753903640165902,0.04753903640165902
fp64_gpu_xla_sqmc_reference_comparison,exact_scope_frozen_controls; flow_grid_only,p44_d3_T10,iid_dual_cap,197001,198002,True,log_Q_scale,-0.19681047641949673,-0.20323879855937121,-0.006428322139874487,0.006428322139874487
fp64_gpu_xla_sqmc_reference_comparison,exact_scope_frozen_controls; flow_grid_only,p44_d3_T10,iid_dual_cap,197001,198002,True,log_R_scale,0.3865219064282327,0.38671655072348343,0.00019464429525073434,0.00019464429525073434
fp64_gpu_xla_sqmc_reference_comparison,exact_scope_frozen_controls; flow_grid_only,p44_d3_T10,iid_dual_cap,197001,198002,True,initial_mean_scale,-0.363485171876208,-0.3623986903693021,0.0010864815069058786,0.0010864815069058786
fp64_gpu_xla_sqmc_reference_comparison,exact_scope_frozen_controls; flow_grid_only,p44_d3_T10,iid_dual_cap,197002,198001,True,persistence_coordinate,2.477906446988226,2.620357891056061,0.14245144406783528,0.14245144406783528
fp64_gpu_xla_sqmc_reference_comparison,exact_scope_frozen_controls; flow_grid_only,p44_d3_T10,iid_dual_cap,197002,198001,True,log_Q_scale,2.786411255583111,2.7860946346805964,-0.00031662090251449726,0.00031662090251449726
fp64_gpu_xla_sqmc_reference_comparison,exact_scope_frozen_controls; flow_grid_only,p44_d3_T10,iid_dual_cap,197002,198001,True,log_R_scale,2.006606031847774,1.9640911328069754,-0.042514899040798415,0.042514899040798415
fp64_gpu_xla_sqmc_reference_comparison,exact_scope_frozen_controls; flow_grid_only,p44_d3_T10,iid_dual_cap,197002,198001,True,initial_mean_scale,0.4848282684608291,0.4825711171709826,-0.002257151289846493,0.002257151289846493
fp64_gpu_xla_sqmc_reference_comparison,exact_scope_frozen_controls; flow_grid_only,p44_d3_T10,iid_dual_cap,197002,198002,True,persistence_coordinate,2.477906446988226,2.530095237064237,0.05218879007601096,0.05218879007601096
fp64_gpu_xla_sqmc_reference_comparison,exact_scope_frozen_controls; flow_grid_only,p44_d3_T10,iid_dual_cap,197002,198002,True,log_Q_scale,2.786411255583111,2.78686649251702,0.0004552369339090312,0.0004552369339090312
fp64_gpu_xla_sqmc_reference_comparison,exact_scope_frozen_controls; flow_grid_only,p44_d3_T10,iid_dual_cap,197002,198002,True,log_R_scale,2.006606031847774,1.9938930339435292,-0.012712997904244627,0.012712997904244627
fp64_gpu_xla_sqmc_reference_comparison,exact_scope_frozen_controls; flow_grid_only,p44_d3_T10,iid_dual_cap,197002,198002,True,initial_mean_scale,0.4848282684608291,0.4850419744744025,0.00021370601357340036,0.00021370601357340036
fp64_gpu_xla_sqmc_reference_comparison,exact_scope_frozen_controls; flow_grid_only,p44_d3_T10,previous_inverse_cdf,197001,198001,True,persistence_coordinate,-1.6113248546702255,-1.6169325090664206,-0.00560765439619515,0.00560765439619515
fp64_gpu_xla_sqmc_reference_comparison,exact_scope_frozen_controls; flow_grid_only,p44_d3_T10,previous_inverse_cdf,197001,198001,True,log_Q_scale,-0.19681047641949673,-0.19597975946173252,0.0008307169577642104,0.0008307169577642104
fp64_gpu_xla_sqmc_reference_comparison,exact_scope_frozen_controls; flow_grid_only,p44_d3_T10,previous_inverse_cdf,197001,198001,True,log_R_scale,0.3865219064282327,0.38757290080211426,0.0010509943738815641,0.0010509943738815641
fp64_gpu_xla_sqmc_reference_comparison,exact_scope_frozen_controls; flow_grid_only,p44_d3_T10,previous_inverse_cdf,197001,198001,True,initial_mean_scale,-0.363485171876208,-0.36387886377126216,-0.00039369189505417124,0.00039369189505417124
fp64_gpu_xla_sqmc_reference_comparison,exact_scope_frozen_controls; flow_grid_only,p44_d3_T10,previous_inverse_cdf,197001,198002,True,persistence_coordinate,-1.6113248546702255,-1.6131137160172857,-0.0017888613470602444,0.0017888613470602444
fp64_gpu_xla_sqmc_reference_comparison,exact_scope_frozen_controls; flow_grid_only,p44_d3_T10,previous_inverse_cdf,197001,198002,True,log_Q_scale,-0.19681047641949673,-0.1971837500311765,-0.0003732736116797697,0.0003732736116797697
fp64_gpu_xla_sqmc_reference_comparison,exact_scope_frozen_controls; flow_grid_only,p44_d3_T10,previous_inverse_cdf,197001,198002,True,log_R_scale,0.3865219064282327,0.3868308159448952,0.00030890951666251443,0.00030890951666251443
fp64_gpu_xla_sqmc_reference_comparison,exact_scope_frozen_controls; flow_grid_only,p44_d3_T10,previous_inverse_cdf,197001,198002,True,initial_mean_scale,-0.363485171876208,-0.36339739078934125,8.778108686674502e-05,8.778108686674502e-05
fp64_gpu_xla_sqmc_reference_comparison,exact_scope_frozen_controls; flow_grid_only,p44_d3_T10,previous_inverse_cdf,197002,198001,True,persistence_coordinate,2.477906446988226,2.4721282055566784,-0.005778241431547482,0.005778241431547482
fp64_gpu_xla_sqmc_reference_comparison,exact_scope_frozen_controls; flow_grid_only,p44_d3_T10,previous_inverse_cdf,197002,198001,True,log_Q_scale,2.786411255583111,2.7876980528055237,0.001286797222412872,0.001286797222412872
fp64_gpu_xla_sqmc_reference_comparison,exact_scope_frozen_controls; flow_grid_only,p44_d3_T10,previous_inverse_cdf,197002,198001,True,log_R_scale,2.006606031847774,2.0052809228859867,-0.0013251089617871692,0.0013251089617871692
fp64_gpu_xla_sqmc_reference_comparison,exact_scope_frozen_controls; flow_grid_only,p44_d3_T10,previous_inverse_cdf,197002,198001,True,initial_mean_scale,0.4848282684608291,0.48498616116728765,0.00015789270645855114,0.00015789270645855114
fp64_gpu_xla_sqmc_reference_comparison,exact_scope_frozen_controls; flow_grid_only,p44_d3_T10,previous_inverse_cdf,197002,198002,True,persistence_coordinate,2.477906446988226,2.470746011609849,-0.007160435378376739,0.007160435378376739
fp64_gpu_xla_sqmc_reference_comparison,exact_scope_frozen_controls; flow_grid_only,p44_d3_T10,previous_inverse_cdf,197002,198002,True,log_Q_scale,2.786411255583111,2.787275385908017,0.000864130324905954,0.000864130324905954
fp64_gpu_xla_sqmc_reference_comparison,exact_scope_frozen_controls; flow_grid_only,p44_d3_T10,previous_inverse_cdf,197002,198002,True,log_R_scale,2.006606031847774,2.007750861368909,0.0011448295211349269,0.0011448295211349269
fp64_gpu_xla_sqmc_reference_comparison,exact_scope_frozen_controls; flow_grid_only,p44_d3_T10,previous_inverse_cdf,197002,198002,True,initial_mean_scale,0.4848282684608291,0.4849163404699204,8.807200909127788e-05,8.807200909127788e-05
fp64_gpu_xla_sqmc_reference_comparison,exact_scope_frozen_controls; flow_grid_only,p44_d3_T10,repaired_permutation,197001,198001,True,persistence_coordinate,-1.6113248546702255,-1.6147014185346467,-0.0033765638644212004,0.0033765638644212004
fp64_gpu_xla_sqmc_reference_comparison,exact_scope_frozen_controls; flow_grid_only,p44_d3_T10,repaired_permutation,197001,198001,True,log_Q_scale,-0.19681047641949673,-0.19649660999882007,0.00031386642067665615,0.00031386642067665615
fp64_gpu_xla_sqmc_reference_comparison,exact_scope_frozen_controls; flow_grid_only,p44_d3_T10,repaired_permutation,197001,198001,True,log_R_scale,0.3865219064282327,0.3872491916152536,0.0007272851870209207,0.0007272851870209207
fp64_gpu_xla_sqmc_reference_comparison,exact_scope_frozen_controls; flow_grid_only,p44_d3_T10,repaired_permutation,197001,198001,True,initial_mean_scale,-0.363485171876208,-0.36362480818255144,-0.00013963630634344915,0.00013963630634344915
fp64_gpu_xla_sqmc_reference_comparison,exact_scope_frozen_controls; flow_grid_only,p44_d3_T10,repaired_permutation,197001,198002,True,persistence_coordinate,-1.6113248546702255,-1.6133474750244825,-0.002022620354257043,0.002022620354257043
fp64_gpu_xla_sqmc_reference_comparison,exact_scope_frozen_controls; flow_grid_only,p44_d3_T10,repaired_permutation,197001,198002,True,log_Q_scale,-0.19681047641949673,-0.19691665539113762,-0.00010617897164089118,0.00010617897164089118
fp64_gpu_xla_sqmc_reference_comparison,exact_scope_frozen_controls; flow_grid_only,p44_d3_T10,repaired_permutation,197001,198002,True,log_R_scale,0.3865219064282327,0.3869085747726067,0.0003866683443740082,0.0003866683443740082
fp64_gpu_xla_sqmc_reference_comparison,exact_scope_frozen_controls; flow_grid_only,p44_d3_T10,repaired_permutation,197001,198002,True,initial_mean_scale,-0.363485171876208,-0.3634490667666564,3.610510955159851e-05,3.610510955159851e-05
fp64_gpu_xla_sqmc_reference_comparison,exact_scope_frozen_controls; flow_grid_only,p44_d3_T10,repaired_permutation,197002,198001,True,persistence_coordinate,2.477906446988226,2.4550614919532068,-0.022844955035019154,0.022844955035019154
fp64_gpu_xla_sqmc_reference_comparison,exact_scope_frozen_controls; flow_grid_only,p44_d3_T10,repaired_permutation,197002,198001,True,log_Q_scale,2.786411255583111,2.7906345209296735,0.004223265346562588,0.004223265346562588
fp64_gpu_xla_sqmc_reference_comparison,exact_scope_frozen_controls; flow_grid_only,p44_d3_T10,repaired_permutation,197002,198001,True,log_R_scale,2.006606031847774,2.0058441844440797,-0.0007618474036941159,0.0007618474036941159
fp64_gpu_xla_sqmc_reference_comparison,exact_scope_frozen_controls; flow_grid_only,p44_d3_T10,repaired_permutation,197002,198001,True,initial_mean_scale,0.4848282684608291,0.48516377701988994,0.00033550855906083754,0.00033550855906083754
fp64_gpu_xla_sqmc_reference_comparison,exact_scope_frozen_controls; flow_grid_only,p44_d3_T10,repaired_permutation,197002,198002,True,persistence_coordinate,2.477906446988226,2.4712723544359774,-0.0066340925522485605,0.0066340925522485605
fp64_gpu_xla_sqmc_reference_comparison,exact_scope_frozen_controls; flow_grid_only,p44_d3_T10,repaired_permutation,197002,198002,True,log_Q_scale,2.786411255583111,2.786993896224745,0.0005826406416340468,0.0005826406416340468
fp64_gpu_xla_sqmc_reference_comparison,exact_scope_frozen_controls; flow_grid_only,p44_d3_T10,repaired_permutation,197002,198002,True,log_R_scale,2.006606031847774,2.0078176715677367,0.0012116397199628537,0.0012116397199628537
fp64_gpu_xla_sqmc_reference_comparison,exact_scope_frozen_controls; flow_grid_only,p44_d3_T10,repaired_permutation,197002,198002,True,initial_mean_scale,0.4848282684608291,0.48488141240599353,5.3143945164424444e-05,5.3143945164424444e-05
fp64_gpu_xla_sqmc_reference_comparison,exact_scope_frozen_controls; flow_grid_only,p44_d3_T10,repaired_permutation_ablation,197001,198001,True,persistence_coordinate,-1.6113248546702255,-1.6113006549932403,2.4199676985192653e-05,2.4199676985192653e-05
fp64_gpu_xla_sqmc_reference_comparison,exact_scope_frozen_controls; flow_grid_only,p44_d3_T10,repaired_permutation_ablation,197001,198001,True,log_Q_scale,-0.19681047641949673,-0.19658298701163146,0.00022748940786526672,0.00022748940786526672
fp64_gpu_xla_sqmc_reference_comparison,exact_scope_frozen_controls; flow_grid_only,p44_d3_T10,repaired_permutation_ablation,197001,198001,True,log_R_scale,0.3865219064282327,0.38688091725274265,0.00035901082450995325,0.00035901082450995325
fp64_gpu_xla_sqmc_reference_comparison,exact_scope_frozen_controls; flow_grid_only,p44_d3_T10,repaired_permutation_ablation,197001,198001,True,initial_mean_scale,-0.363485171876208,-0.3636251366811201,-0.00013996480491212937,0.00013996480491212937
fp64_gpu_xla_sqmc_reference_comparison,exact_scope_frozen_controls; flow_grid_only,p44_d3_T10,repaired_permutation_ablation,197001,198002,True,persistence_coordinate,-1.6113248546702255,-1.6159985122820228,-0.004673657611797388,0.004673657611797388
fp64_gpu_xla_sqmc_reference_comparison,exact_scope_frozen_controls; flow_grid_only,p44_d3_T10,repaired_permutation_ablation,197001,198002,True,log_Q_scale,-0.19681047641949673,-0.19659790392385978,0.00021257249563694236,0.00021257249563694236
fp64_gpu_xla_sqmc_reference_comparison,exact_scope_frozen_controls; flow_grid_only,p44_d3_T10,repaired_permutation_ablation,197001,198002,True,log_R_scale,0.3865219064282327,0.3865595381182458,3.763169001308464e-05,3.763169001308464e-05
fp64_gpu_xla_sqmc_reference_comparison,exact_scope_frozen_controls; flow_grid_only,p44_d3_T10,repaired_permutation_ablation,197001,198002,True,initial_mean_scale,-0.363485171876208,-0.3634492563640848,3.5915512123174675e-05,3.5915512123174675e-05
fp64_gpu_xla_sqmc_reference_comparison,exact_scope_frozen_controls; flow_grid_only,p44_d3_T10,repaired_permutation_ablation,197002,198001,True,persistence_coordinate,2.477906446988226,2.457883981998379,-0.020022464989847055,0.020022464989847055
fp64_gpu_xla_sqmc_reference_comparison,exact_scope_frozen_controls; flow_grid_only,p44_d3_T10,repaired_permutation_ablation,197002,198001,True,log_Q_scale,2.786411255583111,2.7906184534325247,0.004207197849413813,0.004207197849413813
fp64_gpu_xla_sqmc_reference_comparison,exact_scope_frozen_controls; flow_grid_only,p44_d3_T10,repaired_permutation_ablation,197002,198001,True,log_R_scale,2.006606031847774,2.005469083698496,-0.0011369481492780054,0.0011369481492780054
fp64_gpu_xla_sqmc_reference_comparison,exact_scope_frozen_controls; flow_grid_only,p44_d3_T10,repaired_permutation_ablation,197002,198001,True,initial_mean_scale,0.4848282684608291,0.485162329739532,0.0003340612787028907,0.0003340612787028907
fp64_gpu_xla_sqmc_reference_comparison,exact_scope_frozen_controls; flow_grid_only,p44_d3_T10,repaired_permutation_ablation,197002,198002,True,persistence_coordinate,2.477906446988226,2.4697484274333315,-0.00815801955489448,0.00815801955489448
fp64_gpu_xla_sqmc_reference_comparison,exact_scope_frozen_controls; flow_grid_only,p44_d3_T10,repaired_permutation_ablation,197002,198002,True,log_Q_scale,2.786411255583111,2.7874273116177077,0.0010160560345968683,0.0010160560345968683
fp64_gpu_xla_sqmc_reference_comparison,exact_scope_frozen_controls; flow_grid_only,p44_d3_T10,repaired_permutation_ablation,197002,198002,True,log_R_scale,2.006606031847774,2.007679577099076,0.0010735452513022103,0.0010735452513022103
fp64_gpu_xla_sqmc_reference_comparison,exact_scope_frozen_controls; flow_grid_only,p44_d3_T10,repaired_permutation_ablation,197002,198002,True,initial_mean_scale,0.4848282684608291,0.48488049665359323,5.222819276412549e-05,5.222819276412549e-05
fp64_gpu_xla_sqmc_reference_comparison,exact_scope_frozen_controls; flow_grid_only,p44_d3_T120,iid_dual_cap,197001,198001,True,persistence_coordinate,-6.577546555602455,-6.6282264504837745,-0.050679894881319854,0.050679894881319854
fp64_gpu_xla_sqmc_reference_comparison,exact_scope_frozen_controls; flow_grid_only,p44_d3_T120,iid_dual_cap,197001,198001,True,log_Q_scale,3.651482184284061,3.711064545244712,0.05958236096065095,0.05958236096065095
fp64_gpu_xla_sqmc_reference_comparison,exact_scope_frozen_controls; flow_grid_only,p44_d3_T120,iid_dual_cap,197001,198001,True,log_R_scale,1.73766331194697,1.6696564824549545,-0.06800682949201553,0.06800682949201553
fp64_gpu_xla_sqmc_reference_comparison,exact_scope_frozen_controls; flow_grid_only,p44_d3_T120,iid_dual_cap,197001,198001,True,initial_mean_scale,-0.36348517187622104,-0.36592200960337684,-0.002436837727155805,0.002436837727155805
fp64_gpu_xla_sqmc_reference_comparison,exact_scope_frozen_controls; flow_grid_only,p44_d3_T120,iid_dual_cap,197001,198002,True,persistence_coordinate,-6.577546555602455,-6.433445372935011,0.14410118266744387,0.14410118266744387
fp64_gpu_xla_sqmc_reference_comparison,exact_scope_frozen_controls; flow_grid_only,p44_d3_T120,iid_dual_cap,197001,198002,True,log_Q_scale,3.651482184284061,3.6250252561912433,-0.026456928092817744,0.026456928092817744
fp64_gpu_xla_sqmc_reference_comparison,exact_scope_frozen_controls; flow_grid_only,p44_d3_T120,iid_dual_cap,197001,198002,True,log_R_scale,1.73766331194697,1.760212451197802,0.022549139250831907,0.022549139250831907
fp64_gpu_xla_sqmc_reference_comparison,exact_scope_frozen_controls; flow_grid_only,p44_d3_T120,iid_dual_cap,197001,198002,True,initial_mean_scale,-0.36348517187622104,-0.36239869036931516,0.0010864815069058786,0.0010864815069058786
fp64_gpu_xla_sqmc_reference_comparison,exact_scope_frozen_controls; flow_grid_only,p44_d3_T120,iid_dual_cap,197002,198001,True,persistence_coordinate,9.191522755301447,9.50779769426456,0.31627493896311343,0.31627493896311343
fp64_gpu_xla_sqmc_reference_comparison,exact_scope_frozen_controls; flow_grid_only,p44_d3_T120,iid_dual_cap,197002,198001,True,log_Q_scale,-1.0704377781875918,-1.0675418591674584,0.0028959190201334195,0.0028959190201334195
fp64_gpu_xla_sqmc_reference_comparison,exact_scope_frozen_controls; flow_grid_only,p44_d3_T120,iid_dual_cap,197002,198001,True,log_R_scale,-1.9693975487848987,-2.0210621451650015,-0.05166459638010279,0.05166459638010279
fp64_gpu_xla_sqmc_reference_comparison,exact_scope_frozen_controls; flow_grid_only,p44_d3_T120,iid_dual_cap,197002,198001,True,initial_mean_scale,0.4848282684607574,0.48257111717091117,-0.0022571512898462154,0.0022571512898462154
fp64_gpu_xla_sqmc_reference_comparison,exact_scope_frozen_controls; flow_grid_only,p44_d3_T120,iid_dual_cap,197002,198002,True,persistence_coordinate,9.191522755301447,9.271985901072258,0.08046314577081048,0.08046314577081048
fp64_gpu_xla_sqmc_reference_comparison,exact_scope_frozen_controls; flow_grid_only,p44_d3_T120,iid_dual_cap,197002,198002,True,log_Q_scale,-1.0704377781875918,-1.1007049960839006,-0.030267217896308818,0.030267217896308818
fp64_gpu_xla_sqmc_reference_comparison,exact_scope_frozen_controls; flow_grid_only,p44_d3_T120,iid_dual_cap,197002,198002,True,log_R_scale,-1.9693975487848987,-1.9184296164667003,0.050967932318198406,0.050967932318198406
fp64_gpu_xla_sqmc_reference_comparison,exact_scope_frozen_controls; flow_grid_only,p44_d3_T120,iid_dual_cap,197002,198002,True,initial_mean_scale,0.4848282684607574,0.48504197447433,0.0002137060135726232,0.0002137060135726232
fp64_gpu_xla_sqmc_reference_comparison,exact_scope_frozen_controls; flow_grid_only,p44_d3_T120,previous_inverse_cdf,197001,198001,True,persistence_coordinate,-6.577546555602455,-6.56934901715973,0.008197538442724195,0.008197538442724195
fp64_gpu_xla_sqmc_reference_comparison,exact_scope_frozen_controls; flow_grid_only,p44_d3_T120,previous_inverse_cdf,197001,198001,True,log_Q_scale,3.651482184284061,3.650530673411726,-0.0009515108723348042,0.0009515108723348042
fp64_gpu_xla_sqmc_reference_comparison,exact_scope_frozen_controls; flow_grid_only,p44_d3_T120,previous_inverse_cdf,197001,198001,True,log_R_scale,1.73766331194697,1.7360996763935042,-0.0015636355534658364,0.0015636355534658364
fp64_gpu_xla_sqmc_reference_comparison,exact_scope_frozen_controls; flow_grid_only,p44_d3_T120,previous_inverse_cdf,197001,198001,True,initial_mean_scale,-0.36348517187622104,-0.3638788637712753,-0.00039369189505428226,0.00039369189505428226
fp64_gpu_xla_sqmc_reference_comparison,exact_scope_frozen_controls; flow_grid_only,p44_d3_T120,previous_inverse_cdf,197001,198002,True,persistence_coordinate,-6.577546555602455,-6.546169855133521,0.03137670046893337,0.03137670046893337
fp64_gpu_xla_sqmc_reference_comparison,exact_scope_frozen_controls; flow_grid_only,p44_d3_T120,previous_inverse_cdf,197001,198002,True,log_Q_scale,3.651482184284061,3.6460335885250337,-0.0054485957590273415,0.0054485957590273415
fp64_gpu_xla_sqmc_reference_comparison,exact_scope_frozen_controls; flow_grid_only,p44_d3_T120,previous_inverse_cdf,197001,198002,True,log_R_scale,1.73766331194697,1.7405922684271544,0.0029289564801844303,0.0029289564801844303
fp64_gpu_xla_sqmc_reference_comparison,exact_scope_frozen_controls; flow_grid_only,p44_d3_T120,previous_inverse_cdf,197001,198002,True,initial_mean_scale,-0.36348517187622104,-0.36339739078935435,8.77810868666895e-05,8.77810868666895e-05
fp64_gpu_xla_sqmc_reference_comparison,exact_scope_frozen_controls; flow_grid_only,p44_d3_T120,previous_inverse_cdf,197002,198001,True,persistence_coordinate,9.191522755301447,9.19740105903041,0.005878303728962919,0.005878303728962919
fp64_gpu_xla_sqmc_reference_comparison,exact_scope_frozen_controls; flow_grid_only,p44_d3_T120,previous_inverse_cdf,197002,198001,True,log_Q_scale,-1.0704377781875918,-1.070884892558042,-0.0004471143704503078,0.0004471143704503078
fp64_gpu_xla_sqmc_reference_comparison,exact_scope_frozen_controls; flow_grid_only,p44_d3_T120,previous_inverse_cdf,197002,198001,True,log_R_scale,-1.9693975487848987,-1.9722826388108974,-0.0028850900259986823,0.0028850900259986823
fp64_gpu_xla_sqmc_reference_comparison,exact_scope_frozen_controls; flow_grid_only,p44_d3_T120,previous_inverse_cdf,197002,198001,True,initial_mean_scale,0.4848282684607574,0.48498616116721577,0.0001578927064583846,0.0001578927064583846
fp64_gpu_xla_sqmc_reference_comparison,exact_scope_frozen_controls; flow_grid_only,p44_d3_T120,previous_inverse_cdf,197002,198002,True,persistence_coordinate,9.191522755301447,9.192378664640628,0.0008559093391813377,0.0008559093391813377
fp64_gpu_xla_sqmc_reference_comparison,exact_scope_frozen_controls; flow_grid_only,p44_d3_T120,previous_inverse_cdf,197002,198002,True,log_Q_scale,-1.0704377781875918,-1.0714005277222043,-0.0009627495346125059,0.0009627495346125059
fp64_gpu_xla_sqmc_reference_comparison,exact_scope_frozen_controls; flow_grid_only,p44_d3_T120,previous_inverse_cdf,197002,198002,True,log_R_scale,-1.9693975487848987,-1.9661868201949142,0.0032107285899845017,0.0032107285899845017
fp64_gpu_xla_sqmc_reference_comparison,exact_scope_frozen_controls; flow_grid_only,p44_d3_T120,previous_inverse_cdf,197002,198002,True,initial_mean_scale,0.4848282684607574,0.48491634046984916,8.807200909177748e-05,8.807200909177748e-05
fp64_gpu_xla_sqmc_reference_comparison,exact_scope_frozen_controls; flow_grid_only,p44_d3_T120,repaired_permutation,197001,198001,True,persistence_coordinate,-6.577546555602455,-6.581544469004921,-0.00399791340246658,0.00399791340246658
fp64_gpu_xla_sqmc_reference_comparison,exact_scope_frozen_controls; flow_grid_only,p44_d3_T120,repaired_permutation,197001,198001,True,log_Q_scale,3.651482184284061,3.652218424795896,0.0007362405118351845,0.0007362405118351845
fp64_gpu_xla_sqmc_reference_comparison,exact_scope_frozen_controls; flow_grid_only,p44_d3_T120,repaired_permutation,197001,198001,True,log_R_scale,1.73766331194697,1.73611667228834,-0.0015466396586298892,0.0015466396586298892
fp64_gpu_xla_sqmc_reference_comparison,exact_scope_frozen_controls; flow_grid_only,p44_d3_T120,repaired_permutation,197001,198001,True,initial_mean_scale,-0.36348517187622104,-0.3636248081825646,-0.00013963630634356017,0.00013963630634356017
fp64_gpu_xla_sqmc_reference_comparison,exact_scope_frozen_controls; flow_grid_only,p44_d3_T120,repaired_permutation,197001,198002,True,persistence_coordinate,-6.577546555602455,-6.551061527001198,0.026485028601256566,0.026485028601256566
fp64_gpu_xla_sqmc_reference_comparison,exact_scope_frozen_controls; flow_grid_only,p44_d3_T120,repaired_permutation,197001,198002,True,log_Q_scale,3.651482184284061,3.6473213567025615,-0.004160827581499493,0.004160827581499493
fp64_gpu_xla_sqmc_reference_comparison,exact_scope_frozen_controls; flow_grid_only,p44_d3_T120,repaired_permutation,197001,198002,True,log_R_scale,1.73766331194697,1.739843148026015,0.002179836079045039,0.002179836079045039
fp64_gpu_xla_sqmc_reference_comparison,exact_scope_frozen_controls; flow_grid_only,p44_d3_T120,repaired_permutation,197001,198002,True,initial_mean_scale,-0.36348517187622104,-0.3634490667666695,3.6105109551543e-05,3.6105109551543e-05
fp64_gpu_xla_sqmc_reference_comparison,exact_scope_frozen_controls; flow_grid_only,p44_d3_T120,repaired_permutation,197002,198001,True,persistence_coordinate,9.191522755301447,9.168426579134023,-0.02309617616742443,0.02309617616742443
fp64_gpu_xla_sqmc_reference_comparison,exact_scope_frozen_controls; flow_grid_only,p44_d3_T120,repaired_permutation,197002,198001,True,log_Q_scale,-1.0704377781875918,-1.0673791711833323,0.003058607004259528,0.003058607004259528
fp64_gpu_xla_sqmc_reference_comparison,exact_scope_frozen_controls; flow_grid_only,p44_d3_T120,repaired_permutation,197002,198001,True,log_R_scale,-1.9693975487848987,-1.9707550493291657,-0.0013575005442669763,0.0013575005442669763
fp64_gpu_xla_sqmc_reference_comparison,exact_scope_frozen_controls; flow_grid_only,p44_d3_T120,repaired_permutation,197002,198001,True,initial_mean_scale,0.4848282684607574,0.4851637770198178,0.00033550855906039345,0.00033550855906039345
fp64_gpu_xla_sqmc_reference_comparison,exact_scope_frozen_controls; flow_grid_only,p44_d3_T120,repaired_permutation,197002,198002,True,persistence_coordinate,9.191522755301447,9.19761161497136,0.006088859669912239,0.006088859669912239
fp64_gpu_xla_sqmc_reference_comparison,exact_scope_frozen_controls; flow_grid_only,p44_d3_T120,repaired_permutation,197002,198002,True,log_Q_scale,-1.0704377781875918,-1.07196550918573,-0.0015277309981382992,0.0015277309981382992
fp64_gpu_xla_sqmc_reference_comparison,exact_scope_frozen_controls; flow_grid_only,p44_d3_T120,repaired_permutation,197002,198002,True,log_R_scale,-1.9693975487848987,-1.9653580196958371,0.004039529089061578,0.004039529089061578
fp64_gpu_xla_sqmc_reference_comparison,exact_scope_frozen_controls; flow_grid_only,p44_d3_T120,repaired_permutation,197002,198002,True,initial_mean_scale,0.4848282684607574,0.4848814124059223,5.3143945164924045e-05,5.3143945164924045e-05
fp64_gpu_xla_sqmc_reference_comparison,exact_scope_frozen_controls; flow_grid_only,p44_d3_T120,repaired_permutation_ablation,197001,198001,True,persistence_coordinate,-6.577546555602455,-6.578830781350845,-0.0012842257483907105,0.0012842257483907105
fp64_gpu_xla_sqmc_reference_comparison,exact_scope_frozen_controls; flow_grid_only,p44_d3_T120,repaired_permutation_ablation,197001,198001,True,log_Q_scale,3.651482184284061,3.651777841099284,0.0002956568152230332,0.0002956568152230332
fp64_gpu_xla_sqmc_reference_comparison,exact_scope_frozen_controls; flow_grid_only,p44_d3_T120,repaired_permutation_ablation,197001,198001,True,log_R_scale,1.73766331194697,1.7360894448176711,-0.001573867129298856,0.001573867129298856
fp64_gpu_xla_sqmc_reference_comparison,exact_scope_frozen_controls; flow_grid_only,p44_d3_T120,repaired_permutation_ablation,197001,198001,True,initial_mean_scale,-0.36348517187622104,-0.3636251366811333,-0.0001399648049122404,0.0001399648049122404
fp64_gpu_xla_sqmc_reference_comparison,exact_scope_frozen_controls; flow_grid_only,p44_d3_T120,repaired_permutation_ablation,197001,198002,True,persistence_coordinate,-6.577546555602455,-6.563098548042154,0.014448007560300624,0.014448007560300624
fp64_gpu_xla_sqmc_reference_comparison,exact_scope_frozen_controls; flow_grid_only,p44_d3_T120,repaired_permutation_ablation,197001,198002,True,log_Q_scale,3.651482184284061,3.6480708273738944,-0.0034113569101665853,0.0034113569101665853
fp64_gpu_xla_sqmc_reference_comparison,exact_scope_frozen_controls; flow_grid_only,p44_d3_T120,repaired_permutation_ablation,197001,198002,True,log_R_scale,1.73766331194697,1.7418991241873845,0.004235812240414472,0.004235812240414472
fp64_gpu_xla_sqmc_reference_comparison,exact_scope_frozen_controls; flow_grid_only,p44_d3_T120,repaired_permutation_ablation,197001,198002,True,initial_mean_scale,-0.36348517187622104,-0.36344925636409786,3.5915512123174675e-05,3.5915512123174675e-05
fp64_gpu_xla_sqmc_reference_comparison,exact_scope_frozen_controls; flow_grid_only,p44_d3_T120,repaired_permutation_ablation,197002,198001,True,persistence_coordinate,9.191522755301447,9.17308288584032,-0.018439869461127856,0.018439869461127856
fp64_gpu_xla_sqmc_reference_comparison,exact_scope_frozen_controls; flow_grid_only,p44_d3_T120,repaired_permutation_ablation,197002,198001,True,log_Q_scale,-1.0704377781875918,-1.0681311259348814,0.0023066522527104283,0.0023066522527104283
fp64_gpu_xla_sqmc_reference_comparison,exact_scope_frozen_controls; flow_grid_only,p44_d3_T120,repaired_permutation_ablation,197002,198001,True,log_R_scale,-1.9693975487848987,-1.9700058833466456,-0.0006083345617469149,0.0006083345617469149
fp64_gpu_xla_sqmc_reference_comparison,exact_scope_frozen_controls; flow_grid_only,p44_d3_T120,repaired_permutation_ablation,197002,198001,True,initial_mean_scale,0.4848282684607574,0.48516232973945983,0.0003340612787024466,0.0003340612787024466
fp64_gpu_xla_sqmc_reference_comparison,exact_scope_frozen_controls; flow_grid_only,p44_d3_T120,repaired_permutation_ablation,197002,198002,True,persistence_coordinate,9.191522755301447,9.195252555647574,0.0037298003461270213,0.0037298003461270213
fp64_gpu_xla_sqmc_reference_comparison,exact_scope_frozen_controls; flow_grid_only,p44_d3_T120,repaired_permutation_ablation,197002,198002,True,log_Q_scale,-1.0704377781875918,-1.0705194438714254,-8.166568383360939e-05,8.166568383360939e-05
fp64_gpu_xla_sqmc_reference_comparison,exact_scope_frozen_controls; flow_grid_only,p44_d3_T120,repaired_permutation_ablation,197002,198002,True,log_R_scale,-1.9693975487848987,-1.9669952187322712,0.002402330052627466,0.002402330052627466
fp64_gpu_xla_sqmc_reference_comparison,exact_scope_frozen_controls; flow_grid_only,p44_d3_T120,repaired_permutation_ablation,197002,198002,True,initial_mean_scale,0.4848282684607574,0.48488049665352206,5.22281927646806e-05,5.22281927646806e-05
fp64_gpu_xla_sqmc_reference_comparison,exact_scope_frozen_controls; epsilon_validity_nomination_then_full_score_flow_grid,full_d3_T2,iid_dual_cap,201001,202001,True,"A[1,1]",5.012582471924066,5.3090699668490124,0.2964874949249463,0.2964874949249463
fp64_gpu_xla_sqmc_reference_comparison,exact_scope_frozen_controls; epsilon_validity_nomination_then_full_score_flow_grid,full_d3_T2,iid_dual_cap,201001,202001,True,"A[1,2]",-0.5343091611652159,-0.5961270085865317,-0.0618178474213158,0.0618178474213158
fp64_gpu_xla_sqmc_reference_comparison,exact_scope_frozen_controls; epsilon_validity_nomination_then_full_score_flow_grid,full_d3_T2,iid_dual_cap,201001,202001,True,"A[1,3]",0.4283953408775141,0.5567836840076258,0.12838834313011172,0.12838834313011172
fp64_gpu_xla_sqmc_reference_comparison,exact_scope_frozen_controls; epsilon_validity_nomination_then_full_score_flow_grid,full_d3_T2,iid_dual_cap,201001,202001,True,"A[2,1]",-1.5181140718325479,-1.5428405349467735,-0.02472646311422566,0.02472646311422566
fp64_gpu_xla_sqmc_reference_comparison,exact_scope_frozen_controls; epsilon_validity_nomination_then_full_score_flow_grid,full_d3_T2,iid_dual_cap,201001,202001,True,"A[2,2]",-0.7460079300055052,-0.9903329700521085,-0.24432504004660327,0.24432504004660327
fp64_gpu_xla_sqmc_reference_comparison,exact_scope_frozen_controls; epsilon_validity_nomination_then_full_score_flow_grid,full_d3_T2,iid_dual_cap,201001,202001,True,"A[2,3]",-0.14855967129724407,-0.22195584919175693,-0.07339617789451286,0.07339617789451286
fp64_gpu_xla_sqmc_reference_comparison,exact_scope_frozen_controls; epsilon_validity_nomination_then_full_score_flow_grid,full_d3_T2,iid_dual_cap,201001,202001,True,"A[3,1]",0.7916601035713137,0.621088019452812,-0.17057208411850167,0.17057208411850167
fp64_gpu_xla_sqmc_reference_comparison,exact_scope_frozen_controls; epsilon_validity_nomination_then_full_score_flow_grid,full_d3_T2,iid_dual_cap,201001,202001,True,"A[3,2]",-0.1338783609427125,-0.14404060022605406,-0.010162239283341562,0.010162239283341562
fp64_gpu_xla_sqmc_reference_comparison,exact_scope_frozen_controls; epsilon_validity_nomination_then_full_score_flow_grid,full_d3_T2,iid_dual_cap,201001,202001,True,"A[3,3]",-0.8223416183228266,-0.7862213425032135,0.03612027581961308,0.03612027581961308
fp64_gpu_xla_sqmc_reference_comparison,exact_scope_frozen_controls; epsilon_validity_nomination_then_full_score_flow_grid,full_d3_T2,iid_dual_cap,201001,202001,True,"log_LQ[1,1]",1.1878705509375334,1.0811015433290811,-0.1067690076084522,0.1067690076084522
fp64_gpu_xla_sqmc_reference_comparison,exact_scope_frozen_controls; epsilon_validity_nomination_then_full_score_flow_grid,full_d3_T2,iid_dual_cap,201001,202001,True,"LQ[2,1]",-0.6198665477667025,-0.5424441429009523,0.07742240486575014,0.07742240486575014
fp64_gpu_xla_sqmc_reference_comparison,exact_scope_frozen_controls; epsilon_validity_nomination_then_full_score_flow_grid,full_d3_T2,iid_dual_cap,201001,202001,True,"log_LQ[2,2]",-0.5840616891517162,-0.4353854123910622,0.14867627676065398,0.14867627676065398
fp64_gpu_xla_sqmc_reference_comparison,exact_scope_frozen_controls; epsilon_validity_nomination_then_full_score_flow_grid,full_d3_T2,iid_dual_cap,201001,202001,True,"LQ[3,1]",0.19920755237526722,0.32322694460366586,0.12401939222839864,0.12401939222839864
fp64_gpu_xla_sqmc_reference_comparison,exact_scope_frozen_controls; epsilon_validity_nomination_then_full_score_flow_grid,full_d3_T2,iid_dual_cap,201001,202001,True,"LQ[3,2]",-0.4746633973160705,-0.3332399606904758,0.1414234366255947,0.1414234366255947
fp64_gpu_xla_sqmc_reference_comparison,exact_scope_frozen_controls; epsilon_validity_nomination_then_full_score_flow_grid,full_d3_T2,iid_dual_cap,201001,202001,True,"log_LQ[3,3]",-0.9017092789590051,-0.8891213731558516,0.012587905803153498,0.012587905803153498
fp64_gpu_xla_sqmc_reference_comparison,exact_scope_frozen_controls; epsilon_validity_nomination_then_full_score_flow_grid,full_d3_T2,iid_dual_cap,201001,202001,True,log_R_variance,-0.3273680383454258,-0.3285139219253781,-0.001145883579952267,0.001145883579952267
fp64_gpu_xla_sqmc_reference_comparison,exact_scope_frozen_controls; epsilon_validity_nomination_then_full_score_flow_grid,full_d3_T2,iid_dual_cap,201001,202001,True,initial_mean_scale,2.1150233436032746,2.1485109616824536,0.03348761807917899,0.03348761807917899
fp64_gpu_xla_sqmc_reference_comparison,exact_scope_frozen_controls; epsilon_validity_nomination_then_full_score_flow_grid,full_d3_T2,iid_dual_cap,201001,202002,True,"A[1,1]",5.012582471924066,4.992591255688791,-0.01999121623527511,0.01999121623527511
fp64_gpu_xla_sqmc_reference_comparison,exact_scope_frozen_controls; epsilon_validity_nomination_then_full_score_flow_grid,full_d3_T2,iid_dual_cap,201001,202002,True,"A[1,2]",-0.5343091611652159,-0.27977832042262785,0.254530840742588,0.254530840742588
fp64_gpu_xla_sqmc_reference_comparison,exact_scope_frozen_controls; epsilon_validity_nomination_then_full_score_flow_grid,full_d3_T2,iid_dual_cap,201001,202002,True,"A[1,3]",0.4283953408775141,0.5001982597593795,0.07180291888186541,0.07180291888186541
fp64_gpu_xla_sqmc_reference_comparison,exact_scope_frozen_controls; epsilon_validity_nomination_then_full_score_flow_grid,full_d3_T2,iid_dual_cap,201001,202002,True,"A[2,1]",-1.5181140718325479,-1.7351046574128353,-0.2169905855802874,0.2169905855802874
fp64_gpu_xla_sqmc_reference_comparison,exact_scope_frozen_controls; epsilon_validity_nomination_then_full_score_flow_grid,full_d3_T2,iid_dual_cap,201001,202002,True,"A[2,2]",-0.7460079300055052,-0.8301592733237387,-0.08415134331823348,0.08415134331823348
fp64_gpu_xla_sqmc_reference_comparison,exact_scope_frozen_controls; epsilon_validity_nomination_then_full_score_flow_grid,full_d3_T2,iid_dual_cap,201001,202002,True,"A[2,3]",-0.14855967129724407,-0.24148648584230625,-0.09292681454506219,0.09292681454506219
fp64_gpu_xla_sqmc_reference_comparison,exact_scope_frozen_controls; epsilon_validity_nomination_then_full_score_flow_grid,full_d3_T2,iid_dual_cap,201001,202002,True,"A[3,1]",0.7916601035713137,0.7489283357361457,-0.042731767835167966,0.042731767835167966
fp64_gpu_xla_sqmc_reference_comparison,exact_scope_frozen_controls; epsilon_validity_nomination_then_full_score_flow_grid,full_d3_T2,iid_dual_cap,201001,202002,True,"A[3,2]",-0.1338783609427125,-0.15784083197578525,-0.023962471033072752,0.023962471033072752
fp64_gpu_xla_sqmc_reference_comparison,exact_scope_frozen_controls; epsilon_validity_nomination_then_full_score_flow_grid,full_d3_T2,iid_dual_cap,201001,202002,True,"A[3,3]",-0.8223416183228266,-0.9086530122811499,-0.08631139395832332,0.08631139395832332
fp64_gpu_xla_sqmc_reference_comparison,exact_scope_frozen_controls; epsilon_validity_nomination_then_full_score_flow_grid,full_d3_T2,iid_dual_cap,201001,202002,True,"log_LQ[1,1]",1.1878705509375334,1.4683475046005163,0.280476953662983,0.280476953662983
fp64_gpu_xla_sqmc_reference_comparison,exact_scope_frozen_controls; epsilon_validity_nomination_then_full_score_flow_grid,full_d3_T2,iid_dual_cap,201001,202002,True,"LQ[2,1]",-0.6198665477667025,-0.814007607371982,-0.1941410596052795,0.1941410596052795
fp64_gpu_xla_sqmc_reference_comparison,exact_scope_frozen_controls; epsilon_validity_nomination_then_full_score_flow_grid,full_d3_T2,iid_dual_cap,201001,202002,True,"log_LQ[2,2]",-0.5840616891517162,-0.48235602157090174,0.10170566758081445,0.10170566758081445
fp64_gpu_xla_sqmc_reference_comparison,exact_scope_frozen_controls; epsilon_validity_nomination_then_full_score_flow_grid,full_d3_T2,iid_dual_cap,201001,202002,True,"LQ[3,1]",0.19920755237526722,0.2930414649180342,0.09383391254276696,0.09383391254276696
fp64_gpu_xla_sqmc_reference_comparison,exact_scope_frozen_controls; epsilon_validity_nomination_then_full_score_flow_grid,full_d3_T2,iid_dual_cap,201001,202002,True,"LQ[3,2]",-0.4746633973160705,-0.460158700177274,0.014504697138796485,0.014504697138796485
fp64_gpu_xla_sqmc_reference_comparison,exact_scope_frozen_controls; epsilon_validity_nomination_then_full_score_flow_grid,full_d3_T2,iid_dual_cap,201001,202002,True,"log_LQ[3,3]",-0.9017092789590051,-0.8441440345059342,0.057565244453070874,0.057565244453070874
fp64_gpu_xla_sqmc_reference_comparison,exact_scope_frozen_controls; epsilon_validity_nomination_then_full_score_flow_grid,full_d3_T2,iid_dual_cap,201001,202002,True,log_R_variance,-0.3273680383454258,-0.3188719781938121,0.008496060151613749,0.008496060151613749
fp64_gpu_xla_sqmc_reference_comparison,exact_scope_frozen_controls; epsilon_validity_nomination_then_full_score_flow_grid,full_d3_T2,iid_dual_cap,201001,202002,True,initial_mean_scale,2.1150233436032746,2.304056309899409,0.1890329662961343,0.1890329662961343
fp64_gpu_xla_sqmc_reference_comparison,exact_scope_frozen_controls; epsilon_validity_nomination_then_full_score_flow_grid,full_d3_T2,iid_dual_cap,201002,202001,True,"A[1,1]",-0.3591960678189986,-0.324497285399884,0.034698782419114615,0.034698782419114615
fp64_gpu_xla_sqmc_reference_comparison,exact_scope_frozen_controls; epsilon_validity_nomination_then_full_score_flow_grid,full_d3_T2,iid_dual_cap,201002,202001,True,"A[1,2]",0.26875537440923913,0.2625825131372589,-0.006172861271980246,0.006172861271980246
fp64_gpu_xla_sqmc_reference_comparison,exact_scope_frozen_controls; epsilon_validity_nomination_then_full_score_flow_grid,full_d3_T2,iid_dual_cap,201002,202001,True,"A[1,3]",-0.23072999588097903,-0.29834418447199446,-0.06761418859101542,0.06761418859101542
fp64_gpu_xla_sqmc_reference_comparison,exact_scope_frozen_controls; epsilon_validity_nomination_then_full_score_flow_grid,full_d3_T2,iid_dual_cap,201002,202001,True,"A[2,1]",-0.09854169530394374,-0.027246241287480988,0.07129545401646276,0.07129545401646276
fp64_gpu_xla_sqmc_reference_comparison,exact_scope_frozen_controls; epsilon_validity_nomination_then_full_score_flow_grid,full_d3_T2,iid_dual_cap,201002,202001,True,"A[2,2]",-0.9766146442559794,-1.0729344995413752,-0.09631985528539577,0.09631985528539577
fp64_gpu_xla_sqmc_reference_comparison,exact_scope_frozen_controls; epsilon_validity_nomination_then_full_score_flow_grid,full_d3_T2,iid_dual_cap,201002,202001,True,"A[2,3]",0.03210519384414612,-0.040383625567863554,-0.07248881941200967,0.07248881941200967
fp64_gpu_xla_sqmc_reference_comparison,exact_scope_frozen_controls; epsilon_validity_nomination_then_full_score_flow_grid,full_d3_T2,iid_dual_cap,201002,202001,True,"A[3,1]",-1.731883087349209,-1.8199567684979097,-0.08807368114870062,0.08807368114870062
fp64_gpu_xla_sqmc_reference_comparison,exact_scope_frozen_controls; epsilon_validity_nomination_then_full_score_flow_grid,full_d3_T2,iid_dual_cap,201002,202001,True,"A[3,2]",-0.8658238864461263,-0.910944274997165,-0.045120388551038726,0.045120388551038726
fp64_gpu_xla_sqmc_reference_comparison,exact_scope_frozen_controls; epsilon_validity_nomination_then_full_score_flow_grid,full_d3_T2,iid_dual_cap,201002,202001,True,"A[3,3]",-0.23161976369927412,-0.2893549709941666,-0.05773520729489251,0.05773520729489251
fp64_gpu_xla_sqmc_reference_comparison,exact_scope_frozen_controls; epsilon_validity_nomination_then_full_score_flow_grid,full_d3_T2,iid_dual_cap,201002,202001,True,"log_LQ[1,1]",-0.2967286839176108,-0.2734756670213281,0.02325301689628273,0.02325301689628273
fp64_gpu_xla_sqmc_reference_comparison,exact_scope_frozen_controls; epsilon_validity_nomination_then_full_score_flow_grid,full_d3_T2,iid_dual_cap,201002,202001,True,"LQ[2,1]",0.9101256364579936,1.0109818134750597,0.10085617701706606,0.10085617701706606
fp64_gpu_xla_sqmc_reference_comparison,exact_scope_frozen_controls; epsilon_validity_nomination_then_full_score_flow_grid,full_d3_T2,iid_dual_cap,201002,202001,True,"log_LQ[2,2]",-0.6381787371291546,-0.5405703560780142,0.09760838105114045,0.09760838105114045
fp64_gpu_xla_sqmc_reference_comparison,exact_scope_frozen_controls; epsilon_validity_nomination_then_full_score_flow_grid,full_d3_T2,iid_dual_cap,201002,202001,True,"LQ[3,1]",0.39326842957970715,0.4685053476203986,0.07523691804069144,0.07523691804069144
fp64_gpu_xla_sqmc_reference_comparison,exact_scope_frozen_controls; epsilon_validity_nomination_then_full_score_flow_grid,full_d3_T2,iid_dual_cap,201002,202001,True,"LQ[3,2]",0.455859390233028,0.497754648091199,0.041895257858171,0.041895257858171
fp64_gpu_xla_sqmc_reference_comparison,exact_scope_frozen_controls; epsilon_validity_nomination_then_full_score_flow_grid,full_d3_T2,iid_dual_cap,201002,202001,True,"log_LQ[3,3]",0.1736958043281562,0.2382091671461145,0.0645133628179583,0.0645133628179583
fp64_gpu_xla_sqmc_reference_comparison,exact_scope_frozen_controls; epsilon_validity_nomination_then_full_score_flow_grid,full_d3_T2,iid_dual_cap,201002,202001,True,log_R_variance,-0.17755025552454085,-0.160125958243218,0.01742429728132286,0.01742429728132286
fp64_gpu_xla_sqmc_reference_comparison,exact_scope_frozen_controls; epsilon_validity_nomination_then_full_score_flow_grid,full_d3_T2,iid_dual_cap,201002,202001,True,initial_mean_scale,0.7310005454319308,0.7424237312828084,0.011423185850877537,0.011423185850877537
fp64_gpu_xla_sqmc_reference_comparison,exact_scope_frozen_controls; epsilon_validity_nomination_then_full_score_flow_grid,full_d3_T2,iid_dual_cap,201002,202002,True,"A[1,1]",-0.3591960678189986,-0.5339340731293691,-0.17473800531037054,0.17473800531037054
fp64_gpu_xla_sqmc_reference_comparison,exact_scope_frozen_controls; epsilon_validity_nomination_then_full_score_flow_grid,full_d3_T2,iid_dual_cap,201002,202002,True,"A[1,2]",0.26875537440923913,0.21526496264995637,-0.05349041175928276,0.05349041175928276
fp64_gpu_xla_sqmc_reference_comparison,exact_scope_frozen_controls; epsilon_validity_nomination_then_full_score_flow_grid,full_d3_T2,iid_dual_cap,201002,202002,True,"A[1,3]",-0.23072999588097903,-0.2381801676216378,-0.007450171740658762,0.007450171740658762
fp64_gpu_xla_sqmc_reference_comparison,exact_scope_frozen_controls; epsilon_validity_nomination_then_full_score_flow_grid,full_d3_T2,iid_dual_cap,201002,202002,True,"A[2,1]",-0.09854169530394374,-0.17186662261929353,-0.07332492731534979,0.07332492731534979
fp64_gpu_xla_sqmc_reference_comparison,exact_scope_frozen_controls; epsilon_validity_nomination_then_full_score_flow_grid,full_d3_T2,iid_dual_cap,201002,202002,True,"A[2,2]",-0.9766146442559794,-0.9670381136557794,0.009576530600200028,0.009576530600200028
fp64_gpu_xla_sqmc_reference_comparison,exact_scope_frozen_controls; epsilon_validity_nomination_then_full_score_flow_grid,full_d3_T2,iid_dual_cap,201002,202002,True,"A[2,3]",0.03210519384414612,-0.01480308544762246,-0.04690827929176858,0.04690827929176858
fp64_gpu_xla_sqmc_reference_comparison,exact_scope_frozen_controls; epsilon_validity_nomination_then_full_score_flow_grid,full_d3_T2,iid_dual_cap,201002,202002,True,"A[3,1]",-1.731883087349209,-1.899210122968733,-0.167327035619524,0.167327035619524
fp64_gpu_xla_sqmc_reference_comparison,exact_scope_frozen_controls; epsilon_validity_nomination_then_full_score_flow_grid,full_d3_T2,iid_dual_cap,201002,202002,True,"A[3,2]",-0.8658238864461263,-0.9424013011007519,-0.07657741465462564,0.07657741465462564
fp64_gpu_xla_sqmc_reference_comparison,exact_scope_frozen_controls; epsilon_validity_nomination_then_full_score_flow_grid,full_d3_T2,iid_dual_cap,201002,202002,True,"A[3,3]",-0.23161976369927412,-0.2997436997877974,-0.0681239360885233,0.0681239360885233
fp64_gpu_xla_sqmc_reference_comparison,exact_scope_frozen_controls; epsilon_validity_nomination_then_full_score_flow_grid,full_d3_T2,iid_dual_cap,201002,202002,True,"log_LQ[1,1]",-0.2967286839176108,-0.15365360995128668,0.14307507396632413,0.14307507396632413
fp64_gpu_xla_sqmc_reference_comparison,exact_scope_frozen_controls; epsilon_validity_nomination_then_full_score_flow_grid,full_d3_T2,iid_dual_cap,201002,202002,True,"LQ[2,1]",0.9101256364579936,0.9578594723162506,0.04773383585825697,0.04773383585825697
fp64_gpu_xla_sqmc_reference_comparison,exact_scope_frozen_controls; epsilon_validity_nomination_then_full_score_flow_grid,full_d3_T2,iid_dual_cap,201002,202002,True,"log_LQ[2,2]",-0.6381787371291546,-0.6145532034176487,0.023625533711505886,0.023625533711505886
fp64_gpu_xla_sqmc_reference_comparison,exact_scope_frozen_controls; epsilon_validity_nomination_then_full_score_flow_grid,full_d3_T2,iid_dual_cap,201002,202002,True,"LQ[3,1]",0.39326842957970715,0.489937603252837,0.09666917367312983,0.09666917367312983
fp64_gpu_xla_sqmc_reference_comparison,exact_scope_frozen_controls; epsilon_validity_nomination_then_full_score_flow_grid,full_d3_T2,iid_dual_cap,201002,202002,True,"LQ[3,2]",0.455859390233028,0.5484699168314864,0.09261052659845836,0.09261052659845836
fp64_gpu_xla_sqmc_reference_comparison,exact_scope_frozen_controls; epsilon_validity_nomination_then_full_score_flow_grid,full_d3_T2,iid_dual_cap,201002,202002,True,"log_LQ[3,3]",0.1736958043281562,0.19806120928857585,0.02436540496041964,0.02436540496041964
fp64_gpu_xla_sqmc_reference_comparison,exact_scope_frozen_controls; epsilon_validity_nomination_then_full_score_flow_grid,full_d3_T2,iid_dual_cap,201002,202002,True,log_R_variance,-0.17755025552454085,-0.20867146220345378,-0.031121206678912938,0.031121206678912938
fp64_gpu_xla_sqmc_reference_comparison,exact_scope_frozen_controls; epsilon_validity_nomination_then_full_score_flow_grid,full_d3_T2,iid_dual_cap,201002,202002,True,initial_mean_scale,0.7310005454319308,0.7092142041707535,-0.02178634126117729,0.02178634126117729
fp64_gpu_xla_sqmc_reference_comparison,exact_scope_frozen_controls; epsilon_validity_nomination_then_full_score_flow_grid,full_d3_T2,previous_inverse_cdf,201001,202001,True,"A[1,1]",5.012582471924066,4.881279895320631,-0.13130257660343503,0.13130257660343503
fp64_gpu_xla_sqmc_reference_comparison,exact_scope_frozen_controls; epsilon_validity_nomination_then_full_score_flow_grid,full_d3_T2,previous_inverse_cdf,201001,202001,True,"A[1,2]",-0.5343091611652159,-0.6242762328225107,-0.08996707165729478,0.08996707165729478
fp64_gpu_xla_sqmc_reference_comparison,exact_scope_frozen_controls; epsilon_validity_nomination_then_full_score_flow_grid,full_d3_T2,previous_inverse_cdf,201001,202001,True,"A[1,3]",0.4283953408775141,0.4784480430246727,0.05005270214715862,0.05005270214715862
fp64_gpu_xla_sqmc_reference_comparison,exact_scope_frozen_controls; epsilon_validity_nomination_then_full_score_flow_grid,full_d3_T2,previous_inverse_cdf,201001,202001,True,"A[2,1]",-1.5181140718325479,-1.424665111490733,0.09344896034181494,0.09344896034181494
fp64_gpu_xla_sqmc_reference_comparison,exact_scope_frozen_controls; epsilon_validity_nomination_then_full_score_flow_grid,full_d3_T2,previous_inverse_cdf,201001,202001,True,"A[2,2]",-0.7460079300055052,-0.8785772476370862,-0.13256931763158097,0.13256931763158097
fp64_gpu_xla_sqmc_reference_comparison,exact_scope_frozen_controls; epsilon_validity_nomination_then_full_score_flow_grid,full_d3_T2,previous_inverse_cdf,201001,202001,True,"A[2,3]",-0.14855967129724407,-0.11937356942362125,0.02918610187362282,0.02918610187362282
fp64_gpu_xla_sqmc_reference_comparison,exact_scope_frozen_controls; epsilon_validity_nomination_then_full_score_flow_grid,full_d3_T2,previous_inverse_cdf,201001,202001,True,"A[3,1]",0.7916601035713137,0.7221132482606616,-0.06954685531065208,0.06954685531065208
fp64_gpu_xla_sqmc_reference_comparison,exact_scope_frozen_controls; epsilon_validity_nomination_then_full_score_flow_grid,full_d3_T2,previous_inverse_cdf,201001,202001,True,"A[3,2]",-0.1338783609427125,-0.07375174489079803,0.06012661605191447,0.06012661605191447
fp64_gpu_xla_sqmc_reference_comparison,exact_scope_frozen_controls; epsilon_validity_nomination_then_full_score_flow_grid,full_d3_T2,previous_inverse_cdf,201001,202001,True,"A[3,3]",-0.8223416183228266,-0.9036980445458227,-0.0813564262229961,0.0813564262229961
fp64_gpu_xla_sqmc_reference_comparison,exact_scope_frozen_controls; epsilon_validity_nomination_then_full_score_flow_grid,full_d3_T2,previous_inverse_cdf,201001,202001,True,"log_LQ[1,1]",1.1878705509375334,1.1944625612871826,0.006592010349649291,0.006592010349649291
fp64_gpu_xla_sqmc_reference_comparison,exact_scope_frozen_controls; epsilon_validity_nomination_then_full_score_flow_grid,full_d3_T2,previous_inverse_cdf,201001,202001,True,"LQ[2,1]",-0.6198665477667025,-0.49896717277789143,0.12089937498881104,0.12089937498881104
fp64_gpu_xla_sqmc_reference_comparison,exact_scope_frozen_controls; epsilon_validity_nomination_then_full_score_flow_grid,full_d3_T2,previous_inverse_cdf,201001,202001,True,"log_LQ[2,2]",-0.5840616891517162,-0.5232515552076378,0.060810133944078415,0.060810133944078415
fp64_gpu_xla_sqmc_reference_comparison,exact_scope_frozen_controls; epsilon_validity_nomination_then_full_score_flow_grid,full_d3_T2,previous_inverse_cdf,201001,202001,True,"LQ[3,1]",0.19920755237526722,0.15971105124865936,-0.03949650112660785,0.03949650112660785
fp64_gpu_xla_sqmc_reference_comparison,exact_scope_frozen_controls; epsilon_validity_nomination_then_full_score_flow_grid,full_d3_T2,previous_inverse_cdf,201001,202001,True,"LQ[3,2]",-0.4746633973160705,-0.44117513876387904,0.03348825855219145,0.03348825855219145
fp64_gpu_xla_sqmc_reference_comparison,exact_scope_frozen_controls; epsilon_validity_nomination_then_full_score_flow_grid,full_d3_T2,previous_inverse_cdf,201001,202001,True,"log_LQ[3,3]",-0.9017092789590051,-0.88583751216726,0.015871766791745068,0.015871766791745068
fp64_gpu_xla_sqmc_reference_comparison,exact_scope_frozen_controls; epsilon_validity_nomination_then_full_score_flow_grid,full_d3_T2,previous_inverse_cdf,201001,202001,True,log_R_variance,-0.3273680383454258,-0.3083748298729375,0.01899320847248831,0.01899320847248831
fp64_gpu_xla_sqmc_reference_comparison,exact_scope_frozen_controls; epsilon_validity_nomination_then_full_score_flow_grid,full_d3_T2,previous_inverse_cdf,201001,202001,True,initial_mean_scale,2.1150233436032746,2.0579563273403276,-0.05706701626294697,0.05706701626294697
fp64_gpu_xla_sqmc_reference_comparison,exact_scope_frozen_controls; epsilon_validity_nomination_then_full_score_flow_grid,full_d3_T2,previous_inverse_cdf,201001,202002,True,"A[1,1]",5.012582471924066,4.979916734580337,-0.03266573734372891,0.03266573734372891
fp64_gpu_xla_sqmc_reference_comparison,exact_scope_frozen_controls; epsilon_validity_nomination_then_full_score_flow_grid,full_d3_T2,previous_inverse_cdf,201001,202002,True,"A[1,2]",-0.5343091611652159,-0.585476008714013,-0.05116684754879708,0.05116684754879708
fp64_gpu_xla_sqmc_reference_comparison,exact_scope_frozen_controls; epsilon_validity_nomination_then_full_score_flow_grid,full_d3_T2,previous_inverse_cdf,201001,202002,True,"A[1,3]",0.4283953408775141,0.41891914465029856,-0.009476196227215516,0.009476196227215516
fp64_gpu_xla_sqmc_reference_comparison,exact_scope_frozen_controls; epsilon_validity_nomination_then_full_score_flow_grid,full_d3_T2,previous_inverse_cdf,201001,202002,True,"A[2,1]",-1.5181140718325479,-1.4219233189186462,0.09619075291390167,0.09619075291390167
fp64_gpu_xla_sqmc_reference_comparison,exact_scope_frozen_controls; epsilon_validity_nomination_then_full_score_flow_grid,full_d3_T2,previous_inverse_cdf,201001,202002,True,"A[2,2]",-0.7460079300055052,-0.9141540248322568,-0.16814609482675158,0.16814609482675158
fp64_gpu_xla_sqmc_reference_comparison,exact_scope_frozen_controls; epsilon_validity_nomination_then_full_score_flow_grid,full_d3_T2,previous_inverse_cdf,201001,202002,True,"A[2,3]",-0.14855967129724407,-0.08939479103872913,0.059164880258514935,0.059164880258514935
fp64_gpu_xla_sqmc_reference_comparison,exact_scope_frozen_controls; epsilon_validity_nomination_then_full_score_flow_grid,full_d3_T2,previous_inverse_cdf,201001,202002,True,"A[3,1]",0.7916601035713137,0.7735211456956582,-0.018138957875655448,0.018138957875655448
fp64_gpu_xla_sqmc_reference_comparison,exact_scope_frozen_controls; epsilon_validity_nomination_then_full_score_flow_grid,full_d3_T2,previous_inverse_cdf,201001,202002,True,"A[3,2]",-0.1338783609427125,-0.10320168140763455,0.03067667953507794,0.03067667953507794
fp64_gpu_xla_sqmc_reference_comparison,exact_scope_frozen_controls; epsilon_validity_nomination_then_full_score_flow_grid,full_d3_T2,previous_inverse_cdf,201001,202002,True,"A[3,3]",-0.8223416183228266,-0.9566890337274008,-0.13434741540457418,0.13434741540457418
fp64_gpu_xla_sqmc_reference_comparison,exact_scope_frozen_controls; epsilon_validity_nomination_then_full_score_flow_grid,full_d3_T2,previous_inverse_cdf,201001,202002,True,"log_LQ[1,1]",1.1878705509375334,1.3229595081786254,0.13508895724109204,0.13508895724109204
fp64_gpu_xla_sqmc_reference_comparison,exact_scope_frozen_controls; epsilon_validity_nomination_then_full_score_flow_grid,full_d3_T2,previous_inverse_cdf,201001,202002,True,"LQ[2,1]",-0.6198665477667025,-0.5965840163452946,0.023282531421407904,0.023282531421407904
fp64_gpu_xla_sqmc_reference_comparison,exact_scope_frozen_controls; epsilon_validity_nomination_then_full_score_flow_grid,full_d3_T2,previous_inverse_cdf,201001,202002,True,"log_LQ[2,2]",-0.5840616891517162,-0.4885469862097439,0.09551470294197228,0.09551470294197228
fp64_gpu_xla_sqmc_reference_comparison,exact_scope_frozen_controls; epsilon_validity_nomination_then_full_score_flow_grid,full_d3_T2,previous_inverse_cdf,201001,202002,True,"LQ[3,1]",0.19920755237526722,0.22188508651039363,0.02267753413512641,0.02267753413512641
fp64_gpu_xla_sqmc_reference_comparison,exact_scope_frozen_controls; epsilon_validity_nomination_then_full_score_flow_grid,full_d3_T2,previous_inverse_cdf,201001,202002,True,"LQ[3,2]",-0.4746633973160705,-0.47829638886695924,-0.0036329915508887534,0.0036329915508887534
fp64_gpu_xla_sqmc_reference_comparison,exact_scope_frozen_controls; epsilon_validity_nomination_then_full_score_flow_grid,full_d3_T2,previous_inverse_cdf,201001,202002,True,"log_LQ[3,3]",-0.9017092789590051,-0.8449097146824718,0.05679956427653332,0.05679956427653332
fp64_gpu_xla_sqmc_reference_comparison,exact_scope_frozen_controls; epsilon_validity_nomination_then_full_score_flow_grid,full_d3_T2,previous_inverse_cdf,201001,202002,True,log_R_variance,-0.3273680383454258,-0.2835887316031216,0.043779306742304236,0.043779306742304236
fp64_gpu_xla_sqmc_reference_comparison,exact_scope_frozen_controls; epsilon_validity_nomination_then_full_score_flow_grid,full_d3_T2,previous_inverse_cdf,201001,202002,True,initial_mean_scale,2.1150233436032746,2.1407875758868404,0.025764232283565836,0.025764232283565836
fp64_gpu_xla_sqmc_reference_comparison,exact_scope_frozen_controls; epsilon_validity_nomination_then_full_score_flow_grid,full_d3_T2,previous_inverse_cdf,201002,202001,True,"A[1,1]",-0.3591960678189986,-0.5082712736634062,-0.1490752058444076,0.1490752058444076
fp64_gpu_xla_sqmc_reference_comparison,exact_scope_frozen_controls; epsilon_validity_nomination_then_full_score_flow_grid,full_d3_T2,previous_inverse_cdf,201002,202001,True,"A[1,2]",0.26875537440923913,0.29576648304605574,0.027011108636816605,0.027011108636816605
fp64_gpu_xla_sqmc_reference_comparison,exact_scope_frozen_controls; epsilon_validity_nomination_then_full_score_flow_grid,full_d3_T2,previous_inverse_cdf,201002,202001,True,"A[1,3]",-0.23072999588097903,-0.13271591932415022,0.09801407655682881,0.09801407655682881
fp64_gpu_xla_sqmc_reference_comparison,exact_scope_frozen_controls; epsilon_validity_nomination_then_full_score_flow_grid,full_d3_T2,previous_inverse_cdf,201002,202001,True,"A[2,1]",-0.09854169530394374,-0.15743297890981234,-0.058891283605868594,0.058891283605868594
fp64_gpu_xla_sqmc_reference_comparison,exact_scope_frozen_controls; epsilon_validity_nomination_then_full_score_flow_grid,full_d3_T2,previous_inverse_cdf,201002,202001,True,"A[2,2]",-0.9766146442559794,-1.0354114456150443,-0.05879680135906484,0.05879680135906484
fp64_gpu_xla_sqmc_reference_comparison,exact_scope_frozen_controls; epsilon_validity_nomination_then_full_score_flow_grid,full_d3_T2,previous_inverse_cdf,201002,202001,True,"A[2,3]",0.03210519384414612,0.14773540358572923,0.11563020974158311,0.11563020974158311
fp64_gpu_xla_sqmc_reference_comparison,exact_scope_frozen_controls; epsilon_validity_nomination_then_full_score_flow_grid,full_d3_T2,previous_inverse_cdf,201002,202001,True,"A[3,1]",-1.731883087349209,-1.6884948608758188,0.043388226473390246,0.043388226473390246
fp64_gpu_xla_sqmc_reference_comparison,exact_scope_frozen_controls; epsilon_validity_nomination_then_full_score_flow_grid,full_d3_T2,previous_inverse_cdf,201002,202001,True,"A[3,2]",-0.8658238864461263,-0.7930276803756497,0.07279620607047654,0.07279620607047654
fp64_gpu_xla_sqmc_reference_comparison,exact_scope_frozen_controls; epsilon_validity_nomination_then_full_score_flow_grid,full_d3_T2,previous_inverse_cdf,201002,202001,True,"A[3,3]",-0.23161976369927412,-0.12313692684970029,0.10848283684957383,0.10848283684957383
fp64_gpu_xla_sqmc_reference_comparison,exact_scope_frozen_controls; epsilon_validity_nomination_then_full_score_flow_grid,full_d3_T2,previous_inverse_cdf,201002,202001,True,"log_LQ[1,1]",-0.2967286839176108,-0.20270399707759013,0.09402468684002069,0.09402468684002069
fp64_gpu_xla_sqmc_reference_comparison,exact_scope_frozen_controls; epsilon_validity_nomination_then_full_score_flow_grid,full_d3_T2,previous_inverse_cdf,201002,202001,True,"LQ[2,1]",0.9101256364579936,0.7958001418610762,-0.11432549459691743,0.11432549459691743
fp64_gpu_xla_sqmc_reference_comparison,exact_scope_frozen_controls; epsilon_validity_nomination_then_full_score_flow_grid,full_d3_T2,previous_inverse_cdf,201002,202001,True,"log_LQ[2,2]",-0.6381787371291546,-0.6247297512639436,0.013448985865211038,0.013448985865211038
fp64_gpu_xla_sqmc_reference_comparison,exact_scope_frozen_controls; epsilon_validity_nomination_then_full_score_flow_grid,full_d3_T2,previous_inverse_cdf,201002,202001,True,"LQ[3,1]",0.39326842957970715,0.3473219423615863,-0.045946487218120835,0.045946487218120835
fp64_gpu_xla_sqmc_reference_comparison,exact_scope_frozen_controls; epsilon_validity_nomination_then_full_score_flow_grid,full_d3_T2,previous_inverse_cdf,201002,202001,True,"LQ[3,2]",0.455859390233028,0.3984686558198438,-0.05739073441318421,0.05739073441318421
fp64_gpu_xla_sqmc_reference_comparison,exact_scope_frozen_controls; epsilon_validity_nomination_then_full_score_flow_grid,full_d3_T2,previous_inverse_cdf,201002,202001,True,"log_LQ[3,3]",0.1736958043281562,0.10292332125724202,-0.07077248307091419,0.07077248307091419
fp64_gpu_xla_sqmc_reference_comparison,exact_scope_frozen_controls; epsilon_validity_nomination_then_full_score_flow_grid,full_d3_T2,previous_inverse_cdf,201002,202001,True,log_R_variance,-0.17755025552454085,-0.18277491101939825,-0.0052246554948574,0.0052246554948574
fp64_gpu_xla_sqmc_reference_comparison,exact_scope_frozen_controls; epsilon_validity_nomination_then_full_score_flow_grid,full_d3_T2,previous_inverse_cdf,201002,202001,True,initial_mean_scale,0.7310005454319308,0.7514972948540062,0.020496749422075355,0.020496749422075355
fp64_gpu_xla_sqmc_reference_comparison,exact_scope_frozen_controls; epsilon_validity_nomination_then_full_score_flow_grid,full_d3_T2,previous_inverse_cdf,201002,202002,True,"A[1,1]",-0.3591960678189986,-0.28322598145731204,0.07597008636168656,0.07597008636168656
fp64_gpu_xla_sqmc_reference_comparison,exact_scope_frozen_controls; epsilon_validity_nomination_then_full_score_flow_grid,full_d3_T2,previous_inverse_cdf,201002,202002,True,"A[1,2]",0.26875537440923913,0.23105648050425504,-0.0376988939049841,0.0376988939049841
fp64_gpu_xla_sqmc_reference_comparison,exact_scope_frozen_controls; epsilon_validity_nomination_then_full_score_flow_grid,full_d3_T2,previous_inverse_cdf,201002,202002,True,"A[1,3]",-0.23072999588097903,-0.11329123033267693,0.1174387655483021,0.1174387655483021
fp64_gpu_xla_sqmc_reference_comparison,exact_scope_frozen_controls; epsilon_validity_nomination_then_full_score_flow_grid,full_d3_T2,previous_inverse_cdf,201002,202002,True,"A[2,1]",-0.09854169530394374,-0.12798567202858324,-0.029443976724639498,0.029443976724639498
fp64_gpu_xla_sqmc_reference_comparison,exact_scope_frozen_controls; epsilon_validity_nomination_then_full_score_flow_grid,full_d3_T2,previous_inverse_cdf,201002,202002,True,"A[2,2]",-0.9766146442559794,-1.0724671613554535,-0.09585251709947407,0.09585251709947407
fp64_gpu_xla_sqmc_reference_comparison,exact_scope_frozen_controls; epsilon_validity_nomination_then_full_score_flow_grid,full_d3_T2,previous_inverse_cdf,201002,202002,True,"A[2,3]",0.03210519384414612,-0.0012057069347960192,-0.03331090077894214,0.03331090077894214
fp64_gpu_xla_sqmc_reference_comparison,exact_scope_frozen_controls; epsilon_validity_nomination_then_full_score_flow_grid,full_d3_T2,previous_inverse_cdf,201002,202002,True,"A[3,1]",-1.731883087349209,-1.6173762332079356,0.11450685414127348,0.11450685414127348
fp64_gpu_xla_sqmc_reference_comparison,exact_scope_frozen_controls; epsilon_validity_nomination_then_full_score_flow_grid,full_d3_T2,previous_inverse_cdf,201002,202002,True,"A[3,2]",-0.8658238864461263,-0.9470348938822939,-0.0812110074361676,0.0812110074361676
fp64_gpu_xla_sqmc_reference_comparison,exact_scope_frozen_controls; epsilon_validity_nomination_then_full_score_flow_grid,full_d3_T2,previous_inverse_cdf,201002,202002,True,"A[3,3]",-0.23161976369927412,-0.3390298571828944,-0.1074100934836203,0.1074100934836203
fp64_gpu_xla_sqmc_reference_comparison,exact_scope_frozen_controls; epsilon_validity_nomination_then_full_score_flow_grid,full_d3_T2,previous_inverse_cdf,201002,202002,True,"log_LQ[1,1]",-0.2967286839176108,-0.31681140152563914,-0.020082717608028322,0.020082717608028322
fp64_gpu_xla_sqmc_reference_comparison,exact_scope_frozen_controls; epsilon_validity_nomination_then_full_score_flow_grid,full_d3_T2,previous_inverse_cdf,201002,202002,True,"LQ[2,1]",0.9101256364579936,1.0595959328445135,0.14947029638651987,0.14947029638651987
fp64_gpu_xla_sqmc_reference_comparison,exact_scope_frozen_controls; epsilon_validity_nomination_then_full_score_flow_grid,full_d3_T2,previous_inverse_cdf,201002,202002,True,"log_LQ[2,2]",-0.6381787371291546,-0.5718130218192742,0.06636571530988045,0.06636571530988045
fp64_gpu_xla_sqmc_reference_comparison,exact_scope_frozen_controls; epsilon_validity_nomination_then_full_score_flow_grid,full_d3_T2,previous_inverse_cdf,201002,202002,True,"LQ[3,1]",0.39326842957970715,0.23167860801367912,-0.16158982156602802,0.16158982156602802
fp64_gpu_xla_sqmc_reference_comparison,exact_scope_frozen_controls; epsilon_validity_nomination_then_full_score_flow_grid,full_d3_T2,previous_inverse_cdf,201002,202002,True,"LQ[3,2]",0.455859390233028,0.4492904266922396,-0.006568963540788397,0.006568963540788397
fp64_gpu_xla_sqmc_reference_comparison,exact_scope_frozen_controls; epsilon_validity_nomination_then_full_score_flow_grid,full_d3_T2,previous_inverse_cdf,201002,202002,True,"log_LQ[3,3]",0.1736958043281562,0.23427639859242794,0.06058059426427173,0.06058059426427173
fp64_gpu_xla_sqmc_reference_comparison,exact_scope_frozen_controls; epsilon_validity_nomination_then_full_score_flow_grid,full_d3_T2,previous_inverse_cdf,201002,202002,True,log_R_variance,-0.17755025552454085,-0.1600863366040559,0.017463918920484933,0.017463918920484933
fp64_gpu_xla_sqmc_reference_comparison,exact_scope_frozen_controls; epsilon_validity_nomination_then_full_score_flow_grid,full_d3_T2,previous_inverse_cdf,201002,202002,True,initial_mean_scale,0.7310005454319308,0.7535557132882963,0.022555167856365466,0.022555167856365466
fp64_gpu_xla_sqmc_reference_comparison,exact_scope_frozen_controls; epsilon_validity_nomination_then_full_score_flow_grid,full_d3_T2,repaired_permutation,201001,202001,True,"A[1,1]",5.012582471924066,4.890759659550495,-0.12182281237357095,0.12182281237357095
fp64_gpu_xla_sqmc_reference_comparison,exact_scope_frozen_controls; epsilon_validity_nomination_then_full_score_flow_grid,full_d3_T2,repaired_permutation,201001,202001,True,"A[1,2]",-0.5343091611652159,-0.41565931811089485,0.11864984305432102,0.11864984305432102
fp64_gpu_xla_sqmc_reference_comparison,exact_scope_frozen_controls; epsilon_validity_nomination_then_full_score_flow_grid,full_d3_T2,repaired_permutation,201001,202001,True,"A[1,3]",0.4283953408775141,0.39895257180609023,-0.029442769071423847,0.029442769071423847
fp64_gpu_xla_sqmc_reference_comparison,exact_scope_frozen_controls; epsilon_validity_nomination_then_full_score_flow_grid,full_d3_T2,repaired_permutation,201001,202001,True,"A[2,1]",-1.5181140718325479,-1.43103119095926,0.08708288087328797,0.08708288087328797
fp64_gpu_xla_sqmc_reference_comparison,exact_scope_frozen_controls; epsilon_validity_nomination_then_full_score_flow_grid,full_d3_T2,repaired_permutation,201001,202001,True,"A[2,2]",-0.7460079300055052,-0.8416772690185713,-0.09566933901306607,0.09566933901306607
fp64_gpu_xla_sqmc_reference_comparison,exact_scope_frozen_controls; epsilon_validity_nomination_then_full_score_flow_grid,full_d3_T2,repaired_permutation,201001,202001,True,"A[2,3]",-0.14855967129724407,-0.1654569266546314,-0.016897255357387342,0.016897255357387342
fp64_gpu_xla_sqmc_reference_comparison,exact_scope_frozen_controls; epsilon_validity_nomination_then_full_score_flow_grid,full_d3_T2,repaired_permutation,201001,202001,True,"A[3,1]",0.7916601035713137,0.7257183002398482,-0.06594180333146549,0.06594180333146549
fp64_gpu_xla_sqmc_reference_comparison,exact_scope_frozen_controls; epsilon_validity_nomination_then_full_score_flow_grid,full_d3_T2,repaired_permutation,201001,202001,True,"A[3,2]",-0.1338783609427125,-0.10761258748051986,0.026265773462192638,0.026265773462192638
fp64_gpu_xla_sqmc_reference_comparison,exact_scope_frozen_controls; epsilon_validity_nomination_then_full_score_flow_grid,full_d3_T2,repaired_permutation,201001,202001,True,"A[3,3]",-0.8223416183228266,-0.8663114335547065,-0.04396981523187993,0.04396981523187993
fp64_gpu_xla_sqmc_reference_comparison,exact_scope_frozen_controls; epsilon_validity_nomination_then_full_score_flow_grid,full_d3_T2,repaired_permutation,201001,202001,True,"log_LQ[1,1]",1.1878705509375334,1.2358891058093278,0.048018554871794406,0.048018554871794406
fp64_gpu_xla_sqmc_reference_comparison,exact_scope_frozen_controls; epsilon_validity_nomination_then_full_score_flow_grid,full_d3_T2,repaired_permutation,201001,202001,True,"LQ[2,1]",-0.6198665477667025,-0.6932174319252279,-0.07335088415852542,0.07335088415852542
fp64_gpu_xla_sqmc_reference_comparison,exact_scope_frozen_controls; epsilon_validity_nomination_then_full_score_flow_grid,full_d3_T2,repaired_permutation,201001,202001,True,"log_LQ[2,2]",-0.5840616891517162,-0.5263659748784529,0.057695714273263254,0.057695714273263254
fp64_gpu_xla_sqmc_reference_comparison,exact_scope_frozen_controls; epsilon_validity_nomination_then_full_score_flow_grid,full_d3_T2,repaired_permutation,201001,202001,True,"LQ[3,1]",0.19920755237526722,0.2670427653038421,0.06783521292857486,0.06783521292857486
fp64_gpu_xla_sqmc_reference_comparison,exact_scope_frozen_controls; epsilon_validity_nomination_then_full_score_flow_grid,full_d3_T2,repaired_permutation,201001,202001,True,"LQ[3,2]",-0.4746633973160705,-0.43163729161076553,0.04302610570530496,0.04302610570530496
fp64_gpu_xla_sqmc_reference_comparison,exact_scope_frozen_controls; epsilon_validity_nomination_then_full_score_flow_grid,full_d3_T2,repaired_permutation,201001,202001,True,"log_LQ[3,3]",-0.9017092789590051,-0.8812676127263379,0.02044166623266719,0.02044166623266719
fp64_gpu_xla_sqmc_reference_comparison,exact_scope_frozen_controls; epsilon_validity_nomination_then_full_score_flow_grid,full_d3_T2,repaired_permutation,201001,202001,True,log_R_variance,-0.3273680383454258,-0.33117230181899626,-0.003804263473570435,0.003804263473570435
fp64_gpu_xla_sqmc_reference_comparison,exact_scope_frozen_controls; epsilon_validity_nomination_then_full_score_flow_grid,full_d3_T2,repaired_permutation,201001,202001,True,initial_mean_scale,2.1150233436032746,2.0855122270114252,-0.02951111659184935,0.02951111659184935
fp64_gpu_xla_sqmc_reference_comparison,exact_scope_frozen_controls; epsilon_validity_nomination_then_full_score_flow_grid,full_d3_T2,repaired_permutation,201001,202002,True,"A[1,1]",5.012582471924066,5.0423401955423675,0.029757723618301313,0.029757723618301313
fp64_gpu_xla_sqmc_reference_comparison,exact_scope_frozen_controls; epsilon_validity_nomination_then_full_score_flow_grid,full_d3_T2,repaired_permutation,201001,202002,True,"A[1,2]",-0.5343091611652159,-0.5963722855708091,-0.06206312440559325,0.06206312440559325
fp64_gpu_xla_sqmc_reference_comparison,exact_scope_frozen_controls; epsilon_validity_nomination_then_full_score_flow_grid,full_d3_T2,repaired_permutation,201001,202002,True,"A[1,3]",0.4283953408775141,0.45958297211892263,0.031187631241408553,0.031187631241408553
fp64_gpu_xla_sqmc_reference_comparison,exact_scope_frozen_controls; epsilon_validity_nomination_then_full_score_flow_grid,full_d3_T2,repaired_permutation,201001,202002,True,"A[2,1]",-1.5181140718325479,-1.3887100638379146,0.12940400799463325,0.12940400799463325
fp64_gpu_xla_sqmc_reference_comparison,exact_scope_frozen_controls; epsilon_validity_nomination_then_full_score_flow_grid,full_d3_T2,repaired_permutation,201001,202002,True,"A[2,2]",-0.7460079300055052,-0.9009742461779628,-0.1549663161724576,0.1549663161724576
fp64_gpu_xla_sqmc_reference_comparison,exact_scope_frozen_controls; epsilon_validity_nomination_then_full_score_flow_grid,full_d3_T2,repaired_permutation,201001,202002,True,"A[2,3]",-0.14855967129724407,-0.06787758504145294,0.08068208625579112,0.08068208625579112
fp64_gpu_xla_sqmc_reference_comparison,exact_scope_frozen_controls; epsilon_validity_nomination_then_full_score_flow_grid,full_d3_T2,repaired_permutation,201001,202002,True,"A[3,1]",0.7916601035713137,0.8005908736908954,0.008930770119581766,0.008930770119581766
fp64_gpu_xla_sqmc_reference_comparison,exact_scope_frozen_controls; epsilon_validity_nomination_then_full_score_flow_grid,full_d3_T2,repaired_permutation,201001,202002,True,"A[3,2]",-0.1338783609427125,-0.12371569922460118,0.01016266171811131,0.01016266171811131
fp64_gpu_xla_sqmc_reference_comparison,exact_scope_frozen_controls; epsilon_validity_nomination_then_full_score_flow_grid,full_d3_T2,repaired_permutation,201001,202002,True,"A[3,3]",-0.8223416183228266,-0.9264734833735566,-0.10413186505073002,0.10413186505073002
fp64_gpu_xla_sqmc_reference_comparison,exact_scope_frozen_controls; epsilon_validity_nomination_then_full_score_flow_grid,full_d3_T2,repaired_permutation,201001,202002,True,"log_LQ[1,1]",1.1878705509375334,1.2679937195855768,0.08012316864804347,0.08012316864804347
fp64_gpu_xla_sqmc_reference_comparison,exact_scope_frozen_controls; epsilon_validity_nomination_then_full_score_flow_grid,full_d3_T2,repaired_permutation,201001,202002,True,"LQ[2,1]",-0.6198665477667025,-0.6099288934806409,0.009937654286061526,0.009937654286061526
fp64_gpu_xla_sqmc_reference_comparison,exact_scope_frozen_controls; epsilon_validity_nomination_then_full_score_flow_grid,full_d3_T2,repaired_permutation,201001,202002,True,"log_LQ[2,2]",-0.5840616891517162,-0.48847924668474474,0.09558244246697145,0.09558244246697145
fp64_gpu_xla_sqmc_reference_comparison,exact_scope_frozen_controls; epsilon_validity_nomination_then_full_score_flow_grid,full_d3_T2,repaired_permutation,201001,202002,True,"LQ[3,1]",0.19920755237526722,0.22492687889129576,0.02571932651602854,0.02571932651602854
fp64_gpu_xla_sqmc_reference_comparison,exact_scope_frozen_controls; epsilon_validity_nomination_then_full_score_flow_grid,full_d3_T2,repaired_permutation,201001,202002,True,"LQ[3,2]",-0.4746633973160705,-0.4978104939540626,-0.023147096637992137,0.023147096637992137
fp64_gpu_xla_sqmc_reference_comparison,exact_scope_frozen_controls; epsilon_validity_nomination_then_full_score_flow_grid,full_d3_T2,repaired_permutation,201001,202002,True,"log_LQ[3,3]",-0.9017092789590051,-0.8462046334014637,0.05550464555754142,0.05550464555754142
fp64_gpu_xla_sqmc_reference_comparison,exact_scope_frozen_controls; epsilon_validity_nomination_then_full_score_flow_grid,full_d3_T2,repaired_permutation,201001,202002,True,log_R_variance,-0.3273680383454258,-0.28561333284545753,0.04175470549996829,0.04175470549996829
fp64_gpu_xla_sqmc_reference_comparison,exact_scope_frozen_controls; epsilon_validity_nomination_then_full_score_flow_grid,full_d3_T2,repaired_permutation,201001,202002,True,initial_mean_scale,2.1150233436032746,2.138611712159042,0.023588368555767403,0.023588368555767403
fp64_gpu_xla_sqmc_reference_comparison,exact_scope_frozen_controls; epsilon_validity_nomination_then_full_score_flow_grid,full_d3_T2,repaired_permutation,201002,202001,True,"A[1,1]",-0.3591960678189986,-0.45636122997173806,-0.09716516215273946,0.09716516215273946
fp64_gpu_xla_sqmc_reference_comparison,exact_scope_frozen_controls; epsilon_validity_nomination_then_full_score_flow_grid,full_d3_T2,repaired_permutation,201002,202001,True,"A[1,2]",0.26875537440923913,0.33703833939395206,0.06828296498471292,0.06828296498471292
fp64_gpu_xla_sqmc_reference_comparison,exact_scope_frozen_controls; epsilon_validity_nomination_then_full_score_flow_grid,full_d3_T2,repaired_permutation,201002,202001,True,"A[1,3]",-0.23072999588097903,-0.2016390752744387,0.029090920606540338,0.029090920606540338
fp64_gpu_xla_sqmc_reference_comparison,exact_scope_frozen_controls; epsilon_validity_nomination_then_full_score_flow_grid,full_d3_T2,repaired_permutation,201002,202001,True,"A[2,1]",-0.09854169530394374,-0.14972440393058384,-0.051182708626640094,0.051182708626640094
fp64_gpu_xla_sqmc_reference_comparison,exact_scope_frozen_controls; epsilon_validity_nomination_then_full_score_flow_grid,full_d3_T2,repaired_permutation,201002,202001,True,"A[2,2]",-0.9766146442559794,-0.973097599972093,0.003517044283886439,0.003517044283886439
fp64_gpu_xla_sqmc_reference_comparison,exact_scope_frozen_controls; epsilon_validity_nomination_then_full_score_flow_grid,full_d3_T2,repaired_permutation,201002,202001,True,"A[2,3]",0.03210519384414612,0.11882974522770168,0.08672455138355556,0.08672455138355556
fp64_gpu_xla_sqmc_reference_comparison,exact_scope_frozen_controls; epsilon_validity_nomination_then_full_score_flow_grid,full_d3_T2,repaired_permutation,201002,202001,True,"A[3,1]",-1.731883087349209,-1.711124713191833,0.020758374157376025,0.020758374157376025
fp64_gpu_xla_sqmc_reference_comparison,exact_scope_frozen_controls; epsilon_validity_nomination_then_full_score_flow_grid,full_d3_T2,repaired_permutation,201002,202001,True,"A[3,2]",-0.8658238864461263,-0.8332577928718791,0.032566093574247224,0.032566093574247224
fp64_gpu_xla_sqmc_reference_comparison,exact_scope_frozen_controls; epsilon_validity_nomination_then_full_score_flow_grid,full_d3_T2,repaired_permutation,201002,202001,True,"A[3,3]",-0.23161976369927412,-0.11708507779392385,0.11453468590535026,0.11453468590535026
fp64_gpu_xla_sqmc_reference_comparison,exact_scope_frozen_controls; epsilon_validity_nomination_then_full_score_flow_grid,full_d3_T2,repaired_permutation,201002,202001,True,"log_LQ[1,1]",-0.2967286839176108,-0.2139117213234385,0.08281696259417232,0.08281696259417232
fp64_gpu_xla_sqmc_reference_comparison,exact_scope_frozen_controls; epsilon_validity_nomination_then_full_score_flow_grid,full_d3_T2,repaired_permutation,201002,202001,True,"LQ[2,1]",0.9101256364579936,0.7480428430998824,-0.16208279335811115,0.16208279335811115
fp64_gpu_xla_sqmc_reference_comparison,exact_scope_frozen_controls; epsilon_validity_nomination_then_full_score_flow_grid,full_d3_T2,repaired_permutation,201002,202001,True,"log_LQ[2,2]",-0.6381787371291546,-0.6618960334587668,-0.02371729632961217,0.02371729632961217
fp64_gpu_xla_sqmc_reference_comparison,exact_scope_frozen_controls; epsilon_validity_nomination_then_full_score_flow_grid,full_d3_T2,repaired_permutation,201002,202001,True,"LQ[3,1]",0.39326842957970715,0.3644916504895471,-0.02877677909016002,0.02877677909016002
fp64_gpu_xla_sqmc_reference_comparison,exact_scope_frozen_controls; epsilon_validity_nomination_then_full_score_flow_grid,full_d3_T2,repaired_permutation,201002,202001,True,"LQ[3,2]",0.455859390233028,0.47242821986800865,0.01656882963498063,0.01656882963498063
fp64_gpu_xla_sqmc_reference_comparison,exact_scope_frozen_controls; epsilon_validity_nomination_then_full_score_flow_grid,full_d3_T2,repaired_permutation,201002,202001,True,"log_LQ[3,3]",0.1736958043281562,0.10650895556255907,-0.06718684876559713,0.06718684876559713
fp64_gpu_xla_sqmc_reference_comparison,exact_scope_frozen_controls; epsilon_validity_nomination_then_full_score_flow_grid,full_d3_T2,repaired_permutation,201002,202001,True,log_R_variance,-0.17755025552454085,-0.19068845743824736,-0.013138201913706515,0.013138201913706515
fp64_gpu_xla_sqmc_reference_comparison,exact_scope_frozen_controls; epsilon_validity_nomination_then_full_score_flow_grid,full_d3_T2,repaired_permutation,201002,202001,True,initial_mean_scale,0.7310005454319308,0.771522448125787,0.04052190269385614,0.04052190269385614
fp64_gpu_xla_sqmc_reference_comparison,exact_scope_frozen_controls; epsilon_validity_nomination_then_full_score_flow_grid,full_d3_T2,repaired_permutation,201002,202002,True,"A[1,1]",-0.3591960678189986,-0.3128588477431331,0.04633722007586549,0.04633722007586549
fp64_gpu_xla_sqmc_reference_comparison,exact_scope_frozen_controls; epsilon_validity_nomination_then_full_score_flow_grid,full_d3_T2,repaired_permutation,201002,202002,True,"A[1,2]",0.26875537440923913,0.23409156511499485,-0.034663809294244285,0.034663809294244285
fp64_gpu_xla_sqmc_reference_comparison,exact_scope_frozen_controls; epsilon_validity_nomination_then_full_score_flow_grid,full_d3_T2,repaired_permutation,201002,202002,True,"A[1,3]",-0.23072999588097903,-0.11143915006896243,0.1192908458120166,0.1192908458120166
fp64_gpu_xla_sqmc_reference_comparison,exact_scope_frozen_controls; epsilon_validity_nomination_then_full_score_flow_grid,full_d3_T2,repaired_permutation,201002,202002,True,"A[2,1]",-0.09854169530394374,-0.15604952757527069,-0.05750783227132694,0.05750783227132694
fp64_gpu_xla_sqmc_reference_comparison,exact_scope_frozen_controls; epsilon_validity_nomination_then_full_score_flow_grid,full_d3_T2,repaired_permutation,201002,202002,True,"A[2,2]",-0.9766146442559794,-1.0849329720524248,-0.10831832779644535,0.10831832779644535
fp64_gpu_xla_sqmc_reference_comparison,exact_scope_frozen_controls; epsilon_validity_nomination_then_full_score_flow_grid,full_d3_T2,repaired_permutation,201002,202002,True,"A[2,3]",0.03210519384414612,-0.018992232025896782,-0.0510974258700429,0.0510974258700429
fp64_gpu_xla_sqmc_reference_comparison,exact_scope_frozen_controls; epsilon_validity_nomination_then_full_score_flow_grid,full_d3_T2,repaired_permutation,201002,202002,True,"A[3,1]",-1.731883087349209,-1.6107172128043925,0.12116587454481653,0.12116587454481653
fp64_gpu_xla_sqmc_reference_comparison,exact_scope_frozen_controls; epsilon_validity_nomination_then_full_score_flow_grid,full_d3_T2,repaired_permutation,201002,202002,True,"A[3,2]",-0.8658238864461263,-0.9898960794750853,-0.124072193028959,0.124072193028959
fp64_gpu_xla_sqmc_reference_comparison,exact_scope_frozen_controls; epsilon_validity_nomination_then_full_score_flow_grid,full_d3_T2,repaired_permutation,201002,202002,True,"A[3,3]",-0.23161976369927412,-0.2973056760499647,-0.0656859123506906,0.0656859123506906
fp64_gpu_xla_sqmc_reference_comparison,exact_scope_frozen_controls; epsilon_validity_nomination_then_full_score_flow_grid,full_d3_T2,repaired_permutation,201002,202002,True,"log_LQ[1,1]",-0.2967286839176108,-0.3097546708154514,-0.013025986897840569,0.013025986897840569
fp64_gpu_xla_sqmc_reference_comparison,exact_scope_frozen_controls; epsilon_validity_nomination_then_full_score_flow_grid,full_d3_T2,repaired_permutation,201002,202002,True,"LQ[2,1]",0.9101256364579936,1.0814272156735787,0.1713015792155851,0.1713015792155851
fp64_gpu_xla_sqmc_reference_comparison,exact_scope_frozen_controls; epsilon_validity_nomination_then_full_score_flow_grid,full_d3_T2,repaired_permutation,201002,202002,True,"log_LQ[2,2]",-0.6381787371291546,-0.5730381580547316,0.06514057907442306,0.06514057907442306
fp64_gpu_xla_sqmc_reference_comparison,exact_scope_frozen_controls; epsilon_validity_nomination_then_full_score_flow_grid,full_d3_T2,repaired_permutation,201002,202002,True,"LQ[3,1]",0.39326842957970715,0.19711219155536208,-0.19615623802434506,0.19615623802434506
fp64_gpu_xla_sqmc_reference_comparison,exact_scope_frozen_controls; epsilon_validity_nomination_then_full_score_flow_grid,full_d3_T2,repaired_permutation,201002,202002,True,"LQ[3,2]",0.455859390233028,0.517283842502967,0.06142445226993898,0.06142445226993898
fp64_gpu_xla_sqmc_reference_comparison,exact_scope_frozen_controls; epsilon_validity_nomination_then_full_score_flow_grid,full_d3_T2,repaired_permutation,201002,202002,True,"log_LQ[3,3]",0.1736958043281562,0.20858669846584954,0.034890894137693335,0.034890894137693335
fp64_gpu_xla_sqmc_reference_comparison,exact_scope_frozen_controls; epsilon_validity_nomination_then_full_score_flow_grid,full_d3_T2,repaired_permutation,201002,202002,True,log_R_variance,-0.17755025552454085,-0.15633049307514005,0.021219762449400797,0.021219762449400797
fp64_gpu_xla_sqmc_reference_comparison,exact_scope_frozen_controls; epsilon_validity_nomination_then_full_score_flow_grid,full_d3_T2,repaired_permutation,201002,202002,True,initial_mean_scale,0.7310005454319308,0.7572290485361127,0.0262285031041819,0.0262285031041819
fp64_gpu_xla_sqmc_reference_comparison,exact_scope_frozen_controls; epsilon_validity_nomination_then_full_score_flow_grid,full_d3_T2,repaired_permutation_ablation,201001,202001,True,"A[1,1]",5.012582471924066,4.89177901330466,-0.120803458619406,0.120803458619406
fp64_gpu_xla_sqmc_reference_comparison,exact_scope_frozen_controls; epsilon_validity_nomination_then_full_score_flow_grid,full_d3_T2,repaired_permutation_ablation,201001,202001,True,"A[1,2]",-0.5343091611652159,-0.41582955150531986,0.11847960965989601,0.11847960965989601
fp64_gpu_xla_sqmc_reference_comparison,exact_scope_frozen_controls; epsilon_validity_nomination_then_full_score_flow_grid,full_d3_T2,repaired_permutation_ablation,201001,202001,True,"A[1,3]",0.4283953408775141,0.3996530580679226,-0.028742282809591457,0.028742282809591457
fp64_gpu_xla_sqmc_reference_comparison,exact_scope_frozen_controls; epsilon_validity_nomination_then_full_score_flow_grid,full_d3_T2,repaired_permutation_ablation,201001,202001,True,"A[2,1]",-1.5181140718325479,-1.4295853137114334,0.08852875812111449,0.08852875812111449
fp64_gpu_xla_sqmc_reference_comparison,exact_scope_frozen_controls; epsilon_validity_nomination_then_full_score_flow_grid,full_d3_T2,repaired_permutation_ablation,201001,202001,True,"A[2,2]",-0.7460079300055052,-0.8411859393793566,-0.09517800937385135,0.09517800937385135
fp64_gpu_xla_sqmc_reference_comparison,exact_scope_frozen_controls; epsilon_validity_nomination_then_full_score_flow_grid,full_d3_T2,repaired_permutation_ablation,201001,202001,True,"A[2,3]",-0.14855967129724407,-0.16527484439844398,-0.01671517310119991,0.01671517310119991
fp64_gpu_xla_sqmc_reference_comparison,exact_scope_frozen_controls; epsilon_validity_nomination_then_full_score_flow_grid,full_d3_T2,repaired_permutation_ablation,201001,202001,True,"A[3,1]",0.7916601035713137,0.7264184609452544,-0.06524164262605925,0.06524164262605925
fp64_gpu_xla_sqmc_reference_comparison,exact_scope_frozen_controls; epsilon_validity_nomination_then_full_score_flow_grid,full_d3_T2,repaired_permutation_ablation,201001,202001,True,"A[3,2]",-0.1338783609427125,-0.107685414406008,0.026192946536704495,0.026192946536704495
fp64_gpu_xla_sqmc_reference_comparison,exact_scope_frozen_controls; epsilon_validity_nomination_then_full_score_flow_grid,full_d3_T2,repaired_permutation_ablation,201001,202001,True,"A[3,3]",-0.8223416183228266,-0.866143478743866,-0.043801860421039396,0.043801860421039396
fp64_gpu_xla_sqmc_reference_comparison,exact_scope_frozen_controls; epsilon_validity_nomination_then_full_score_flow_grid,full_d3_T2,repaired_permutation_ablation,201001,202001,True,"log_LQ[1,1]",1.1878705509375334,1.2353044932103354,0.047433942272802065,0.047433942272802065
fp64_gpu_xla_sqmc_reference_comparison,exact_scope_frozen_controls; epsilon_validity_nomination_then_full_score_flow_grid,full_d3_T2,repaired_permutation_ablation,201001,202001,True,"LQ[2,1]",-0.6198665477667025,-0.6941710247806685,-0.07430447701396603,0.07430447701396603
fp64_gpu_xla_sqmc_reference_comparison,exact_scope_frozen_controls; epsilon_validity_nomination_then_full_score_flow_grid,full_d3_T2,repaired_permutation_ablation,201001,202001,True,"log_LQ[2,2]",-0.5840616891517162,-0.5265897462143481,0.057471942937368126,0.057471942937368126
fp64_gpu_xla_sqmc_reference_comparison,exact_scope_frozen_controls; epsilon_validity_nomination_then_full_score_flow_grid,full_d3_T2,repaired_permutation_ablation,201001,202001,True,"LQ[3,1]",0.19920755237526722,0.26608699581983253,0.06687944344456531,0.06687944344456531
fp64_gpu_xla_sqmc_reference_comparison,exact_scope_frozen_controls; epsilon_validity_nomination_then_full_score_flow_grid,full_d3_T2,repaired_permutation_ablation,201001,202001,True,"LQ[3,2]",-0.4746633973160705,-0.43174903423195665,0.04291436308411384,0.04291436308411384
fp64_gpu_xla_sqmc_reference_comparison,exact_scope_frozen_controls; epsilon_validity_nomination_then_full_score_flow_grid,full_d3_T2,repaired_permutation_ablation,201001,202001,True,"log_LQ[3,3]",-0.9017092789590051,-0.8812045407324234,0.02050473822658172,0.02050473822658172
fp64_gpu_xla_sqmc_reference_comparison,exact_scope_frozen_controls; epsilon_validity_nomination_then_full_score_flow_grid,full_d3_T2,repaired_permutation_ablation,201001,202001,True,log_R_variance,-0.3273680383454258,-0.3310339327742573,-0.003665894428831473,0.003665894428831473
fp64_gpu_xla_sqmc_reference_comparison,exact_scope_frozen_controls; epsilon_validity_nomination_then_full_score_flow_grid,full_d3_T2,repaired_permutation_ablation,201001,202001,True,initial_mean_scale,2.1150233436032746,2.08544775431994,-0.02957558928333448,0.02957558928333448
fp64_gpu_xla_sqmc_reference_comparison,exact_scope_frozen_controls; epsilon_validity_nomination_then_full_score_flow_grid,full_d3_T2,repaired_permutation_ablation,201001,202002,True,"A[1,1]",5.012582471924066,5.04172951945558,0.02914704753151387,0.02914704753151387
fp64_gpu_xla_sqmc_reference_comparison,exact_scope_frozen_controls; epsilon_validity_nomination_then_full_score_flow_grid,full_d3_T2,repaired_permutation_ablation,201001,202002,True,"A[1,2]",-0.5343091611652159,-0.5966841372801571,-0.06237497611494125,0.06237497611494125
fp64_gpu_xla_sqmc_reference_comparison,exact_scope_frozen_controls; epsilon_validity_nomination_then_full_score_flow_grid,full_d3_T2,repaired_permutation_ablation,201001,202002,True,"A[1,3]",0.4283953408775141,0.45897902904712296,0.03058368816960888,0.03058368816960888
fp64_gpu_xla_sqmc_reference_comparison,exact_scope_frozen_controls; epsilon_validity_nomination_then_full_score_flow_grid,full_d3_T2,repaired_permutation_ablation,201001,202002,True,"A[2,1]",-1.5181140718325479,-1.3896105946984418,0.12850347713410604,0.12850347713410604
fp64_gpu_xla_sqmc_reference_comparison,exact_scope_frozen_controls; epsilon_validity_nomination_then_full_score_flow_grid,full_d3_T2,repaired_permutation_ablation,201001,202002,True,"A[2,2]",-0.7460079300055052,-0.900287975470435,-0.1542800454649298,0.1542800454649298
fp64_gpu_xla_sqmc_reference_comparison,exact_scope_frozen_controls; epsilon_validity_nomination_then_full_score_flow_grid,full_d3_T2,repaired_permutation_ablation,201001,202002,True,"A[2,3]",-0.14855967129724407,-0.06843211401697324,0.08012755728027082,0.08012755728027082
fp64_gpu_xla_sqmc_reference_comparison,exact_scope_frozen_controls; epsilon_validity_nomination_then_full_score_flow_grid,full_d3_T2,repaired_permutation_ablation,201001,202002,True,"A[3,1]",0.7916601035713137,0.800568796508699,0.008908692937385387,0.008908692937385387
fp64_gpu_xla_sqmc_reference_comparison,exact_scope_frozen_controls; epsilon_validity_nomination_then_full_score_flow_grid,full_d3_T2,repaired_permutation_ablation,201001,202002,True,"A[3,2]",-0.1338783609427125,-0.12375961479462681,0.01011874614808568,0.01011874614808568
fp64_gpu_xla_sqmc_reference_comparison,exact_scope_frozen_controls; epsilon_validity_nomination_then_full_score_flow_grid,full_d3_T2,repaired_permutation_ablation,201001,202002,True,"A[3,3]",-0.8223416183228266,-0.9263147844829689,-0.1039731661601423,0.1039731661601423
fp64_gpu_xla_sqmc_reference_comparison,exact_scope_frozen_controls; epsilon_validity_nomination_then_full_score_flow_grid,full_d3_T2,repaired_permutation_ablation,201001,202002,True,"log_LQ[1,1]",1.1878705509375334,1.2682646511223263,0.08039410018479298,0.08039410018479298
fp64_gpu_xla_sqmc_reference_comparison,exact_scope_frozen_controls; epsilon_validity_nomination_then_full_score_flow_grid,full_d3_T2,repaired_permutation_ablation,201001,202002,True,"LQ[2,1]",-0.6198665477667025,-0.6082479152979786,0.011618632468723855,0.011618632468723855
fp64_gpu_xla_sqmc_reference_comparison,exact_scope_frozen_controls; epsilon_validity_nomination_then_full_score_flow_grid,full_d3_T2,repaired_permutation_ablation,201001,202002,True,"log_LQ[2,2]",-0.5840616891517162,-0.4891122058955727,0.0949494832561435,0.0949494832561435
fp64_gpu_xla_sqmc_reference_comparison,exact_scope_frozen_controls; epsilon_validity_nomination_then_full_score_flow_grid,full_d3_T2,repaired_permutation_ablation,201001,202002,True,"LQ[3,1]",0.19920755237526722,0.22521044796157558,0.02600289558630836,0.02600289558630836
fp64_gpu_xla_sqmc_reference_comparison,exact_scope_frozen_controls; epsilon_validity_nomination_then_full_score_flow_grid,full_d3_T2,repaired_permutation_ablation,201001,202002,True,"LQ[3,2]",-0.4746633973160705,-0.49750410641946863,-0.022840709103398138,0.022840709103398138
fp64_gpu_xla_sqmc_reference_comparison,exact_scope_frozen_controls; epsilon_validity_nomination_then_full_score_flow_grid,full_d3_T2,repaired_permutation_ablation,201001,202002,True,"log_LQ[3,3]",-0.9017092789590051,-0.8463308846597986,0.055378394299206546,0.055378394299206546
fp64_gpu_xla_sqmc_reference_comparison,exact_scope_frozen_controls; epsilon_validity_nomination_then_full_score_flow_grid,full_d3_T2,repaired_permutation_ablation,201001,202002,True,log_R_variance,-0.3273680383454258,-0.28553174930162173,0.0418362890438041,0.0418362890438041
fp64_gpu_xla_sqmc_reference_comparison,exact_scope_frozen_controls; epsilon_validity_nomination_then_full_score_flow_grid,full_d3_T2,repaired_permutation_ablation,201001,202002,True,initial_mean_scale,2.1150233436032746,2.138520461075675,0.023497117472400575,0.023497117472400575
fp64_gpu_xla_sqmc_reference_comparison,exact_scope_frozen_controls; epsilon_validity_nomination_then_full_score_flow_grid,full_d3_T2,repaired_permutation_ablation,201002,202001,True,"A[1,1]",-0.3591960678189986,-0.4570895775448694,-0.0978935097258708,0.0978935097258708
fp64_gpu_xla_sqmc_reference_comparison,exact_scope_frozen_controls; epsilon_validity_nomination_then_full_score_flow_grid,full_d3_T2,repaired_permutation_ablation,201002,202001,True,"A[1,2]",0.26875537440923913,0.3370783830910383,0.06832300868179919,0.06832300868179919
fp64_gpu_xla_sqmc_reference_comparison,exact_scope_frozen_controls; epsilon_validity_nomination_then_full_score_flow_grid,full_d3_T2,repaired_permutation_ablation,201002,202001,True,"A[1,3]",-0.23072999588097903,-0.20140686341662942,0.029323132464349616,0.029323132464349616
fp64_gpu_xla_sqmc_reference_comparison,exact_scope_frozen_controls; epsilon_validity_nomination_then_full_score_flow_grid,full_d3_T2,repaired_permutation_ablation,201002,202001,True,"A[2,1]",-0.09854169530394374,-0.14943429249076257,-0.05089259718681882,0.05089259718681882
fp64_gpu_xla_sqmc_reference_comparison,exact_scope_frozen_controls; epsilon_validity_nomination_then_full_score_flow_grid,full_d3_T2,repaired_permutation_ablation,201002,202001,True,"A[2,2]",-0.9766146442559794,-0.9742097260356746,0.0024049182203048636,0.0024049182203048636
fp64_gpu_xla_sqmc_reference_comparison,exact_scope_frozen_controls; epsilon_validity_nomination_then_full_score_flow_grid,full_d3_T2,repaired_permutation_ablation,201002,202001,True,"A[2,3]",0.03210519384414612,0.11879626676200822,0.0866910729178621,0.0866910729178621
fp64_gpu_xla_sqmc_reference_comparison,exact_scope_frozen_controls; epsilon_validity_nomination_then_full_score_flow_grid,full_d3_T2,repaired_permutation_ablation,201002,202001,True,"A[3,1]",-1.731883087349209,-1.7106499628733727,0.021233124475836362,0.021233124475836362
fp64_gpu_xla_sqmc_reference_comparison,exact_scope_frozen_controls; epsilon_validity_nomination_then_full_score_flow_grid,full_d3_T2,repaired_permutation_ablation,201002,202001,True,"A[3,2]",-0.8658238864461263,-0.8336151973054882,0.032208689140638125,0.032208689140638125
fp64_gpu_xla_sqmc_reference_comparison,exact_scope_frozen_controls; epsilon_validity_nomination_then_full_score_flow_grid,full_d3_T2,repaired_permutation_ablation,201002,202001,True,"A[3,3]",-0.23161976369927412,-0.11756012866815096,0.11405963503112315,0.11405963503112315
fp64_gpu_xla_sqmc_reference_comparison,exact_scope_frozen_controls; epsilon_validity_nomination_then_full_score_flow_grid,full_d3_T2,repaired_permutation_ablation,201002,202001,True,"log_LQ[1,1]",-0.2967286839176108,-0.21310708439706466,0.08362159952054615,0.08362159952054615
fp64_gpu_xla_sqmc_reference_comparison,exact_scope_frozen_controls; epsilon_validity_nomination_then_full_score_flow_grid,full_d3_T2,repaired_permutation_ablation,201002,202001,True,"LQ[2,1]",0.9101256364579936,0.7476041941330935,-0.16252144232490007,0.16252144232490007
fp64_gpu_xla_sqmc_reference_comparison,exact_scope_frozen_controls; epsilon_validity_nomination_then_full_score_flow_grid,full_d3_T2,repaired_permutation_ablation,201002,202001,True,"log_LQ[2,2]",-0.6381787371291546,-0.6610677093967527,-0.022888972267598118,0.022888972267598118
fp64_gpu_xla_sqmc_reference_comparison,exact_scope_frozen_controls; epsilon_validity_nomination_then_full_score_flow_grid,full_d3_T2,repaired_permutation_ablation,201002,202001,True,"LQ[3,1]",0.39326842957970715,0.3630718007639968,-0.030196628815710336,0.030196628815710336
fp64_gpu_xla_sqmc_reference_comparison,exact_scope_frozen_controls; epsilon_validity_nomination_then_full_score_flow_grid,full_d3_T2,repaired_permutation_ablation,201002,202001,True,"LQ[3,2]",0.455859390233028,0.472628805992207,0.016769415759179007,0.016769415759179007
fp64_gpu_xla_sqmc_reference_comparison,exact_scope_frozen_controls; epsilon_validity_nomination_then_full_score_flow_grid,full_d3_T2,repaired_permutation_ablation,201002,202001,True,"log_LQ[3,3]",0.1736958043281562,0.10685467860013681,-0.0668411257280194,0.0668411257280194
fp64_gpu_xla_sqmc_reference_comparison,exact_scope_frozen_controls; epsilon_validity_nomination_then_full_score_flow_grid,full_d3_T2,repaired_permutation_ablation,201002,202001,True,log_R_variance,-0.17755025552454085,-0.19123534132345174,-0.013685085798910895,0.013685085798910895
fp64_gpu_xla_sqmc_reference_comparison,exact_scope_frozen_controls; epsilon_validity_nomination_then_full_score_flow_grid,full_d3_T2,repaired_permutation_ablation,201002,202001,True,initial_mean_scale,0.7310005454319308,0.7715797198408105,0.040579174408879704,0.040579174408879704
fp64_gpu_xla_sqmc_reference_comparison,exact_scope_frozen_controls; epsilon_validity_nomination_then_full_score_flow_grid,full_d3_T2,repaired_permutation_ablation,201002,202002,True,"A[1,1]",-0.3591960678189986,-0.3131299657991833,0.046066102019815314,0.046066102019815314
fp64_gpu_xla_sqmc_reference_comparison,exact_scope_frozen_controls; epsilon_validity_nomination_then_full_score_flow_grid,full_d3_T2,repaired_permutation_ablation,201002,202002,True,"A[1,2]",0.26875537440923913,0.23420781763355258,-0.03454755677568655,0.03454755677568655
fp64_gpu_xla_sqmc_reference_comparison,exact_scope_frozen_controls; epsilon_validity_nomination_then_full_score_flow_grid,full_d3_T2,repaired_permutation_ablation,201002,202002,True,"A[1,3]",-0.23072999588097903,-0.110955682565709,0.11977431331527004,0.11977431331527004
fp64_gpu_xla_sqmc_reference_comparison,exact_scope_frozen_controls; epsilon_validity_nomination_then_full_score_flow_grid,full_d3_T2,repaired_permutation_ablation,201002,202002,True,"A[2,1]",-0.09854169530394374,-0.15610207964147294,-0.05756038433752919,0.05756038433752919
fp64_gpu_xla_sqmc_reference_comparison,exact_scope_frozen_controls; epsilon_validity_nomination_then_full_score_flow_grid,full_d3_T2,repaired_permutation_ablation,201002,202002,True,"A[2,2]",-0.9766146442559794,-1.0839307380122676,-0.10731609375628814,0.10731609375628814
fp64_gpu_xla_sqmc_reference_comparison,exact_scope_frozen_controls; epsilon_validity_nomination_then_full_score_flow_grid,full_d3_T2,repaired_permutation_ablation,201002,202002,True,"A[2,3]",0.03210519384414612,-0.018954774828457643,-0.05105996867260376,0.05105996867260376
fp64_gpu_xla_sqmc_reference_comparison,exact_scope_frozen_controls; epsilon_validity_nomination_then_full_score_flow_grid,full_d3_T2,repaired_permutation_ablation,201002,202002,True,"A[3,1]",-1.731883087349209,-1.6104706045243726,0.12141248282483641,0.12141248282483641
fp64_gpu_xla_sqmc_reference_comparison,exact_scope_frozen_controls; epsilon_validity_nomination_then_full_score_flow_grid,full_d3_T2,repaired_permutation_ablation,201002,202002,True,"A[3,2]",-0.8658238864461263,-0.990171568481202,-0.12434768203507574,0.12434768203507574
fp64_gpu_xla_sqmc_reference_comparison,exact_scope_frozen_controls; epsilon_validity_nomination_then_full_score_flow_grid,full_d3_T2,repaired_permutation_ablation,201002,202002,True,"A[3,3]",-0.23161976369927412,-0.2968630005214624,-0.0652432368221883,0.0652432368221883
fp64_gpu_xla_sqmc_reference_comparison,exact_scope_frozen_controls; epsilon_validity_nomination_then_full_score_flow_grid,full_d3_T2,repaired_permutation_ablation,201002,202002,True,"log_LQ[1,1]",-0.2967286839176108,-0.309469621479173,-0.012740937561562193,0.012740937561562193
fp64_gpu_xla_sqmc_reference_comparison,exact_scope_frozen_controls; epsilon_validity_nomination_then_full_score_flow_grid,full_d3_T2,repaired_permutation_ablation,201002,202002,True,"LQ[2,1]",0.9101256364579936,1.0817557457260416,0.171630109268048,0.171630109268048
fp64_gpu_xla_sqmc_reference_comparison,exact_scope_frozen_controls; epsilon_validity_nomination_then_full_score_flow_grid,full_d3_T2,repaired_permutation_ablation,201002,202002,True,"log_LQ[2,2]",-0.6381787371291546,-0.5736611908706826,0.06451754625847206,0.06451754625847206
fp64_gpu_xla_sqmc_reference_comparison,exact_scope_frozen_controls; epsilon_validity_nomination_then_full_score_flow_grid,full_d3_T2,repaired_permutation_ablation,201002,202002,True,"LQ[3,1]",0.39326842957970715,0.19623640432813738,-0.19703202525156976,0.19703202525156976
fp64_gpu_xla_sqmc_reference_comparison,exact_scope_frozen_controls; epsilon_validity_nomination_then_full_score_flow_grid,full_d3_T2,repaired_permutation_ablation,201002,202002,True,"LQ[3,2]",0.455859390233028,0.517355789346206,0.061496399113177946,0.061496399113177946
fp64_gpu_xla_sqmc_reference_comparison,exact_scope_frozen_controls; epsilon_validity_nomination_then_full_score_flow_grid,full_d3_T2,repaired_permutation_ablation,201002,202002,True,"log_LQ[3,3]",0.1736958043281562,0.20838184266736937,0.03468603833921316,0.03468603833921316
fp64_gpu_xla_sqmc_reference_comparison,exact_scope_frozen_controls; epsilon_validity_nomination_then_full_score_flow_grid,full_d3_T2,repaired_permutation_ablation,201002,202002,True,log_R_variance,-0.17755025552454085,-0.15620024133534038,0.02135001418920046,0.02135001418920046
fp64_gpu_xla_sqmc_reference_comparison,exact_scope_frozen_controls; epsilon_validity_nomination_then_full_score_flow_grid,full_d3_T2,repaired_permutation_ablation,201002,202002,True,initial_mean_scale,0.7310005454319308,0.7572212831842692,0.026220737752338352,0.026220737752338352
fp64_gpu_xla_sqmc_reference_comparison,exact_scope_frozen_controls; epsilon_validity_nomination_then_full_score_flow_grid,full_d3_T10,iid_dual_cap,201001,202001,True,"A[1,1]",2.8453495194435874,3.268301398395388,0.42295187895180053,0.42295187895180053
fp64_gpu_xla_sqmc_reference_comparison,exact_scope_frozen_controls; epsilon_validity_nomination_then_full_score_flow_grid,full_d3_T10,iid_dual_cap,201001,202001,True,"A[1,2]",-0.976645553572616,-1.1335674004425886,-0.15692184686997268,0.15692184686997268
fp64_gpu_xla_sqmc_reference_comparison,exact_scope_frozen_controls; epsilon_validity_nomination_then_full_score_flow_grid,full_d3_T10,iid_dual_cap,201001,202001,True,"A[1,3]",2.436750687444821,2.5822695205197532,0.14551883307493219,0.14551883307493219
fp64_gpu_xla_sqmc_reference_comparison,exact_scope_frozen_controls; epsilon_validity_nomination_then_full_score_flow_grid,full_d3_T10,iid_dual_cap,201001,202001,True,"A[2,1]",1.0577778919553231,1.0748870709501408,0.017109178994817675,0.017109178994817675
fp64_gpu_xla_sqmc_reference_comparison,exact_scope_frozen_controls; epsilon_validity_nomination_then_full_score_flow_grid,full_d3_T10,iid_dual_cap,201001,202001,True,"A[2,2]",-1.397558622076376,-1.7016208537437936,-0.3040622316674175,0.3040622316674175
fp64_gpu_xla_sqmc_reference_comparison,exact_scope_frozen_controls; epsilon_validity_nomination_then_full_score_flow_grid,full_d3_T10,iid_dual_cap,201001,202001,True,"A[2,3]",-2.2004885429417147,-2.26632060820465,-0.06583206526293539,0.06583206526293539
fp64_gpu_xla_sqmc_reference_comparison,exact_scope_frozen_controls; epsilon_validity_nomination_then_full_score_flow_grid,full_d3_T10,iid_dual_cap,201001,202001,True,"A[3,1]",0.0822994733407465,-0.052381293330688306,-0.1346807666714348,0.1346807666714348
fp64_gpu_xla_sqmc_reference_comparison,exact_scope_frozen_controls; epsilon_validity_nomination_then_full_score_flow_grid,full_d3_T10,iid_dual_cap,201001,202001,True,"A[3,2]",-0.06562909950625326,-0.013082719802911869,0.05254637970334139,0.05254637970334139
fp64_gpu_xla_sqmc_reference_comparison,exact_scope_frozen_controls; epsilon_validity_nomination_then_full_score_flow_grid,full_d3_T10,iid_dual_cap,201001,202001,True,"A[3,3]",-5.347687103860865,-5.263995955267906,0.08369114859295923,0.08369114859295923
fp64_gpu_xla_sqmc_reference_comparison,exact_scope_frozen_controls; epsilon_validity_nomination_then_full_score_flow_grid,full_d3_T10,iid_dual_cap,201001,202001,True,"log_LQ[1,1]",-0.6225802281606527,-0.7723201613048448,-0.1497399331441921,0.1497399331441921
fp64_gpu_xla_sqmc_reference_comparison,exact_scope_frozen_controls; epsilon_validity_nomination_then_full_score_flow_grid,full_d3_T10,iid_dual_cap,201001,202001,True,"LQ[2,1]",-4.629469137604609,-4.5953277678961655,0.03414136970844339,0.03414136970844339
fp64_gpu_xla_sqmc_reference_comparison,exact_scope_frozen_controls; epsilon_validity_nomination_then_full_score_flow_grid,full_d3_T10,iid_dual_cap,201001,202001,True,"log_LQ[2,2]",-0.6524860276416543,-0.497128840960652,0.1553571866810023,0.1553571866810023
fp64_gpu_xla_sqmc_reference_comparison,exact_scope_frozen_controls; epsilon_validity_nomination_then_full_score_flow_grid,full_d3_T10,iid_dual_cap,201001,202001,True,"LQ[3,1]",0.5288129039181745,0.6530218517653967,0.12420894784722225,0.12420894784722225
fp64_gpu_xla_sqmc_reference_comparison,exact_scope_frozen_controls; epsilon_validity_nomination_then_full_score_flow_grid,full_d3_T10,iid_dual_cap,201001,202001,True,"LQ[3,2]",0.3624058585116312,0.539221056059958,0.17681519754832675,0.17681519754832675
fp64_gpu_xla_sqmc_reference_comparison,exact_scope_frozen_controls; epsilon_validity_nomination_then_full_score_flow_grid,full_d3_T10,iid_dual_cap,201001,202001,True,"log_LQ[3,3]",0.26995742307039977,0.2481965274538549,-0.021760895616544873,0.021760895616544873
fp64_gpu_xla_sqmc_reference_comparison,exact_scope_frozen_controls; epsilon_validity_nomination_then_full_score_flow_grid,full_d3_T10,iid_dual_cap,201001,202001,True,log_R_variance,0.9815198040290816,1.0098969522876045,0.02837714825852289,0.02837714825852289
fp64_gpu_xla_sqmc_reference_comparison,exact_scope_frozen_controls; epsilon_validity_nomination_then_full_score_flow_grid,full_d3_T10,iid_dual_cap,201001,202001,True,initial_mean_scale,2.0870990532412517,2.1213444120417035,0.034245358800451875,0.034245358800451875
fp64_gpu_xla_sqmc_reference_comparison,exact_scope_frozen_controls; epsilon_validity_nomination_then_full_score_flow_grid,full_d3_T10,iid_dual_cap,201001,202002,True,"A[1,1]",2.8453495194435874,2.832308952138426,-0.013040567305161233,0.013040567305161233
fp64_gpu_xla_sqmc_reference_comparison,exact_scope_frozen_controls; epsilon_validity_nomination_then_full_score_flow_grid,full_d3_T10,iid_dual_cap,201001,202002,True,"A[1,2]",-0.976645553572616,-0.8138753211146272,0.16277023245798872,0.16277023245798872
fp64_gpu_xla_sqmc_reference_comparison,exact_scope_frozen_controls; epsilon_validity_nomination_then_full_score_flow_grid,full_d3_T10,iid_dual_cap,201001,202002,True,"A[1,3]",2.436750687444821,2.4456252464710717,0.008874559026250672,0.008874559026250672
fp64_gpu_xla_sqmc_reference_comparison,exact_scope_frozen_controls; epsilon_validity_nomination_then_full_score_flow_grid,full_d3_T10,iid_dual_cap,201001,202002,True,"A[2,1]",1.0577778919553231,0.9400678137698242,-0.11771007818549895,0.11771007818549895
fp64_gpu_xla_sqmc_reference_comparison,exact_scope_frozen_controls; epsilon_validity_nomination_then_full_score_flow_grid,full_d3_T10,iid_dual_cap,201001,202002,True,"A[2,2]",-1.397558622076376,-1.391137344362526,0.006421277713850149,0.006421277713850149
fp64_gpu_xla_sqmc_reference_comparison,exact_scope_frozen_controls; epsilon_validity_nomination_then_full_score_flow_grid,full_d3_T10,iid_dual_cap,201001,202002,True,"A[2,3]",-2.2004885429417147,-2.177189706508253,0.023298836433461645,0.023298836433461645
fp64_gpu_xla_sqmc_reference_comparison,exact_scope_frozen_controls; epsilon_validity_nomination_then_full_score_flow_grid,full_d3_T10,iid_dual_cap,201001,202002,True,"A[3,1]",0.0822994733407465,0.01499977859542384,-0.06729969474532266,0.06729969474532266
fp64_gpu_xla_sqmc_reference_comparison,exact_scope_frozen_controls; epsilon_validity_nomination_then_full_score_flow_grid,full_d3_T10,iid_dual_cap,201001,202002,True,"A[3,2]",-0.06562909950625326,-0.06485508220149372,0.0007740173047595389,0.0007740173047595389
fp64_gpu_xla_sqmc_reference_comparison,exact_scope_frozen_controls; epsilon_validity_nomination_then_full_score_flow_grid,full_d3_T10,iid_dual_cap,201001,202002,True,"A[3,3]",-5.347687103860865,-5.46774667281495,-0.1200595689540851,0.1200595689540851
fp64_gpu_xla_sqmc_reference_comparison,exact_scope_frozen_controls; epsilon_validity_nomination_then_full_score_flow_grid,full_d3_T10,iid_dual_cap,201001,202002,True,"log_LQ[1,1]",-0.6225802281606527,-0.3200022532356567,0.30257797492499605,0.30257797492499605
fp64_gpu_xla_sqmc_reference_comparison,exact_scope_frozen_controls; epsilon_validity_nomination_then_full_score_flow_grid,full_d3_T10,iid_dual_cap,201001,202002,True,"LQ[2,1]",-4.629469137604609,-4.859577676968877,-0.23010853936426834,0.23010853936426834
fp64_gpu_xla_sqmc_reference_comparison,exact_scope_frozen_controls; epsilon_validity_nomination_then_full_score_flow_grid,full_d3_T10,iid_dual_cap,201001,202002,True,"log_LQ[2,2]",-0.6524860276416543,-0.593488389428658,0.058997638212996306,0.058997638212996306
fp64_gpu_xla_sqmc_reference_comparison,exact_scope_frozen_controls; epsilon_validity_nomination_then_full_score_flow_grid,full_d3_T10,iid_dual_cap,201001,202002,True,"LQ[3,1]",0.5288129039181745,0.6928418882961977,0.16402898437802327,0.16402898437802327
fp64_gpu_xla_sqmc_reference_comparison,exact_scope_frozen_controls; epsilon_validity_nomination_then_full_score_flow_grid,full_d3_T10,iid_dual_cap,201001,202002,True,"LQ[3,2]",0.3624058585116312,0.268794118568769,-0.0936117399428622,0.0936117399428622
fp64_gpu_xla_sqmc_reference_comparison,exact_scope_frozen_controls; epsilon_validity_nomination_then_full_score_flow_grid,full_d3_T10,iid_dual_cap,201001,202002,True,"log_LQ[3,3]",0.26995742307039977,0.338487159202839,0.06852973613243923,0.06852973613243923
fp64_gpu_xla_sqmc_reference_comparison,exact_scope_frozen_controls; epsilon_validity_nomination_then_full_score_flow_grid,full_d3_T10,iid_dual_cap,201001,202002,True,log_R_variance,0.9815198040290816,0.9633523075237552,-0.01816749650532634,0.01816749650532634
fp64_gpu_xla_sqmc_reference_comparison,exact_scope_frozen_controls; epsilon_validity_nomination_then_full_score_flow_grid,full_d3_T10,iid_dual_cap,201001,202002,True,initial_mean_scale,2.0870990532412517,2.269376526320482,0.18227747307923048,0.18227747307923048
fp64_gpu_xla_sqmc_reference_comparison,exact_scope_frozen_controls; epsilon_validity_nomination_then_full_score_flow_grid,full_d3_T10,iid_dual_cap,201002,202001,True,"A[1,1]",-0.405735975382127,-0.42821346687695105,-0.02247749149482403,0.02247749149482403
fp64_gpu_xla_sqmc_reference_comparison,exact_scope_frozen_controls; epsilon_validity_nomination_then_full_score_flow_grid,full_d3_T10,iid_dual_cap,201002,202001,True,"A[1,2]",2.3661324584989996,2.406872819946928,0.040740361447928475,0.040740361447928475
fp64_gpu_xla_sqmc_reference_comparison,exact_scope_frozen_controls; epsilon_validity_nomination_then_full_score_flow_grid,full_d3_T10,iid_dual_cap,201002,202001,True,"A[1,3]",0.057627867248809195,-0.0213844157030324,-0.0790122829518416,0.0790122829518416
fp64_gpu_xla_sqmc_reference_comparison,exact_scope_frozen_controls; epsilon_validity_nomination_then_full_score_flow_grid,full_d3_T10,iid_dual_cap,201002,202001,True,"A[2,1]",-0.3854123975114149,-0.2415791727328933,0.14383322477852156,0.14383322477852156
fp64_gpu_xla_sqmc_reference_comparison,exact_scope_frozen_controls; epsilon_validity_nomination_then_full_score_flow_grid,full_d3_T10,iid_dual_cap,201002,202001,True,"A[2,2]",-3.155093647058302,-3.2283794711169245,-0.0732858240586225,0.0732858240586225
fp64_gpu_xla_sqmc_reference_comparison,exact_scope_frozen_controls; epsilon_validity_nomination_then_full_score_flow_grid,full_d3_T10,iid_dual_cap,201002,202001,True,"A[2,3]",-0.18072735314852187,-0.2288104075631121,-0.04808305441459024,0.04808305441459024
fp64_gpu_xla_sqmc_reference_comparison,exact_scope_frozen_controls; epsilon_validity_nomination_then_full_score_flow_grid,full_d3_T10,iid_dual_cap,201002,202001,True,"A[3,1]",-3.8626216590667535,-3.900442566254768,-0.03782090718801445,0.03782090718801445
fp64_gpu_xla_sqmc_reference_comparison,exact_scope_frozen_controls; epsilon_validity_nomination_then_full_score_flow_grid,full_d3_T10,iid_dual_cap,201002,202001,True,"A[3,2]",-2.2619679030426068,-2.2733647223037186,-0.011396819261111801,0.011396819261111801
fp64_gpu_xla_sqmc_reference_comparison,exact_scope_frozen_controls; epsilon_validity_nomination_then_full_score_flow_grid,full_d3_T10,iid_dual_cap,201002,202001,True,"A[3,3]",-2.311495074531591,-2.4174304955691808,-0.1059354210375898,0.1059354210375898
fp64_gpu_xla_sqmc_reference_comparison,exact_scope_frozen_controls; epsilon_validity_nomination_then_full_score_flow_grid,full_d3_T10,iid_dual_cap,201002,202001,True,"log_LQ[1,1]",0.7637150589347951,0.8274459977379806,0.06373093880318548,0.06373093880318548
fp64_gpu_xla_sqmc_reference_comparison,exact_scope_frozen_controls; epsilon_validity_nomination_then_full_score_flow_grid,full_d3_T10,iid_dual_cap,201002,202001,True,"LQ[2,1]",3.9503070478716262,4.006911770284408,0.05660472241278214,0.05660472241278214
fp64_gpu_xla_sqmc_reference_comparison,exact_scope_frozen_controls; epsilon_validity_nomination_then_full_score_flow_grid,full_d3_T10,iid_dual_cap,201002,202001,True,"log_LQ[2,2]",-1.990684497905983,-1.887398246673206,0.10328625123277702,0.10328625123277702
fp64_gpu_xla_sqmc_reference_comparison,exact_scope_frozen_controls; epsilon_validity_nomination_then_full_score_flow_grid,full_d3_T10,iid_dual_cap,201002,202001,True,"LQ[3,1]",-0.8743180451483246,-0.8144673602298413,0.05985068491848322,0.05985068491848322
fp64_gpu_xla_sqmc_reference_comparison,exact_scope_frozen_controls; epsilon_validity_nomination_then_full_score_flow_grid,full_d3_T10,iid_dual_cap,201002,202001,True,"LQ[3,2]",2.00370332145745,2.0326857153890794,0.028982393931629602,0.028982393931629602
fp64_gpu_xla_sqmc_reference_comparison,exact_scope_frozen_controls; epsilon_validity_nomination_then_full_score_flow_grid,full_d3_T10,iid_dual_cap,201002,202001,True,"log_LQ[3,3]",-1.1252983160166896,-1.0467643654311392,0.07853395058555046,0.07853395058555046
fp64_gpu_xla_sqmc_reference_comparison,exact_scope_frozen_controls; epsilon_validity_nomination_then_full_score_flow_grid,full_d3_T10,iid_dual_cap,201002,202001,True,log_R_variance,0.17605390278637584,0.18976454674082832,0.013710643954452484,0.013710643954452484
fp64_gpu_xla_sqmc_reference_comparison,exact_scope_frozen_controls; epsilon_validity_nomination_then_full_score_flow_grid,full_d3_T10,iid_dual_cap,201002,202001,True,initial_mean_scale,0.7170789452289971,0.73008277999292,0.013003834763922972,0.013003834763922972
fp64_gpu_xla_sqmc_reference_comparison,exact_scope_frozen_controls; epsilon_validity_nomination_then_full_score_flow_grid,full_d3_T10,iid_dual_cap,201002,202002,True,"A[1,1]",-0.405735975382127,-0.608144601182204,-0.202408625800077,0.202408625800077
fp64_gpu_xla_sqmc_reference_comparison,exact_scope_frozen_controls; epsilon_validity_nomination_then_full_score_flow_grid,full_d3_T10,iid_dual_cap,201002,202002,True,"A[1,2]",2.3661324584989996,2.294202675264502,-0.07192978323449761,0.07192978323449761
fp64_gpu_xla_sqmc_reference_comparison,exact_scope_frozen_controls; epsilon_validity_nomination_then_full_score_flow_grid,full_d3_T10,iid_dual_cap,201002,202002,True,"A[1,3]",0.057627867248809195,0.14052052304783547,0.08289265579902627,0.08289265579902627
fp64_gpu_xla_sqmc_reference_comparison,exact_scope_frozen_controls; epsilon_validity_nomination_then_full_score_flow_grid,full_d3_T10,iid_dual_cap,201002,202002,True,"A[2,1]",-0.3854123975114149,-0.43091035122745047,-0.0454979537160356,0.0454979537160356
fp64_gpu_xla_sqmc_reference_comparison,exact_scope_frozen_controls; epsilon_validity_nomination_then_full_score_flow_grid,full_d3_T10,iid_dual_cap,201002,202002,True,"A[2,2]",-3.155093647058302,-3.181095545960489,-0.02600189890218685,0.02600189890218685
fp64_gpu_xla_sqmc_reference_comparison,exact_scope_frozen_controls; epsilon_validity_nomination_then_full_score_flow_grid,full_d3_T10,iid_dual_cap,201002,202002,True,"A[2,3]",-0.18072735314852187,-0.18062663904803666,0.00010071410048520524,0.00010071410048520524
fp64_gpu_xla_sqmc_reference_comparison,exact_scope_frozen_controls; epsilon_validity_nomination_then_full_score_flow_grid,full_d3_T10,iid_dual_cap,201002,202002,True,"A[3,1]",-3.8626216590667535,-4.041157538092689,-0.17853587902593526,0.17853587902593526
fp64_gpu_xla_sqmc_reference_comparison,exact_scope_frozen_controls; epsilon_validity_nomination_then_full_score_flow_grid,full_d3_T10,iid_dual_cap,201002,202002,True,"A[3,2]",-2.2619679030426068,-2.324740119490852,-0.06277221644824538,0.06277221644824538
fp64_gpu_xla_sqmc_reference_comparison,exact_scope_frozen_controls; epsilon_validity_nomination_then_full_score_flow_grid,full_d3_T10,iid_dual_cap,201002,202002,True,"A[3,3]",-2.311495074531591,-2.34143905733913,-0.029943982807539182,0.029943982807539182
fp64_gpu_xla_sqmc_reference_comparison,exact_scope_frozen_controls; epsilon_validity_nomination_then_full_score_flow_grid,full_d3_T10,iid_dual_cap,201002,202002,True,"log_LQ[1,1]",0.7637150589347951,0.8715395777129629,0.10782451877816779,0.10782451877816779
fp64_gpu_xla_sqmc_reference_comparison,exact_scope_frozen_controls; epsilon_validity_nomination_then_full_score_flow_grid,full_d3_T10,iid_dual_cap,201002,202002,True,"LQ[2,1]",3.9503070478716262,3.9452781899208897,-0.005028857950736487,0.005028857950736487
fp64_gpu_xla_sqmc_reference_comparison,exact_scope_frozen_controls; epsilon_validity_nomination_then_full_score_flow_grid,full_d3_T10,iid_dual_cap,201002,202002,True,"log_LQ[2,2]",-1.990684497905983,-1.9397939768495924,0.05089052105639058,0.05089052105639058
fp64_gpu_xla_sqmc_reference_comparison,exact_scope_frozen_controls; epsilon_validity_nomination_then_full_score_flow_grid,full_d3_T10,iid_dual_cap,201002,202002,True,"LQ[3,1]",-0.8743180451483246,-0.7678632700915298,0.10645477505679479,0.10645477505679479
fp64_gpu_xla_sqmc_reference_comparison,exact_scope_frozen_controls; epsilon_validity_nomination_then_full_score_flow_grid,full_d3_T10,iid_dual_cap,201002,202002,True,"LQ[3,2]",2.00370332145745,2.0588584766679268,0.05515515521047698,0.05515515521047698
fp64_gpu_xla_sqmc_reference_comparison,exact_scope_frozen_controls; epsilon_validity_nomination_then_full_score_flow_grid,full_d3_T10,iid_dual_cap,201002,202002,True,"log_LQ[3,3]",-1.1252983160166896,-1.1209275117599438,0.004370804256745853,0.004370804256745853
fp64_gpu_xla_sqmc_reference_comparison,exact_scope_frozen_controls; epsilon_validity_nomination_then_full_score_flow_grid,full_d3_T10,iid_dual_cap,201002,202002,True,log_R_variance,0.17605390278637584,0.13277467106483387,-0.043279231721541966,0.043279231721541966
fp64_gpu_xla_sqmc_reference_comparison,exact_scope_frozen_controls; epsilon_validity_nomination_then_full_score_flow_grid,full_d3_T10,iid_dual_cap,201002,202002,True,initial_mean_scale,0.7170789452289971,0.6929679837203732,-0.024110961508623907,0.024110961508623907
fp64_gpu_xla_sqmc_reference_comparison,exact_scope_frozen_controls; epsilon_validity_nomination_then_full_score_flow_grid,full_d3_T10,previous_inverse_cdf,201001,202001,True,"A[1,1]",2.8453495194435874,2.6699045905567416,-0.17544492888684582,0.17544492888684582
fp64_gpu_xla_sqmc_reference_comparison,exact_scope_frozen_controls; epsilon_validity_nomination_then_full_score_flow_grid,full_d3_T10,previous_inverse_cdf,201001,202001,True,"A[1,2]",-0.976645553572616,-1.1108048533563342,-0.1341592997837182,0.1341592997837182
fp64_gpu_xla_sqmc_reference_comparison,exact_scope_frozen_controls; epsilon_validity_nomination_then_full_score_flow_grid,full_d3_T10,previous_inverse_cdf,201001,202001,True,"A[1,3]",2.436750687444821,2.465551268526129,0.028800581081307897,0.028800581081307897
fp64_gpu_xla_sqmc_reference_comparison,exact_scope_frozen_controls; epsilon_validity_nomination_then_full_score_flow_grid,full_d3_T10,previous_inverse_cdf,201001,202001,True,"A[2,1]",1.0577778919553231,1.12707214274478,0.06929425078945695,0.06929425078945695
fp64_gpu_xla_sqmc_reference_comparison,exact_scope_frozen_controls; epsilon_validity_nomination_then_full_score_flow_grid,full_d3_T10,previous_inverse_cdf,201001,202001,True,"A[2,2]",-1.397558622076376,-1.4763846734212371,-0.07882605134486109,0.07882605134486109
fp64_gpu_xla_sqmc_reference_comparison,exact_scope_frozen_controls; epsilon_validity_nomination_then_full_score_flow_grid,full_d3_T10,previous_inverse_cdf,201001,202001,True,"A[2,3]",-2.2004885429417147,-2.134898269586386,0.06559027335532885,0.06559027335532885
fp64_gpu_xla_sqmc_reference_comparison,exact_scope_frozen_controls; epsilon_validity_nomination_then_full_score_flow_grid,full_d3_T10,previous_inverse_cdf,201001,202001,True,"A[3,1]",0.0822994733407465,0.0022307511507670963,-0.0800687221899794,0.0800687221899794
fp64_gpu_xla_sqmc_reference_comparison,exact_scope_frozen_controls; epsilon_validity_nomination_then_full_score_flow_grid,full_d3_T10,previous_inverse_cdf,201001,202001,True,"A[3,2]",-0.06562909950625326,-0.008217928257001628,0.05741117124925163,0.05741117124925163
fp64_gpu_xla_sqmc_reference_comparison,exact_scope_frozen_controls; epsilon_validity_nomination_then_full_score_flow_grid,full_d3_T10,previous_inverse_cdf,201001,202001,True,"A[3,3]",-5.347687103860865,-5.400793668329015,-0.0531065644681501,0.0531065644681501
fp64_gpu_xla_sqmc_reference_comparison,exact_scope_frozen_controls; epsilon_validity_nomination_then_full_score_flow_grid,full_d3_T10,previous_inverse_cdf,201001,202001,True,"log_LQ[1,1]",-0.6225802281606527,-0.6101127387527936,0.012467489407859134,0.012467489407859134
fp64_gpu_xla_sqmc_reference_comparison,exact_scope_frozen_controls; epsilon_validity_nomination_then_full_score_flow_grid,full_d3_T10,previous_inverse_cdf,201001,202001,True,"LQ[2,1]",-4.629469137604609,-4.509261565277933,0.12020757232667556,0.12020757232667556
fp64_gpu_xla_sqmc_reference_comparison,exact_scope_frozen_controls; epsilon_validity_nomination_then_full_score_flow_grid,full_d3_T10,previous_inverse_cdf,201001,202001,True,"log_LQ[2,2]",-0.6524860276416543,-0.6217173548149689,0.030768672826685384,0.030768672826685384
fp64_gpu_xla_sqmc_reference_comparison,exact_scope_frozen_controls; epsilon_validity_nomination_then_full_score_flow_grid,full_d3_T10,previous_inverse_cdf,201001,202001,True,"LQ[3,1]",0.5288129039181745,0.5060842156788373,-0.022728688239337158,0.022728688239337158
fp64_gpu_xla_sqmc_reference_comparison,exact_scope_frozen_controls; epsilon_validity_nomination_then_full_score_flow_grid,full_d3_T10,previous_inverse_cdf,201001,202001,True,"LQ[3,2]",0.3624058585116312,0.3376350234237653,-0.024770835087865928,0.024770835087865928
fp64_gpu_xla_sqmc_reference_comparison,exact_scope_frozen_controls; epsilon_validity_nomination_then_full_score_flow_grid,full_d3_T10,previous_inverse_cdf,201001,202001,True,"log_LQ[3,3]",0.26995742307039977,0.26914966857973743,-0.000807754490662338,0.000807754490662338
fp64_gpu_xla_sqmc_reference_comparison,exact_scope_frozen_controls; epsilon_validity_nomination_then_full_score_flow_grid,full_d3_T10,previous_inverse_cdf,201001,202001,True,log_R_variance,0.9815198040290816,1.005421634629588,0.023901830600506324,0.023901830600506324
fp64_gpu_xla_sqmc_reference_comparison,exact_scope_frozen_controls; epsilon_validity_nomination_then_full_score_flow_grid,full_d3_T10,previous_inverse_cdf,201001,202001,True,initial_mean_scale,2.0870990532412517,2.0389309180858266,-0.04816813515542506,0.04816813515542506
fp64_gpu_xla_sqmc_reference_comparison,exact_scope_frozen_controls; epsilon_validity_nomination_then_full_score_flow_grid,full_d3_T10,previous_inverse_cdf,201001,202002,True,"A[1,1]",2.8453495194435874,2.8325253228345626,-0.012824196609024785,0.012824196609024785
fp64_gpu_xla_sqmc_reference_comparison,exact_scope_frozen_controls; epsilon_validity_nomination_then_full_score_flow_grid,full_d3_T10,previous_inverse_cdf,201001,202002,True,"A[1,2]",-0.976645553572616,-1.0990109252704614,-0.12236537169784545,0.12236537169784545
fp64_gpu_xla_sqmc_reference_comparison,exact_scope_frozen_controls; epsilon_validity_nomination_then_full_score_flow_grid,full_d3_T10,previous_inverse_cdf,201001,202002,True,"A[1,3]",2.436750687444821,2.4833843212836317,0.046633633838810695,0.046633633838810695
fp64_gpu_xla_sqmc_reference_comparison,exact_scope_frozen_controls; epsilon_validity_nomination_then_full_score_flow_grid,full_d3_T10,previous_inverse_cdf,201001,202002,True,"A[2,1]",1.0577778919553231,1.0892627413422336,0.03148484938691043,0.03148484938691043
fp64_gpu_xla_sqmc_reference_comparison,exact_scope_frozen_controls; epsilon_validity_nomination_then_full_score_flow_grid,full_d3_T10,previous_inverse_cdf,201001,202002,True,"A[2,2]",-1.397558622076376,-1.5484401175563747,-0.15088149547999863,0.15088149547999863
fp64_gpu_xla_sqmc_reference_comparison,exact_scope_frozen_controls; epsilon_validity_nomination_then_full_score_flow_grid,full_d3_T10,previous_inverse_cdf,201001,202002,True,"A[2,3]",-2.2004885429417147,-2.16121621759676,0.039272325344954506,0.039272325344954506
fp64_gpu_xla_sqmc_reference_comparison,exact_scope_frozen_controls; epsilon_validity_nomination_then_full_score_flow_grid,full_d3_T10,previous_inverse_cdf,201001,202002,True,"A[3,1]",0.0822994733407465,0.08262484262184766,0.00032536928110116214,0.00032536928110116214
fp64_gpu_xla_sqmc_reference_comparison,exact_scope_frozen_controls; epsilon_validity_nomination_then_full_score_flow_grid,full_d3_T10,previous_inverse_cdf,201001,202002,True,"A[3,2]",-0.06562909950625326,-0.05124099578932617,0.014388103716927086,0.014388103716927086
fp64_gpu_xla_sqmc_reference_comparison,exact_scope_frozen_controls; epsilon_validity_nomination_then_full_score_flow_grid,full_d3_T10,previous_inverse_cdf,201001,202002,True,"A[3,3]",-5.347687103860865,-5.494717581397421,-0.14703047753655607,0.14703047753655607
fp64_gpu_xla_sqmc_reference_comparison,exact_scope_frozen_controls; epsilon_validity_nomination_then_full_score_flow_grid,full_d3_T10,previous_inverse_cdf,201001,202002,True,"log_LQ[1,1]",-0.6225802281606527,-0.5016934217032658,0.12088680645738692,0.12088680645738692
fp64_gpu_xla_sqmc_reference_comparison,exact_scope_frozen_controls; epsilon_validity_nomination_then_full_score_flow_grid,full_d3_T10,previous_inverse_cdf,201001,202002,True,"LQ[2,1]",-4.629469137604609,-4.57187737752141,0.05759176008319855,0.05759176008319855
fp64_gpu_xla_sqmc_reference_comparison,exact_scope_frozen_controls; epsilon_validity_nomination_then_full_score_flow_grid,full_d3_T10,previous_inverse_cdf,201001,202002,True,"log_LQ[2,2]",-0.6524860276416543,-0.5643862802341106,0.08809974740754367,0.08809974740754367
fp64_gpu_xla_sqmc_reference_comparison,exact_scope_frozen_controls; epsilon_validity_nomination_then_full_score_flow_grid,full_d3_T10,previous_inverse_cdf,201001,202002,True,"LQ[3,1]",0.5288129039181745,0.5293099310178846,0.0004970270997101123,0.0004970270997101123
fp64_gpu_xla_sqmc_reference_comparison,exact_scope_frozen_controls; epsilon_validity_nomination_then_full_score_flow_grid,full_d3_T10,previous_inverse_cdf,201001,202002,True,"LQ[3,2]",0.3624058585116312,0.3692779498705727,0.006872091358941512,0.006872091358941512
fp64_gpu_xla_sqmc_reference_comparison,exact_scope_frozen_controls; epsilon_validity_nomination_then_full_score_flow_grid,full_d3_T10,previous_inverse_cdf,201001,202002,True,"log_LQ[3,3]",0.26995742307039977,0.33525396389084683,0.06529654082044706,0.06529654082044706
fp64_gpu_xla_sqmc_reference_comparison,exact_scope_frozen_controls; epsilon_validity_nomination_then_full_score_flow_grid,full_d3_T10,previous_inverse_cdf,201001,202002,True,log_R_variance,0.9815198040290816,1.0145249698975018,0.03300516586842028,0.03300516586842028
fp64_gpu_xla_sqmc_reference_comparison,exact_scope_frozen_controls; epsilon_validity_nomination_then_full_score_flow_grid,full_d3_T10,previous_inverse_cdf,201001,202002,True,initial_mean_scale,2.0870990532412517,2.1071212177625447,0.020022164521293018,0.020022164521293018
fp64_gpu_xla_sqmc_reference_comparison,exact_scope_frozen_controls; epsilon_validity_nomination_then_full_score_flow_grid,full_d3_T10,previous_inverse_cdf,201002,202001,True,"A[1,1]",-0.405735975382127,-0.5549468009854459,-0.1492108256033189,0.1492108256033189
fp64_gpu_xla_sqmc_reference_comparison,exact_scope_frozen_controls; epsilon_validity_nomination_then_full_score_flow_grid,full_d3_T10,previous_inverse_cdf,201002,202001,True,"A[1,2]",2.3661324584989996,2.3684794586513327,0.002347000152333134,0.002347000152333134
fp64_gpu_xla_sqmc_reference_comparison,exact_scope_frozen_controls; epsilon_validity_nomination_then_full_score_flow_grid,full_d3_T10,previous_inverse_cdf,201002,202001,True,"A[1,3]",0.057627867248809195,0.15861179064390019,0.10098392339509099,0.10098392339509099
fp64_gpu_xla_sqmc_reference_comparison,exact_scope_frozen_controls; epsilon_validity_nomination_then_full_score_flow_grid,full_d3_T10,previous_inverse_cdf,201002,202001,True,"A[2,1]",-0.3854123975114149,-0.42466237719372296,-0.03924997968230809,0.03924997968230809
fp64_gpu_xla_sqmc_reference_comparison,exact_scope_frozen_controls; epsilon_validity_nomination_then_full_score_flow_grid,full_d3_T10,previous_inverse_cdf,201002,202001,True,"A[2,2]",-3.155093647058302,-3.194033590758294,-0.038939943699991986,0.038939943699991986
fp64_gpu_xla_sqmc_reference_comparison,exact_scope_frozen_controls; epsilon_validity_nomination_then_full_score_flow_grid,full_d3_T10,previous_inverse_cdf,201002,202001,True,"A[2,3]",-0.18072735314852187,-0.06098638382358063,0.11974096932494124,0.11974096932494124
fp64_gpu_xla_sqmc_reference_comparison,exact_scope_frozen_controls; epsilon_validity_nomination_then_full_score_flow_grid,full_d3_T10,previous_inverse_cdf,201002,202001,True,"A[3,1]",-3.8626216590667535,-3.831035305742363,0.031586353324390526,0.031586353324390526
fp64_gpu_xla_sqmc_reference_comparison,exact_scope_frozen_controls; epsilon_validity_nomination_then_full_score_flow_grid,full_d3_T10,previous_inverse_cdf,201002,202001,True,"A[3,2]",-2.2619679030426068,-2.1820303935780427,0.07993750946456402,0.07993750946456402
fp64_gpu_xla_sqmc_reference_comparison,exact_scope_frozen_controls; epsilon_validity_nomination_then_full_score_flow_grid,full_d3_T10,previous_inverse_cdf,201002,202001,True,"A[3,3]",-2.311495074531591,-2.206301614417806,0.10519346011378516,0.10519346011378516
fp64_gpu_xla_sqmc_reference_comparison,exact_scope_frozen_controls; epsilon_validity_nomination_then_full_score_flow_grid,full_d3_T10,previous_inverse_cdf,201002,202001,True,"log_LQ[1,1]",0.7637150589347951,0.847470924695811,0.0837558657610159,0.0837558657610159
fp64_gpu_xla_sqmc_reference_comparison,exact_scope_frozen_controls; epsilon_validity_nomination_then_full_score_flow_grid,full_d3_T10,previous_inverse_cdf,201002,202001,True,"LQ[2,1]",3.9503070478716262,3.86431427315971,-0.08599277471191602,0.08599277471191602
fp64_gpu_xla_sqmc_reference_comparison,exact_scope_frozen_controls; epsilon_validity_nomination_then_full_score_flow_grid,full_d3_T10,previous_inverse_cdf,201002,202001,True,"log_LQ[2,2]",-1.990684497905983,-1.9774978269535222,0.013186670952460844,0.013186670952460844
fp64_gpu_xla_sqmc_reference_comparison,exact_scope_frozen_controls; epsilon_validity_nomination_then_full_score_flow_grid,full_d3_T10,previous_inverse_cdf,201002,202001,True,"LQ[3,1]",-0.8743180451483246,-0.9010327461603613,-0.026714701012036768,0.026714701012036768
fp64_gpu_xla_sqmc_reference_comparison,exact_scope_frozen_controls; epsilon_validity_nomination_then_full_score_flow_grid,full_d3_T10,previous_inverse_cdf,201002,202001,True,"LQ[3,2]",2.00370332145745,1.9403286852086605,-0.06337463624878925,0.06337463624878925
fp64_gpu_xla_sqmc_reference_comparison,exact_scope_frozen_controls; epsilon_validity_nomination_then_full_score_flow_grid,full_d3_T10,previous_inverse_cdf,201002,202001,True,"log_LQ[3,3]",-1.1252983160166896,-1.2022946166779698,-0.07699630066128016,0.07699630066128016
fp64_gpu_xla_sqmc_reference_comparison,exact_scope_frozen_controls; epsilon_validity_nomination_then_full_score_flow_grid,full_d3_T10,previous_inverse_cdf,201002,202001,True,log_R_variance,0.17605390278637584,0.16614772020502813,-0.009906182581347706,0.009906182581347706
fp64_gpu_xla_sqmc_reference_comparison,exact_scope_frozen_controls; epsilon_validity_nomination_then_full_score_flow_grid,full_d3_T10,previous_inverse_cdf,201002,202001,True,initial_mean_scale,0.7170789452289971,0.7372186366354914,0.020139691406494298,0.020139691406494298
fp64_gpu_xla_sqmc_reference_comparison,exact_scope_frozen_controls; epsilon_validity_nomination_then_full_score_flow_grid,full_d3_T10,previous_inverse_cdf,201002,202002,True,"A[1,1]",-0.405735975382127,-0.25284752422737533,0.1528884511547517,0.1528884511547517
fp64_gpu_xla_sqmc_reference_comparison,exact_scope_frozen_controls; epsilon_validity_nomination_then_full_score_flow_grid,full_d3_T10,previous_inverse_cdf,201002,202002,True,"A[1,2]",2.3661324584989996,2.318147887563921,-0.04798457093507835,0.04798457093507835
fp64_gpu_xla_sqmc_reference_comparison,exact_scope_frozen_controls; epsilon_validity_nomination_then_full_score_flow_grid,full_d3_T10,previous_inverse_cdf,201002,202002,True,"A[1,3]",0.057627867248809195,0.20785945926198912,0.15023159201317993,0.15023159201317993
fp64_gpu_xla_sqmc_reference_comparison,exact_scope_frozen_controls; epsilon_validity_nomination_then_full_score_flow_grid,full_d3_T10,previous_inverse_cdf,201002,202002,True,"A[2,1]",-0.3854123975114149,-0.3901962385250084,-0.004783841013593526,0.004783841013593526
fp64_gpu_xla_sqmc_reference_comparison,exact_scope_frozen_controls; epsilon_validity_nomination_then_full_score_flow_grid,full_d3_T10,previous_inverse_cdf,201002,202002,True,"A[2,2]",-3.155093647058302,-3.2231399182795695,-0.0680462712212675,0.0680462712212675
fp64_gpu_xla_sqmc_reference_comparison,exact_scope_frozen_controls; epsilon_validity_nomination_then_full_score_flow_grid,full_d3_T10,previous_inverse_cdf,201002,202002,True,"A[2,3]",-0.18072735314852187,-0.21487681081502846,-0.034149457666506594,0.034149457666506594
fp64_gpu_xla_sqmc_reference_comparison,exact_scope_frozen_controls; epsilon_validity_nomination_then_full_score_flow_grid,full_d3_T10,previous_inverse_cdf,201002,202002,True,"A[3,1]",-3.8626216590667535,-3.7615998066359753,0.10102185243077821,0.10102185243077821
fp64_gpu_xla_sqmc_reference_comparison,exact_scope_frozen_controls; epsilon_validity_nomination_then_full_score_flow_grid,full_d3_T10,previous_inverse_cdf,201002,202002,True,"A[3,2]",-2.2619679030426068,-2.3460768779542325,-0.08410897491162572,0.08410897491162572
fp64_gpu_xla_sqmc_reference_comparison,exact_scope_frozen_controls; epsilon_validity_nomination_then_full_score_flow_grid,full_d3_T10,previous_inverse_cdf,201002,202002,True,"A[3,3]",-2.311495074531591,-2.415742074086207,-0.1042469995546158,0.1042469995546158
fp64_gpu_xla_sqmc_reference_comparison,exact_scope_frozen_controls; epsilon_validity_nomination_then_full_score_flow_grid,full_d3_T10,previous_inverse_cdf,201002,202002,True,"log_LQ[1,1]",0.7637150589347951,0.6847702933626345,-0.07894476557216057,0.07894476557216057
fp64_gpu_xla_sqmc_reference_comparison,exact_scope_frozen_controls; epsilon_validity_nomination_then_full_score_flow_grid,full_d3_T10,previous_inverse_cdf,201002,202002,True,"LQ[2,1]",3.9503070478716262,4.113758572258978,0.16345152438735155,0.16345152438735155
fp64_gpu_xla_sqmc_reference_comparison,exact_scope_frozen_controls; epsilon_validity_nomination_then_full_score_flow_grid,full_d3_T10,previous_inverse_cdf,201002,202002,True,"log_LQ[2,2]",-1.990684497905983,-1.9209429125277557,0.06974158537822728,0.06974158537822728
fp64_gpu_xla_sqmc_reference_comparison,exact_scope_frozen_controls; epsilon_validity_nomination_then_full_score_flow_grid,full_d3_T10,previous_inverse_cdf,201002,202002,True,"LQ[3,1]",-0.8743180451483246,-1.0493766691560868,-0.1750586240077623,0.1750586240077623
fp64_gpu_xla_sqmc_reference_comparison,exact_scope_frozen_controls; epsilon_validity_nomination_then_full_score_flow_grid,full_d3_T10,previous_inverse_cdf,201002,202002,True,"LQ[3,2]",2.00370332145745,1.9822152082057962,-0.021488113251653562,0.021488113251653562
fp64_gpu_xla_sqmc_reference_comparison,exact_scope_frozen_controls; epsilon_validity_nomination_then_full_score_flow_grid,full_d3_T10,previous_inverse_cdf,201002,202002,True,"log_LQ[3,3]",-1.1252983160166896,-1.0651413393675475,0.0601569766491421,0.0601569766491421
fp64_gpu_xla_sqmc_reference_comparison,exact_scope_frozen_controls; epsilon_validity_nomination_then_full_score_flow_grid,full_d3_T10,previous_inverse_cdf,201002,202002,True,log_R_variance,0.17605390278637584,0.18716782734213955,0.01111392455576371,0.01111392455576371
fp64_gpu_xla_sqmc_reference_comparison,exact_scope_frozen_controls; epsilon_validity_nomination_then_full_score_flow_grid,full_d3_T10,previous_inverse_cdf,201002,202002,True,initial_mean_scale,0.7170789452289971,0.7391311278437527,0.02205218261475561,0.02205218261475561
fp64_gpu_xla_sqmc_reference_comparison,exact_scope_frozen_controls; epsilon_validity_nomination_then_full_score_flow_grid,full_d3_T10,repaired_permutation,201001,202001,True,"A[1,1]",2.8453495194435874,2.712298189927991,-0.13305132951559617,0.13305132951559617
fp64_gpu_xla_sqmc_reference_comparison,exact_scope_frozen_controls; epsilon_validity_nomination_then_full_score_flow_grid,full_d3_T10,repaired_permutation,201001,202001,True,"A[1,2]",-0.976645553572616,-0.9474986388349034,0.02914691473771258,0.02914691473771258
fp64_gpu_xla_sqmc_reference_comparison,exact_scope_frozen_controls; epsilon_validity_nomination_then_full_score_flow_grid,full_d3_T10,repaired_permutation,201001,202001,True,"A[1,3]",2.436750687444821,2.448233625461512,0.01148293801669098,0.01148293801669098
fp64_gpu_xla_sqmc_reference_comparison,exact_scope_frozen_controls; epsilon_validity_nomination_then_full_score_flow_grid,full_d3_T10,repaired_permutation,201001,202001,True,"A[2,1]",1.0577778919553231,1.0877441873352613,0.029966295379938224,0.029966295379938224
fp64_gpu_xla_sqmc_reference_comparison,exact_scope_frozen_controls; epsilon_validity_nomination_then_full_score_flow_grid,full_d3_T10,repaired_permutation,201001,202001,True,"A[2,2]",-1.397558622076376,-1.4192137168121768,-0.02165509473580074,0.02165509473580074
fp64_gpu_xla_sqmc_reference_comparison,exact_scope_frozen_controls; epsilon_validity_nomination_then_full_score_flow_grid,full_d3_T10,repaired_permutation,201001,202001,True,"A[2,3]",-2.2004885429417147,-2.2128419070084684,-0.012353364066753691,0.012353364066753691
fp64_gpu_xla_sqmc_reference_comparison,exact_scope_frozen_controls; epsilon_validity_nomination_then_full_score_flow_grid,full_d3_T10,repaired_permutation,201001,202001,True,"A[3,1]",0.0822994733407465,-0.00026418864507737894,-0.08256366198582388,0.08256366198582388
fp64_gpu_xla_sqmc_reference_comparison,exact_scope_frozen_controls; epsilon_validity_nomination_then_full_score_flow_grid,full_d3_T10,repaired_permutation,201001,202001,True,"A[3,2]",-0.06562909950625326,-0.0570394222743239,0.008589677231929355,0.008589677231929355
fp64_gpu_xla_sqmc_reference_comparison,exact_scope_frozen_controls; epsilon_validity_nomination_then_full_score_flow_grid,full_d3_T10,repaired_permutation,201001,202001,True,"A[3,3]",-5.347687103860865,-5.414619832707883,-0.06693272884701784,0.06693272884701784
fp64_gpu_xla_sqmc_reference_comparison,exact_scope_frozen_controls; epsilon_validity_nomination_then_full_score_flow_grid,full_d3_T10,repaired_permutation,201001,202001,True,"log_LQ[1,1]",-0.6225802281606527,-0.5895702099596641,0.03301001820098859,0.03301001820098859
fp64_gpu_xla_sqmc_reference_comparison,exact_scope_frozen_controls; epsilon_validity_nomination_then_full_score_flow_grid,full_d3_T10,repaired_permutation,201001,202001,True,"LQ[2,1]",-4.629469137604609,-4.646983988172357,-0.01751485056774804,0.01751485056774804
fp64_gpu_xla_sqmc_reference_comparison,exact_scope_frozen_controls; epsilon_validity_nomination_then_full_score_flow_grid,full_d3_T10,repaired_permutation,201001,202001,True,"log_LQ[2,2]",-0.6524860276416543,-0.6417712027074425,0.01071482493421183,0.01071482493421183
fp64_gpu_xla_sqmc_reference_comparison,exact_scope_frozen_controls; epsilon_validity_nomination_then_full_score_flow_grid,full_d3_T10,repaired_permutation,201001,202001,True,"LQ[3,1]",0.5288129039181745,0.587874616330138,0.05906171241196356,0.05906171241196356
fp64_gpu_xla_sqmc_reference_comparison,exact_scope_frozen_controls; epsilon_validity_nomination_then_full_score_flow_grid,full_d3_T10,repaired_permutation,201001,202001,True,"LQ[3,2]",0.3624058585116312,0.39053307390898484,0.028127215397353633,0.028127215397353633
fp64_gpu_xla_sqmc_reference_comparison,exact_scope_frozen_controls; epsilon_validity_nomination_then_full_score_flow_grid,full_d3_T10,repaired_permutation,201001,202001,True,"log_LQ[3,3]",0.26995742307039977,0.29931435211403323,0.029356929043633462,0.029356929043633462
fp64_gpu_xla_sqmc_reference_comparison,exact_scope_frozen_controls; epsilon_validity_nomination_then_full_score_flow_grid,full_d3_T10,repaired_permutation,201001,202001,True,log_R_variance,0.9815198040290816,0.9829640438032358,0.001444239774154199,0.001444239774154199
fp64_gpu_xla_sqmc_reference_comparison,exact_scope_frozen_controls; epsilon_validity_nomination_then_full_score_flow_grid,full_d3_T10,repaired_permutation,201001,202001,True,initial_mean_scale,2.0870990532412517,2.059246387172855,-0.027852666068396648,0.027852666068396648
fp64_gpu_xla_sqmc_reference_comparison,exact_scope_frozen_controls; epsilon_validity_nomination_then_full_score_flow_grid,full_d3_T10,repaired_permutation,201001,202002,True,"A[1,1]",2.8453495194435874,2.884519332216087,0.03916981277249976,0.03916981277249976
fp64_gpu_xla_sqmc_reference_comparison,exact_scope_frozen_controls; epsilon_validity_nomination_then_full_score_flow_grid,full_d3_T10,repaired_permutation,201001,202002,True,"A[1,2]",-0.976645553572616,-1.1187179840871548,-0.14207243051453888,0.14207243051453888
fp64_gpu_xla_sqmc_reference_comparison,exact_scope_frozen_controls; epsilon_validity_nomination_then_full_score_flow_grid,full_d3_T10,repaired_permutation,201001,202002,True,"A[1,3]",2.436750687444821,2.519884821417519,0.08313413397269809,0.08313413397269809
fp64_gpu_xla_sqmc_reference_comparison,exact_scope_frozen_controls; epsilon_validity_nomination_then_full_score_flow_grid,full_d3_T10,repaired_permutation,201001,202002,True,"A[2,1]",1.0577778919553231,1.1361721402430094,0.07839424828768626,0.07839424828768626
fp64_gpu_xla_sqmc_reference_comparison,exact_scope_frozen_controls; epsilon_validity_nomination_then_full_score_flow_grid,full_d3_T10,repaired_permutation,201001,202002,True,"A[2,2]",-1.397558622076376,-1.542120272762691,-0.144561650686315,0.144561650686315
fp64_gpu_xla_sqmc_reference_comparison,exact_scope_frozen_controls; epsilon_validity_nomination_then_full_score_flow_grid,full_d3_T10,repaired_permutation,201001,202002,True,"A[2,3]",-2.2004885429417147,-2.134030257018939,0.06645828592277558,0.06645828592277558
fp64_gpu_xla_sqmc_reference_comparison,exact_scope_frozen_controls; epsilon_validity_nomination_then_full_score_flow_grid,full_d3_T10,repaired_permutation,201001,202002,True,"A[3,1]",0.0822994733407465,0.11540923485928467,0.03310976151853817,0.03310976151853817
fp64_gpu_xla_sqmc_reference_comparison,exact_scope_frozen_controls; epsilon_validity_nomination_then_full_score_flow_grid,full_d3_T10,repaired_permutation,201001,202002,True,"A[3,2]",-0.06562909950625326,-0.06845936169625289,-0.002830262189999627,0.002830262189999627
fp64_gpu_xla_sqmc_reference_comparison,exact_scope_frozen_controls; epsilon_validity_nomination_then_full_score_flow_grid,full_d3_T10,repaired_permutation,201001,202002,True,"A[3,3]",-5.347687103860865,-5.463646090915117,-0.11595898705425167,0.11595898705425167
fp64_gpu_xla_sqmc_reference_comparison,exact_scope_frozen_controls; epsilon_validity_nomination_then_full_score_flow_grid,full_d3_T10,repaired_permutation,201001,202002,True,"log_LQ[1,1]",-0.6225802281606527,-0.5464245802630149,0.07615564789763785,0.07615564789763785
fp64_gpu_xla_sqmc_reference_comparison,exact_scope_frozen_controls; epsilon_validity_nomination_then_full_score_flow_grid,full_d3_T10,repaired_permutation,201001,202002,True,"LQ[2,1]",-4.629469137604609,-4.580651079949057,0.04881805765555214,0.04881805765555214
fp64_gpu_xla_sqmc_reference_comparison,exact_scope_frozen_controls; epsilon_validity_nomination_then_full_score_flow_grid,full_d3_T10,repaired_permutation,201001,202002,True,"log_LQ[2,2]",-0.6524860276416543,-0.5675579017830529,0.08492812585860143,0.08492812585860143
fp64_gpu_xla_sqmc_reference_comparison,exact_scope_frozen_controls; epsilon_validity_nomination_then_full_score_flow_grid,full_d3_T10,repaired_permutation,201001,202002,True,"LQ[3,1]",0.5288129039181745,0.5380115935251432,0.00919868960696868,0.00919868960696868
fp64_gpu_xla_sqmc_reference_comparison,exact_scope_frozen_controls; epsilon_validity_nomination_then_full_score_flow_grid,full_d3_T10,repaired_permutation,201001,202002,True,"LQ[3,2]",0.3624058585116312,0.3490107551698911,-0.0133951033417401,0.0133951033417401
fp64_gpu_xla_sqmc_reference_comparison,exact_scope_frozen_controls; epsilon_validity_nomination_then_full_score_flow_grid,full_d3_T10,repaired_permutation,201001,202002,True,"log_LQ[3,3]",0.26995742307039977,0.3345265750530779,0.06456915198267815,0.06456915198267815
fp64_gpu_xla_sqmc_reference_comparison,exact_scope_frozen_controls; epsilon_validity_nomination_then_full_score_flow_grid,full_d3_T10,repaired_permutation,201001,202002,True,log_R_variance,0.9815198040290816,1.016367206691324,0.03484740266224251,0.03484740266224251
fp64_gpu_xla_sqmc_reference_comparison,exact_scope_frozen_controls; epsilon_validity_nomination_then_full_score_flow_grid,full_d3_T10,repaired_permutation,201001,202002,True,initial_mean_scale,2.0870990532412517,2.1063302766364664,0.01923122339521477,0.01923122339521477
fp64_gpu_xla_sqmc_reference_comparison,exact_scope_frozen_controls; epsilon_validity_nomination_then_full_score_flow_grid,full_d3_T10,repaired_permutation,201002,202001,True,"A[1,1]",-0.405735975382127,-0.49095844373646,-0.085222468354333,0.085222468354333
fp64_gpu_xla_sqmc_reference_comparison,exact_scope_frozen_controls; epsilon_validity_nomination_then_full_score_flow_grid,full_d3_T10,repaired_permutation,201002,202001,True,"A[1,2]",2.3661324584989996,2.399265274586533,0.03313281608753327,0.03313281608753327
fp64_gpu_xla_sqmc_reference_comparison,exact_scope_frozen_controls; epsilon_validity_nomination_then_full_score_flow_grid,full_d3_T10,repaired_permutation,201002,202001,True,"A[1,3]",0.057627867248809195,0.0795726745062344,0.021944807257425203,0.021944807257425203
fp64_gpu_xla_sqmc_reference_comparison,exact_scope_frozen_controls; epsilon_validity_nomination_then_full_score_flow_grid,full_d3_T10,repaired_permutation,201002,202001,True,"A[2,1]",-0.3854123975114149,-0.4234359191004774,-0.038023521589062526,0.038023521589062526
fp64_gpu_xla_sqmc_reference_comparison,exact_scope_frozen_controls; epsilon_validity_nomination_then_full_score_flow_grid,full_d3_T10,repaired_permutation,201002,202001,True,"A[2,2]",-3.155093647058302,-3.1168046031582626,0.0382890439000394,0.0382890439000394
fp64_gpu_xla_sqmc_reference_comparison,exact_scope_frozen_controls; epsilon_validity_nomination_then_full_score_flow_grid,full_d3_T10,repaired_permutation,201002,202001,True,"A[2,3]",-0.18072735314852187,-0.08810704425343074,0.09262030889509112,0.09262030889509112
fp64_gpu_xla_sqmc_reference_comparison,exact_scope_frozen_controls; epsilon_validity_nomination_then_full_score_flow_grid,full_d3_T10,repaired_permutation,201002,202001,True,"A[3,1]",-3.8626216590667535,-3.8674170724009573,-0.004795413334203857,0.004795413334203857
fp64_gpu_xla_sqmc_reference_comparison,exact_scope_frozen_controls; epsilon_validity_nomination_then_full_score_flow_grid,full_d3_T10,repaired_permutation,201002,202001,True,"A[3,2]",-2.2619679030426068,-2.20721364343973,0.05475425960287694,0.05475425960287694
fp64_gpu_xla_sqmc_reference_comparison,exact_scope_frozen_controls; epsilon_validity_nomination_then_full_score_flow_grid,full_d3_T10,repaired_permutation,201002,202001,True,"A[3,3]",-2.311495074531591,-2.194610239050321,0.11688483548127016,0.11688483548127016
fp64_gpu_xla_sqmc_reference_comparison,exact_scope_frozen_controls; epsilon_validity_nomination_then_full_score_flow_grid,full_d3_T10,repaired_permutation,201002,202001,True,"log_LQ[1,1]",0.7637150589347951,0.8252799343099833,0.06156487537518818,0.06156487537518818
fp64_gpu_xla_sqmc_reference_comparison,exact_scope_frozen_controls; epsilon_validity_nomination_then_full_score_flow_grid,full_d3_T10,repaired_permutation,201002,202001,True,"LQ[2,1]",3.9503070478716262,3.8198248031673288,-0.13048224470429748,0.13048224470429748
fp64_gpu_xla_sqmc_reference_comparison,exact_scope_frozen_controls; epsilon_validity_nomination_then_full_score_flow_grid,full_d3_T10,repaired_permutation,201002,202001,True,"log_LQ[2,2]",-1.990684497905983,-2.0205364892844138,-0.029851991378430753,0.029851991378430753
fp64_gpu_xla_sqmc_reference_comparison,exact_scope_frozen_controls; epsilon_validity_nomination_then_full_score_flow_grid,full_d3_T10,repaired_permutation,201002,202001,True,"LQ[3,1]",-0.8743180451483246,-0.8748748869809853,-0.0005568418326606928,0.0005568418326606928
fp64_gpu_xla_sqmc_reference_comparison,exact_scope_frozen_controls; epsilon_validity_nomination_then_full_score_flow_grid,full_d3_T10,repaired_permutation,201002,202001,True,"LQ[3,2]",2.00370332145745,2.0225772827840465,0.01887396132659669,0.01887396132659669
fp64_gpu_xla_sqmc_reference_comparison,exact_scope_frozen_controls; epsilon_validity_nomination_then_full_score_flow_grid,full_d3_T10,repaired_permutation,201002,202001,True,"log_LQ[3,3]",-1.1252983160166896,-1.1975107353800953,-0.07221241936340572,0.07221241936340572
fp64_gpu_xla_sqmc_reference_comparison,exact_scope_frozen_controls; epsilon_validity_nomination_then_full_score_flow_grid,full_d3_T10,repaired_permutation,201002,202001,True,log_R_variance,0.17605390278637584,0.15643153655139175,-0.01962236623498409,0.01962236623498409
fp64_gpu_xla_sqmc_reference_comparison,exact_scope_frozen_controls; epsilon_validity_nomination_then_full_score_flow_grid,full_d3_T10,repaired_permutation,201002,202001,True,initial_mean_scale,0.7170789452289971,0.7572399306894967,0.04016098546049962,0.04016098546049962
fp64_gpu_xla_sqmc_reference_comparison,exact_scope_frozen_controls; epsilon_validity_nomination_then_full_score_flow_grid,full_d3_T10,repaired_permutation,201002,202002,True,"A[1,1]",-0.405735975382127,-0.30013812942060003,0.10559784596152699,0.10559784596152699
fp64_gpu_xla_sqmc_reference_comparison,exact_scope_frozen_controls; epsilon_validity_nomination_then_full_score_flow_grid,full_d3_T10,repaired_permutation,201002,202002,True,"A[1,2]",2.3661324584989996,2.3137789462147245,-0.052353512284275094,0.052353512284275094
fp64_gpu_xla_sqmc_reference_comparison,exact_scope_frozen_controls; epsilon_validity_nomination_then_full_score_flow_grid,full_d3_T10,repaired_permutation,201002,202002,True,"A[1,3]",0.057627867248809195,0.21975315561284792,0.16212528836403872,0.16212528836403872
fp64_gpu_xla_sqmc_reference_comparison,exact_scope_frozen_controls; epsilon_validity_nomination_then_full_score_flow_grid,full_d3_T10,repaired_permutation,201002,202002,True,"A[2,1]",-0.3854123975114149,-0.4357587862587011,-0.05034638874728625,0.05034638874728625
fp64_gpu_xla_sqmc_reference_comparison,exact_scope_frozen_controls; epsilon_validity_nomination_then_full_score_flow_grid,full_d3_T10,repaired_permutation,201002,202002,True,"A[2,2]",-3.155093647058302,-3.2420642172764658,-0.08697057021816379,0.08697057021816379
fp64_gpu_xla_sqmc_reference_comparison,exact_scope_frozen_controls; epsilon_validity_nomination_then_full_score_flow_grid,full_d3_T10,repaired_permutation,201002,202002,True,"A[2,3]",-0.18072735314852187,-0.22055732319632948,-0.03982997004780761,0.03982997004780761
fp64_gpu_xla_sqmc_reference_comparison,exact_scope_frozen_controls; epsilon_validity_nomination_then_full_score_flow_grid,full_d3_T10,repaired_permutation,201002,202002,True,"A[3,1]",-3.8626216590667535,-3.7329125811373487,0.12970907792940478,0.12970907792940478
fp64_gpu_xla_sqmc_reference_comparison,exact_scope_frozen_controls; epsilon_validity_nomination_then_full_score_flow_grid,full_d3_T10,repaired_permutation,201002,202002,True,"A[3,2]",-2.2619679030426068,-2.3783506477972916,-0.1163827447546848,0.1163827447546848
fp64_gpu_xla_sqmc_reference_comparison,exact_scope_frozen_controls; epsilon_validity_nomination_then_full_score_flow_grid,full_d3_T10,repaired_permutation,201002,202002,True,"A[3,3]",-2.311495074531591,-2.364854625471487,-0.05335955093989586,0.05335955093989586
fp64_gpu_xla_sqmc_reference_comparison,exact_scope_frozen_controls; epsilon_validity_nomination_then_full_score_flow_grid,full_d3_T10,repaired_permutation,201002,202002,True,"log_LQ[1,1]",0.7637150589347951,0.6989930350214648,-0.06472202391333026,0.06472202391333026
fp64_gpu_xla_sqmc_reference_comparison,exact_scope_frozen_controls; epsilon_validity_nomination_then_full_score_flow_grid,full_d3_T10,repaired_permutation,201002,202002,True,"LQ[2,1]",3.9503070478716262,4.153782992712007,0.20347594484038112,0.20347594484038112
fp64_gpu_xla_sqmc_reference_comparison,exact_scope_frozen_controls; epsilon_validity_nomination_then_full_score_flow_grid,full_d3_T10,repaired_permutation,201002,202002,True,"log_LQ[2,2]",-1.990684497905983,-1.9222049757046733,0.0684795222013097,0.0684795222013097
fp64_gpu_xla_sqmc_reference_comparison,exact_scope_frozen_controls; epsilon_validity_nomination_then_full_score_flow_grid,full_d3_T10,repaired_permutation,201002,202002,True,"LQ[3,1]",-0.8743180451483246,-1.1147970803078437,-0.24047903515951918,0.24047903515951918
fp64_gpu_xla_sqmc_reference_comparison,exact_scope_frozen_controls; epsilon_validity_nomination_then_full_score_flow_grid,full_d3_T10,repaired_permutation,201002,202002,True,"LQ[3,2]",2.00370332145745,2.059353067187654,0.05564974573020409,0.05564974573020409
fp64_gpu_xla_sqmc_reference_comparison,exact_scope_frozen_controls; epsilon_validity_nomination_then_full_score_flow_grid,full_d3_T10,repaired_permutation,201002,202002,True,"log_LQ[3,3]",-1.1252983160166896,-1.098923136757153,0.026375179259536585,0.026375179259536585
fp64_gpu_xla_sqmc_reference_comparison,exact_scope_frozen_controls; epsilon_validity_nomination_then_full_score_flow_grid,full_d3_T10,repaired_permutation,201002,202002,True,log_R_variance,0.17605390278637584,0.1950748441657374,0.019020941379361556,0.019020941379361556
fp64_gpu_xla_sqmc_reference_comparison,exact_scope_frozen_controls; epsilon_validity_nomination_then_full_score_flow_grid,full_d3_T10,repaired_permutation,201002,202002,True,initial_mean_scale,0.7170789452289971,0.7435664415651537,0.026487496336156657,0.026487496336156657
fp64_gpu_xla_sqmc_reference_comparison,exact_scope_frozen_controls; epsilon_validity_nomination_then_full_score_flow_grid,full_d3_T10,repaired_permutation_ablation,201001,202001,True,"A[1,1]",2.8453495194435874,2.728164089460329,-0.11718542998325843,0.11718542998325843
fp64_gpu_xla_sqmc_reference_comparison,exact_scope_frozen_controls; epsilon_validity_nomination_then_full_score_flow_grid,full_d3_T10,repaired_permutation_ablation,201001,202001,True,"A[1,2]",-0.976645553572616,-0.9383477683358098,0.03829778523680616,0.03829778523680616
fp64_gpu_xla_sqmc_reference_comparison,exact_scope_frozen_controls; epsilon_validity_nomination_then_full_score_flow_grid,full_d3_T10,repaired_permutation_ablation,201001,202001,True,"A[1,3]",2.436750687444821,2.449404424064677,0.012653736619856026,0.012653736619856026
fp64_gpu_xla_sqmc_reference_comparison,exact_scope_frozen_controls; epsilon_validity_nomination_then_full_score_flow_grid,full_d3_T10,repaired_permutation_ablation,201001,202001,True,"A[2,1]",1.0577778919553231,1.1010297905738031,0.04325189861848,0.04325189861848
fp64_gpu_xla_sqmc_reference_comparison,exact_scope_frozen_controls; epsilon_validity_nomination_then_full_score_flow_grid,full_d3_T10,repaired_permutation_ablation,201001,202001,True,"A[2,2]",-1.397558622076376,-1.4234067525140621,-0.02584813043768608,0.02584813043768608
fp64_gpu_xla_sqmc_reference_comparison,exact_scope_frozen_controls; epsilon_validity_nomination_then_full_score_flow_grid,full_d3_T10,repaired_permutation_ablation,201001,202001,True,"A[2,3]",-2.2004885429417147,-2.2081126590261557,-0.007624116084441024,0.007624116084441024
fp64_gpu_xla_sqmc_reference_comparison,exact_scope_frozen_controls; epsilon_validity_nomination_then_full_score_flow_grid,full_d3_T10,repaired_permutation_ablation,201001,202001,True,"A[3,1]",0.0822994733407465,-0.0046957064722623065,-0.0869951798130088,0.0869951798130088
fp64_gpu_xla_sqmc_reference_comparison,exact_scope_frozen_controls; epsilon_validity_nomination_then_full_score_flow_grid,full_d3_T10,repaired_permutation_ablation,201001,202001,True,"A[3,2]",-0.06562909950625326,-0.027421364036356977,0.03820773546989628,0.03820773546989628
fp64_gpu_xla_sqmc_reference_comparison,exact_scope_frozen_controls; epsilon_validity_nomination_then_full_score_flow_grid,full_d3_T10,repaired_permutation_ablation,201001,202001,True,"A[3,3]",-5.347687103860865,-5.39390801280047,-0.0462209089396044,0.0462209089396044
fp64_gpu_xla_sqmc_reference_comparison,exact_scope_frozen_controls; epsilon_validity_nomination_then_full_score_flow_grid,full_d3_T10,repaired_permutation_ablation,201001,202001,True,"log_LQ[1,1]",-0.6225802281606527,-0.5899749791458501,0.03260524901480266,0.03260524901480266
fp64_gpu_xla_sqmc_reference_comparison,exact_scope_frozen_controls; epsilon_validity_nomination_then_full_score_flow_grid,full_d3_T10,repaired_permutation_ablation,201001,202001,True,"LQ[2,1]",-4.629469137604609,-4.652325932780811,-0.022856795176202205,0.022856795176202205
fp64_gpu_xla_sqmc_reference_comparison,exact_scope_frozen_controls; epsilon_validity_nomination_then_full_score_flow_grid,full_d3_T10,repaired_permutation_ablation,201001,202001,True,"log_LQ[2,2]",-0.6524860276416543,-0.6416162051736332,0.01086982246802115,0.01086982246802115
fp64_gpu_xla_sqmc_reference_comparison,exact_scope_frozen_controls; epsilon_validity_nomination_then_full_score_flow_grid,full_d3_T10,repaired_permutation_ablation,201001,202001,True,"LQ[3,1]",0.5288129039181745,0.5990770696658317,0.07026416574765726,0.07026416574765726
fp64_gpu_xla_sqmc_reference_comparison,exact_scope_frozen_controls; epsilon_validity_nomination_then_full_score_flow_grid,full_d3_T10,repaired_permutation_ablation,201001,202001,True,"LQ[3,2]",0.3624058585116312,0.3796149626408343,0.017209104129203068,0.017209104129203068
fp64_gpu_xla_sqmc_reference_comparison,exact_scope_frozen_controls; epsilon_validity_nomination_then_full_score_flow_grid,full_d3_T10,repaired_permutation_ablation,201001,202001,True,"log_LQ[3,3]",0.26995742307039977,0.2885341087760973,0.018576685705697538,0.018576685705697538
fp64_gpu_xla_sqmc_reference_comparison,exact_scope_frozen_controls; epsilon_validity_nomination_then_full_score_flow_grid,full_d3_T10,repaired_permutation_ablation,201001,202001,True,log_R_variance,0.9815198040290816,0.9836709705952559,0.002151166566174312,0.002151166566174312
fp64_gpu_xla_sqmc_reference_comparison,exact_scope_frozen_controls; epsilon_validity_nomination_then_full_score_flow_grid,full_d3_T10,repaired_permutation_ablation,201001,202001,True,initial_mean_scale,2.0870990532412517,2.059202040068033,-0.0278970131732188,0.0278970131732188
fp64_gpu_xla_sqmc_reference_comparison,exact_scope_frozen_controls; epsilon_validity_nomination_then_full_score_flow_grid,full_d3_T10,repaired_permutation_ablation,201001,202002,True,"A[1,1]",2.8453495194435874,2.9137324936866476,0.06838297424306017,0.06838297424306017
fp64_gpu_xla_sqmc_reference_comparison,exact_scope_frozen_controls; epsilon_validity_nomination_then_full_score_flow_grid,full_d3_T10,repaired_permutation_ablation,201001,202002,True,"A[1,2]",-0.976645553572616,-1.101247087157582,-0.12460153358496595,0.12460153358496595
fp64_gpu_xla_sqmc_reference_comparison,exact_scope_frozen_controls; epsilon_validity_nomination_then_full_score_flow_grid,full_d3_T10,repaired_permutation_ablation,201001,202002,True,"A[1,3]",2.436750687444821,2.528527896319374,0.09177720887455276,0.09177720887455276
fp64_gpu_xla_sqmc_reference_comparison,exact_scope_frozen_controls; epsilon_validity_nomination_then_full_score_flow_grid,full_d3_T10,repaired_permutation_ablation,201001,202002,True,"A[2,1]",1.0577778919553231,1.125316923437235,0.06753903148191198,0.06753903148191198
fp64_gpu_xla_sqmc_reference_comparison,exact_scope_frozen_controls; epsilon_validity_nomination_then_full_score_flow_grid,full_d3_T10,repaired_permutation_ablation,201001,202002,True,"A[2,2]",-1.397558622076376,-1.5391523191057634,-0.1415936970293874,0.1415936970293874
fp64_gpu_xla_sqmc_reference_comparison,exact_scope_frozen_controls; epsilon_validity_nomination_then_full_score_flow_grid,full_d3_T10,repaired_permutation_ablation,201001,202002,True,"A[2,3]",-2.2004885429417147,-2.1330230991271453,0.06746544381456943,0.06746544381456943
fp64_gpu_xla_sqmc_reference_comparison,exact_scope_frozen_controls; epsilon_validity_nomination_then_full_score_flow_grid,full_d3_T10,repaired_permutation_ablation,201001,202002,True,"A[3,1]",0.0822994733407465,0.10603339967454495,0.02373392633379845,0.02373392633379845
fp64_gpu_xla_sqmc_reference_comparison,exact_scope_frozen_controls; epsilon_validity_nomination_then_full_score_flow_grid,full_d3_T10,repaired_permutation_ablation,201001,202002,True,"A[3,2]",-0.06562909950625326,-0.07855524564753358,-0.01292614614128032,0.01292614614128032
fp64_gpu_xla_sqmc_reference_comparison,exact_scope_frozen_controls; epsilon_validity_nomination_then_full_score_flow_grid,full_d3_T10,repaired_permutation_ablation,201001,202002,True,"A[3,3]",-5.347687103860865,-5.458053772191692,-0.11036666833082709,0.11036666833082709
fp64_gpu_xla_sqmc_reference_comparison,exact_scope_frozen_controls; epsilon_validity_nomination_then_full_score_flow_grid,full_d3_T10,repaired_permutation_ablation,201001,202002,True,"log_LQ[1,1]",-0.6225802281606527,-0.5593727891448353,0.06320743901581738,0.06320743901581738
fp64_gpu_xla_sqmc_reference_comparison,exact_scope_frozen_controls; epsilon_validity_nomination_then_full_score_flow_grid,full_d3_T10,repaired_permutation_ablation,201001,202002,True,"LQ[2,1]",-4.629469137604609,-4.578489394950413,0.0509797426541958,0.0509797426541958
fp64_gpu_xla_sqmc_reference_comparison,exact_scope_frozen_controls; epsilon_validity_nomination_then_full_score_flow_grid,full_d3_T10,repaired_permutation_ablation,201001,202002,True,"log_LQ[2,2]",-0.6524860276416543,-0.5645174422657757,0.0879685853758786,0.0879685853758786
fp64_gpu_xla_sqmc_reference_comparison,exact_scope_frozen_controls; epsilon_validity_nomination_then_full_score_flow_grid,full_d3_T10,repaired_permutation_ablation,201001,202002,True,"LQ[3,1]",0.5288129039181745,0.5257394728033186,-0.003073431114855918,0.003073431114855918
fp64_gpu_xla_sqmc_reference_comparison,exact_scope_frozen_controls; epsilon_validity_nomination_then_full_score_flow_grid,full_d3_T10,repaired_permutation_ablation,201001,202002,True,"LQ[3,2]",0.3624058585116312,0.34955833579654416,-0.012847522715087045,0.012847522715087045
fp64_gpu_xla_sqmc_reference_comparison,exact_scope_frozen_controls; epsilon_validity_nomination_then_full_score_flow_grid,full_d3_T10,repaired_permutation_ablation,201001,202002,True,"log_LQ[3,3]",0.26995742307039977,0.330573225156801,0.060615802086401216,0.060615802086401216
fp64_gpu_xla_sqmc_reference_comparison,exact_scope_frozen_controls; epsilon_validity_nomination_then_full_score_flow_grid,full_d3_T10,repaired_permutation_ablation,201001,202002,True,log_R_variance,0.9815198040290816,1.0176768505668707,0.03615704653778917,0.03615704653778917
fp64_gpu_xla_sqmc_reference_comparison,exact_scope_frozen_controls; epsilon_validity_nomination_then_full_score_flow_grid,full_d3_T10,repaired_permutation_ablation,201001,202002,True,initial_mean_scale,2.0870990532412517,2.1069286610578386,0.019829607816586936,0.019829607816586936
fp64_gpu_xla_sqmc_reference_comparison,exact_scope_frozen_controls; epsilon_validity_nomination_then_full_score_flow_grid,full_d3_T10,repaired_permutation_ablation,201002,202001,True,"A[1,1]",-0.405735975382127,-0.5293912532716156,-0.1236552778894886,0.1236552778894886
fp64_gpu_xla_sqmc_reference_comparison,exact_scope_frozen_controls; epsilon_validity_nomination_then_full_score_flow_grid,full_d3_T10,repaired_permutation_ablation,201002,202001,True,"A[1,2]",2.3661324584989996,2.4004899697245206,0.034357511225521,0.034357511225521
fp64_gpu_xla_sqmc_reference_comparison,exact_scope_frozen_controls; epsilon_validity_nomination_then_full_score_flow_grid,full_d3_T10,repaired_permutation_ablation,201002,202001,True,"A[1,3]",0.057627867248809195,0.09367321955860658,0.036045352309797385,0.036045352309797385
fp64_gpu_xla_sqmc_reference_comparison,exact_scope_frozen_controls; epsilon_validity_nomination_then_full_score_flow_grid,full_d3_T10,repaired_permutation_ablation,201002,202001,True,"A[2,1]",-0.3854123975114149,-0.4446364510879856,-0.059224053576570734,0.059224053576570734
fp64_gpu_xla_sqmc_reference_comparison,exact_scope_frozen_controls; epsilon_validity_nomination_then_full_score_flow_grid,full_d3_T10,repaired_permutation_ablation,201002,202001,True,"A[2,2]",-3.155093647058302,-3.149392782854819,0.005700864203483036,0.005700864203483036
fp64_gpu_xla_sqmc_reference_comparison,exact_scope_frozen_controls; epsilon_validity_nomination_then_full_score_flow_grid,full_d3_T10,repaired_permutation_ablation,201002,202001,True,"A[2,3]",-0.18072735314852187,-0.0922696388342126,0.08845771431430927,0.08845771431430927
fp64_gpu_xla_sqmc_reference_comparison,exact_scope_frozen_controls; epsilon_validity_nomination_then_full_score_flow_grid,full_d3_T10,repaired_permutation_ablation,201002,202001,True,"A[3,1]",-3.8626216590667535,-3.8886126970778876,-0.025991038011134115,0.025991038011134115
fp64_gpu_xla_sqmc_reference_comparison,exact_scope_frozen_controls; epsilon_validity_nomination_then_full_score_flow_grid,full_d3_T10,repaired_permutation_ablation,201002,202001,True,"A[3,2]",-2.2619679030426068,-2.223780016088623,0.038187886953983785,0.038187886953983785
fp64_gpu_xla_sqmc_reference_comparison,exact_scope_frozen_controls; epsilon_validity_nomination_then_full_score_flow_grid,full_d3_T10,repaired_permutation_ablation,201002,202001,True,"A[3,3]",-2.311495074531591,-2.2156287643099914,0.09586631022159953,0.09586631022159953
fp64_gpu_xla_sqmc_reference_comparison,exact_scope_frozen_controls; epsilon_validity_nomination_then_full_score_flow_grid,full_d3_T10,repaired_permutation_ablation,201002,202001,True,"log_LQ[1,1]",0.7637150589347951,0.841820622693906,0.07810556375911093,0.07810556375911093
fp64_gpu_xla_sqmc_reference_comparison,exact_scope_frozen_controls; epsilon_validity_nomination_then_full_score_flow_grid,full_d3_T10,repaired_permutation_ablation,201002,202001,True,"LQ[2,1]",3.9503070478716262,3.8163906928260305,-0.13391635504559574,0.13391635504559574
fp64_gpu_xla_sqmc_reference_comparison,exact_scope_frozen_controls; epsilon_validity_nomination_then_full_score_flow_grid,full_d3_T10,repaired_permutation_ablation,201002,202001,True,"log_LQ[2,2]",-1.990684497905983,-2.010199881308752,-0.019515383402768816,0.019515383402768816
fp64_gpu_xla_sqmc_reference_comparison,exact_scope_frozen_controls; epsilon_validity_nomination_then_full_score_flow_grid,full_d3_T10,repaired_permutation_ablation,201002,202001,True,"LQ[3,1]",-0.8743180451483246,-0.8728753979011843,0.0014426472471402718,0.0014426472471402718
fp64_gpu_xla_sqmc_reference_comparison,exact_scope_frozen_controls; epsilon_validity_nomination_then_full_score_flow_grid,full_d3_T10,repaired_permutation_ablation,201002,202001,True,"LQ[3,2]",2.00370332145745,2.0294474045797717,0.025744083122321904,0.025744083122321904
fp64_gpu_xla_sqmc_reference_comparison,exact_scope_frozen_controls; epsilon_validity_nomination_then_full_score_flow_grid,full_d3_T10,repaired_permutation_ablation,201002,202001,True,"log_LQ[3,3]",-1.1252983160166896,-1.1836888883067471,-0.05839057229005751,0.05839057229005751
fp64_gpu_xla_sqmc_reference_comparison,exact_scope_frozen_controls; epsilon_validity_nomination_then_full_score_flow_grid,full_d3_T10,repaired_permutation_ablation,201002,202001,True,log_R_variance,0.17605390278637584,0.14979972202380787,-0.02625418076256797,0.02625418076256797
fp64_gpu_xla_sqmc_reference_comparison,exact_scope_frozen_controls; epsilon_validity_nomination_then_full_score_flow_grid,full_d3_T10,repaired_permutation_ablation,201002,202001,True,initial_mean_scale,0.7170789452289971,0.7572543239719594,0.04017537874296229,0.04017537874296229
fp64_gpu_xla_sqmc_reference_comparison,exact_scope_frozen_controls; epsilon_validity_nomination_then_full_score_flow_grid,full_d3_T10,repaired_permutation_ablation,201002,202002,True,"A[1,1]",-0.405735975382127,-0.309722723203282,0.09601325217884504,0.09601325217884504
fp64_gpu_xla_sqmc_reference_comparison,exact_scope_frozen_controls; epsilon_validity_nomination_then_full_score_flow_grid,full_d3_T10,repaired_permutation_ablation,201002,202002,True,"A[1,2]",2.3661324584989996,2.3197436939233236,-0.04638876457567598,0.04638876457567598
fp64_gpu_xla_sqmc_reference_comparison,exact_scope_frozen_controls; epsilon_validity_nomination_then_full_score_flow_grid,full_d3_T10,repaired_permutation_ablation,201002,202002,True,"A[1,3]",0.057627867248809195,0.20191613374695405,0.14428826649814486,0.14428826649814486
fp64_gpu_xla_sqmc_reference_comparison,exact_scope_frozen_controls; epsilon_validity_nomination_then_full_score_flow_grid,full_d3_T10,repaired_permutation_ablation,201002,202002,True,"A[2,1]",-0.3854123975114149,-0.4245022072583359,-0.039089809746921,0.039089809746921
fp64_gpu_xla_sqmc_reference_comparison,exact_scope_frozen_controls; epsilon_validity_nomination_then_full_score_flow_grid,full_d3_T10,repaired_permutation_ablation,201002,202002,True,"A[2,2]",-3.155093647058302,-3.2555798106675433,-0.10048616360924134,0.10048616360924134
fp64_gpu_xla_sqmc_reference_comparison,exact_scope_frozen_controls; epsilon_validity_nomination_then_full_score_flow_grid,full_d3_T10,repaired_permutation_ablation,201002,202002,True,"A[2,3]",-0.18072735314852187,-0.22567493678749476,-0.04494758363897289,0.04494758363897289
fp64_gpu_xla_sqmc_reference_comparison,exact_scope_frozen_controls; epsilon_validity_nomination_then_full_score_flow_grid,full_d3_T10,repaired_permutation_ablation,201002,202002,True,"A[3,1]",-3.8626216590667535,-3.762614670417319,0.10000698864943436,0.10000698864943436
fp64_gpu_xla_sqmc_reference_comparison,exact_scope_frozen_controls; epsilon_validity_nomination_then_full_score_flow_grid,full_d3_T10,repaired_permutation_ablation,201002,202002,True,"A[3,2]",-2.2619679030426068,-2.375736582436298,-0.1137686793936914,0.1137686793936914
fp64_gpu_xla_sqmc_reference_comparison,exact_scope_frozen_controls; epsilon_validity_nomination_then_full_score_flow_grid,full_d3_T10,repaired_permutation_ablation,201002,202002,True,"A[3,3]",-2.311495074531591,-2.3711849660557496,-0.0596898915241586,0.0596898915241586
fp64_gpu_xla_sqmc_reference_comparison,exact_scope_frozen_controls; epsilon_validity_nomination_then_full_score_flow_grid,full_d3_T10,repaired_permutation_ablation,201002,202002,True,"log_LQ[1,1]",0.7637150589347951,0.7014390895639855,-0.06227596937080959,0.06227596937080959
fp64_gpu_xla_sqmc_reference_comparison,exact_scope_frozen_controls; epsilon_validity_nomination_then_full_score_flow_grid,full_d3_T10,repaired_permutation_ablation,201002,202002,True,"LQ[2,1]",3.9503070478716262,4.137947374675823,0.18764032680419707,0.18764032680419707
fp64_gpu_xla_sqmc_reference_comparison,exact_scope_frozen_controls; epsilon_validity_nomination_then_full_score_flow_grid,full_d3_T10,repaired_permutation_ablation,201002,202002,True,"log_LQ[2,2]",-1.990684497905983,-1.9153977268329796,0.07528677107300341,0.07528677107300341
fp64_gpu_xla_sqmc_reference_comparison,exact_scope_frozen_controls; epsilon_validity_nomination_then_full_score_flow_grid,full_d3_T10,repaired_permutation_ablation,201002,202002,True,"LQ[3,1]",-0.8743180451483246,-1.091578033091992,-0.2172599879436674,0.2172599879436674
fp64_gpu_xla_sqmc_reference_comparison,exact_scope_frozen_controls; epsilon_validity_nomination_then_full_score_flow_grid,full_d3_T10,repaired_permutation_ablation,201002,202002,True,"LQ[3,2]",2.00370332145745,2.069071893425028,0.06536857196757806,0.06536857196757806
fp64_gpu_xla_sqmc_reference_comparison,exact_scope_frozen_controls; epsilon_validity_nomination_then_full_score_flow_grid,full_d3_T10,repaired_permutation_ablation,201002,202002,True,"log_LQ[3,3]",-1.1252983160166896,-1.086899552816179,0.03839876320051072,0.03839876320051072
fp64_gpu_xla_sqmc_reference_comparison,exact_scope_frozen_controls; epsilon_validity_nomination_then_full_score_flow_grid,full_d3_T10,repaired_permutation_ablation,201002,202002,True,log_R_variance,0.17605390278637584,0.18992516119496944,0.0138712584085936,0.0138712584085936
fp64_gpu_xla_sqmc_reference_comparison,exact_scope_frozen_controls; epsilon_validity_nomination_then_full_score_flow_grid,full_d3_T10,repaired_permutation_ablation,201002,202002,True,initial_mean_scale,0.7170789452289971,0.743301213586193,0.026222268357195988,0.026222268357195988
fp64_gpu_xla_sqmc_reference_comparison,exact_scope_frozen_controls; epsilon_validity_nomination_then_full_score_flow_grid,full_d3_T120,iid_dual_cap,201001,202001,True,"A[1,1]",1.0285388519929897,0.6789688970523784,-0.34956995494061127,0.34956995494061127
fp64_gpu_xla_sqmc_reference_comparison,exact_scope_frozen_controls; epsilon_validity_nomination_then_full_score_flow_grid,full_d3_T120,iid_dual_cap,201001,202001,True,"A[1,2]",10.411548611744138,9.776788114444345,-0.6347604972997924,0.6347604972997924
fp64_gpu_xla_sqmc_reference_comparison,exact_scope_frozen_controls; epsilon_validity_nomination_then_full_score_flow_grid,full_d3_T120,iid_dual_cap,201001,202001,True,"A[1,3]",3.3109047459137946,4.03869981346433,0.7277950675505354,0.7277950675505354
fp64_gpu_xla_sqmc_reference_comparison,exact_scope_frozen_controls; epsilon_validity_nomination_then_full_score_flow_grid,full_d3_T120,iid_dual_cap,201001,202001,True,"A[2,1]",6.2340638405561855,6.26222683442041,0.028162993864224717,0.028162993864224717
fp64_gpu_xla_sqmc_reference_comparison,exact_scope_frozen_controls; epsilon_validity_nomination_then_full_score_flow_grid,full_d3_T120,iid_dual_cap,201001,202001,True,"A[2,2]",-14.421923203576343,-15.186119102408274,-0.7641958988319306,0.7641958988319306
fp64_gpu_xla_sqmc_reference_comparison,exact_scope_frozen_controls; epsilon_validity_nomination_then_full_score_flow_grid,full_d3_T120,iid_dual_cap,201001,202001,True,"A[2,3]",12.196616692991595,12.938751260960853,0.7421345679692575,0.7421345679692575
fp64_gpu_xla_sqmc_reference_comparison,exact_scope_frozen_controls; epsilon_validity_nomination_then_full_score_flow_grid,full_d3_T120,iid_dual_cap,201001,202001,True,"A[3,1]",-7.978405918923209,-7.884429221445039,0.09397669747816995,0.09397669747816995
fp64_gpu_xla_sqmc_reference_comparison,exact_scope_frozen_controls; epsilon_validity_nomination_then_full_score_flow_grid,full_d3_T120,iid_dual_cap,201001,202001,True,"A[3,2]",5.548737522257262,6.088722805600213,0.5399852833429506,0.5399852833429506
fp64_gpu_xla_sqmc_reference_comparison,exact_scope_frozen_controls; epsilon_validity_nomination_then_full_score_flow_grid,full_d3_T120,iid_dual_cap,201001,202001,True,"A[3,3]",2.154232163546697,1.9549389065160208,-0.19929325703067624,0.19929325703067624
fp64_gpu_xla_sqmc_reference_comparison,exact_scope_frozen_controls; epsilon_validity_nomination_then_full_score_flow_grid,full_d3_T120,iid_dual_cap,201001,202001,True,"log_LQ[1,1]",4.800293801981955,5.223122001325133,0.4228281993431775,0.4228281993431775
fp64_gpu_xla_sqmc_reference_comparison,exact_scope_frozen_controls; epsilon_validity_nomination_then_full_score_flow_grid,full_d3_T120,iid_dual_cap,201001,202001,True,"LQ[2,1]",-2.737697900023022,-3.0243502011017798,-0.2866523010787576,0.2866523010787576
fp64_gpu_xla_sqmc_reference_comparison,exact_scope_frozen_controls; epsilon_validity_nomination_then_full_score_flow_grid,full_d3_T120,iid_dual_cap,201001,202001,True,"log_LQ[2,2]",2.63905436540356,3.3081267191990946,0.6690723537955345,0.6690723537955345
fp64_gpu_xla_sqmc_reference_comparison,exact_scope_frozen_controls; epsilon_validity_nomination_then_full_score_flow_grid,full_d3_T120,iid_dual_cap,201001,202001,True,"LQ[3,1]",-19.95825827734641,-20.463627495388604,-0.505369218042194,0.505369218042194
fp64_gpu_xla_sqmc_reference_comparison,exact_scope_frozen_controls; epsilon_validity_nomination_then_full_score_flow_grid,full_d3_T120,iid_dual_cap,201001,202001,True,"LQ[3,2]",-27.763391990789337,-28.707526143371314,-0.9441341525819773,0.9441341525819773
fp64_gpu_xla_sqmc_reference_comparison,exact_scope_frozen_controls; epsilon_validity_nomination_then_full_score_flow_grid,full_d3_T120,iid_dual_cap,201001,202001,True,"log_LQ[3,3]",6.361850038970392,6.451613812001945,0.08976377303155303,0.08976377303155303
fp64_gpu_xla_sqmc_reference_comparison,exact_scope_frozen_controls; epsilon_validity_nomination_then_full_score_flow_grid,full_d3_T120,iid_dual_cap,201001,202001,True,log_R_variance,6.629710435680108,6.5959508225705985,-0.0337596131095097,0.0337596131095097
fp64_gpu_xla_sqmc_reference_comparison,exact_scope_frozen_controls; epsilon_validity_nomination_then_full_score_flow_grid,full_d3_T120,iid_dual_cap,201001,202001,True,initial_mean_scale,2.0870987501413114,2.1213441325029203,0.0342453823616089,0.0342453823616089
fp64_gpu_xla_sqmc_reference_comparison,exact_scope_frozen_controls; epsilon_validity_nomination_then_full_score_flow_grid,full_d3_T120,iid_dual_cap,201001,202002,True,"A[1,1]",1.0285388519929897,0.39963709239467515,-0.6289017595983145,0.6289017595983145
fp64_gpu_xla_sqmc_reference_comparison,exact_scope_frozen_controls; epsilon_validity_nomination_then_full_score_flow_grid,full_d3_T120,iid_dual_cap,201001,202002,True,"A[1,2]",10.411548611744138,11.175798669799555,0.764250058055417,0.764250058055417
fp64_gpu_xla_sqmc_reference_comparison,exact_scope_frozen_controls; epsilon_validity_nomination_then_full_score_flow_grid,full_d3_T120,iid_dual_cap,201001,202002,True,"A[1,3]",3.3109047459137946,2.7061501200286915,-0.6047546258851031,0.6047546258851031
fp64_gpu_xla_sqmc_reference_comparison,exact_scope_frozen_controls; epsilon_validity_nomination_then_full_score_flow_grid,full_d3_T120,iid_dual_cap,201001,202002,True,"A[2,1]",6.2340638405561855,6.486196612803884,0.25213277224769826,0.25213277224769826
fp64_gpu_xla_sqmc_reference_comparison,exact_scope_frozen_controls; epsilon_validity_nomination_then_full_score_flow_grid,full_d3_T120,iid_dual_cap,201001,202002,True,"A[2,2]",-14.421923203576343,-15.20339598923652,-0.7814727856601777,0.7814727856601777
fp64_gpu_xla_sqmc_reference_comparison,exact_scope_frozen_controls; epsilon_validity_nomination_then_full_score_flow_grid,full_d3_T120,iid_dual_cap,201001,202002,True,"A[2,3]",12.196616692991595,12.436044935432978,0.23942824244138272,0.23942824244138272
fp64_gpu_xla_sqmc_reference_comparison,exact_scope_frozen_controls; epsilon_validity_nomination_then_full_score_flow_grid,full_d3_T120,iid_dual_cap,201001,202002,True,"A[3,1]",-7.978405918923209,-8.596219930251731,-0.6178140113285222,0.6178140113285222
fp64_gpu_xla_sqmc_reference_comparison,exact_scope_frozen_controls; epsilon_validity_nomination_then_full_score_flow_grid,full_d3_T120,iid_dual_cap,201001,202002,True,"A[3,2]",5.548737522257262,5.741329051771651,0.19259152951438896,0.19259152951438896
fp64_gpu_xla_sqmc_reference_comparison,exact_scope_frozen_controls; epsilon_validity_nomination_then_full_score_flow_grid,full_d3_T120,iid_dual_cap,201001,202002,True,"A[3,3]",2.154232163546697,1.9938063440794087,-0.1604258194672883,0.1604258194672883
fp64_gpu_xla_sqmc_reference_comparison,exact_scope_frozen_controls; epsilon_validity_nomination_then_full_score_flow_grid,full_d3_T120,iid_dual_cap,201001,202002,True,"log_LQ[1,1]",4.800293801981955,5.425174926141558,0.6248811241596028,0.6248811241596028
fp64_gpu_xla_sqmc_reference_comparison,exact_scope_frozen_controls; epsilon_validity_nomination_then_full_score_flow_grid,full_d3_T120,iid_dual_cap,201001,202002,True,"LQ[2,1]",-2.737697900023022,-3.380510083155772,-0.64281218313275,0.64281218313275
fp64_gpu_xla_sqmc_reference_comparison,exact_scope_frozen_controls; epsilon_validity_nomination_then_full_score_flow_grid,full_d3_T120,iid_dual_cap,201001,202002,True,"log_LQ[2,2]",2.63905436540356,3.165235412231314,0.5261810468277539,0.5261810468277539
fp64_gpu_xla_sqmc_reference_comparison,exact_scope_frozen_controls; epsilon_validity_nomination_then_full_score_flow_grid,full_d3_T120,iid_dual_cap,201001,202002,True,"LQ[3,1]",-19.95825827734641,-19.238911578075705,0.7193466992707052,0.7193466992707052
fp64_gpu_xla_sqmc_reference_comparison,exact_scope_frozen_controls; epsilon_validity_nomination_then_full_score_flow_grid,full_d3_T120,iid_dual_cap,201001,202002,True,"LQ[3,2]",-27.763391990789337,-27.981070004401484,-0.21767801361214723,0.21767801361214723
fp64_gpu_xla_sqmc_reference_comparison,exact_scope_frozen_controls; epsilon_validity_nomination_then_full_score_flow_grid,full_d3_T120,iid_dual_cap,201001,202002,True,"log_LQ[3,3]",6.361850038970392,6.498463438212508,0.13661339924211635,0.13661339924211635
fp64_gpu_xla_sqmc_reference_comparison,exact_scope_frozen_controls; epsilon_validity_nomination_then_full_score_flow_grid,full_d3_T120,iid_dual_cap,201001,202002,True,log_R_variance,6.629710435680108,6.552083802110381,-0.07762663356972688,0.07762663356972688
fp64_gpu_xla_sqmc_reference_comparison,exact_scope_frozen_controls; epsilon_validity_nomination_then_full_score_flow_grid,full_d3_T120,iid_dual_cap,201001,202002,True,initial_mean_scale,2.0870987501413114,2.2693761770563716,0.18227742691506021,0.18227742691506021
fp64_gpu_xla_sqmc_reference_comparison,exact_scope_frozen_controls; epsilon_validity_nomination_then_full_score_flow_grid,full_d3_T120,iid_dual_cap,201002,202001,True,"A[1,1]",-19.84892221485832,-19.812312185226368,0.03661002963195159,0.03661002963195159
fp64_gpu_xla_sqmc_reference_comparison,exact_scope_frozen_controls; epsilon_validity_nomination_then_full_score_flow_grid,full_d3_T120,iid_dual_cap,201002,202001,True,"A[1,2]",10.67611870848977,10.691512435106723,0.015393726616952819,0.015393726616952819
fp64_gpu_xla_sqmc_reference_comparison,exact_scope_frozen_controls; epsilon_validity_nomination_then_full_score_flow_grid,full_d3_T120,iid_dual_cap,201002,202001,True,"A[1,3]",-4.387731990948818,-4.837525444378478,-0.4497934534296606,0.4497934534296606
fp64_gpu_xla_sqmc_reference_comparison,exact_scope_frozen_controls; epsilon_validity_nomination_then_full_score_flow_grid,full_d3_T120,iid_dual_cap,201002,202001,True,"A[2,1]",-16.189463326855684,-15.735303916951874,0.4541594099038093,0.4541594099038093
fp64_gpu_xla_sqmc_reference_comparison,exact_scope_frozen_controls; epsilon_validity_nomination_then_full_score_flow_grid,full_d3_T120,iid_dual_cap,201002,202001,True,"A[2,2]",0.5374266458011477,0.7165434794137922,0.1791168336126444,0.1791168336126444
fp64_gpu_xla_sqmc_reference_comparison,exact_scope_frozen_controls; epsilon_validity_nomination_then_full_score_flow_grid,full_d3_T120,iid_dual_cap,201002,202001,True,"A[2,3]",2.5797886471766187,2.2195757329098456,-0.36021291426677315,0.36021291426677315
fp64_gpu_xla_sqmc_reference_comparison,exact_scope_frozen_controls; epsilon_validity_nomination_then_full_score_flow_grid,full_d3_T120,iid_dual_cap,201002,202001,True,"A[3,1]",-14.066020815325457,-14.083308671836148,-0.017287856510691313,0.017287856510691313
fp64_gpu_xla_sqmc_reference_comparison,exact_scope_frozen_controls; epsilon_validity_nomination_then_full_score_flow_grid,full_d3_T120,iid_dual_cap,201002,202001,True,"A[3,2]",-0.25245267440568087,-0.4450739162709607,-0.19262124186527985,0.19262124186527985
fp64_gpu_xla_sqmc_reference_comparison,exact_scope_frozen_controls; epsilon_validity_nomination_then_full_score_flow_grid,full_d3_T120,iid_dual_cap,201002,202001,True,"A[3,3]",-14.493442933105289,-14.897391944068286,-0.4039490109629966,0.4039490109629966
fp64_gpu_xla_sqmc_reference_comparison,exact_scope_frozen_controls; epsilon_validity_nomination_then_full_score_flow_grid,full_d3_T120,iid_dual_cap,201002,202001,True,"log_LQ[1,1]",-7.7155420612647845,-7.724560047822715,-0.009017986557930513,0.009017986557930513
fp64_gpu_xla_sqmc_reference_comparison,exact_scope_frozen_controls; epsilon_validity_nomination_then_full_score_flow_grid,full_d3_T120,iid_dual_cap,201002,202001,True,"LQ[2,1]",13.421854256933043,13.652493079534082,0.23063882260103874,0.23063882260103874
fp64_gpu_xla_sqmc_reference_comparison,exact_scope_frozen_controls; epsilon_validity_nomination_then_full_score_flow_grid,full_d3_T120,iid_dual_cap,201002,202001,True,"log_LQ[2,2]",5.772913427901647,5.789460154182855,0.01654672628120757,0.01654672628120757
fp64_gpu_xla_sqmc_reference_comparison,exact_scope_frozen_controls; epsilon_validity_nomination_then_full_score_flow_grid,full_d3_T120,iid_dual_cap,201002,202001,True,"LQ[3,1]",-1.6445772514017456,-1.3252542268054324,0.31932302459631323,0.31932302459631323
fp64_gpu_xla_sqmc_reference_comparison,exact_scope_frozen_controls; epsilon_validity_nomination_then_full_score_flow_grid,full_d3_T120,iid_dual_cap,201002,202001,True,"LQ[3,2]",5.880238485794575,6.274892573321903,0.39465408752732856,0.39465408752732856
fp64_gpu_xla_sqmc_reference_comparison,exact_scope_frozen_controls; epsilon_validity_nomination_then_full_score_flow_grid,full_d3_T120,iid_dual_cap,201002,202001,True,"log_LQ[3,3]",-6.210077838555123,-6.000921044614877,0.2091567939402461,0.2091567939402461
fp64_gpu_xla_sqmc_reference_comparison,exact_scope_frozen_controls; epsilon_validity_nomination_then_full_score_flow_grid,full_d3_T120,iid_dual_cap,201002,202001,True,log_R_variance,3.110898791652585,3.1389528715950323,0.028054079942447352,0.028054079942447352
fp64_gpu_xla_sqmc_reference_comparison,exact_scope_frozen_controls; epsilon_validity_nomination_then_full_score_flow_grid,full_d3_T120,iid_dual_cap,201002,202001,True,initial_mean_scale,0.7170785472104211,0.7300824180764591,0.013003870866038048,0.013003870866038048
fp64_gpu_xla_sqmc_reference_comparison,exact_scope_frozen_controls; epsilon_validity_nomination_then_full_score_flow_grid,full_d3_T120,iid_dual_cap,201002,202002,True,"A[1,1]",-19.84892221485832,-20.35380850399207,-0.5048862891337507,0.5048862891337507
fp64_gpu_xla_sqmc_reference_comparison,exact_scope_frozen_controls; epsilon_validity_nomination_then_full_score_flow_grid,full_d3_T120,iid_dual_cap,201002,202002,True,"A[1,2]",10.67611870848977,10.727771480105698,0.051652771615927406,0.051652771615927406
fp64_gpu_xla_sqmc_reference_comparison,exact_scope_frozen_controls; epsilon_validity_nomination_then_full_score_flow_grid,full_d3_T120,iid_dual_cap,201002,202002,True,"A[1,3]",-4.387731990948818,-4.317388335047204,0.07034365590161329,0.07034365590161329
fp64_gpu_xla_sqmc_reference_comparison,exact_scope_frozen_controls; epsilon_validity_nomination_then_full_score_flow_grid,full_d3_T120,iid_dual_cap,201002,202002,True,"A[2,1]",-16.189463326855684,-16.735450870441827,-0.5459875435861434,0.5459875435861434
fp64_gpu_xla_sqmc_reference_comparison,exact_scope_frozen_controls; epsilon_validity_nomination_then_full_score_flow_grid,full_d3_T120,iid_dual_cap,201002,202002,True,"A[2,2]",0.5374266458011477,0.9756649792637023,0.4382383334625546,0.4382383334625546
fp64_gpu_xla_sqmc_reference_comparison,exact_scope_frozen_controls; epsilon_validity_nomination_then_full_score_flow_grid,full_d3_T120,iid_dual_cap,201002,202002,True,"A[2,3]",2.5797886471766187,2.8662223832554443,0.2864337360788256,0.2864337360788256
fp64_gpu_xla_sqmc_reference_comparison,exact_scope_frozen_controls; epsilon_validity_nomination_then_full_score_flow_grid,full_d3_T120,iid_dual_cap,201002,202002,True,"A[3,1]",-14.066020815325457,-13.944499336160764,0.12152147916469325,0.12152147916469325
fp64_gpu_xla_sqmc_reference_comparison,exact_scope_frozen_controls; epsilon_validity_nomination_then_full_score_flow_grid,full_d3_T120,iid_dual_cap,201002,202002,True,"A[3,2]",-0.25245267440568087,-0.1849128196693668,0.06753985473631408,0.06753985473631408
fp64_gpu_xla_sqmc_reference_comparison,exact_scope_frozen_controls; epsilon_validity_nomination_then_full_score_flow_grid,full_d3_T120,iid_dual_cap,201002,202002,True,"A[3,3]",-14.493442933105289,-15.032580415006837,-0.5391374819015482,0.5391374819015482
fp64_gpu_xla_sqmc_reference_comparison,exact_scope_frozen_controls; epsilon_validity_nomination_then_full_score_flow_grid,full_d3_T120,iid_dual_cap,201002,202002,True,"log_LQ[1,1]",-7.7155420612647845,-7.728397815360643,-0.012855754095858707,0.012855754095858707
fp64_gpu_xla_sqmc_reference_comparison,exact_scope_frozen_controls; epsilon_validity_nomination_then_full_score_flow_grid,full_d3_T120,iid_dual_cap,201002,202002,True,"LQ[2,1]",13.421854256933043,13.821247566353037,0.3993933094199935,0.3993933094199935
fp64_gpu_xla_sqmc_reference_comparison,exact_scope_frozen_controls; epsilon_validity_nomination_then_full_score_flow_grid,full_d3_T120,iid_dual_cap,201002,202002,True,"log_LQ[2,2]",5.772913427901647,5.621140552413014,-0.15177287548863383,0.15177287548863383
fp64_gpu_xla_sqmc_reference_comparison,exact_scope_frozen_controls; epsilon_validity_nomination_then_full_score_flow_grid,full_d3_T120,iid_dual_cap,201002,202002,True,"LQ[3,1]",-1.6445772514017456,-1.5410703430949777,0.1035069083067679,0.1035069083067679
fp64_gpu_xla_sqmc_reference_comparison,exact_scope_frozen_controls; epsilon_validity_nomination_then_full_score_flow_grid,full_d3_T120,iid_dual_cap,201002,202002,True,"LQ[3,2]",5.880238485794575,5.752559648131955,-0.12767883766261967,0.12767883766261967
fp64_gpu_xla_sqmc_reference_comparison,exact_scope_frozen_controls; epsilon_validity_nomination_then_full_score_flow_grid,full_d3_T120,iid_dual_cap,201002,202002,True,"log_LQ[3,3]",-6.210077838555123,-5.9115113876191,0.29856645093602285,0.29856645093602285
fp64_gpu_xla_sqmc_reference_comparison,exact_scope_frozen_controls; epsilon_validity_nomination_then_full_score_flow_grid,full_d3_T120,iid_dual_cap,201002,202002,True,log_R_variance,3.110898791652585,2.9667266341819714,-0.14417215747061363,0.14417215747061363
fp64_gpu_xla_sqmc_reference_comparison,exact_scope_frozen_controls; epsilon_validity_nomination_then_full_score_flow_grid,full_d3_T120,iid_dual_cap,201002,202002,True,initial_mean_scale,0.7170785472104211,0.692967573832987,-0.024110973377434064,0.024110973377434064
